,time,code,close,日内收益率,volume,turnover_ratio,pe_ratio,pb_ratio,ps_ratio,pcf_ratio,roe,net_profit_margin,inc_net_profit_year_on_year,net_operate_cash_flow,circulating_market_cap,1M,3M,5M,10M
0,2025-01-02,000001.XSHE,10.85,-0.026032315978456094,-2.2569704654781106,-2.1120749019656726,-1.5657871820145048,-0.06330184654179583,-0.07455663748583394,-1.3548030553615873,1.5044599266203549,1.638136210349955,0.9776933365108452,-0.9446573348440946,1.7311939331169488,-0.0036866359447004227,0.007373271889400845,-0.0027649769585252892,0.012903225806451646
1,2025-01-02,000002.XSHE,7.11,-0.019310344827586163,0.5315644725643426,0.36543231441634805,0.4870443419633807,0.9495276981269375,1.4950567832685657,0.2175624556010133,0.8026710395671283,0.23643997018215152,0.6580785827478698,1.5568201472266165,-0.6932550338006523,-0.015471167369901617,-0.008438818565400963,-0.02250351617440227,-0.03234880450070332
2,2025-01-02,000063.XSHE,36.019999999999996,-0.06084322140873508,-0.7852436926223713,-0.8113836133651118,-1.0223906021380058,-1.1394332377523249,-0.7024020057875938,-0.8877637946796266,0.7149474286854749,1.2838613364613893,0.2647065781165155,-0.049718807097057616,0.7067116559607045,-0.029428095502498475,-0.03525818989450291,0.0,0.0
3,2025-01-02,000100.XSHE,4.9,-0.016064257028112462,-0.010650654277245495,-0.1920068092696066,-0.2978618289693403,-0.8862258515851417,-0.2315179795612739,-0.7009480904068425,-0.4693213182168454,0.1671253209430843,-0.653161432689978,-0.44746926387351854,-0.3502804812982591,-0.014285714285714346,0.024489795918367196,-0.010204081632653184,0.0
4,2025-01-02,000157.XSHE,6.58,-0.029498525073746337,0.9188609917369056,0.9848091185118533,1.2316989143867314,1.0128295446687332,0.396327388740486,1.011529198760346,0.05702034707307468,-0.9188041838023021,0.3302685788884079,0.5375846017369355,-1.0210958142839157,0.003039513677811412,-0.006079027355623157,-0.019756838905775065,0.04863221884498481
5,2025-01-02,000166.XSHE,4.98,-0.05323193916349798,-0.5528657811188337,-0.5636328917269097,-0.3783650259880809,-0.5064147723343666,-0.7024020057875938,-0.5413763430071725,0.7588092341263015,0.7139408871623923,0.9203265858354394,-0.14915642129117285,0.058711175736720224,-0.016064257028112428,-0.006024096385542244,-0.026104417670682833,0.0
6,2025-01-02,000301.XSHE,8.0,-0.026763990267639978,0.8801313398196493,0.9693246984094656,1.03044092183988,0.2532073861671833,0.9849324215233859,1.136073001608869,-0.8640775671842855,-1.1806595253721117,0.1335825765727307,1.0813840543610032,-1.1134131788787573,0.03249999999999997,0.07499999999999996,0.05499999999999994,0.05875000000000008
7,2025-01-02,000333.XSHE,36.019999999999996,-0.0009794319294808057,-0.06874513215312994,-0.1920068092696066,-0.9418874051192652,-1.3926406239195084,-0.7024020057875938,-0.8566278439674959,-1.916760897764126,-0.11783490370641425,-2.029963448899718,-1.7401582483970164,1.7311939331169488,0.0,0.0,0.0,0.0
8,2025-01-02,000338.XSHE,12.9,-0.014514896867838006,0.37664586489531743,0.4273699948258986,0.2254089516524737,0.12660369308359165,-1.6441700582402337,0.4666500612980589,-0.6009067345393254,-0.6261423314595739,-1.2596099398299825,-0.6152702378260879,-0.7221808524707886,-0.0007751937984495916,0.016279069767441756,0.08294573643410863,0.07674418604651168
9,2025-01-02,000408.XSHE,26.31,-0.01644859813084117,0.967273056633476,1.1241688994333419,1.2316989143867314,1.6458480100866917,1.181134099117686,1.5097044101544375,0.013158541632247996,-1.196062780758571,0.6580785827478698,0.770641510004393,-1.1278407003954742,-0.003800836183960432,0.02546560243253526,0.08171797795515023,0.08171797795515023
10,2025-01-03,000001.XSHE,10.81,-0.004604051565377435,-1.24728276093045,-1.7985953958063807,1.0794026187994161,0.7737320469474455,0.32189303801093777,1.1271942967718915,1.6817309811878316,1.2108155059242465,1.3210058267329425,1.0409616035007958,1.7311939331169488,0.0046253469010175685,0.010175763182238562,-0.007400555041628176,0.005550416281220993
11,2025-01-03,000002.XSHE,7.0,-0.023709902370990226,1.24728276093045,1.7611246583937479,0.6151434279179467,-0.5916774476656936,-0.30789768853220134,-0.22158520363891898,-0.20873944262987137,-0.43460586106291266,0.13525860291762654,0.40063324871576683,-0.7111390165537695,-0.0028571428571427804,-0.005714285714285672,-0.04428571428571426,-0.052857142857142825
12,2025-01-03,000063.XSHE,34.96,-0.06798187150093302,0.3401680257083045,0.6370025360147599,0.8472730233586814,0.5786735477169971,0.8817070171603947,-1.3251320676114002,0.6577261682865757,1.0319653573386856,0.707277364155166,0.16436235844749408,0.5530731419625644,-0.023741418764302025,-0.02145308924485123,0.03032036613272293,0.03032036613272293
13,2025-01-03,000100.XSHE,4.83,-0.01629327902240327,0.3401680257083045,0.6370025360147599,-0.5455045492857263,0.31859554874306584,0.13528837829445212,-1.1149326649499753,-0.2481242431260735,0.2629097184207743,-0.055414317494886615,-0.2739372640791568,-0.37147753351318125,0.0020703933747412417,0.01449275362318847,-0.022774327122153326,0.008281573498964745
14,2025-01-03,000157.XSHE,6.6,0.001517450682852775,-0.5669467095138409,-0.8618269604905574,0.6151434279179467,0.44863454823003146,0.22859070815269494,0.8469284265566582,0.3820325648131607,0.13771461441088179,0.08759037281449825,-0.06506010021879974,-1.0187297663439439,0.007575757575757791,-0.012121212121212088,-0.040909090909090895,0.045454545454545636
15,2025-01-03,000166.XSHE,4.9,-0.018036072144288547,-0.11338934190276817,-0.48711958636422814,0.3830138324772121,0.7087125472039627,1.6281256560263373,-0.9835580382865846,0.06695416084354361,0.7815751493189006,0.707277364155166,1.9175608485540976,0.024775680143403152,0.0020408163265306367,0.008163265306122547,-0.020408163265306256,0.01836734693877551
16,2025-01-03,000301.XSHE,8.26,0.03249999999999997,-0.4535573676110727,-0.2997658993010635,-0.08124535840425713,0.18855654925610016,-0.2612465236030799,-0.6945338596271252,-0.12996984163746708,-0.11267559360890328,-0.24608723790739978,-1.109445919520585,-1.0894987103147025,0.020581113801452666,0.03874092009685226,0.0,0.05447941888619878
17,2025-01-03,000333.XSHE,36.019999999999996,-0.0042194092827003826,1.7008401285415227,0.8243562230779247,-2.0543469196505013,-2.282184440996247,-2.1972698681616185,0.2863966861261915,-2.0204402654551696,-2.0800272280500716,-2.2004846721356595,-1.5888361316591095,1.7311939331169488,0.0,0.0,0.0,0.0
18,2025-01-03,000338.XSHE,12.89,-0.0023219814241485573,-1.4740614447359863,-0.11241221223789882,0.3830138324772121,0.8387515466909283,0.18193954322357353,0.6717622576721374,0.73649576927898,0.28079473327933036,0.5523556163199991,-0.02054529480593676,-0.7230144321919495,0.013964313421256813,0.08844065166795967,0.04344453064390996,0.07447633824670286
19,2025-01-03,000408.XSHE,26.21,-0.004557538928978254,0.22677868380553634,-0.2997658993010635,-1.24189333560793,-0.9817944461265905,-0.6111302605714906,1.407460166987125,-0.9176658515615099,-1.0784663959709313,-1.0087789195574524,-0.4656933489345666,-1.1307495288684544,0.026707363601678802,0.020602823349866517,0.08584509729111023,0.1942006867607784
20,2025-01-06,000001.XSHE,10.86,0.0046253469010174774,-0.8071790921798341,-1.4938594376044163,1.3612926949245943,1.063471491484852,1.067704534698664,1.1244419862419943,1.5280136440827325,1.0527047909695537,1.711909730779271,1.9718655603322177,1.7311939331169488,0.006445672191528473,-0.0036832412523019054,-0.02117863720073654,-0.0018416206261510082
21,2025-01-06,000002.XSHE,6.98,-0.0014306151645207133,-1.03946084532511,-0.6863678497101372,-0.5834111549676833,0.2255848618301201,0.45172114929558865,1.0068362003480031,-0.35454936710749224,-0.647075421972111,0.30423859936926034,0.39881287148023514,-0.7143906802031164,0.010028653295128809,-0.004297994269340966,-0.03151862464183386,-0.018624641833810962
22,2025-01-06,000063.XSHE,34.13,-0.02680353578557165,-0.8071790921798341,0.6594514634469947,1.1499118416754335,1.2568299444820976,0.7597128419971263,-0.26069282539834737,1.0887489414716802,1.0527047909695537,0.7885985585641028,0.8695804644943321,0.4957957409938346,0.018165836507471278,0.05537650161148533,0.05537650161148533,0.05537650161148533
23,2025-01-06,000100.XSHE,4.84,0.0,-0.8071790921798341,-0.4172039870787108,0.47349311127811966,0.0966792264986229,1.0163725859150745,-1.8026353515640106,-0.009412815055951035,0.7243381589240049,-0.018668040093967896,-0.11022850958378838,-0.3684494070993767,0.037190082644628086,0.0020661157024792765,-0.016528925619834767,0.030991735537190257
24,2025-01-06,000157.XSHE,6.65,0.009104704097116919,-0.11033383274400611,-0.14804012444728445,-0.7102396669171795,-0.2900376794958687,-0.0615983385403075,-0.5481736353614372,-0.385925417293996,0.04828921059493366,-0.3012113496242926,-0.6116151330378266,-1.0128145628348693,-0.016541353383458746,-0.03007518796992481,-0.06616541353383465,0.02857142857142847
25,2025-01-06,000166.XSHE,4.91,0.004089979550102344,-0.8071790921798341,-0.4172039870787108,0.980807159076105,1.2568299444820976,0.6570489444299471,-0.4371015042393343,1.245629192404199,1.0527047909695537,1.111505198027331,0.5021520992150369,0.028546365128567286,0.008146639511201537,-0.012219959266802527,-0.012219959266802527,0.016293279022403295
26,2025-01-06,000301.XSHE,8.43,0.025547445255474338,0.5284409884055029,-0.14804012444728445,-0.45658264301818685,-0.6767545854903603,-0.6262497751597933,0.601749604490922,-0.41730146748049973,-0.4925499480683233,-0.5030279992888103,0.05817615783588858,-1.0738629834253433,0.02016607354685651,0.0011862396204032066,-0.014234875444839812,0.02609727164887321
27,2025-01-06,000333.XSHE,36.019999999999996,0.00946461364599502,1.167215809555012,0.5248695321312815,-1.8094201038128144,-1.8369053034738352,-1.8068845971823546,1.1244419862419943,-1.6723434749406496,-1.9605419501543067,-1.5928379074772054,-1.457465848941204,1.7311939331169488,0.0,0.0,0.0,0.0
28,2025-01-06,000338.XSHE,13.07,0.010046367851622936,1.5156384392729259,2.274434639235553,0.13528374607946275,-0.2900376794958687,-0.0615983385403075,-1.097000636200063,-0.22904516636147726,-0.028973526356960197,-0.5131188317720361,-1.0517636956119822,-0.7071759155350176,0.003060443764345777,0.0688599846977811,0.014537107880642663,0.06120887528691643
29,2025-01-06,000408.XSHE,26.91,0.023193916349809864,1.167215809555012,-0.14804012444728445,-0.5411349843178511,-0.8056602208218575,-1.3962290069136376,0.2881341754402786,-0.7938140697185447,-0.8016008958758988,-0.9873879584836525,-0.5695139661829074,-1.1114458504240379,0.002601263470828785,0.05759940542549247,0.05759940542549247,0.16127833519137869
30,2025-01-07,000001.XSHE,10.93,0.008302583025830245,-2.057893061924705,-2.1135768618330624,-1.8242275170780122,-1.0205010592428885,-0.2528256698789818,-1.2818745888777272,1.7153511239016543,1.9870033321841813,1.2602474401954913,-0.12381439452504206,1.7311939331169488,-0.0009149130832570851,-0.018298261665141702,-0.010978956999085021,-0.015553522415370558
31,2025-01-07,000002.XSHE,7.05,0.0129310344827586,-0.10644274458231232,0.03218644967258471,-0.03948544409259767,0.16904005275802447,0.3851456466380751,0.3369649742897526,0.10406239694902404,-0.36094566879012985,1.0085851249490798,0.6384179717697481,-0.7030098574304027,-0.012765957446808529,-0.051063829787234005,-0.019858156028368712,0.04397163120567393
32,2025-01-07,000063.XSHE,34.75,0.00958744915746654,-0.6741373823546447,-0.6115425437791094,-0.4501340626556134,-0.20660450892647433,0.6923170212573988,-1.57514262568343,1.111117851294418,1.1734595993904509,0.7504699298245552,-0.6190719726252103,0.5382484068252058,-0.015539568345323662,0.03654676258992784,0.03654676258992784,0.03654676258992784
33,2025-01-07,000100.XSHE,5.02,0.03080082135523603,-0.03548091486077077,-0.039338994044270194,-0.32378064155930086,-0.4570342167161402,-0.20556853532216277,-0.5076469717106716,-0.46660236051336584,0.1076143292113226,-1.0563364360471168,-1.1143295507253785,-0.3139427970143139,-0.02390438247011939,-0.05976095617529875,-0.019920318725099584,0.021912350597609542
34,2025-01-07,000157.XSHE,6.54,-0.010590015128593084,0.9579847012408108,0.9620172179916985,1.034518635226059,1.5464034456011866,0.2197456756892085,1.0408082626234394,-0.06378017877520828,-0.855250721626827,-0.07549869457392346,0.11220679503831936,-1.0258279101638592,-0.003058103975535187,-0.032110091743119296,0.01834862385321112,0.042813455657492394
35,2025-01-07,000166.XSHE,4.95,0.008146639511201636,-0.46125189319002,-0.4446498417731146,-0.4501340626556134,-0.08138965503164139,-0.2528256698789818,-0.5692332594398691,0.607590124121721,0.5452802614104816,0.49235473470003066,-1.3619583397754627,0.04739928809951786,-0.002020202020201922,-0.030303030303030387,0.002020202020202033,0.010101010101010166
36,2025-01-07,000301.XSHE,8.6,0.020166073546856456,0.9934656161015816,0.9620172179916985,1.3819905432409183,0.920329176127022,1.6847168469505984,0.008504773067365398,-0.23162275449944061,-0.6080981952084784,0.18261650055060114,2.0274607103475635,-1.0582272565359838,-0.0023255813953487747,-0.03953488372093017,-0.020930232558139528,-0.024418604651162634
37,2025-01-07,000333.XSHE,36.019999999999996,0.012376933895921375,-0.41690074961405654,-0.504254378203827,-0.8923710364927072,-1.9596124634541354,-1.9540825139244669,1.0408082626234394,-1.5072263300036062,-0.4021377565265213,-1.7274359433708808,-0.6190719726252103,1.7311939331169488,0.0,0.0,0.0,0.0
38,2025-01-07,000338.XSHE,13.11,0.007686395080707121,0.46125189319002,0.48518092654599915,0.4975165955667306,0.5446846144425231,0.6923170212573988,0.09061982337296219,0.10406239694902404,-0.1961773178445642,0.32457985786908966,0.4101351818642018,-0.7038415966503728,0.07017543859649122,0.025934401220442327,0.06025934401220456,0.05797101449275366
39,2025-01-07,000408.XSHE,26.98,0.0003707823507601618,1.3394045359940967,1.271960807431403,1.066106990500137,0.5446846144425231,-1.0089398227880864,1.416191349734739,-1.3729522694242202,-1.3907478621999156,-1.1595825140969267,0.6500255712564708,-1.1095948081809213,-0.008524833209785032,0.05485544848035584,0.05485544848035584,0.11638250555967389
40,2025-01-08,000001.XSHE,10.92,0.0,-0.4181171305498935,-0.2606233456578416,1.354538903474404,1.8146101084280164,1.2312956852824655,0.815380780019641,1.769681442304544,1.4273007282681633,1.4944174823112526,1.8311687291491572,1.7311939331169488,-0.009157509157509125,-0.026556776556776462,-0.001831501831501825,-0.03571428571428581
41,2025-01-08,000002.XSHE,6.96,-0.008547008547008492,-1.2070173768704473,-0.6515583641446041,-0.16457014715109583,-0.2417973618951404,0.08885638965955933,-0.1939396740200169,0.0817587551586302,-0.5036847720783331,0.6341655905555706,-0.7720133788349265,-0.7176423438524632,-0.001436781609195359,-0.028735632183908066,-0.014367816091953922,0.008620689655172376
42,2025-01-08,000063.XSHE,34.21,0.00029239766081865523,-0.10255703202167203,-0.1303116728289208,0.5949843781616541,0.5039328196506198,0.7960807155213583,-0.8529174911202895,0.6619821788650382,0.9620030173412967,0.8416635342956347,0.1961966495516954,0.5011865689818091,0.05290850628471189,0.05290850628471189,0.05290850628471189,0.05290850628471189
43,2025-01-08,000100.XSHE,4.9,-0.0140845070422534,0.8441232635629924,0.39093501848676243,0.7215767990471125,0.3231497453364961,0.7235448872278404,-0.9196494219658867,0.2663752990652145,0.5083377491876018,-0.057494221911309394,0.5231910654711878,-0.3502804812982591,-0.010204081632653184,-0.028571428571428692,-0.01836734693877562,0.03469387755102038
44,2025-01-08,000157.XSHE,6.52,-0.001531393568147117,-1.7592475492948347,-1.6940517467759706,-0.2911625680365541,-0.038416403291751264,-0.0018133957073379716,1.0489425379792312,-0.2611005406678836,-0.29430080216124305,-0.02291123128796539,0.8425215497675671,-1.0281939581038313,-0.010736196319018343,-0.0475460122699386,0.029141104294478692,0.027607361963190247
45,2025-01-08,000166.XSHE,4.94,-0.0020202020202019773,1.159683362091214,1.5637400739470497,0.9747616408180291,0.7751074311218052,-0.07434922400085581,-0.3899647208789588,0.6883559708516931,0.4967053064144301,0.5649996093088826,-0.13079776636779694,0.03985808544747962,-0.018218623481781493,-0.018218623481781493,0.0161943319838056,0.010121457489878471
46,2025-01-08,000301.XSHE,8.58,0.00704225352112682,0.7652332389309371,0.9121817098024457,-0.6709398306929291,-0.5807656262341223,-0.437028365468445,-0.7528195948518936,-0.9204453403342562,-0.43389011543930306,-1.1641499218583176,-0.9993766836539485,-1.060066753817085,-0.01631701631701643,-0.03146853146853146,-0.03379953379953393,-0.030303030303030276
47,2025-01-08,000333.XSHE,36.019999999999996,0.027381950265437386,-0.7336772290781151,-1.0424933826313665,-1.8735678291047833,-1.8462471464329882,-1.9602807596323195,2.116653431508787,-1.6589115159605934,-1.8763130193125896,-1.6137287999617895,-0.4577921822872893,1.7311939331169488,0.0,0.0,0.0,0.0
48,2025-01-08,000338.XSHE,14.03,0.08006158583525783,0.8441232635629924,-0.1303116728289208,0.4050957468334666,0.23275820817943424,0.8686165438148761,-0.5859897677379006,0.39824425899848903,0.7060892763315201,0.41802189915967064,0.5487375042148982,-0.6229820212416803,-0.004276550249465383,-0.05488239486813973,-0.012116892373485344,-0.021382751247327136
49,2025-01-08,000408.XSHE,26.75,-0.009626064420585025,0.6074531896668263,1.0424933826313665,-1.0507170933493042,-0.9423317748623697,-1.2349224766971412,-0.2856960789327131,-1.0259405082808757,-0.9922473685515429,-1.0949839406116295,-1.5818354870105444,-1.1159411909235233,0.06392523364485991,0.06392523364485991,0.06392523364485991,0.08598130841121487
50,2025-01-09,000001.XSHE,10.82,-0.009157509157509125,0.3660441455838318,0.669644387340901,1.655453678021079,1.741810544284698,0.8269004356887236,1.356835839695171,1.5171405869396946,0.4121546331920448,1.421879423393817,2.243971119268552,1.7311939331169488,-0.008317929759704246,-0.0009242144177449285,0.015711645101663674,-0.006469500924214389
51,2025-01-09,000002.XSHE,6.95,0.002886002886002953,-1.653509761085586,1.0589725195158435,-0.6535715466418917,-0.26985797164974196,0.6485930641116403,-0.7584037380513157,0.20643597619265824,0.4121546331920448,0.8108153158320106,-0.9784946318486786,-0.7192681756771366,-0.037410071942446055,-0.0057553956834532904,-0.010071942446043258,0.05899280575539567
52,2025-01-09,000063.XSHE,36.019999999999996,0.11265523358959202,0.8709326222511862,0.5917787609059126,0.6379171383390919,0.7605088291947274,1.1835151788428901,-1.3855350701470077,0.7962530510288247,1.339088748001463,0.8929751958403207,0.81716867349086,0.7363612935537118,0.0,0.0,0.0,0.0
53,2025-01-09,000100.XSHE,4.85,-0.0061475409836066084,0.8709326222511862,0.28031625516595865,0.16828488925509788,-0.4170532289132376,0.5594393783230988,-1.4067937593705904,-0.3506134833748322,0.3956022382847338,-0.17510324426771093,-0.22050583252927972,-0.3654212806855721,-0.026804123711340222,0.014432989690721598,0.01030927835051565,0.01855670103092799
54,2025-01-09,000157.XSHE,6.45,-0.007692307692307665,0.8709326222511862,0.12458500229598168,-0.14480327680089813,-0.4170532289132376,-0.42125116535085916,0.12383186472736968,-0.6127544055242395,-0.4485699019881292,-0.6269825843134166,0.026752545858331703,-1.0376581498637187,-0.018604651162790753,0.032558139534883734,0.06976744186046524,0.03410852713178292
55,2025-01-09,000166.XSHE,4.85,-0.010204081632653206,0.3660441455838318,0.669644387340901,0.6379171383390919,0.7605088291947274,0.6485930641116403,-0.3598033151091386,0.6979502052227969,0.9418312702259981,0.48217579579877007,-0.3502151457817972,0.005922757172452963,-0.010309278350515427,0.022680412371134162,0.026804123711340333,0.03711340206185576
56,2025-01-09,000301.XSHE,8.44,-0.012865497076023531,-0.13884433108352265,-0.031146250573995282,-0.30134735982889616,-0.4170532289132376,-0.30980905811518217,0.29390137851603193,-0.38338109864350817,-0.5478842714319954,-0.5037427643009514,-0.30157415331210313,-1.0729432347847927,-0.02132701421800942,-0.0023696682464454666,0.0035545023696683664,-0.005924170616113611
57,2025-01-09,000333.XSHE,36.019999999999996,0.013168612544121626,-1.1486212844182315,-2.3671150436236497,-2.0233322731368744,-1.987135973057191,-2.204324881121692,1.4843879750366678,-2.1528323231520075,-2.3024381316069653,-2.105860424462999,-1.3878896518019368,1.7311939331169488,0.0,0.0,0.0,0.0
58,2025-01-09,000338.XSHE,13.97,-0.002142857142857097,0.8709326222511862,-0.031146250573995282,0.6379171383390919,0.4661183146677361,-0.1537901079852343,0.18760793239811802,0.46857689834206556,-0.08441721402728629,0.18434623076864587,0.33886558087220187,-0.6288172466080985,-0.03722261989978537,-0.005010737294201872,-0.005726556907659219,-0.030780243378668692
59,2025-01-09,000408.XSHE,28.46,0.06392523364485984,-1.2748434035850702,-0.9655337677938571,-0.6144355258848921,-0.22079288589524343,-0.7778659085050256,0.4639708923046942,-0.1867754070314527,-0.11752200384190836,-0.38050294428848624,-0.18807850421615033,-1.069136576367262,0.0,0.0,0.0,0.016514406184118036
60,2025-01-10,000001.XSHE,10.73,-0.008317929759704239,-1.6658537583687563,-0.6413934351802841,1.4787754594610136,1.8327672713623837,1.230337526662649,-0.5168156592337079,1.7330998130410964,1.2741068172535572,1.1279071793822268,0.930883710028526,1.7311939331169488,-0.009319664492078217,0.01584342963653307,0.013047530288909481,0.0037278657968311535
61,2025-01-10,000002.XSHE,6.69,-0.0387931034482758,1.062699811373172,0.29547338025159153,0.07041787902195301,-0.9406871018381034,-0.3767797070040914,-1.3156900341847952,-1.0167036481514575,-0.7040774138244886,-0.8513403277227571,-1.2667161375945104,-0.761539468482065,0.010463378176382543,0.025411061285500747,-0.008968609865470878,0.10463378176382654
62,2025-01-10,000063.XSHE,36.019999999999996,-0.015441959531416543,0.4882674809011872,1.7368069424544774,0.20245140218811494,0.5175208675765859,0.6589180658033635,-0.7831071175507369,0.35819808244481954,0.8576469791318633,0.5842738640973912,-0.5437835533830004,0.6918869208233462,0.0,0.0,0.0,0.0
63,2025-01-10,000100.XSHE,4.72,-0.03080082135523621,0.4882674809011872,1.4485402300139003,0.20245140218811494,-0.1686946474420915,0.23035347015889943,-1.0213678960449208,-0.039799786938313285,0.324057811538443,0.3309301831879533,-0.912450369235882,-0.404787258701612,0.008474576271186418,0.019067796610169552,0.03177966101694918,0.057203389830508655
64,2025-01-10,000157.XSHE,6.33,-0.017080745341614956,-0.44518505611578824,-1.3620602162817268,-1.4699732245832693,-0.2830638999452044,-0.9839128841670822,1.1650251301370023,-0.6187057787683247,-0.9123073328853355,-0.5557726999950795,-0.5524241818795523,-1.053037545132681,-0.018957345971563955,0.0600315955766193,0.09004739336492906,0.07424960505529232
65,2025-01-10,000166.XSHE,4.8,-0.008264462809917363,-0.08616484957079769,-0.7855267914005727,0.7305854948527627,0.28878236257036,0.8017729310181849,-0.3100893955402247,0.3943797069341952,0.7535320196014398,1.0065133322797877,1.6682173417342894,-0.012930333116787639,0.01041666666666674,0.04583333333333339,0.039583333333333526,0.043749999999999956
66,2025-01-10,000301.XSHE,8.26,-0.024793388429752164,-0.5887931387337845,-0.2089933665194184,0.4665184485204388,0.06004385756413425,0.5696337750441002,-0.12438614171387544,0.5029245804023224,0.519273360657987,0.1620343959149947,0.4124460002354113,-1.0894987103147025,0.006053268765133346,0.00363196125907983,0.05447941888619878,0.012106537530266248
67,2025-01-10,000333.XSHE,36.019999999999996,-0.030014739380945933,1.8525442657721514,0.3675400583617358,-1.910084968470476,-1.9986026874918978,-2.0553243732782422,1.3892705687197637,-1.957425884875226,-1.95345692818957,-2.244730572724666,-0.912450369235882,1.7311939331169488,0.0,0.0,0.0,0.0
68,2025-01-10,000338.XSHE,13.45,-0.03445800430725057,-0.6605971800427826,0.007206667811014429,0.3784960997429975,0.17441311006724713,0.5517769168922475,0.12788997669173108,0.2858348334660681,0.44118714101016937,0.40482209011987275,1.1440192129434732,-0.6738318900971211,-0.014126394052044522,0.030483271375464804,0.029739776951672958,0.01635687732342017
69,2025-01-10,000408.XSHE,28.46,0.0,-0.44518505611578824,-0.857593469510717,-0.1496379929216502,0.5175208675765859,-0.6267757211300288,1.3892705687197637,0.35819808244481954,-0.5999624542940651,0.03536255546027572,0.03225834638712711,-1.069136576367262,0.0,0.0,0.09978917779339413,0.021784961349262
70,2025-01-13,000001.XSHE,10.63,-0.004681647940074807,-0.6450933848997498,0.3256374618218432,1.6230288776910364,2.428674094429497,0.8453152825007179,0.4420344995497039,1.5121294802666085,-0.6833544398625685,1.4901765103115148,0.11580958145334307,1.7311939331169488,0.016933207902163572,0.033866415804327366,0.019755409219190945,0.024459078080903085
71,2025-01-13,000002.XSHE,6.76,0.024242424242424267,0.33324729362119776,0.5502150216989764,-0.24252155643659162,-0.3557930202030473,0.40575133560034454,0.618143861920104,0.09608849540155706,1.6890458796603107,-0.39779019397237253,1.09596879948294,-0.7501586457093511,0.022189349112426093,0.01775147928994092,0.013313609467455523,0.0754437869822484
72,2025-01-13,000063.XSHE,36.019999999999996,0.0425183973834833,-0.6450933848997498,-0.048658471306712206,-0.33579907814297305,0.1082848322357101,-0.7776900599006604,0.13677827144101062,0.19723428003477503,-0.16761523996629038,-0.39779019397237253,-0.8492702639911831,0.778813959385083,0.0,0.0,0.0,0.0
73,2025-01-13,000100.XSHE,4.76,0.01709401709401711,0.9202517007337663,-0.6475319643124009,0.7835311823336039,-0.3557930202030473,-0.033812611300028717,-0.403290439828216,0.24780717235138405,0.012893479997406952,1.0072082836342413,0.5018415196311535,-0.3926745857281036,0.03361344537815136,0.02941176470588247,0.04831932773109249,0.04201680672268915
74,2025-01-13,000157.XSHE,6.21,-0.014285714285714263,1.8985923792547137,1.747962007710354,-1.3618518169131686,-1.438641342560148,-1.183441395501005,-1.6243153522629892,-1.9774000895794113,-0.8896501198210797,-1.8730385954593174,-1.8233977329867517,-1.0672338327725122,0.07246376811594213,0.11111111111111116,0.10144927536231885,0.10789049919484706
75,2025-01-13,000166.XSHE,4.85,0.021052631578947295,-1.721268131272792,-1.9201381369494892,0.4104210955080782,-0.04640778524387572,1.1158161729009475,0.09568608688791731,0.45009874161782,0.7607153198470101,0.86670843587358,1.4669213650756796,0.005922757172452963,0.022680412371134162,0.026804123711340333,0.02886597938144342,0.01855670103092799
76,2025-01-13,000301.XSHE,8.31,0.010948905109489033,0.5289154293253873,0.8870813615146763,0.596976138920841,0.2629774497152959,0.40575133560034454,-0.9668403994134959,0.399525849301211,0.6059935598781268,-0.11679049845104979,-0.7165717852425607,-1.0848999671119497,0.013237063778579916,0.01925391095066198,0.04091456077015643,0.03128760529482544
77,2025-01-13,000333.XSHE,36.019999999999996,-0.017301520859494834,-0.4983422831216076,-0.7972503375638231,-1.7349619037386943,-0.8198708726418048,-1.8596936215015791,2.132684378305544,-1.3199524894634946,-1.9211285196136358,-1.030039508895349,-0.6562542949022778,1.7311939331169488,0.0,0.0,0.0,0.0
78,2025-01-13,000338.XSHE,13.26,0.0,0.13757915791700823,-0.048658471306712206,0.4104210955080782,0.1082848322357101,-0.033812611300028717,-0.30936544656400267,0.7029632032008649,0.4512717999092433,0.1466467161001903,0.33898429571238975,-0.6919261919408646,0.04826546003016596,0.04751131221719462,0.046003016591251944,0.03619909502262453
79,2025-01-13,000408.XSHE,28.46,0.0,-0.30878877665817406,-0.048658471306712206,-0.14924403473021022,0.1082848322357101,1.1158161729009475,-0.121515460035576,-0.3084946431313148,0.14182827997147648,0.3047090448309344,0.5259685157672667,-1.069136576367262,0.0,0.0,0.09803232607167955,0.04251581166549556
80,2025-01-14,000001.XSHE,10.81,0.01693320790216366,-1.439632328531358,-0.619256215850568,0.9981043167188005,1.2892432672330776,0.5182613891464585,1.1268403852946536,1.3725636608833434,0.5168448169525124,1.3274308990097068,1.2329916519936757,1.7311939331169488,0.008325624421831712,0.005550416281220993,-0.0046253469010176795,-0.0009250693802035359
81,2025-01-14,000002.XSHE,6.91,0.02218934911242609,-1.1670392249041186,0.5307910421576297,-0.22572931413531455,-0.6407616238344038,-0.3760834859292884,-0.9491367431037503,-0.3590565420863663,-0.7947855342260688,0.4255573964390969,-1.2564714734916018,-0.7257713356575403,-0.00723589001447178,-0.04052098408104199,0.06512301013024602,0.00868306801736618
82,2025-01-14,000063.XSHE,36.019999999999996,0.06349621113143453,-0.8944461212768792,-0.17693034738587657,1.3788525574289696,1.1734429737690286,1.4355381840959425,-0.7332351217503164,1.0160536190954619,1.3912650510715663,1.0056569357809968,1.2329916519936757,0.9472773758388722,0.0,0.0,0.0,0.0
83,2025-01-14,000100.XSHE,4.92,0.037974683544303736,1.2862987077410357,2.3000945160163955,0.29100044111420065,0.3242408216993369,0.4265337096515101,-1.1650383644571844,0.3284985385045478,0.4387715817633111,-0.009517258067328019,-0.6935578042464425,-0.34422422847064993,-0.022357723577235866,-0.010162601626016232,0.04268292682926833,0.018292682926829285
84,2025-01-14,000157.XSHE,6.66,0.07073954983922837,-0.6218530176496398,-0.8846517369293828,-0.47049604030613756,-0.29336074344225715,-0.03210468782323195,0.46252770420716444,-0.384521545071215,0.07963469989298527,-0.2633108065294092,0.26068622329749097,-1.011631622524028,0.007507507507507505,0.03603603603603611,0.02402402402402415,-0.01501501501501512
85,2025-01-14,000166.XSHE,4.96,0.02268041237113409,-0.07666681039516107,0.5307910421576297,0.39978565274567757,0.7102417999128331,0.885172107126252,-1.4722829794601482,0.4303585504439425,0.7666791695579563,0.2805325116036219,-1.271522641118478,0.05116997308468199,0.012096774193548265,0.006048387096774244,0.008064516129032251,-0.002016129032258007
86,2025-01-14,000301.XSHE,8.42,0.016908212560386545,1.2862987077410357,-0.35386069477175314,-0.36171082867466064,-0.524961330370355,-0.33021964618181426,0.5289589723159134,-0.5118465599954584,-0.2951168290151807,-0.7346416822447028,0.20951225336611282,-1.0747827320658938,-0.015439429928741144,0.03444180522565321,-0.0035629453681709222,0.02375296912114
87,2025-01-14,000333.XSHE,36.019999999999996,0.00440153343745546,0.1959262932320783,-1.3269776053940743,-2.265452032225506,-2.06896524322434,-2.325296675196942,1.3925654577296493,-2.2434667629651677,-2.293791649858733,-2.2936591942260587,-1.078867695494466,1.7311939331169488,0.0,0.0,0.0,0.0
88,2025-01-14,000338.XSHE,13.9,0.040419161676646775,0.7411125004865571,-0.17693034738587657,0.5085708643771544,0.40144101734203613,0.013759151924242251,0.34627298501685383,0.45582355342879116,0.1733225821200268,0.3077246775102735,0.8777840959994039,-0.6361432779390983,-0.0028776978417266452,-0.003597122302158362,-0.0021582733812950394,-0.041007194244604306
89,2025-01-14,000408.XSHE,28.46,0.0,0.6900012935564497,0.17693034738587657,-0.2529256170431838,-0.3705609390849564,-0.21556004681312874,0.46252770420716444,-0.10440651223787958,0.017176111741624277,-0.04577347927619676,0.4864537377006298,-1.069136576367262,0.0,0.09978917779339413,0.05832747716092768,0.02986647926914965
90,2025-01-15,000001.XSHE,10.9,0.008325624421831624,-1.061548361645529,-1.3380621877592125,0.9481101620380443,1.5586574903486319,0.32865526449515586,1.6997557471082276,1.259382581221844,-0.07278603159817004,1.1344539894997512,1.28723904167994,1.7311939331169488,0.008256880733944927,-0.005504587155963359,-0.03394495412844045,-0.010091743119266194
91,2025-01-15,000002.XSHE,6.86,-0.0029069767441859845,0.2864495579043492,-0.20730540937114555,1.2189987797631998,0.41017302377595577,1.5237653172048136,-0.9520504046972057,0.8606334789880147,1.2165665281408422,0.945135608710319,1.4991176053152355,-0.7339004947809071,0.002915451895043608,-0.001457725947521915,0.023323615160349753,0.023323615160349753
92,2025-01-15,000063.XSHE,36.019999999999996,-0.0019895548371051553,2.0837801173041868,1.1119108320815994,1.1287025738548147,0.24610381426557346,0.5676772750370874,-1.461613155436289,0.5283425604598238,0.7590543295237733,0.4791211329209476,0.5011388635547858,0.9081938310964811,0.0,0.0,0.0,0.0
93,2025-01-15,000100.XSHE,4.81,-0.02036659877800418,-0.6122157217955696,0.35807297982288794,-0.43643166189052834,0.24610381426557346,0.746943782943536,-0.4632861335801258,0.1628225500788136,0.7798503385518218,0.4791211329209476,-0.08843627003907989,-0.37753395365908066,0.01871101871101888,0.037422037422037535,0.05405405405405417,0.043659043659043606
94,2025-01-15,000157.XSHE,6.71,0.012066365007541489,-0.8368820417205493,-0.7726837985651791,0.16554304416537283,-0.14766228855934407,0.32865526449515586,-0.13051045962807145,0.42865528490136645,0.5095022211871902,0.5179556725700619,0.4919267520923816,-1.0045334787041127,0.028315946348733245,0.019374068554396384,-0.0014903129657227732,-0.023845007451564815
95,2025-01-15,000166.XSHE,5.02,0.012096774193548309,0.7357821977543085,0.45230271135522687,0.5267278677989136,0.639869917090491,0.8066992855790189,-0.666071309894659,0.1628225500788136,0.7590543295237733,0.16844481572803324,-0.481486359101657,0.07379358104079631,-0.007968127490039723,-0.005976095617529764,-0.005976095617529764,-0.007968127490039723
96,2025-01-15,000301.XSHE,8.29,-0.013095238095238238,-0.2752162419081,-0.20730540937114555,-0.6772215443128888,-0.41017302377595577,-0.6871882803080531,0.9510104807161053,-0.5349883788303876,-0.48870621215914173,-0.6082459772542526,-0.4446379132520404,-1.0867394643930508,0.021712907117008573,0.043425814234017146,0.00361881785283491,0.04825090470446325
97,2025-01-15,000333.XSHE,36.019999999999996,-0.010883392226148354,0.3426161378855941,0.6407621744199047,-2.0015658976358712,-2.3790035379005436,-1.4640098145693308,0.03587737734795574,-2.395817522588257,-1.9860188621786397,-2.278131182166167,-1.8571616708206766,1.7311939331169488,0.0,0.0,0.0,0.0
98,2025-01-15,000338.XSHE,13.86,0.0021691973969630773,0.5111158778293289,1.488829758210955,-0.43643166189052834,-0.14766228855934407,-1.0457212961209505,-0.21370437811608503,-0.3356138277134729,-0.40552217604694735,-0.6956236914647598,-0.8438294099562202,-0.639473581184781,0.0021645021645022577,0.0007215007215006786,-0.009379509379509265,-0.03463203463203457
99,2025-01-15,000408.XSHE,28.46,0.0,-1.1738815216080187,-1.5265216508238904,-0.43643166189052834,-0.016406920951038233,-1.1054767987564333,1.200592236180146,-0.1362392765965583,-1.070994464944502,-0.1422315014648811,-0.06387063947266881,-1.069136576367262,0.0,0.09803232607167955,0.02073085031623334,0.057624736472241755
100,2025-01-16,000001.XSHE,10.99,0.0018231540565177367,-1.0086771259115292,-1.641077638917525,1.877707008850722,2.4425156673456025,0.7625322600332934,1.5150449254109164,1.9340859281253115,0.4560742619905256,1.707689797841683,1.9847710410849937,1.7311939331169488,-0.010919017288444133,-0.020928116469517755,-0.021838034576888155,-0.016378525932666088
101,2025-01-16,000002.XSHE,6.88,-0.002898550724637748,0.8309827099478402,1.1211322483693984,0.37906761211540396,-0.3043864509458046,1.2505529064546013,-2.1259686823309774,0.07364255036950085,1.4695726219694716,0.3699182150097905,-0.13788623517497842,-0.7306488311315603,-0.036337209302325535,0.06976744186046524,0.06976744186046524,0.07848837209302317
102,2025-01-16,000063.XSHE,36.019999999999996,-0.025366824173091346,-0.0052263063518732085,-0.1787312280009186,1.4369307156932756,0.660741320345771,1.738573552875909,-0.5699144457591785,1.081382713320565,1.7339634984857182,1.149833631721501,1.2731001498592989,0.8435038952407823,0.0,0.0,0.0,0.0
103,2025-01-16,000100.XSHE,4.9,0.012396694214876136,1.3327081197276682,0.47120051018423986,-0.502484974199489,-0.8240706354874222,-0.3355141944146491,-0.17131927185901327,-0.7403014273986663,-0.2269355023431118,-0.6699690072724903,-0.6246888934092212,-0.3502804812982591,-0.00612244897959191,0.04693877551020398,0.008163265306122547,0.026530612244897833
104,2025-01-16,000157.XSHE,6.9,0.023738872403560853,0.16201549690806946,0.14623464109166065,0.02644657758944677,0.06681653801249372,0.030501290401331736,-0.3246251079744614,-0.1201536348133961,0.015422801130114377,0.06661777517745861,0.0004942158966844823,-0.980872999304394,0.0,-0.011594202898550732,-0.03333333333333344,-0.0391304347826088
105,2025-01-16,000166.XSHE,4.98,-0.013861386138613742,-0.4233308145017299,-0.828662966186077,-0.3261744569365104,-0.5271082443207835,-0.09150387120399521,0.10846387905167962,-0.1201536348133961,-0.07270749104196787,0.10994640943922031,-0.22931617606161284,0.058711175736720224,0.002008032128514081,0.00401606425702794,0.010040160642570184,0.01807228915662651
106,2025-01-16,000301.XSHE,8.47,0.021712907117008625,0.9982245132077828,0.7961663792768192,-0.4143297155679997,-0.8240706354874222,-1.372558068059928,0.2885982364873312,-0.9340976125815633,-1.3946618736232015,-1.1899126184136306,-0.5159613961386288,-1.0701839888631408,0.02833530106257376,-0.009445100354191216,-0.009445100354191216,0.030696576151121535
107,2025-01-16,000333.XSHE,36.019999999999996,0.0012831479897348647,-0.17246810961181588,0.7961663792768192,-1.472192819145871,-0.8240706354874222,-1.0675451640466107,-0.3246251079744614,-1.2441715088741985,-1.0421407049348725,-1.3198985211989156,-1.4945088715739592,1.7311939331169488,0.0,0.0,0.0,0.0
108,2025-01-16,000338.XSHE,13.89,-0.00501432664756449,0.32925730016801213,0.7961663792768192,-0.6787954914624675,-0.23014585315414493,-0.8235348408359568,0.4572346562143242,-0.701542190362087,-0.6896195362465436,-0.8107870686232157,-0.5999780985749956,-0.636975853750519,-0.0028797696184306165,-0.0014398848092153083,-0.025197984161267173,-0.030957523398128073
109,2025-01-16,000408.XSHE,28.46,0.0,-2.0434857835824243,-1.4785947043712355,-0.3261744569365104,0.36377892917913235,-0.09150387120399521,1.1471109187338409,0.7713088170279297,-0.24896807538613236,0.586561386318599,0.34397426409241916,-1.069136576367262,0.09978917779339413,0.05832747716092768,0.016514406184118036,0.09486999297259313
110,2025-01-17,000001.XSHE,10.87,-0.0073059360730593674,0.615299922879348,0.6656052597310564,1.9409288894472985,1.8871010598416607,1.468867035975796,1.485460024032487,1.545688310090316,-1.5871128696840862,1.5627153310700221,1.558824374803193,1.7311939331169488,-0.002759889604415755,-0.031278748850046,-0.009199632014719406,-0.0018399264029438367
111,2025-01-17,000002.XSHE,6.63,0.007598784194528849,-0.6204488762088823,-0.789388293351514,-0.6101767223550693,-0.29367828512173766,-0.6567072925420946,1.0190803965477624,-0.002978204836397529,0.2513173182432595,0.14678872187108272,0.4957110531508581,-0.7712944594301054,0.03318250377073895,0.05882352941176472,0.11463046757164408,0.11915535444947212
112,2025-01-17,000063.XSHE,36.019999999999996,0.043310131477184835,0.2033836565166046,0.6004562946676577,1.1800728297869432,1.3055599011847543,1.4054170560200383,-0.183688116439159,0.8904832460828602,-0.4918778641103483,1.1167200994263196,0.48039241739217897,0.9317786826290853,0.0,0.0,0.0,0.0
113,2025-01-17,000100.XSHE,4.87,0.0,-0.20853260984613886,0.07926457416046839,0.16559808357313616,0.14247758387094198,0.19986743686063752,-0.7400708299297076,0.32462432716733036,0.16330736243822697,0.42391197260115043,-0.5000002711632883,-0.3593650278579629,0.024640657084188833,0.04106776180698146,0.024640657084188833,0.026694045174537884
114,2025-01-17,000157.XSHE,6.9,0.001451378809869474,-1.1353442091623116,-1.3974453006099015,-0.6101767223550693,-0.613525922383036,0.009517496993363713,-0.1182313266167415,-0.27101664011217486,1.1118591083369105,-0.3035365605652772,1.0594368490702517,-0.980872999304394,-0.008695652173913104,-0.02898550724637683,-0.01449275362318847,-0.034782608695652195
115,2025-01-17,000166.XSHE,4.99,0.006048387096774244,0.17763888986893311,0.12269721753606751,0.8220229193585408,0.4914022790650857,0.2633174168163955,-0.3677853378147082,0.5628807140791324,-0.25718464863026164,0.49319278528366733,0.38235314853663227,0.06248169340359394,0.0,0.0,0.004008016032064132,0.022044088176352616
116,2025-01-17,000301.XSHE,8.71,0.03690476190476196,-0.7234279427995682,-0.7459556499759148,-0.8488766626406709,-0.5553718065173454,-0.9105072123651263,-0.8382560146633339,-0.06254230156434805,0.8771658928568239,-0.5460194049540864,-1.3455889650423787,-1.0481100214899277,-0.006888633754305484,-0.04477611940298509,-0.04018369690011492,0.00344431687715252
117,2025-01-17,000333.XSHE,36.019999999999996,0.0037026488180006427,2.4431783548640222,2.1748896170331258,-0.8190391701049706,-1.4858376603683954,-1.8305319217236165,1.5836452087661133,-2.2068497837705667,-1.6653439415107818,-1.8277144395806495,-0.7941180777299284,1.7311939331169488,0.0,0.0,0.0,0.0
118,2025-01-17,000338.XSHE,13.85,0.001446131597975385,-0.543214576265868,-0.5287924330979192,-0.25212681192666675,-0.20644711132320173,0.2950424067942744,-0.6746140401072902,-0.12210639829229855,0.681588213290085,-0.0004330050792657369,0.11887261348735044,-0.6403061569962019,0.0014440433212996595,-0.008664259927797735,-0.012996389891696714,-0.029602888086642576
119,2025-01-17,000408.XSHE,31.3,0.0,-0.20853260984613886,-0.1813312860931263,-0.9682266327834718,-0.6716800382487267,-0.24428242282966803,-1.1655399637754214,-0.6581832688438533,0.9162814287701717,-1.0656255000729633,-1.4558831425048688,-0.9911289412129234,-0.0015974440894569453,-0.0718849840255591,-0.07092651757188506,-0.014696485623003186
120,2025-01-20,000001.XSHE,10.84,-0.007326007326007333,-1.212683076899302,-1.4369105576096548,1.0255956031172837,1.1901209136006534,0.7125397526340316,1.3055834396652142,1.577601602319945,1.4547516282536985,1.3624438381116801,1.6150192343618484,1.7311939331169488,-0.0073800738007380184,-0.008302583025830201,0.004612546125461359,0.0
121,2025-01-20,000002.XSHE,6.85,0.03787878787878788,-0.12374317111217367,0.003542096690903019,0.2611765200485008,0.010721810032438328,-1.102002474570645,0.14711521287158083,0.30277202468766623,-1.3054741136410248,0.025917432205779783,-1.2923375322835668,-0.7355263266055806,0.07445255474452561,0.07445255474452561,0.0613138686131387,0.05693430656934306
122,2025-01-20,000063.XSHE,36.019999999999996,-0.03146341463414632,-1.113688540009563,-0.9410170208832332,1.567059120291005,0.9220756627896953,1.5091680475043774,-1.0933684636065577,1.0039282923854196,1.1730959403052574,1.1642517094792462,1.099587563820833,0.8792181515759024,0.0,0.0,0.0,0.0
123,2025-01-20,000100.XSHE,4.99,0.01836734693877548,-0.9156994662300851,-0.9410170208832332,0.2930273151763667,0.9220756627896953,0.6682826251412345,0.5264366676624166,0.6533501585365429,0.5957017800109531,0.83901334454397,0.9277770069738278,-0.32302717625572763,0.028056112224448926,-0.01002004008016033,-0.006012024048096198,-0.01603206412825653
124,2025-01-20,000157.XSHE,6.84,-0.012987012987012967,0.6434644897833031,0.995329170143746,-0.5987949484038799,-0.47175964142728605,0.0044257127492796835,-1.113872326027684,-0.6214794190957359,-0.17885136184726014,-0.82783327574932,-0.798382181348427,-0.9879711431243096,-0.0029239766081871066,-0.024853801169590684,0.005847953216374213,-0.02631578947368418
125,2025-01-20,000166.XSHE,4.99,-0.00795228628230617,-0.371229513336521,-0.4097025172477816,0.42043049568783053,0.6004213618165458,0.3584827326916556,-0.7704326304738192,0.3983842430100871,0.5534534268186869,0.4324653883748749,-0.27489689095520825,0.06248169340359394,0.002004008016031955,0.008016032064128265,-0.01002004008016033,0.012024048096192397
126,2025-01-20,000301.XSHE,8.65,-0.0034562211981566085,0.742459026673042,0.7119614348715051,-0.7261981289153436,-0.9006320427248188,-0.4381455621786902,-0.7858105272896638,-1.0357990318262265,-0.6295004625647661,-0.9497976626000485,-0.6722088036639077,-1.0536285133332313,-0.030057803468208077,-0.030057803468208077,-0.009248554913294793,0.021965317919075078
127,2025-01-20,000333.XSHE,36.019999999999996,-0.0028093833403568316,2.0293880062396483,1.8218183980211153,-2.0002299340299814,-2.0800311462930337,-1.9428878969337877,1.510622063876477,-1.7369552995239799,-1.5871298015894661,-1.722238779321329,-1.1339496751902338,1.7311939331169488,0.0,0.0,0.0,0.0
128,2025-01-20,000338.XSHE,13.87,-0.005734767025089611,-0.12374317111217367,-0.18536972682392422,0.22932572492063483,0.1715489605190131,0.5797683701556405,-0.5807719030784012,0.047806109161210454,0.2717977388702457,0.21902771138609997,0.4391907359401569,-0.6386410053733603,0.0,-0.023792357606344683,-0.009372746935832676,-0.009372746935832676
129,2025-01-20,000408.XSHE,31.25,0.008389803162310474,0.44547541600382523,0.3813657437205575,-0.4713917678924161,-0.3645415411029028,-0.3496313071930962,0.8544984664004367,-0.5896086796549289,-0.34784477461632485,-0.5432497064309534,0.09020054234467768,-0.992451090341108,-0.03615999999999997,-0.07423999999999997,-0.05055999999999994,-0.016639999999999988
130,2025-01-21,000001.XSHE,10.76,-0.010119595216191301,1.0564518415374355,1.1772984442484322,1.7677516143579326,1.7567975241776308,1.3608050525923876,1.9656472981621707,1.5271193060002175,-1.4306221595342927,1.644696074907003,1.9446782945115533,1.7311939331169488,-0.021375464684014855,0.0009293680297397522,0.003717472118959231,0.0074349442379182396
131,2025-01-21,000002.XSHE,7.36,0.07602339181286556,-0.7348345179094687,-0.621575031274411,-0.2841029380218106,-0.45600937823121523,-0.3799201923481285,0.25062685161972553,-0.4433572178710309,-0.22350524179935885,-0.41939092557580654,0.04433308611975624,-0.6526094055021072,-0.04619565217391319,0.0040760869565217295,-0.052989130434782705,0.08152173913043481
132,2025-01-21,000063.XSHE,36.019999999999996,0.038784584980237166,1.3821402705277819,1.56277133186047,1.3844381265507277,1.21887761419979,1.5818495281403897,-1.246118265362772,0.5418810440645933,-0.7893412969876091,0.7726083613272172,0.19127983224703807,1.0402690331427218,0.0,0.0,0.0,0.0
133,2025-01-21,000100.XSHE,5.13,0.019880715705765335,-0.24630187442394938,-0.3645931061997191,0.30214121980097314,0.33864503423604997,0.53188826928738,0.09471590193404872,0.6867690237610086,0.2574554051106539,0.7024907562152747,0.9882791332763632,-0.2776049454120786,-0.011695906432748426,-0.02729044834307981,-0.023391812865497075,-0.03508771929824561
134,2025-01-21,000157.XSHE,6.82,-0.008720930232558082,-0.6941234642856755,-0.685820512543084,-0.8252513913966879,-0.8349984057156032,-0.40755075179162875,-1.1525716955513658,-0.3564244300531817,1.247668501690092,-0.5245673332437204,-0.772591197435302,-0.9915201313751224,-0.017595307917888547,-0.0029325513196482023,-0.0381231671554253,-0.026392961876832932
135,2025-01-21,000166.XSHE,5.0,-0.0059642147117296715,-0.002035552681189693,0.24573896585267413,0.6178111509363182,0.8765649442138911,0.6424105070613809,0.2389335303932998,0.8026794075181408,-0.22350524179935885,0.8427259664391599,0.3506796924529031,0.06625237838875808,-0.0020000000000000018,0.0020000000000000018,-0.010000000000000009,0.02200000000000002
136,2025-01-21,000301.XSHE,8.39,-0.030057803468208067,-1.1826561077711948,-1.2319071033268043,-1.0281820614122668,-0.8349984057156032,-0.9187161014963835,-0.34183475718584644,-0.15358125847820023,1.1910848961712668,-0.5596261357996917,-0.8149317853024849,-1.0775419779875453,-0.008343265792610244,-0.0035756853396902155,0.02741358760429069,0.05005959475566146
137,2025-01-21,000333.XSHE,36.019999999999996,-0.01135407905803199,1.6467621190824382,1.28972803646861,-0.735059982500875,-1.0306056457075454,-1.402250891757638,1.0925459799223805,-2.1240577823494484,-1.4306221595342927,-1.716566620146744,-1.243318909605747,1.7311939331169488,0.0,0.0,0.0,0.0
138,2025-01-21,000338.XSHE,13.87,-0.005021520803443349,-0.49056819616670905,-0.685820512543084,-0.14881582467809124,-0.10147125574582003,-0.10361459791312595,0.0011693321226426206,0.1361947009146304,0.41777562074732477,0.13278521468074125,0.3755859206100695,-0.6386410053733603,-0.010093727469358216,-0.014419610670511895,-0.038932948810382006,0.016582552271088735
139,2025-01-21,000408.XSHE,30.12,-0.03615999999999997,-0.7348345179094687,-0.685820512543084,-1.05072991363622,-0.9328020257115744,-0.9049008217746334,-0.903114176054283,-0.6172227935067293,0.9836116759355751,-0.8751553588034332,-1.063994066874149,-1.0233897480408645,-0.03552456839309426,-0.03452855245683939,-0.02689243027888455,0.04349269588313409
140,2025-01-22,000001.XSHE,10.53,-0.020465116279069828,-1.6259760594548882,-1.7328262823906495,1.0607659646895309,1.1304021708525716,0.9347718857464044,0.7445035414514065,1.6688359668377917,1.2850827874388193,1.6287154939687851,1.968758709397483,1.7311939331169488,0.02089268755935425,0.03418803418803429,0.024691358024691246,0.0370370370370372
141,2025-01-22,000002.XSHE,7.02,-0.034387895460797804,-0.5489275594019702,-0.5281876903543691,0.7479395407864521,0.10276383371387013,0.20246211350267745,-0.8555771005829154,0.18777710561883232,-0.21490161091850066,0.49854643687419414,-0.5437458586359668,-0.7078873529044227,0.04843304843304863,0.035612535612535634,0.0,0.13532763532763536
142,2025-01-22,000063.XSHE,36.019999999999996,0.01734939759036142,-0.5489275594019702,-0.5281876903543691,0.8048170724051937,1.0892966373670234,0.5040014314853886,-1.5857109857830427,0.5580418209235721,0.7081657111475425,0.22456605939671748,-0.5609312523981655,1.0517246471911,0.0,0.0,0.0,0.0
143,2025-01-22,000100.XSHE,5.07,-0.005882352941176346,-0.35310055939234875,-0.15752966203551358,0.23604175621777768,0.5138191685693506,0.6332325677636933,-0.6536251748892631,0.5844893005881965,0.6360510766111328,0.49854643687419414,-0.3409582122420222,-0.2957738712131963,-0.02564102564102566,-0.021696252465483346,-0.009861932938856177,-0.04536489151873779
144,2025-01-22,000157.XSHE,6.7,-0.016152716593245145,0.11198856563050229,0.12046385920362804,-0.3327335599696384,-0.4727136350838026,-0.27138538618443997,0.6512949603620285,-0.2618300486797803,-0.2725933185476283,-0.16683447985682062,0.7485957522813754,-1.0057164190149535,-0.004477611940298498,0.02686567164179099,-0.022388059701492602,-0.022388059701492602
145,2025-01-22,000166.XSHE,4.99,0.004024144869215385,-0.5489275594019702,-0.6092691340491188,0.9185721356426768,0.6782413025115429,1.1070800674508108,-1.076947480670188,0.5844893005881965,0.9389325416640532,0.8116668682770246,-0.23097169216395055,0.06248169340359394,0.008016032064128265,-0.01002004008016033,-0.002004008016032066,0.018036072144288484
146,2025-01-22,000301.XSHE,8.32,-0.007159904534606264,0.974851284422897,0.8501968524563749,-0.9583864077757961,-1.0481911038814753,-0.8744640221498622,0.5270168522428579,-1.0288069589538842,-0.9648938100971607,-1.2236159358413734,-0.18972674713467366,-1.0839802184713991,0.008413461538461675,0.030048076923076872,0.044471153846153744,0.054086538461538325
147,2025-01-22,000333.XSHE,36.019999999999996,-0.018578924975180856,1.8989099407182983,1.8810894937181917,-2.0959370401506283,-2.0347239075346284,-1.7360049306718939,1.6455198253153935,-1.9280212675511097,-1.8879611321632037,-1.732436636870973,-0.23097169216395055,1.7311939331169488,0.0,0.0,0.0,0.0
148,2025-01-22,000338.XSHE,13.73,-0.0007278020378456904,-0.20623030938513265,-0.15752966203551358,0.17916422459903605,0.4316081015982546,0.8055407494680996,0.20078681843003504,0.18777710561883232,0.5639364420747233,0.214781045915379,1.0132508162192355,-0.6511296425446708,-0.013838310269483012,0.0007283321194464509,-0.025491624180626338,0.016751638747268816
149,2025-01-22,000408.XSHE,29.05,-0.03776084796290164,0.8463398156665829,0.8617799158413391,-0.5602436864446048,-0.3905025681127065,-1.305234476410878,0.4027387441236873,-0.5527523249906473,-0.7918186872097775,-0.7539352887371277,-1.6332998231593645,-1.0527417263958256,-0.004130808950086107,0.02134251290877809,0.03614457831325302,0.08915662650602418
150,2025-01-23,000001.XSHE,10.75,0.013195098963242278,-0.9246924494842139,-1.1347019955970656,1.0077410947005618,1.053853534276002,0.32764701393280854,1.3027813558846706,1.3844029783074625,0.8603908228168288,1.4312621441985605,1.5688095664678683,1.7311939331169488,0.0018604651162790198,0.0046511627906977715,0.005581395348837281,0.020465116279069884
151,2025-01-23,000002.XSHE,7.36,0.029370629370629363,-0.36848646483205516,-0.09262873433445436,0.3025498094699204,1.009759244138931,0.6439958549713823,0.08679875782222086,0.3866350660137958,-0.14823785046755308,0.2553110541510084,-0.4422819980734346,-0.6526094055021072,0.0040760869565217295,-0.052989130434782705,0.008152173913043459,0.06114130434782594
152,2025-01-23,000063.XSHE,36.019999999999996,-0.059934701492537316,-1.1100944443682668,-1.0189160776789976,1.0304892006757438,0.8774763737277173,0.5084177802405649,-0.425193915046179,0.9354074177753124,0.7686973070637032,0.9707185614042719,0.8940527636859893,0.9203232358989974,0.0,0.0,0.0,0.0
153,2025-01-23,000100.XSHE,4.94,-0.0313725490196077,-0.18308446994800226,-0.2470099582252116,0.3935422333706483,0.3483448920828626,0.37283970550974765,-0.5211925412090039,0.16213728574772082,0.38664099142567976,0.11222955270035569,0.55667436229505,-0.3381679756430408,0.010121457489878471,0.014170040485829816,0.018218623481781382,-0.004048582995951455
154,2025-01-23,000157.XSHE,6.67,-0.0133136094674556,0.6048740083092227,0.6020867731739532,-0.789359277338815,-0.7099180712068467,-0.5762068176059737,-0.07319895244915409,-0.8356306265459458,-0.5455764187310975,-0.9251113328168764,-0.632057348855838,-1.0092655745840562,0.019490254872563728,-0.016491754122938573,-0.005997001499250421,0.01799100449775115
155,2025-01-23,000166.XSHE,5.03,-0.00788954635108482,-0.36848646483205516,-0.30490291718424556,0.8485043528742879,0.5247220526311476,0.9603446960099561,-1.6291766848382756,0.5612444506651875,0.8603908228168288,0.46993330632698743,-0.9615284439641772,0.0775640987076704,-0.003976143141153132,-0.015904572564612307,0.007952286282306265,0.011928429423459175
156,2025-01-23,000301.XSHE,8.39,-0.001190476190476165,0.6975750057512491,0.6985750381056766,-0.2889009458848112,-0.6217294909327041,0.21466528499046078,-0.7771888776432039,-0.4614676594358208,0.24910071779599133,-0.31701495165160243,-0.17079781570416308,-1.0775419779875453,-0.0035756853396902155,0.02741358760429069,0.040524433849821184,0.05721096543504145
157,2025-01-23,000333.XSHE,36.019999999999996,0.00014371945961490538,2.3430177103472185,2.300280235972283,-2.1542456358497337,-2.120935355593126,-1.8416021817602688,0.6947900568534457,-2.157673110335054,-2.134930691785275,-2.1413040951474245,-1.8049744474415255,1.7311939331169488,0.0,0.0,0.0,0.0
158,2025-01-23,000338.XSHE,13.54,-0.020968908170643594,-0.4611874622740816,-0.5557724060067261,0.34804602142028435,0.17196773153457778,0.9603446960099561,-0.3771946019647665,0.28685827478442916,0.799261812314745,0.35367958639833214,0.7517212505991867,-0.6677813260913746,0.009601181683899673,-0.015509601181683874,-0.005908419497784201,0.039143279172821455
159,2025-01-23,000408.XSHE,28.93,-0.022304832713754653,-0.2294349686690155,-0.2470099582252116,-0.6983668534380869,-0.5335409106585617,-1.570446032298634,1.7187754025902455,-0.26191407697708746,-1.0957375132498515,-0.2097038255636129,0.24038211099104428,-1.0561794479837374,0.005184929139301797,0.013135153819564538,0.07708261320428633,0.09367438645005177
160,2025-01-24,000001.XSHE,10.77,0.0018604651162790302,-1.479929444728672,-1.444587159388004,0.6352210910155879,0.6330311110744237,0.3662382604455401,1.378167152156665,1.3215057348589885,1.3529916763591066,1.318678393730855,1.4279935003267445,1.7311939331169488,0.011142061281337101,0.0018570102135562205,0.00742804085422466,0.03899721448467974
161,2025-01-24,000002.XSHE,7.39,0.008185538881309632,-0.09270400757876765,-0.23184732187708704,0.35529315260193894,-0.4150336423600525,-1.6501296903220402,0.7757894565120299,-0.1787011093882772,-1.4651709660066763,-0.32143028180031724,-0.6203248792241461,-0.6477319100280872,-0.016238159675236785,-0.05006765899864685,0.004059539918809252,0.03924221921515558
162,2025-01-24,000063.XSHE,36.019999999999996,0.04623415361670412,-0.3061233056018298,-0.65987314688094,1.3458073962194657,1.2618699631351094,0.7777419238674951,-1.067851369551853,0.8361446970142848,0.5595284081201967,0.9503324736943034,0.14151286940174948,1.0429645307958544,0.0,0.0,0.0,0.0
163,2025-01-24,000100.XSHE,4.99,0.010121457489878506,-1.1598004976940788,-1.0165613343841509,0.742885682713145,1.010334422310835,1.1480952209472548,1.2321361956367534,0.946454023797172,0.9288992398865857,1.1674627002421656,1.6852896265117436,-0.32302717625572763,-0.006012024048096198,0.006012024048096087,0.002004008016031955,-0.01002004008016033
164,2025-01-24,000157.XSHE,6.8,0.021021021021020974,0.22742493945582568,0.37452259687837136,-0.2045627242253588,-0.07965292126102014,0.6954411911831041,-0.3742043260822733,-0.11251551331854491,0.4227243963548674,-0.2904116780077655,0.13548249144428856,-0.9938861793150942,0.0117647058823529,-0.03676470588235292,-0.020588235294117574,0.004411764705882337
165,2025-01-24,000166.XSHE,5.01,0.0,0.12071529044429456,0.07133763750064216,0.742885682713145,0.42341816038752844,0.6954411911831041,-1.5789597173715433,0.24047433238669405,0.4774460010609991,0.23690458646561377,-0.11578325678324955,0.07002289605563218,-0.013972055888223478,-0.0059880239520956335,0.017964071856287456,0.027944111776447178
166,2025-01-24,000301.XSHE,8.36,-0.002386634844868896,0.10070723125463248,0.28535055000256865,-0.7644186010526566,-0.5827240029095687,-0.7448216307937389,0.5019814130371958,-0.31107230152774185,-0.3980996742371082,-0.32143028180031724,-0.5419299657771542,-1.0803012239091971,0.02511961722488043,0.03947368421052633,0.045454545454545636,0.07655502392344515
167,2025-01-24,000333.XSHE,36.019999999999996,-0.0026007802340701144,1.9747954420196476,2.015288259393141,-2.0994595381023666,-2.0919372478552143,-1.5266785912954535,-0.08214241304245024,-2.164268991480246,-1.6566965824781372,-1.9654162828055584,-1.6595600138932438,1.7311939331169488,0.0,0.0,0.0,0.0
168,2025-01-24,000338.XSHE,13.67,0.011843079200592164,-0.4661877791191265,-0.37452259687837136,-0.032299377509267174,0.5911085209370447,0.5308397258143221,0.17341176086739493,0.26253619774327147,0.39536359400180154,0.10507552034726897,0.29026219235245204,-0.6561250974131949,0.00512070226773953,-0.02121433796634964,-0.016825164594001518,0.027066569129480467
169,2025-01-24,000408.XSHE,29.08,-0.0034270047978067655,1.0811021315480744,0.9808925156338297,-0.7213527643736336,-0.750414363459085,-0.2921676010295881,-0.9583281521619194,-0.8405570700856003,-0.616986093061635,-0.8797651500662482,-0.7429425643591847,-1.0519484703825728,0.020288858321870773,0.03507565337001384,0.06052269601100413,0.06946354883081174
170,2025-01-27,000001.XSHE,10.89,0.0074005550416281285,-1.839064905512261,-1.7410726866323512,1.6961469686912944,1.6253875897009693,-0.047567521239349396,2.2792487020076213,1.9967506503426409,-0.5841990427016018,2.0387088842578605,2.270183183789224,1.7311939331169488,-0.008264462809917328,-0.00734618916437102,-0.0045913682277319845,0.029384756657483857
171,2025-01-27,000002.XSHE,7.27,-0.014905149051490558,0.43516517978233044,0.23661636917721607,0.010535074339697489,-1.036885186533377,-0.1340539234927118,-0.34128971630372423,0.012402177952438757,0.5128883614328617,-0.6199085969755558,-0.13474750815730063,-0.6672418919241679,-0.04126547455295737,0.02063273727647874,-0.004126547455295615,0.0343878954607979
172,2025-01-27,000063.XSHE,36.019999999999996,-0.06375358166189116,-1.1393018023446944,-1.4585456786595559,-0.09481566905727731,-0.056047847920723086,1.8551333283346239,-1.0141306615458265,0.26044573700121404,1.500267025153879,0.4252481524036741,0.41405856811249997,0.8448516440673484,0.0,0.0,0.0,0.0
173,2025-01-27,000100.XSHE,4.96,-0.006012024048096242,-0.08965714759334446,-0.045910638795579266,0.5372887913245714,0.6445502510883154,0.8172965012942748,-0.6245911669319778,0.3017863301760099,0.4854611763295001,0.4252481524036741,0.1285009349314655,-0.3321117228154316,0.010080645161290258,0.014112903225806495,-0.010080645161290258,-0.02620967741935487
174,2025-01-27,000157.XSHE,6.88,-0.002898550724637748,0.47890037373030336,0.5191433771500114,-0.9376216162330757,-0.3362870875243385,-0.7394587392662487,0.4377892729239732,-0.8557502787182747,-1.1327427447688336,-0.7766821093824402,-0.7415574786669988,-0.983239047244366,-0.04651162790697683,-0.036337209302325535,-0.03197674418604646,-0.02470930232558144
175,2025-01-27,000166.XSHE,4.94,-0.013972055888223433,-0.4395386991771278,-0.1518582667853775,0.5372887913245714,1.2050287302955462,0.47135089228082516,-0.5227797081124492,0.632511075574377,1.17114080391354,0.21621680252782818,-0.014277881659051736,0.03985808544747962,0.002024291497975561,0.026315789473684292,0.022267206477732726,0.020242914979756943
176,2025-01-27,000301.XSHE,8.57,0.0362756952841597,1.0037227011059784,0.8723021371160056,0.6426395347215462,-0.4764067073261462,0.25513488664741907,-1.1203687055314218,-0.07027900839715301,0.01919902957235309,0.21621680252782818,-0.24629345861864224,-0.901602445696558,0.005834305717619559,0.018669778296382722,0.031505250875145885,0.06884480746791133
177,2025-01-27,000333.XSHE,36.019999999999996,0.013898943101201796,1.3536042526897616,1.507987905054795,-1.9911290502028236,-1.7374832855424156,-1.777295566306598,0.012837096981592766,-1.8065839217385802,-1.6812864468360653,-1.7173231838237468,-1.7276236807452585,1.7311939331169488,0.0,0.0,0.0,0.0
178,2025-01-27,000338.XSHE,13.74,0.003652300949598299,-0.5270090870730736,-0.3284376467683746,0.11588581773667228,0.22419139168289234,0.21189168552073787,0.1721941629599854,0.17776455065162228,0.293470880605969,0.3599258555674723,0.17311931511600212,-0.65029706673325,-0.029839883551673996,-0.020378457059679667,0.0,0.012372634643377012
179,2025-01-27,000408.XSHE,29.67,0.012973711164219958,0.7631791343921274,0.5897751291432102,-0.5162186426451766,-0.056047847920723086,-0.9124315437729736,0.7210907235522268,-0.6490473128442953,-0.5841990427016018,-0.5676507595065943,-0.12136199410193965,-1.0358179833094574,-0.01213346814964622,0.05021907650825752,0.03572632288506905,0.0566228513650151
180,2025-02-05,000001.XSHE,10.8,-0.010989010989010917,-1.4410278450004577,-1.4927080879811876,1.414561676149331,1.9543860644118394,0.5511553223449015,1.9679885767195495,2.146053494171339,1.2820211241445558,1.6523385120033933,1.975730122004813,1.7311939331169488,-0.0009259259259261077,0.004629629629629539,0.0037037037037035425,0.02962962962962945
181,2025-02-05,000002.XSHE,6.97,-0.011347517730496465,-0.3325448873077979,-0.3120350240412652,-0.2962651298129867,-0.47878534108081205,0.8490771182070105,-1.005860828101103,0.011435453787769119,0.5855071008402131,0.6586743726279282,0.023994352785011063,-0.7160165120277898,0.007173601147776099,0.06456241032998578,0.14203730272596848,0.09756097560975618
182,2025-02-05,000063.XSHE,36.019999999999996,0.025300908867600124,-1.1639071055772927,-0.7618152388755214,0.9972868454268143,0.6985556615769226,1.295959812000174,-0.9708743645149778,0.6975626810539167,1.10789261831847,1.1346811459814443,0.38390964456017684,1.0187058885091125,0.0,0.0,0.0,0.0
183,2025-02-05,000100.XSHE,5.01,0.004008016032064043,0.22169659153853194,0.13774519079299094,0.6634669808488013,-0.40029594090362974,0.029792179586210794,-1.2041174550891467,-0.17915544267504963,0.215484025959781,-0.29333917407910437,-0.3651823448255341,-0.31697092342811845,0.001996007984031989,-0.001996007984031878,-0.011976047904191489,-0.043912175648702534
184,2025-02-05,000157.XSHE,6.56,-0.03812316715542532,0.15241640668274073,0.13774519079299094,-0.6718124774632517,-0.24331714054926512,-1.5342972486898614,1.0350162144228743,-0.3316281598453046,-0.8075209457684723,-0.24573849674375275,-0.7485067612690034,-1.0234618622238874,-0.0015243902439023849,0.015243902439024515,0.012195121951219523,0.05335365853658547
185,2025-02-05,000166.XSHE,4.95,-0.0020161290322580215,-0.782866088870441,-0.9585940828655084,0.6634669808488013,0.541576861222558,0.998038016138065,0.07288846580442776,0.4307354260059704,0.7596356066662987,0.46827166328652164,1.2266381326191016,0.04739928809951786,0.0060606060606061,0.030303030303030276,0.03232323232323231,0.028282828282828243
186,2025-02-05,000301.XSHE,8.62,0.009367681498829048,0.9144984400964442,0.7561929861900931,-0.42144757902974167,-0.5572747412579944,-0.044688269379316456,0.28863832458553396,-0.6746917734783784,-0.2416033018336939,-0.864547302103324,0.13811383554299048,-0.8960737474375601,0.008120649651972123,0.013921113689095321,0.022041763341067444,0.06728538283062657
187,2025-02-05,000333.XSHE,36.019999999999996,-0.016240298936475935,1.9537012129333127,2.105533630692862,-2.090546901919808,-1.8131051440929113,-1.683258146620916,0.475232797044869,-1.7420007936701636,-1.7652277278119435,-1.768960171475005,-1.3951838302308868,1.7311939331169488,0.0,0.0,0.0,0.0
188,2025-02-05,000338.XSHE,13.33,-0.034057971014492795,0.2909767763943232,0.025300137084426917,-0.08762771445172846,0.541576861222558,-0.2681296162758982,-0.5743611105388907,-0.2935099805527409,0.019589456905434607,-0.4956420527543488,-0.7104669336830103,-0.6860979939426297,0.0037509377344335793,0.008252063015753874,0.057764441110277565,0.05626406601650413
189,2025-02-05,000408.XSHE,29.31,-0.021042084168336757,0.18705649911063635,0.36263529821011903,-0.17108268059623175,-0.24331714054926512,-0.19364916731037096,-0.0845506203331362,-0.06480090479735838,-1.1557779574206437,-0.24573849674375275,-0.5290462175036584,-1.0456020876399712,0.026953258273626934,0.05220061412487209,0.07233026270897303,0.08461276015011943
190,2025-02-06,000001.XSHE,10.79,0.0009276437847866222,-2.051795867324755,-2.1286329894143288,0.6179243798341957,0.8977677059199993,0.3803359963228377,1.6522475535987193,1.5091498702954047,1.4501641618272805,1.7771669915557597,1.7096858710113936,1.7311939331169488,0.001853568118628468,0.004633920296571059,0.012048192771084487,0.02594995366079722
191,2025-02-06,000002.XSHE,7.02,0.007173601147776158,-0.41581245151764135,0.3133052884852259,-1.4806867214894877,-1.6311554093476044,-1.5213439852913508,-0.08649821101752529,-1.4639076900295893,-1.6458918401107172,-0.6202707464727263,-1.5808173812704596,-0.7078873529044227,0.056980056980056926,0.031339031339031376,0.13532763532763536,0.07122507122507127
192,2025-02-06,000063.XSHE,36.019999999999996,0.02702702702702714,-0.6884763541521602,-0.7924780826391007,1.4631982956451237,0.8977677059199993,1.0934659894281582,-0.42019689311559244,0.7982013232611669,0.5604928969025685,1.0290721691242666,0.7557838828934487,1.075309498723704,0.0,0.0,0.0,0.0
193,2025-02-06,000100.XSHE,5.02,0.0019960079840318935,0.12951535375139653,-0.23958639707693746,0.9968402731287497,1.1506600174467596,1.3311759871299318,-0.42019689311559244,0.9597805384962209,1.040915379961913,0.6992035860048681,0.6090297308753033,-0.31091467060050926,0.0019920318725101804,-0.02191235059760943,-0.03585657370517925,-0.043824701195219085
194,2025-02-06,000157.XSHE,6.55,-0.0015243902439024066,-0.006816597565862949,-0.23958639707693746,-0.0524652775330921,-0.24024769595042234,0.3803359963228377,0.6335884187730406,0.054936933179918344,0.09786383914171831,-0.19615399674778522,0.8956589340357435,-1.0246448025347286,0.012213740458015376,0.016793893129771087,0.0,0.0625954198473282
195,2025-02-06,000166.XSHE,4.98,0.006060606060606111,0.40217925638591545,0.45152820987576675,0.413892744983282,0.5184292386298587,0.2614809974719509,-0.8373202457381763,0.18420030536796156,0.02669013794774136,-0.24327808005055643,-0.9318888653152231,0.058711175736720224,0.01807228915662651,0.014056224899598346,0.02008032128514059,0.014056224899598346
196,2025-02-06,000301.XSHE,8.69,0.017564402810304493,-0.5521444028349008,-0.331735011337298,-0.16905478316218564,0.5184292386298587,-0.03565649965526601,0.8443454811507672,0.281147834508994,-0.008896712649247119,0.32221091958269826,0.12290660231519673,-0.888333770656911,0.004602991944764101,0.017261219792865434,0.009205983889528202,0.04142692750287691
197,2025-02-06,000333.XSHE,36.019999999999996,0.001315404852382394,1.0838390129722129,1.326940045349192,-1.6847183563404013,-1.6311554093476044,-1.6401989841422375,1.055102543528494,-1.528539376123611,-1.6103049895137287,-1.5156283292253796,-0.6383805612789323,1.7311939331169488,0.0,0.0,0.0,0.0
198,2025-02-06,000338.XSHE,13.38,0.0029985007496252567,0.6748431590204343,0.49760251700594704,0.29730323935418845,-0.11380154018704217,0.43976349574828105,-1.3686036738153622,-0.04201059596111407,0.34697179332063766,-0.06656276766516436,-0.24856484498073372,-0.6819351148855264,0.005979073243647326,0.02690582959641241,0.0433482810164425,0.0530642750373691
199,2025-02-06,000408.XSHE,30.1,0.02695325827362684,1.4246688912653613,1.142642816828471,-0.40223379442037266,-0.36669385171380253,-0.6893589933351433,-1.0524680802487723,-0.7529591429953518,-0.2580046668281665,-1.185759746105981,-0.6934133682857369,-1.0239186411557963,0.03521594684385376,0.020930232558139528,0.051162790697674376,0.07009966777408638
200,2025-02-07,000001.XSHE,10.81,0.001853568118628485,-1.136100788666935,-1.321563545461572,0.8517431892080184,0.8136697897431525,0.5510133630488043,0.5937862593505018,1.4744042420738235,1.0598752138289136,1.3491275540219008,1.478278189647444,1.7311939331169488,0.0037002775208139216,0.0027752081406104967,0.014801110083256352,0.022201665124884418
201,2025-02-07,000002.XSHE,7.42,0.05248226950354611,-0.5206060047390244,-0.34917565247981336,-0.08883211175789148,0.8136697897431525,-0.9969840448475021,1.064333861099956,0.09298044769834922,-1.2323855607843444,-0.2615938143762031,-1.2706491444668793,-0.6428545818723571,0.0,0.07277628032345018,0.052560646900269514,0.02695417789757415
202,2025-02-07,000063.XSHE,36.019999999999996,-0.00213421863884286,-1.3412657166429052,-1.4099624448235502,1.896826856947918,1.3661616222847992,1.5830116349796755,-0.9298916891715404,1.4212725576747667,1.2489276488485637,1.5113869547696213,1.3158300369389335,1.0422907400417163,0.0,0.0,0.0,0.0
203,2025-02-07,000100.XSHE,5.03,0.003992015968063965,-0.110276148787084,0.004419944968098888,0.32920135533806844,0.46208407812574087,0.44044211962763957,-0.6610073453147095,0.3852047118931611,0.41000746844886626,0.244972119665461,0.17869296797936138,-0.3078865441867047,-0.005964214711729698,-0.015904572564612307,-0.021868787276342005,-0.041749502982107334
204,2025-02-07,000157.XSHE,6.63,0.015313935681470082,-0.2128586127750691,-0.34917565247981336,-0.7158823124018313,-0.14063428464696462,0.4035850384872513,0.71329041217576,-0.35863886969363273,0.3509285825052256,-0.10329195998818308,0.6584226689466809,-1.015180610774841,0.004524886877828038,0.0015082956259426794,0.02413273001508287,0.042232277526395245
205,2025-02-07,000166.XSHE,5.07,0.022177419354838773,-0.007693684799098901,0.04861939464908792,0.22469298856407846,0.06027183627727056,0.18244255164492185,-1.5423504724009889,-0.039848763299292524,0.4927179087699632,0.181651377910253,-0.6335477955631903,0.09264650401174689,0.005917159763313418,0.007889546351084853,0.0039447731755424265,0.01380670611439827
206,2025-02-07,000301.XSHE,8.73,0.005760368663594552,0.19747124317687131,0.22541719337304406,-0.1410862951448865,-0.542446526495435,-0.09398555690799003,-0.12323865760104753,-0.06641460549882088,0.043718375598294126,-0.008310847355371052,-0.03452023245055843,-0.8839107116587386,0.001145475372279492,0.009163802978235935,0.016036655211912887,0.01718213058419238
207,2025-02-07,000333.XSHE,36.019999999999996,0.01442517849337038,2.2747661389335696,2.0817940799745838,-1.9699827136897112,-2.250148554351434,-2.1764106413399262,1.6693236347778255,-2.0322869282639187,-2.0122268552404012,-2.0662349543996315,-1.445788559105742,1.7311939331169488,0.0,0.0,0.0,0.0
208,2025-02-07,000338.XSHE,13.46,0.00975243810952744,0.4026361711528415,0.35801554241601113,-0.08883211175789148,-0.14063428464696462,0.2192996327853101,-0.06348658118841842,-0.43833639629221777,0.09098148435320666,-0.2061881653403961,0.36652364454857644,-0.67444193258274,-0.0014858841010402246,0.047548291233283635,0.04531946508172369,0.11515601783060903
209,2025-02-07,000408.XSHE,31.16,0.03008264462809918,0.45392740314683405,0.7116111398639235,-0.29784884530587147,-0.44199346603331746,-0.11241409747818415,-0.7207594217273385,-0.43833639629221777,-0.4525442663282875,-0.6415182649074512,-0.6132417764746265,-0.9950953885974771,-0.010269576379974388,0.008664955070603275,0.015404364569961526,0.02310654685494229
210,2025-02-10,000001.XSHE,10.85,0.003700277520813982,-1.9931627982820388,-1.7518974460021455,2.082056299688763,2.414601663808779,1.4619477692956147,1.455988755134673,2.1885015546450677,0.23664185775852414,2.07169908407613,1.576322293034143,1.7311939331169488,-0.0009216589861751334,0.006451612903225934,0.03133640552995387,0.01382488479262678
211,2025-02-10,000002.XSHE,7.42,0.004059539918809235,-0.2562017540275388,-0.626825691688841,0.24348629757696752,0.09151551495485175,1.1878325625526869,-1.3343582448777227,0.8763378816244702,2.3690190375606095,0.8737493508659131,0.8566634336655278,-0.6428545818723571,-0.02425876010781669,0.07412398921832875,0.03504043126684642,0.0539083557951483
212,2025-02-10,000063.XSHE,36.019999999999996,-0.01262806766738149,1.1333670813760615,0.016072453633047205,0.6410149466822206,0.16191206492012228,-0.36548694232390366,1.333336139749513,0.4077079984028284,-0.023404139778315534,0.6056766832943962,1.0837215764609733,0.9978163673113506,0.0,0.0,0.0,0.0
213,2025-02-10,000100.XSHE,5.0,-0.0059642147117296715,-0.6035939628784388,-0.626825691688841,-0.3528066760809121,-0.542053434732583,0.8223456202287832,-0.015842629487249838,-0.10778487314097762,0.5747016545564158,0.6056766832943962,0.5911208598878035,-0.319999049841923,-0.018000000000000016,-0.03200000000000003,-0.0119999999999999,-0.03400000000000003
214,2025-02-10,000157.XSHE,6.66,0.0,-0.2562017540275388,-0.30537661902789687,-0.7503353251861652,-0.8236396345936652,-0.5482304134858554,-0.015842629487249838,-0.48268877971829116,-0.49148693534462695,-0.265559486313034,-0.1593255442666346,-1.0104485148948974,0.0,-0.016516516516516533,0.02552552552552556,0.07507507507507505
215,2025-02-10,000166.XSHE,5.1,0.005917159763313483,0.9596709769506113,1.0607819397811156,0.24348629757696752,-0.401260334802042,-0.36548694232390366,-0.05161630897458824,-0.48268877971829116,-0.8035421323888345,-0.6006503207774302,-0.6403809315451205,0.10395839164894925,-0.009803921568627416,-0.0039215686274508554,0.009803921568627638,0.0
216,2025-02-10,000301.XSHE,8.74,-0.0011428571428571184,-0.2562017540275388,-0.14465208269742486,-0.15404235152828555,0.30270516485066334,0.5482304134858554,-0.26114786025757036,-0.34209981475179857,0.08061425923642034,-0.7346866545631887,-0.22474907693650867,-0.8828050723979131,0.011441647597253857,0.003432494279176135,0.029748283752860427,0.024027459954233388
217,2025-02-10,000333.XSHE,36.019999999999996,-0.004172661870503687,-0.2562017540275388,0.09643472179828323,-1.1478639742914183,-0.401260334802042,-1.6446912404575664,0.9653782935940323,-0.717003721329112,-1.3236341274625139,-0.6676684876703095,-0.39408057325853574,1.7311939331169488,0.0,0.0,0.0,0.0
218,2025-02-10,000338.XSHE,13.44,-0.0022271714922049842,1.4807592902269615,1.9447668895987118,0.5416327844059073,0.4434982647812044,0.0,-0.7517583217982113,0.12653006846984333,-0.023404139778315534,-1.0195138638579255,-1.340797575422596,-0.6761070842055815,0.022321428571428603,0.038690476190476275,0.044642857142857206,0.09226190476190488
219,2025-02-10,000408.XSHE,30.84,-0.010269576379974336,0.04776642871699874,0.33752152629399135,-1.3466282988440448,-1.2460189343852883,-1.0964608269717109,-1.324137193595626,-1.4668115344837391,-0.5955053343593628,-0.8687229883489472,-1.3484944616190517,-1.0038217066981272,-0.003566796368352776,0.025940337224384047,0.008430609597924743,0.035019455252918386
220,2025-02-11,000001.XSHE,10.84,0.0018484288354897942,-2.02527432579648,-1.8101706600194014,1.6220774169217236,1.958514513706763,0.7752661456010905,1.5722581868822925,2.439100834450682,0.04432583341661414,2.1178794021592933,1.193236721670303,1.7311939331169488,0.0,0.011992619926199266,0.03413284132841343,0.004612546125461359
221,2025-02-11,000002.XSHE,7.24,-0.029490616621983882,-0.276836058921821,0.20634069699703023,-1.2404121423519066,-1.508712137353057,-0.04512131006143919,-1.4050939998612182,-0.49368574003911603,1.2854491690818102,0.4489932263727088,-1.177024266212826,-0.672119220079898,0.09944751381215466,0.07872928176795568,0.03867403314917128,0.06077348066298338
222,2025-02-11,000063.XSHE,36.019999999999996,-0.008980582524271955,-0.9762113656716846,-0.9191540138958618,0.4434052454561114,0.8340085728224973,0.9393436367335964,-0.8728299217841661,0.58166933727381,1.2854491690818102,0.7841670189993032,0.6744381470310409,0.9560374922341176,0.0,0.0,0.0,0.0
223,2025-02-11,000100.XSHE,4.91,-0.01799999999999997,0.8887894523279517,0.9566705042589582,1.3414411856203874,-0.2904973680617687,-0.6193925290252099,0.24159799168966195,0.04399179861734699,-0.5171347231938317,-0.22135435888047997,0.05187985746392622,-0.34725235488445455,0.008146639511201537,0.0020366598778003286,-0.016293279022403295,-0.020366598778004175
224,2025-02-11,000157.XSHE,6.66,-0.0029940119760478406,-0.16027350779684374,-0.6377803361726387,-0.005612724626026706,0.2717556023803643,-0.20919880119394513,1.6055246917621082,0.04399179861734699,-0.5466852788049078,-0.1654920601093809,1.4947883931793742,-1.0104485148948974,-0.0030030030030030463,0.019519519519519468,0.007507507507507505,0.058558558558558405
225,2025-02-11,000166.XSHE,5.05,-0.007858546168958749,-0.276836058921821,-0.4501978843571568,-0.005612724626026706,0.08433794556631997,1.759731092396126,-0.8603549824542351,-0.3470464113146261,0.9899436129710492,0.002094836203916294,0.36315900224748354,0.08510530135970865,0.011881188118811892,0.007920792079207928,-0.001980198019801982,0.003960396039603964
226,2025-02-11,000301.XSHE,8.84,0.009132420091324209,0.7139456256404858,0.8159836653973466,-0.7913941722697683,-0.10307971124772435,-0.5783731562420835,-0.19086657174794294,-0.7869643974880959,-0.7239886124713644,-0.6682527490492725,-0.6355282539330962,-0.8717476758799171,-0.0033936651583709176,0.0033936651583710287,0.03619909502262453,0.02149321266968318
227,2025-02-11,000333.XSHE,36.019999999999996,0.0034472852628554275,1.5007428457340823,1.6132090856131451,-1.4649211273929754,-1.4150033089460345,-1.6858962213864985,0.14179847705021464,-1.2757621599030622,-1.7287075032479515,-1.7296364257001546,-1.712035296309565,1.7311939331169488,0.0,0.0,0.0,0.0
228,2025-02-11,000338.XSHE,13.74,0.020044543429844065,0.4225392478280426,0.20634069699703023,-0.11786721714656122,0.08433794556631997,-0.7834700201577159,0.2914977490093856,0.09287157485884363,-0.6057863900270599,-0.17945763480215565,-0.12321466147682476,-0.65029706673325,0.026200873362445476,0.02401746724890841,0.012372634643377012,0.08296943231441056
229,2025-02-11,000408.XSHE,30.73,-0.004535147392290268,0.18941414557808806,0.018758245181548217,0.21889626041504232,0.08433794556631997,0.44711116333607864,-0.5235316205461006,-0.29816663507312946,0.5171347231938317,-0.38894125519377715,-0.12969964365981554,-1.006730367852817,0.02277904328018221,0.029612756264236983,0.02017572404816148,0.02505694760820054
230,2025-02-12,000001.XSHE,10.84,0.0009233610341643386,-2.0129712029873255,-2.0188314826293077,-1.6302766308469163,-1.110530097868028,-0.38857408992374703,-1.2087626615337896,1.9181850579437634,1.9681716303884909,1.573031493068688,1.0531526822101442,1.7311939331169488,0.007380073800737907,0.032287822878228845,0.025830258302582898,0.009225092250922495
231,2025-02-12,000002.XSHE,7.96,0.09793103448275861,0.5180731386863254,0.21430949726394968,1.1627853977000486,0.05844895251936989,0.4604113166323389,-0.18176269286718477,0.11408292875737451,-0.21815066028039792,-0.03415981526421854,1.0742494907480076,-0.5550601652948634,0.0012562814070351536,-0.035175879396984966,-0.03894472361809043,-0.015075376884422176
232,2025-02-12,000063.XSHE,36.019999999999996,0.010316875460574838,-1.0881665396834914,-1.0823530071902,-1.1548618174772203,-1.4027748604648773,-0.5191872293939142,-1.7738843374138262,0.5916393747184774,1.0917164389749714,0.36903800424786953,-0.8371213627824223,0.976926846113589,0.0,0.0,0.0,0.0
233,2025-02-12,000100.XSHE,4.95,0.010204081632653024,-0.26070973567479794,-0.14587453175109183,0.42985422708843357,0.6429384777130687,1.0481704442480908,-0.27413835142449844,0.9365412523570518,0.2971279412649129,1.220233400995611,0.5130743836408395,-0.3351398492292362,-0.022222222222222254,-0.002020202020201922,-0.03232323232323231,-0.03636363636363649
234,2025-02-12,000157.XSHE,6.64,-0.0030030030030030724,0.8101167165717467,0.9526867567447848,1.063740644914695,1.4222578446380005,0.9175573047779237,0.9865176947694292,-0.44306625819724554,-0.940503840016815,-0.07895957298778389,-0.03966200005118334,-1.013997670464,-0.013554216867469826,0.028614457831325435,0.0406626506024097,0.07831325301204828
235,2025-02-12,000166.XSHE,5.11,0.01188118811881198,-0.6501011728553596,-0.6051091687452698,-0.20403219073782794,-0.13638088921186306,0.7869441653077567,-0.5050774978177826,0.5120466337249603,0.5812535252945702,0.682636308312827,0.7831135329254918,0.10772890931582296,-0.005870841487279899,0.007827788649706457,-0.00391389432485334,0.009784735812133016
236,2025-02-12,000301.XSHE,8.81,-0.001133786848072538,1.0443600030006783,1.024723562547793,0.5090900293167163,0.5455235568474522,-0.81306679320179,0.4648669170340109,-1.1063390998098885,-0.9886607186659094,-1.288553031524048,-1.4615868955031808,-0.8750649282989738,-0.004540295119182858,0.02156640181611791,0.04426787741203175,0.03745743473325769
237,2025-02-12,000333.XSHE,36.019999999999996,-0.002441125789776015,0.3842198321555073,0.27734170234158195,-1.1548618174772203,-1.4027748604648773,-2.086544903035919,0.2909833244555381,-1.1063390998098885,-0.2855702903891302,-1.512551820141875,-1.6472388106363793,1.7311939331169488,0.0,0.0,0.0,0.0
238,2025-02-12,000338.XSHE,14.1,0.03221083455344067,0.22602956080090414,0.28634630306695796,0.15252891928944418,0.44810863598183576,0.8522507350428402,0.6930891322932564,-0.4165353445327398,-0.31446441757858684,-0.31415830103650194,0.5552680007165663,-0.6186590185809737,-0.0099290780141843,-0.004255319148936176,-0.0014184397163120588,0.06737588652482285
239,2025-02-12,000408.XSHE,31.43,0.02779594506213216,1.0291493999858126,1.0967603683508014,0.8260332382298471,0.9351832403099182,-0.25796095045358,1.5081684725048476,-1.0002154451518657,-1.1909196089921061,-0.616556665670568,0.006750978732116285,-0.9876912196250116,0.006681514476614803,-0.010499522748965928,0.01145402481705382,0.0038180082723513475
240,2025-02-13,000001.XSHE,10.92,0.007380073800738014,-2.1128621905020504,-2.057654714971639,1.5140901768647625,1.9355375012433138,1.480793473620232,1.4180567770116368,1.8905162785330847,0.688406894753795,1.5449876878296045,1.7728510034586196,1.7311939331169488,0.0045787545787545625,0.026556776556776684,0.013736263736263687,0.010073260073260037
241,2025-02-13,000002.XSHE,7.97,0.023106546854942196,-0.5386691731314891,-0.24207702529078104,-0.07605019153202003,0.14888750009563953,1.1861082052380962,-0.3534179846231848,0.3955445920489321,1.1378119892518215,0.9068289413814166,0.6396365836342177,-0.5534343334701901,-0.020075282308657516,-0.05646173149309919,-0.05646173149309919,-0.020075282308657516
242,2025-02-13,000063.XSHE,36.019999999999996,-0.04176904176904184,-0.5386691731314891,-0.7800259703814055,0.8918613370573261,0.9925833339709302,0.8914229368559605,0.3656955324760992,0.83157800060681,1.2195220064332808,0.8639275130487652,0.8518894432203755,0.830700699684128,0.0,0.0,0.0,0.0
243,2025-02-13,000100.XSHE,4.84,-0.01825557809330626,0.24842733555379173,0.4303591560724997,0.20049595949350743,-0.4962916669854651,0.2529381886946665,-1.7390269565949759,-0.13392454691420524,0.3819943303233224,0.04880037472839081,-0.5295528971369904,-0.3684494070993767,0.016528925619834656,-0.0020661157024792765,-0.008264462809917328,-0.0351239669421487
244,2025-02-13,000157.XSHE,6.55,-0.013554216867469859,0.7731583413439789,0.9010644830267962,-0.629142493583075,-0.5955500003825581,-0.582003405054718,-0.3358786305475925,-0.7568294162826021,-0.7006633973310139,-1.0237353335878914,-1.0008261955401543,-1.0246448025347286,0.03664122137404591,0.02442748091603053,0.0625954198473282,0.16488549618320603
245,2025-02-13,000166.XSHE,5.08,-0.005870841487279892,-0.27630367023639546,-0.37656426156343714,1.3066805635956171,0.6948083337796511,0.30205240009168915,0.2692290850603416,0.8627232440752298,0.688406894753795,0.8210260847161139,1.0821298332799365,0.09641718899691101,0.0019685039370078705,-0.007874015748031482,-0.005905511811023723,0.021653543307086576
246,2025-02-13,000301.XSHE,8.77,-0.003409090909091038,1.0109270783426574,0.8338208648904681,-0.4217328803139293,-0.6948083337796511,-0.7047889335472746,-1.318082458780761,-0.787974659751022,-0.5780983715588249,-0.8092281919246349,-0.8317434090901642,-0.8794878199788562,0.011402508551881407,0.04446978335233753,0.03192702394526803,0.06613454960091225
247,2025-02-13,000333.XSHE,36.019999999999996,-0.011849710982659066,1.429072098581713,1.4390134281174205,-1.735327097685185,-1.5881333343534882,-1.6625160557892158,1.067269695499791,-1.410879529119419,-1.8446036378714448,-1.452749616914404,-0.9900336772561125,1.7311939331169488,0.0,0.0,0.0,0.0
248,2025-02-13,000338.XSHE,13.96,-0.008522727272727217,-0.27630367023639546,-0.37656426156343714,-0.4217328803139293,0.0,-0.2873181366725823,-0.16048508979166956,-0.1027793034457854,-0.04698325987933914,-0.17643212401802844,-0.723818226249745,-0.6311476557522842,0.007879656160458381,-0.003581661891117527,0.009312320916905481,0.09598853868194834
249,2025-02-13,000408.XSHE,31.64,0.006681514476614726,0.2812230234156784,0.22862830166351547,-0.629142493583075,-0.39703333358837206,-0.8766886734368539,0.7866400302903142,-0.787974659751022,-0.9457934488753919,-0.7234253352593324,-0.27053245831998435,-0.9818737299973416,0.0,-0.009165613147913976,0.018015170670037994,-0.0056890012642224486
250,2025-02-14,000001.XSHE,10.97,0.005499541704857974,-1.7611933751779338,-2.0432734243771202,1.448420137599998,1.631962052943484,0.6830284257388451,1.6818622404608845,2.1153867573456795,1.2549701197985754,2.0460947331364845,2.044232706322407,1.7311939331169488,0.020054694621695512,0.013673655423883213,0.007292616226071136,-0.001823154056517895
251,2025-02-14,000002.XSHE,7.81,-0.01513240857503154,1.0683243027598384,0.8900677337715956,-1.288226205330874,-0.8469676477301625,-1.4214375346457049,-0.05515651987806133,-0.5935831014020833,-0.1792814456855108,-0.9147480823766543,-0.8598032333033337,-0.5794474753466744,-0.016645326504481472,-0.020486555697823206,-0.02432778489116516,-0.007682458386683688
252,2025-02-14,000063.XSHE,36.019999999999996,0.00801862390067259,-1.398434698519245,-0.9504600517334809,0.7809454198119805,1.2188071028312095,1.7168011782084487,-0.8866204762488362,0.9202529961334311,1.5418204328953928,0.7809471318769555,-0.6675045571665001,0.8286791601034236,0.0,0.0,0.0,0.0
253,2025-02-14,000100.XSHE,4.92,0.022869022869022936,0.6330138907694118,0.7750347471775284,0.5139555326967735,-0.43381269761788815,0.3876647821761013,-0.7549034138534659,-0.31471855711922536,0.08366467465323836,-0.27886237703155065,-0.04171903482290625,-0.34422422847064993,0.004065040650406582,-0.026422764227642226,-0.020325203252032464,-0.07113821138211374
254,2025-02-14,000157.XSHE,6.79,0.03664122137404584,-0.3101586685431789,-0.2602621321690773,0.5139555326967735,0.3924972026066607,-0.6461079702935022,0.9903476628851903,0.322686115527307,-0.37051498775005565,0.41001380375897833,0.574288588734069,-0.9950692869442251,0.00589101620029453,0.01767304860088359,0.01767304860088359,0.10751104565537539
255,2025-02-14,000166.XSHE,5.09,0.003944773175542322,0.19770347877898536,0.30052367747700076,-0.5540040157640547,-0.6403901726740254,0.09230113861335745,-1.281771663434947,-0.9521232297657577,-0.46613175878232804,-0.3848433279224012,-1.0846949053955628,0.10018770666378511,0.011787819253438192,0.0,0.009823182711198308,-0.013752455795677854
256,2025-02-14,000301.XSHE,8.87,0.007954545454545284,-0.3101586685431789,-0.49032810535721183,-0.5540040157640547,0.1859197275505235,0.31382387128541533,1.0562061940828755,-0.19520518099800055,-0.08366467465323836,-0.0669004752498494,1.1446660179534904,-0.8684304234608603,0.014656144306651742,0.03720405862457721,0.0011273957158963732,0.04171364148816248
257,2025-02-14,000333.XSHE,36.019999999999996,0.00511920432938415,1.4310829794185274,1.321441433499348,-1.7554585077824862,-1.6732775479547113,-1.5321989009817338,0.4634794133037092,-1.4700145262910653,-2.091616866330959,-1.709605214058034,-0.8760997312810315,1.7311939331169488,0.0,0.0,0.0,0.0
258,2025-02-14,000338.XSHE,14.07,0.007879656160458411,0.1251517434472476,-0.14522914557501,0.38046058913917,0.5990746776627979,-0.2769034158400724,-0.3597522266673551,0.04382157124444909,-0.1792814456855108,-0.08014809411120574,-0.009126038867510735,-0.6211567460152357,-0.002132196162046962,0.000710732054015617,0.06680881307746978,0.06396588486140731
259,2025-02-14,000408.XSHE,31.64,0.0,0.32466901560952643,0.6024852672864274,0.5139555326967735,-0.43381269761788815,0.6830284257388451,-0.8536912106499936,0.12349715532526563,0.49003595154039614,0.19805190197727712,-0.22423981217312114,-0.9818737299973416,-0.017067003792667457,0.004740834386852022,0.007585335018963191,-0.025916561314791364
260,2025-02-17,000001.XSHE,11.19,0.016348773841961827,-1.8110154430579233,-0.9622900988811196,1.9973519678676523,2.0848494616691773,1.5840307436169176,0.943392501693293,2.0505691003321287,-1.2032690119751304,1.9526939587777707,1.1207371634155594,1.7311939331169488,0.0017873100983021306,-0.010723860589812229,-0.016979445933869464,-0.0232350312779267
261,2025-02-17,000002.XSHE,7.68,-0.009032258064516166,0.6003227335517943,0.9719613561563069,-0.27414634853085423,0.02684355530046157,-0.7513991988952046,-1.1072524486608433,0.2278410111480143,0.5763557452317851,-0.523365293942286,-1.7497075689148844,-0.6005831217491385,-0.02083333333333337,-0.02083333333333337,0.01822916666666674,0.01432291666666674
262,2025-02-17,000063.XSHE,36.019999999999996,0.017503805175037992,-1.4091257469563039,-1.7359906808960903,1.318513390553156,1.1900642849871268,1.1778690144843746,0.7134136287563805,1.1392050557400715,-0.11122654732543222,1.5556582185456915,1.2362770771697407,0.9068460822699149,0.0,0.0,0.0,-0.0161021654636313
263,2025-02-17,000100.XSHE,4.94,0.008163265306122455,-0.002511810600635114,0.3916859196450789,-0.4569105808847571,-0.15211348003594846,-0.7006289827536367,0.5217645679756201,-0.6420973950534948,-0.6572477796502812,-0.7543679064409502,-0.8434413704055242,-0.3381679756430408,-0.022267206477732837,-0.028340080971660075,-0.022267206477732837,-0.06477732793522273
264,2025-02-17,000157.XSHE,6.83,0.0014662756598240157,1.1026848536788187,0.5851110651488215,-0.6657839892892174,-0.9574201390497936,-0.5483183343289331,-1.3947260398319838,-0.9735025021778793,0.7381398140687774,-0.8121185595656163,-0.8542732373199787,-0.9891540834351504,-0.017569546120058566,0.019033674963396807,0.04831625183016097,0.1171303074670571
265,2025-02-17,000166.XSHE,5.15,-0.007707129094412337,0.6003227335517943,0.6818236379006929,0.37858305273308446,-0.15211348003594846,0.26400512393615294,-0.7670753657749936,-0.6420973950534948,-0.5561327366271611,-0.17686137519428977,0.6585775083988338,0.12281131461989944,-0.021359223300970953,-0.019417475728155442,-0.009708737864077777,-0.03106796116504862
266,2025-02-17,000301.XSHE,9.0,0.014656144306651724,-0.002511810600635114,-0.43037094874582743,-0.7702206934914476,-0.6889845860451786,-0.1929268213379579,-0.16817205083511735,-0.35211792631965844,0.7381398140687774,-0.2923626814436219,0.008665493531563522,-0.8540559418420975,0.017777777777777892,0.005555555555555536,-0.005555555555555647,0.030000000000000027
267,2025-02-17,000333.XSHE,36.019999999999996,-0.0029201343261788383,1.3036297017296288,1.552236792667535,-1.1357491581992534,-1.1363771743862037,-1.7668035217265619,1.6716589326601825,-1.1806306941306195,-1.6886212184861074,-1.0431211720642803,-0.26574180163461725,1.7311939331169488,0.0,0.0,0.0,0.0
268,2025-02-17,000338.XSHE,14.04,-0.0077738515901060925,-0.30392908267684987,-0.5754398078736345,0.27414634853085423,0.38475762597328167,0.26400512393615294,0.36844531935101177,0.3935435647102065,0.7785858312780255,0.21295553339720605,1.0413034727095596,-0.6236544734494978,-0.00925925925925919,0.0035612535612536966,0.04558404558404572,0.07478632478632474
269,2025-02-17,000408.XSHE,31.1,-0.01301174230403047,-0.0778661286196888,-0.4787272351217631,-0.6657839892892174,-0.5995060683769736,0.670166853068696,-0.7814490453335506,-0.020712819195274026,1.3852760894167466,-0.11911072206962371,-0.3523967369502533,-0.9966820679422725,0.008038585209003246,0.03569131832797434,0.02636655948553046,0.010932475884244397
270,2025-02-18,000001.XSHE,11.21,0.0035810205908684803,-1.2591856789967197,1.2058969751944855,1.8451174069568785,1.960565348681597,0.8315955583743153,2.4953203064789804,1.7242374999257835,-1.6786806991454726,1.7761964181741878,2.4004107152002554,1.7311939331169488,-0.008028545941124121,-0.014272970561998277,-0.028545941123996443,-0.024977698483496957
271,2025-02-18,000002.XSHE,7.52,-0.015706806282722526,1.725550745291801,0.4775028291038567,-0.03403183669607714,-0.7574087945923359,-1.1803291796280602,-0.9314784585380499,-1.0818021145144636,-0.30867428472952013,-1.4157186647231903,-0.8253185186570619,-0.6265962636256228,0.01728723404255339,0.013297872340425565,0.02127659574468077,0.015957446808510634
272,2025-02-18,000063.XSHE,36.019999999999996,-0.02554375316135554,-0.1399095198885244,1.1249642922955267,1.3568345326218585,0.8371360361283714,1.7257843308198155,0.29462385188088747,0.17353139720880476,-0.9006523650327095,0.963789658549403,0.7547390664814043,0.7983557317562784,0.0,0.0,0.0,0.0
273,2025-02-18,000100.XSHE,4.83,-0.022267206477732858,-0.1399095198885244,0.15377209750802165,0.1731184736278707,0.5472187941791519,0.4292106107738401,-0.0017964869017127224,0.5058255620767287,0.22410598754335026,0.2890037161288168,0.0737714877011899,-0.37147753351318125,-0.008281573498964856,-0.0020703933747411307,-0.0041407867494824835,-0.008281573498964856
274,2025-02-18,000157.XSHE,6.71,-0.01756954612005858,-0.8860936259606547,-1.6267469262690712,-0.9514117824164177,-0.3225329316685067,-1.0462008637612352,-0.14551543903873101,1.0965707440641492,1.1966414051843042,0.18245856732556637,-0.2720323608981377,-1.0045334787041127,0.02980625931445613,0.02980625931445613,0.050670640834575176,0.10730253353204167
275,2025-02-18,000166.XSHE,5.04,-0.01945525291828787,-0.699547599442622,0.2549379511317201,0.5282332913260671,0.7646567256410666,0.7421766811297652,0.17336098601527833,0.21045297108301855,-0.32558794416675413,0.43106391453315074,0.35750797885961255,0.08133478369283455,0.009920634920634885,0.01984126984126977,0.005952380952380931,-0.001984126984126977
276,2025-02-18,000301.XSHE,9.16,0.018909899888765288,-0.32645554640655694,-0.9185859509031818,-0.7442614720924697,-0.6849294841050311,0.11624454041791502,-0.5766722954497859,0.025845101711949644,1.0444184702491983,0.004883319320148954,-0.4156739595470892,-0.836364207804278,0.004366812227074135,-0.03056768558951961,-0.014192139737991383,0.022925764192139653
277,2025-02-18,000333.XSHE,36.019999999999996,-0.001172332942555661,1.725550745291801,0.9630989264976093,-0.44833245734397287,-0.7574087945923359,-1.4038763727394352,0.14192246523530558,-1.672547296501884,-0.9683070027816454,-1.4512337143242737,-0.777437985774078,1.7311939331169488,0.0,0.0,0.0,0.0
278,2025-02-18,000338.XSHE,13.91,-0.00925925925925919,-0.1399095198885244,-0.4936893656836484,-0.47792535881882253,-0.25005362118120184,0.11624454041791502,-0.298216825684313,-0.34337063703018816,0.5539223465694129,-0.07502554228228889,-0.36247336745488495,-0.6353105348093875,0.012221423436376666,0.07907979870596682,0.06973400431344356,0.09202012940330695
279,2025-02-18,000408.XSHE,31.35,0.008362817626246431,0.1399095198885244,-1.1411508288753185,-1.2473407971649146,-1.337243278490775,-0.3308498458048351,-1.151548103997859,-0.6387432280238984,1.1628140863098362,-0.7054176727015207,-0.9334930559112105,-0.989806792084739,0.014035087719298067,0.016905901116427424,0.004784688995215225,0.0031897926634767426
280,2025-02-19,000001.XSHE,11.12,-0.00714285714285715,-1.6636330257740326,-1.4997713508461394,1.1174367126132445,1.5967631045492363,1.1280493064358927,0.9172101429259567,1.647103743818504,1.4153401433470119,1.7125408733918164,1.5135867135888208,1.7311939331169488,-0.004496402877697703,-0.010791366906474753,-0.01618705035971224,-0.004496402877697703
281,2025-02-19,000002.XSHE,7.65,0.02000000000000005,-1.2054896796056245,-0.9861510252138999,-0.5397787510080927,0.720490669125875,-0.18363593360584302,0.8008397672375424,-0.34603019828119835,-0.6450654404728262,-0.2892632566416671,-0.41803320197233146,-0.6054606172231588,-0.016993464052287632,0.022222222222222143,0.024836601307189454,-0.015686274509803977
282,2025-02-19,000063.XSHE,36.019999999999996,0.03231691425592916,0.3980120319838047,0.8628821470621625,1.6856248715691315,1.3533540947094138,1.6123638566051492,-0.11954411320718929,1.3702795851935454,1.4470386907903938,1.4309571722362113,1.7672604644696288,0.872479574761361,0.0,0.0,0.0,0.0
283,2025-02-19,000100.XSHE,4.79,-0.00415800415800407,0.856155378152213,0.8628821470621625,-0.018939605298529567,-0.204463568265451,0.19977975194481823,-1.240931369841,-0.0415236237937438,0.0998504244466537,0.03839777743030979,-0.43124537649737354,-0.38359020648668984,0.0020876826722338038,0.008350730688935215,-0.0041753653444677186,-0.010438413361169019
284,2025-02-19,000157.XSHE,6.91,0.03134328358208954,0.16894035889960057,-0.1643585042023166,-0.7765238172397122,-0.5939179840091672,-0.8899279859360085,1.3403751454292816,-0.7059016044936447,-0.6767639879162084,-0.8217124370086294,-0.10094101337132151,-0.979689891675263,0.00723589001447178,0.0361794500723589,0.0361794500723589,0.12301013024602026
285,2025-02-19,000166.XSHE,5.09,0.011928429423459166,0.9706912146943151,1.325140440131178,1.0227386861205967,-0.204463568265451,-0.0020179772923719017,-0.9023993678383403,0.2906653665562066,0.020604055838198392,0.2022282944662982,0.16066004222451172,0.10018770666378511,-0.007858546168958758,0.0019646365422396617,0.013752455795677854,-0.00982318271119842
286,2025-02-19,000301.XSHE,9.2,0.0076670317634171415,-1.1195878021990477,-1.2429611880300195,-0.350382698022797,0.28235445141419424,0.24013929779225626,0.24014613892063685,0.3737126141436942,0.24249388794187327,0.2022282944662982,0.023253427164074057,-0.8319413161243958,-0.016304347826086807,-0.02717391304347827,-0.006521739130434634,0.01413043478260878
287,2025-02-19,000333.XSHE,36.019999999999996,0.002071312324308338,1.2570308060495703,0.9656062121886103,-1.5814570424272187,-1.5675540233684577,-1.4549616278001407,1.0018431434266217,-1.7855158231309836,-1.8179116958779649,-1.5589497636705774,-1.530498296980875,1.7311939331169488,0.0,0.0,0.0,0.0
288,2025-02-19,000338.XSHE,14.08,0.01587301587301592,0.05440452235749849,0.0410896260505792,0.028409407947794348,-0.3991907761373091,0.6437347562666365,-1.3467226204668314,-0.23530053483121488,0.5277808149323123,-0.0537568884024337,-0.0665893596062121,-0.620324170203815,0.0007102272727272929,0.04261363636363624,0.06889204545454541,0.08948863636363624
289,2025-02-19,000408.XSHE,31.79,0.014035087719298173,0.28347619544170266,-0.1643585042023166,-0.5871277642544166,-0.9833723997528834,-1.2935234444103887,-0.6908168665866778,-0.5674895251811654,-0.6133668930294441,-0.8626700662676265,-0.9174533990189222,-0.977642752396177,0.013211701793016672,0.004089336269267108,-0.007549543881723797,-0.011638880150990794
290,2025-02-20,000001.XSHE,11.07,-0.004496402877697746,-1.653765903021413,-0.9313846148211083,1.582968563706876,2.0116307188462375,1.4325446756822906,1.0066110731240887,1.7962761853279712,1.3248919717300343,1.6105491479727752,1.2765738268267888,1.7311939331169488,-0.0018066847335139746,-0.016260162601625994,-0.0036133694670280603,-0.0027100271002711285
291,2025-02-20,000002.XSHE,7.52,-0.009222661396574478,0.2228478876411833,1.3612544370462354,-0.5505977612893482,-0.48455338483157545,-0.7285258304014138,-1.8233056797528255,-0.5615302064669478,-0.8021454794828098,-0.4075560671135295,-1.580925522197361,-0.6265962636256228,0.013297872340425565,0.02127659574468077,0.03856382978723394,0.0332446808510638
292,2025-02-20,000063.XSHE,36.019999999999996,-0.009134737376300418,-1.3409969379109803,-2.07770414075478,1.170020242739865,0.983790205567138,1.1651957470946157,0.27492157047910704,1.1137532824399683,1.4330464184018736,1.3013686832659597,1.1331385653855766,0.8340699880913985,0.0,0.0,0.0,0.0
293,2025-02-20,000100.XSHE,4.8,0.004184100418409952,-0.08992107746924945,-0.24359289926090527,0.7570719217728538,0.29856319671440507,0.407707116096204,0.6622866012911562,0.5243016844912386,0.4055791750193982,0.49187801203357007,0.8462680425031521,-0.3805620800728852,0.004166666666666874,0.002083333333333215,-0.027083333333333348,-0.008333333333333304
294,2025-02-20,000157.XSHE,6.96,0.008695652173912986,0.37923237019639966,-0.014328994074170898,-0.6194224814505167,-0.7782221029113181,-0.08243258631453305,0.5762054833329231,-0.4684589015276748,-0.3334762105715052,-0.1826975473267546,0.5526739917406709,-0.9737748554844784,-0.007183908045977017,0.012931034482758674,0.09626436781609193,0.11206896551724133
295,2025-02-20,000166.XSHE,5.05,-0.0059055118110236705,-0.08992107746924945,0.21493491111256346,0.2064741604835056,-0.19088466675183274,0.27403265180236663,-0.89255359182943,0.027921391481781892,0.315450469459532,0.31199119620415017,-0.8749550947913945,0.08510530135970865,0.017821782178217838,0.003960396039603964,0.027722772277227747,0.013861386138613874
296,2025-02-20,000301.XSHE,9.05,-0.017372421281216084,0.8874819385008529,0.9313846148211083,-0.4129483209670112,-0.582442957524823,-0.3497815149022078,-1.317579111748206,-0.4994826698407658,-0.3695276927954517,-0.5874428829429494,-0.9197786139917733,-0.8485272435830995,-0.018784530386740328,-0.0022099447513813653,0.03314917127071815,0.0574585635359115
297,2025-02-20,000333.XSHE,36.019999999999996,-0.0025114492539518645,1.3957315068053062,0.558830768892665,-1.7206180040292132,-1.3655595390708035,-1.6865261578405817,1.092692191082322,-1.430195719233497,-1.6313295706335795,-1.621792073962114,-0.7315198333501823,1.7311939331169488,0.0,0.0,0.0,0.0
298,2025-02-20,000338.XSHE,14.09,0.0007102272727272576,-0.715459007690115,-0.4728568044476396,0.34412360080584264,0.6901214874873953,0.7196141994484911,0.18884045252087392,0.5553254528043295,0.6399138094750505,0.16583315834274648,0.5818092792209172,-0.6194915943923944,0.06529453513129879,0.05606813342796313,0.08587650816181691,0.11000709723207946
299,2025-02-20,000408.XSHE,32.21,0.007822277847309137,1.0047703004172652,0.6734627214860321,-0.7570719217728538,-0.582442957524823,-1.1518283006652321,0.2318810114999905,-1.0579104994764046,-0.9824028906025424,-1.0821316264738543,-0.2832846413463941,-0.9662721360391577,-0.010245265445513851,-0.022042843837317583,-0.02328469419434953,-0.012728966159577748
300,2025-02-21,000001.XSHE,11.05,-0.004504504504504409,-1.6993422505507954,-1.5832289243322095,0.9059590872341268,1.1302920646605288,0.4910182549948805,0.7249607478547594,1.414581248355844,0.008935777031046081,1.3843500470701182,0.8758006963003363,1.7311939331169488,-0.004524886877828149,-0.009954751131221795,-0.009049773755656187,0.002714932126696823
301,2025-02-21,000002.XSHE,7.62,0.011952191235059742,0.5664474168502651,0.28626648447335157,0.31080348248178075,0.3343117374348043,-0.07099059108359718,0.8834798618171704,-0.029538819571235733,-0.31275219608661287,-0.11887422030724777,0.6234948316435012,-0.6103381126971789,0.026246719160105014,0.02887139107611536,0.017060367454068137,-0.011811023622047223
302,2025-02-21,000063.XSHE,36.019999999999996,0.07499999999999997,-1.1958334355727818,-0.8821681460301241,0.6083812848579537,0.7057692234734757,0.9642888622188617,-1.304083910864101,0.6925212143923042,1.1169721288807601,0.48493134315813774,0.32842526111262615,1.0759832894778418,0.0,0.0,0.0,0.0
303,2025-02-21,000100.XSHE,4.82,0.0,-0.18881580561675504,-0.41479429382873384,0.7406380859140306,0.17511567198965938,0.07690647367389693,-0.33183334522798036,0.3314911974105342,0.3842384123349815,0.08239430084788074,0.32842526111262615,-0.37450565992698587,0.0020746887966804906,-0.010373443983402675,-0.051867219917012486,-0.020746887966805128
304,2025-02-21,000157.XSHE,6.91,-0.008608321377331364,1.4475878430617886,1.454701114976827,-0.5819299246467384,-0.5677993000876834,-0.33720530764708656,-1.0081815648009338,-0.8500615854388947,-0.34849530421079716,-1.0748996957941082,-1.3265301562127163,-0.979689891675263,0.0361794500723589,0.0361794500723589,0.08827785817655553,0.12590448625180906
305,2025-02-21,000166.XSHE,5.14,0.015810276679841914,-0.18881580561675504,-0.35637256230356007,0.8728948869701075,0.7057692234734757,0.8459712104128664,-0.49035245919039133,0.7253421250270106,0.8667703720114699,0.7868341248908305,1.6968638490819015,0.11904079695302533,-0.0077821011673151474,0.0038910505836575737,-0.023346303501945553,-0.027237354085603016
306,2025-02-21,000301.XSHE,8.88,-0.017699115044247607,-0.3146930093612584,-0.5316377568790814,0.07935408063364616,-0.14327645890063043,0.5205976679463793,-0.41637687267459955,0.036103001698176984,0.40210996639707364,0.6861998643132662,0.24289784936454642,-0.8673246168817446,0.007882882882882747,0.029279279279279313,0.04054054054054057,0.08108108108108092
307,2025-02-21,000333.XSHE,36.019999999999996,-0.005941770647652875,1.3846492411895368,1.6883880410775223,-2.301268338375738,-1.8413678236488429,-2.466923040155002,2.035385423277357,-1.9331516363842045,-2.350109359165119,-2.0812423015697505,-1.3137010444505044,1.7311939331169488,0.0,0.0,0.0,0.0
308,2025-02-21,000338.XSHE,15.01,0.048916841369671504,-0.18881580561675504,0.052579558372656425,0.21161088168972306,0.9180306440670023,0.5501770808978781,-0.4375127545362543,0.6268793931228914,0.7952841557631012,0.2710835394308137,-0.9972496209826094,-0.5395638145411379,-0.021985343104596988,0.0026648900732846315,-0.0026648900732844094,0.054630246502331836
309,2025-02-21,000408.XSHE,31.88,-0.016656384947563316,0.3776316112335101,0.28626648447335157,-0.8464435267588922,-1.4168449824617895,-0.5738406112590771,0.34451487434497313,-1.0141661386124263,-0.5629539529559031,-0.42077700203994056,-0.4584269269697072,-0.9752629843564188,0.0012547051442912682,-0.010351317440401409,-0.033249686323713834,-0.0006273525721455231
310,2025-02-24,000001.XSHE,11.0,-0.0036231884057970243,-2.211407209070229,-2.4222261911622596,1.417101496235897,0.645619234996413,-0.3559145838120675,2.0476858088951513,2.2409962330782056,1.372996086897651,2.019473491194239,2.327316024728953,1.7311939331169488,-0.009999999999999898,0.0027272727272726893,-0.006363636363636349,0.0
311,2025-02-24,000002.XSHE,7.82,0.020887728459530044,0.1816131524357193,0.04517781992124721,-0.00749789151447562,-0.46115659642600926,-0.9858519002936028,0.8632528098719902,-0.2171349183786927,-0.7324138995359412,-0.42177759778219315,0.2875317763109898,-0.5778216435220009,-0.017902813299232823,-0.0012787723785167016,-0.0038363171355498826,-0.04347826086956519
312,2025-02-24,000063.XSHE,36.019999999999996,0.02066999287241619,-0.5021069508516945,-0.5108568868017966,1.56705932652541,0.46115659642600926,1.2819224390399244,-0.9609469185505429,0.5203044270583768,0.9250365153160357,1.0841507848153167,0.48711265633861806,1.1022636386635787,0.0,0.0,-0.0161021654636313,0.0
313,2025-02-24,000100.XSHE,4.83,-0.0020661157024792947,-0.5021069508516945,-0.2328395334402747,0.6673123447883326,2.121320343559643,2.2268284137622274,-1.4105127283987502,0.8890240997769115,1.7537617227420241,0.7076686891659393,-0.3788653993744807,-0.37147753351318125,-0.0041407867494824835,-0.0331262939958592,-0.04347826086956519,-0.035196687370600444
314,2025-02-24,000157.XSHE,7.16,0.01272984441301271,0.5234732040794262,0.601212526644291,-0.232434636948745,-0.2766939578556056,-0.3559145838120675,0.1110946280105666,-0.4219791810001009,-0.6876179423777795,-0.2805968119136766,-0.1725190657865939,-0.9477481608264978,-0.015363128491620137,0.06564245810055858,0.06564245810055858,0.10195530726256985
315,2025-02-24,000166.XSHE,5.1,-0.0019569471624267466,0.010683126613865841,0.18418649660200817,-0.232434636948745,0.46115659642600926,0.022047806076853714,-0.19582049217426717,-0.4219791810001009,0.11870928646912808,-0.2335365499575044,-0.7036071702668928,0.10395839164894925,-0.005882352941176339,0.01764705882352957,-0.021568627450980316,-0.027450980392156765
316,2025-02-24,000301.XSHE,8.95,0.009019165727170245,0.5234732040794262,0.6707168649846715,-0.5323502975277709,-0.645619234996413,-0.5133989129324513,0.24942256950232267,-0.299072623427256,-0.4636381565869719,-0.42177759778219315,-0.013530907120517167,-0.8595844727828055,0.00893854748603351,0.04469273743016755,0.03575418994413404,0.05251396648044704
317,2025-02-24,000333.XSHE,36.019999999999996,0.003434373600119516,1.6772508783769369,1.3657602483884763,-1.2821394489753355,-1.3834697892780279,-0.6078895104046816,-0.9955289039234819,-1.2823250840100153,-1.045985599643072,-1.5041636227741533,-1.5695852259799914,1.7311939331169488,0.0,0.0,0.0,0.0
318,2025-02-24,000338.XSHE,14.68,-0.018716577540107027,0.4380081911684995,0.32319517328276914,-1.4320972792648485,-1.0145445121372205,-0.7338769737009887,0.18025859875644462,-0.8726365587671989,-0.8220058138522642,-0.6217837110959249,0.0879508962833616,-0.5678715594477314,0.013623978201634968,0.042234332425068244,0.027929155313351606,0.06335149863760225
319,2025-02-24,000408.XSHE,31.92,-0.007771215418091389,-0.13888064598025593,-0.024326518419133265,0.06748102363028084,0.09223131928520185,0.022047806076853714,0.1110946280105666,-0.13519721333012943,-0.41884219942881035,-0.32765707386984877,-0.3518035851334464,-0.9742051981265551,-0.013157894736842146,-0.014411027568922319,-0.015037593984962405,0.01441102756892243
320,2025-02-25,000001.XSHE,10.89,-0.008196721311475396,-1.6837386700923862,-1.1690747248436038,1.0761949788092728,2.126048336131893,0.6790803483262655,0.07789908866713827,1.6440809533206442,0.7481550384690516,1.3847486370673243,1.004611059016636,1.7311939331169488,0.0045913682277318735,0.0055096418732780705,0.0036730945821854544,0.011937557392102782
321,2025-02-25,000002.XSHE,7.68,-0.009032258064516166,0.05690568069894745,1.0402003457269862,-1.0656181239806803,-0.5141424080841833,-1.0750658199845482,0.21422249383463024,-0.9348695616921311,-1.084061382271483,-0.3298019283284161,-1.7869179816630365,-0.6005831217491385,0.02083333333333326,0.009114583333333481,-0.00520833333333337,-0.03255208333333337
322,2025-02-25,000063.XSHE,36.019999999999996,0.0024050024050024394,-0.7464686350508989,-0.9849684689627213,1.3935006236670437,0.666995556433535,1.3737917021127264,-0.9347890640056593,1.1426183531792713,1.5254589745407938,1.5158304845746438,1.6381495647028028,1.0146626420294136,0.0,0.0,0.0,0.0
323,2025-02-25,000100.XSHE,4.81,0.002083333333333289,0.5924885578655117,1.2243066016078687,0.4415836890937311,-0.16674888910838379,-0.39772225004274886,-0.5452936206699679,-0.11103814717416115,-0.15407274447136315,-0.162017163519047,-0.5339824547926263,-0.37753395365908066,-0.008316008316008316,-0.04989604989604979,-0.004158004158004047,-0.03118503118503113
324,2025-02-25,000157.XSHE,7.05,-0.002828854314002894,-1.014260073634181,-1.3531809807244863,-0.6161017937655051,-0.16674888910838379,0.12331126529709681,-0.07789908866713827,-0.39758820439780285,0.08189452183612994,-0.2878557371260738,0.3625876626293151,-0.961944448466329,0.015602836879432758,0.06666666666666665,0.053900709219858234,0.10921985815602842
325,2025-02-25,000166.XSHE,5.07,0.0,0.7933321368029732,0.39582845014389734,0.9704264305233493,0.11116592607225581,1.2348494313554341,-1.7722042671773957,0.17551191004948055,0.7481550384690516,0.0896599836950066,0.2805670525181596,0.09264650401174689,0.017751479289940697,-0.009861932938856177,-0.007889546351084853,-0.019723865877712132
326,2025-02-25,000301.XSHE,9.03,0.015748031496062857,-0.34478147717597574,-0.15649031749875011,-0.03437477819292518,-0.027791481518063984,-0.1893088439068106,0.31159635466855307,0.4262432101201671,-0.14019231704151064,0.17355236609969113,0.3145066153227757,-0.8507386894230409,0.01218161683277974,0.023255813953488413,0.03765227021040962,0.054263565891472965
327,2025-02-25,000333.XSHE,36.019999999999996,-0.02079904234625169,1.7975500314902813,1.4084128574887511,-1.5151344541958558,-1.5563229650115817,-1.821880525304994,1.9474772166784569,-1.7228822190571458,-2.0279304475014555,-1.7979186204103954,-1.167520960478793,1.7311939331169488,0.0,0.0,0.0,0.0
328,2025-02-25,000338.XSHE,14.88,0.020576131687242847,0.05690568069894745,-0.24854344543919138,0.2829308666648457,0.5280381488432152,0.5054025098796503,-0.07789908866713827,0.4978807244260775,0.4427856350122959,0.4566891567155014,0.2183445207096968,-0.5503873000896068,0.011424731182795744,0.006048387096774244,0.02083333333333326,0.0571236559139785
329,2025-02-25,000408.XSHE,31.5,-0.010678391959798991,0.4920667683967809,-0.15649031749875011,-0.9334074386232759,-1.0004933346503027,-0.43245781773207187,0.856889975338521,-0.7199570187743999,-0.14019231704151064,-1.0428871787682346,-0.33034507796492985,-0.9855758144835742,0.0015873015873015817,-0.0215873015873016,-0.0015873015873015817,0.07206349206349216
330,2025-02-26,000001.XSHE,10.94,0.004591368227731766,-2.0060157184687335,-2.0872586221896556,1.4794169265154407,1.6422676236426472,0.7493564309267163,0.7786960110602025,1.9101853252696575,1.3043673493696974,2.0276081465825047,1.5496697729795996,1.7311939331169488,0.00822669104204743,-0.000914076782449702,0.01188299817184646,0.02833638025594154
331,2025-02-26,000002.XSHE,7.84,0.01686121919584953,-0.45886950264709864,-0.6692840147238571,-0.4502573254612211,0.47960027947086153,-0.27654820665152624,1.068058828706993,0.15144691837176313,-0.09886402892533158,-0.047613306056213,0.8309489209280492,-0.5745699798726541,-0.003826530612244916,-0.0063775510204081565,-0.039540816326530615,-0.05102040816326525
332,2025-02-26,000063.XSHE,36.019999999999996,-0.007659167065581625,-1.0214681265822387,-1.1230358891129129,0.5438172891934229,0.7702671155138079,1.106192826606105,-1.1228310763329927,0.44456998618807886,0.7303181491580946,0.8148163885468905,0.07379379871331428,0.999837906892055,0.0,-0.0161021654636313,0.0,0.0
333,2025-02-26,000100.XSHE,4.77,-0.006250000000000052,0.6663277452231815,0.23821973405425423,1.0116171078544318,0.04360002540644193,1.3738201233656464,-2.0735946200295903,-0.09282230480849997,1.017342749263896,-0.6225664357916153,-0.9101235174642094,-0.38964645931429903,-0.020964360587002018,-0.03144654088050303,-0.0062893081761005165,-0.03354297693920316
334,2025-02-26,000157.XSHE,7.16,0.01560283687943267,0.3850284332556114,0.23821973405425423,-0.6256822574590994,-0.39240022865797763,-0.49957095395114415,0.9440461925726542,-0.483653061896921,-0.09886402892533158,-0.55069729457469,0.3082428467087398,-0.9477481608264978,0.06564245810055858,0.06564245810055858,0.0837988826815641,0.07960893854748607
335,2025-02-26,000166.XSHE,5.16,0.0177514792899408,-0.17757019067952856,0.35165770265151813,0.07601747053241395,0.18893344342791513,-1.7484983388290047,-0.5182694751780911,-0.09282230480849997,-0.9918294514767138,-0.1913515884900636,-1.894040833641733,0.12658199960506358,0.005813953488372103,-0.032945736434108475,-0.023255813953488413,-0.03488372093023251
336,2025-02-26,000301.XSHE,9.14,0.014428412874583883,0.3850284332556114,0.2949387183528862,0.19296742519766616,-0.24706681063650446,0.5263336836270983,-0.21340507801450811,0.053739229099657886,0.538968415754227,0.23986325881148815,0.7348632455200879,-0.8385756536442194,0.022975929978118037,0.014223194748358647,0.020787746170678245,0.017505470459518557
337,2025-02-26,000333.XSHE,36.019999999999996,0.020574236143098473,1.0882767131745366,1.0322855142351015,-1.7951818041116216,-1.5550675728297632,-1.2132437453099214,0.28264546652284717,-1.509583799254026,-1.6296618961562723,-1.5568652716116442,-0.9101235174642094,1.7311939331169488,0.0,0.0,0.0,0.0
338,2025-02-26,000338.XSHE,15.05,0.009389671361502386,-0.17757019067952856,0.6919716084433098,0.6607672438586751,0.6249336974923347,0.30331093632748035,0.5720082841696378,0.9331084325486051,0.4751851712862712,0.6531108208088087,0.1122280688764988,-0.5354009354840343,0.01661129568106312,0.0026578073089700283,0.01926910299003315,0.037209302325581284
339,2025-02-26,000408.XSHE,31.55,0.00031705770450226895,1.3168324041481874,1.0322855142351015,-1.0934820761201083,-1.5550675728297632,-0.32115275611144983,0.28264546652284717,-1.3141684207098154,-1.2469624293485373,-0.7663047182254659,0.10454121484386189,-0.9842536653553898,-0.0028526148969888476,-0.0034865293185419866,-0.0041204437400950145,0.14072900158478618
340,2025-02-27,000001.XSHE,11.03,0.0073059360730593674,-2.2754536345590277,-1.3533770328224304,1.8288232201071652,2.2837227822347645,1.1447730985653828,0.5463803688313233,2.289084450654948,0.34049970353680487,2.005826790923948,0.7048472814109962,1.7311939331169488,-0.0072529465095194645,-0.00906618313689933,0.0009066183136898776,0.01903898458748876
341,2025-02-27,000002.XSHE,7.81,0.003856041131105316,-0.6287437674439418,-1.3533770328224304,0.15885101466409676,-0.30997899260250267,1.1923728116034444,-1.3059539306181522,0.013130503541041796,1.385419428676206,0.20094803916360135,1.4023524036406276,-0.5794474753466744,-0.007682458386683688,-0.0217669654289373,-0.005121638924455829,-0.05889884763124198
342,2025-02-27,000063.XSHE,36.019999999999996,-0.038508113344635414,-0.029940179402092364,-0.16359502594556846,0.8512785144819544,0.25937017748372665,0.9543742464131363,-0.7118089666437921,0.2757405743618771,0.9530388527564538,0.6686089303079826,1.040488843987661,0.8785443608217641,0.0,0.0,0.0,0.0
343,2025-02-27,000100.XSHE,4.67,-0.018907563025210055,0.568863408639757,-0.16359502594556846,0.5254302792735508,-0.24671797370403273,0.24037855084221135,-0.38561173152061406,0.14443553895145947,0.1423252729069184,0.434778484735792,0.7048472814109962,-0.4199278907706349,-0.021413276231263323,0.025695931477516032,0.01927194860813697,-0.0064239828693790635
344,2025-02-27,000157.XSHE,7.63,0.05825242718446601,1.1676669966816065,1.0261869809312933,-0.28919030874745816,-0.24671797370403273,-0.5688165708048367,-0.012814891379839074,-0.5558579832374347,-0.7404517362625757,-0.6759161317321136,-0.9890937297181092,-0.8885969623272013,-0.014416775884665833,-0.026212319790301475,0.014416775884665833,0.0
345,2025-02-27,000166.XSHE,5.19,0.011695906432748635,-0.3293419734230171,-0.6097632785243917,0.19958204406514723,0.5124142530776064,0.573576542108643,-0.5021107440646062,0.49458230004590653,1.2052608553763093,0.5516937075218873,0.36920571883433134,0.1378937199239759,-0.032755298651252596,-0.030828516377649384,-0.013487475915221592,-0.044315992292870976
346,2025-02-27,000301.XSHE,9.35,0.01851851851851851,0.568863408639757,1.0261869809312933,-0.7779626615600637,-0.24671797370403273,-0.6878158533999909,-0.38561173152061406,-0.9497730894686877,-0.4882297336427202,-1.2020346342695427,-1.4138900823542007,-0.8153552213474019,-0.0117647058823529,0.002139037433155133,0.02352941176470602,-0.012834224598930355
347,2025-02-27,000333.XSHE,36.019999999999996,0.020950965824665626,0.568863408639757,0.28257322663325474,-1.9184314847894763,-1.7649824272673107,-1.80640910979444,1.4783724691832607,-1.4749932311103584,-1.60521288810208,-1.3774074684486857,-1.3090020940489928,1.7311939331169488,0.0,0.0,0.0,0.0
348,2025-02-27,000338.XSHE,15.3,0.017964071856287515,0.8682652026606817,1.6210779843697245,-0.1262661911432564,-0.24671797370403273,-0.09281944042422025,-0.5720101515910015,-0.16194287700618173,-0.09188087238294737,-0.22286964343599422,-0.24963341216639448,-0.5137537970688064,-0.021568627450980427,-0.007189542483660216,0.022222222222222143,-0.0065359477124183885
349,2025-02-27,000408.XSHE,31.46,-0.0015867978419549574,-0.47904287043347943,-0.3123177768051762,-0.45211442635166,0.00632610188984697,-0.94961427510933,1.8511693093240358,-0.07440618673256998,-1.1007688828623692,-0.3836280747668753,-0.26012221099691524,-0.986633600713438,-0.020343293070565815,-0.00031786395422761515,0.010807374443738027,0.14049586776859502
350,2025-02-28,000001.XSHE,10.95,-0.00454545454545461,-1.2799336788041893,-1.0463825025965836,2.151400555464957,2.1303216306298545,0.9403920509635796,0.5209222108873522,1.4120521180068581,-0.8616668462108718,1.0696855855042031,0.7295297532677179,1.7311939331169488,-0.0018264840182647957,0.010958904109589218,0.01187214611872145,0.03835616438356171
351,2025-02-28,000002.XSHE,7.75,-0.0025740025740025193,-0.7286836421725061,-0.77978823441911,-0.7712568029025317,0.05843775046615559,-0.7011900828880555,1.7067007582186196,0.2983208700014489,-0.5750416998621409,0.42581818704694374,0.6403209519170459,-0.5892024662947148,0.005161290322580614,-0.028387096774193488,-0.028387096774193488,-0.02709677419354839
352,2025-02-28,000063.XSHE,36.019999999999996,-0.0334013258541561,-0.45305862385666457,-0.24659969806416296,0.3247397064852765,0.3240638889486811,1.1280014376894807,-1.5970721755408233,0.21876863800106253,1.2880217514046088,0.42581818704694374,-0.010572894974894423,0.7559030659249072,-0.0161021654636313,0.0,0.0,0.0
353,2025-02-28,000100.XSHE,4.57,-0.015086206896551595,-0.7286836421725061,-0.9130853685078467,-0.3247397064852765,0.2178134335556709,0.28375919742292555,-0.2546813672412753,0.09944029000048298,0.48188852729880366,0.42581818704694374,0.20088500452299482,-0.450209489545261,0.010940919037199182,0.037199124726476906,0.03282275711159732,0.02844638949671774
354,2025-02-28,000157.XSHE,7.52,-0.015706806282722526,1.200691486038385,1.6195601791781518,-0.9742191194558295,-1.2696929419464718,-0.8418971229324814,-0.6723140631566903,-1.173395422005699,-0.4317291266877756,-1.0025935204548753,-1.712148179996972,-0.9027932499670325,0.0146276595744681,0.03191489361702127,0.03457446808510656,0.013297872340425565
355,2025-02-28,000166.XSHE,5.02,-0.025242718446602093,-0.521964878435625,-0.77978823441911,0.8118492662131913,0.6428152551277118,1.690829597867184,-1.295034243673425,0.735858146003574,1.8612720441020705,0.685529406592729,1.1524455522634964,0.07379358104079631,-0.005976095617529764,0.003984063745019917,-0.003984063745019806,0.013944223107569709
356,2025-02-28,000301.XSHE,9.24,-0.012820512820512739,-0.4186054965671844,-0.4465453991972681,0.0,0.1115629781626607,-0.06800840268813914,0.8788930931005651,0.6960820300033808,0.14152116600968592,0.7720998131079907,1.1920939084193505,-0.8275182571262234,0.0032467532467532756,0.009740259740259827,0.03896103896103886,-0.011904761904761862
357,2025-02-28,000333.XSHE,36.019999999999996,0.004205336426914244,1.8897540318279888,1.5529116121337834,-1.298958825941106,-1.3759433973394821,-1.4985299764731355,0.16295132867413958,-2.008693858009756,-1.5065734254955159,-2.128008805153278,-1.3850492417111744,1.7311939331169488,0.0,0.0,0.0,0.0
358,2025-02-28,000338.XSHE,14.97,-0.01900393184796849,0.3049101765118998,0.41988597237952086,0.40592463310659566,-0.3134388434093801,-0.3728736561177285,0.028712247844184784,0.2983208700014489,-0.1092758370454535,0.15528566668675073,-0.18899049767623846,-0.5428941177868207,0.008016032064128265,0.024716098864395297,0.05744822979291908,0.02004008016032066
359,2025-02-28,000408.XSHE,30.82,-0.013759999999999991,0.7355742676304022,0.619831673512626,-0.3247397064852765,-0.5259397541954005,-0.5604830428436296,0.5209222108873522,-0.5767536820028012,-0.2884165535134102,-0.8294527074243518,-0.618514356031326,-1.0043505998130589,0.020116807268007797,0.01946787800129801,0.03374432186891618,0.15184944841012338
360,2025-03-03,000001.XSHE,10.93,-0.0009140767824497064,-1.8233987128159261,-1.62839918159877,1.630304287526266,1.888321325451238,1.6441125648722061,1.084097501654692,2.102415362838606,1.834915884143688,2.032092581150838,1.72890452283433,1.7311939331169488,0.0,0.010064043915827936,0.006404391582799596,-0.0009149130832570851
361,2025-03-03,000002.XSHE,7.79,0.0051612903225806495,0.01403595930089229,0.14724886216584623,-0.20051870916098466,0.10924172957155923,0.32046261857678593,0.03481703370910367,0.024245317199127252,0.4110762744201753,-0.029834964486717037,-0.09725087940943106,-0.5826991389960212,-0.019255455712451908,-0.0025673940949936247,-0.03979460847240046,-0.029525032092426295
362,2025-03-03,000063.XSHE,35.44,-0.032751091703056845,-0.802601672751027,-1.0653888262587696,0.8456658603745872,1.0768113343482266,-0.44586103454161524,1.0077861948950129,0.7862410006002695,0.089564104482608,0.6066442778965797,0.8068221106560206,0.586092067962842,0.016365688487584684,0.016365688487584684,0.016365688487584684,0.016365688487584684
363,2025-03-03,000100.XSHE,4.62,0.00873362445414848,-1.2109204887769867,-1.2386227817480004,-0.20051870916098466,0.7022682615314522,0.5991257651652955,0.8551635813756545,0.40524315889969836,0.571832359388959,0.6066442778965797,0.8068221106560206,-0.4350686901579481,0.03679653679653683,0.030303030303030276,0.008658008658008587,0.017316017316017396
364,2025-03-03,000157.XSHE,7.63,0.014627659574468129,0.8306735913528116,0.4937167731443079,-0.5492468990061753,-0.671056338796721,-0.16719788795310572,-0.4802842869187306,-1.2572928776118846,-0.6453208553746888,-1.249753512388036,-0.35658655783458054,-0.8885969623272013,-0.026212319790301475,0.014416775884665833,0.03407601572739183,-0.003931847968545288
365,2025-03-03,000166.XSHE,4.99,-0.005976095617529754,0.4223547753268519,0.2771743287827694,1.1943940502197778,0.07802980683682802,0.8081231251066776,-1.076466370978724,0.5437878286089969,0.5488672043934185,0.3944845304354808,0.345780904566866,0.06248169340359394,0.008016032064128265,0.02605210420841675,-0.006012024048096198,0.014028056112224352
366,2025-03-03,000301.XSHE,9.27,0.0021621621621621162,0.32027507132036204,0.6669507286335388,-0.7236109939287706,-1.0455994116134955,0.0417994719882764,-0.632906900438089,-0.737750366202015,0.04363379449152696,-0.24199471194781597,-0.6483391960628737,-0.8242011720254567,0.010787486515641875,0.032362459546925626,0.016181229773462924,-0.02265372168284785
367,2025-03-03,000333.XSHE,36.019999999999996,-0.023505513639001805,0.2181953673138721,0.4070997953996925,-1.7697955634643425,-0.9207517206745707,-1.0031873277186343,1.351187075313569,-0.737750366202015,-1.0127633353033372,-0.7193541437352886,-0.11526030152228867,1.7311939331169488,0.0,0.0,0.0,0.0
368,2025-03-03,000338.XSHE,15.09,0.0033244680851064303,0.5244344793333419,0.3204828176550771,0.14820948068420595,-0.046817884102096814,0.18113104528253116,-1.3578643146550409,-0.2528440222194699,-0.002296515499554085,-0.04309494870303572,-0.5402826633857281,-0.5320706322383517,0.0066269052352552205,0.03644797879390338,0.0344599072233267,0.03512259774685211
369,2025-03-03,000408.XSHE,31.44,0.014193548387096815,1.5069516303958073,1.6197374838243084,-0.37488280408358,-1.1704471025524203,-1.9785083407784174,-0.7855295139574472,-0.8762950359113135,-1.8395089151427957,-1.3558333861185854,-1.930610050498335,-0.9874268567266907,0.0003180661577606436,0.011450381679389388,0.029898218829516487,0.12881679389312972
370,2025-03-04,000001.XSHE,10.93,0.0036730945821854127,1.3705980416043795,1.6685184955295824,1.902599464812479,2.058216013417551,1.5844984121114327,2.142007100351271,0.38428222553904834,-1.9151618759153055,1.2347431595086045,1.5562222497685183,1.7311939331169488,0.012808783165599413,0.013723696248856498,0.008234217749313766,-0.0018298261665141702
371,2025-03-04,000002.XSHE,7.64,-0.010362694300518144,-0.7500087121862418,-0.3213443028427344,-0.46523851828747925,0.252763370068822,-0.0350165394941753,-0.8294835539697738,0.21536696156584026,0.42436399897275007,-0.5360358004089372,-1.2785267939674332,-0.6070864490478322,-0.014397905759162222,-0.014397905759162222,-0.027486910994764413,-0.014397905759162222
372,2025-03-04,000063.XSHE,36.019999999999996,0.031249999999999837,0.9963733203472109,1.1123456636863882,1.4147534481938948,1.27038213268356,1.672039760846871,1.3680374415513707,0.8065703854720685,-0.888369964158881,1.7689781677549135,1.691545923661433,0.644717217758138,0.0,0.0,0.0,0.0
373,2025-03-04,000100.XSHE,4.79,0.019148936170212735,0.2479238778328741,-0.07415637757909255,-0.10827801832266142,-0.43659127557341987,-0.560264631906805,0.11494370825629466,-0.671438174293502,-0.18001351870666427,-0.3439513030619496,-0.022553945648819105,-0.38359020648668984,-0.010438413361169019,-0.014613778705636848,-0.02713987473903967,-0.012526096033402823
374,2025-03-04,000157.XSHE,7.43,-0.014588859416445665,-0.9994918596910206,-1.0134704935809316,-1.0601726848955089,-1.0274666861239128,-1.3043660961580301,-0.3826082152579267,0.0042228815993301866,0.8922691739503613,-0.8721836707661655,-0.8387248538154605,-0.9146234896668918,0.044414535666218,0.0471063257065949,0.05248990578734869,0.02826379542395685
375,2025-03-04,000166.XSHE,5.03,0.010040160642570245,0.9340025334710162,0.8404389458963822,0.4628587816210471,0.15428413497707316,-0.253869911332771,-0.09928003659010622,-0.671438174293502,-0.6674147426416759,-0.15186680571496206,0.2932012934346484,0.0775640987076704,0.001988071570576455,-0.005964214711729698,-0.011928429423459397,0.005964214711729587
376,2025-03-04,000301.XSHE,9.37,0.01847826086956521,-0.594081744995755,-0.7044855870013792,-0.67941481826637,-0.8961610393349144,-0.6915766550099623,-1.0460107799435554,0.13090932957923623,0.8142849781207593,-0.15186680571496206,-0.682256855876778,-0.8131437755074608,-0.004268943436499417,0.0245464247598719,0.016008537886873064,-0.03735325506937026
377,2025-03-04,000333.XSHE,36.019999999999996,0.009619653692467157,0.5285924187757504,0.2966255103163702,-0.5604279849447641,-0.8305082159404152,-0.5164939575390858,-0.2351854231055648,-2.2339043660456763,-0.4074674232096697,-1.6405216601541157,-0.7893880977086687,1.7311939331169488,0.0,0.0,0.0,0.0
378,2025-03-04,000338.XSHE,15.19,0.01877934272300465,-0.001559269671904863,-0.22246913273727767,0.1058982816562293,0.022978488188074703,0.7090849247570499,-0.5023892338817207,0.7221127534854646,0.5153455607739522,0.0282124105478388,0.3524054007627985,-0.5237447068058546,0.00987491770901916,0.04213298222514816,0.0355497037524688,0.029624753127057257
379,2025-03-04,000408.XSHE,31.45,-0.00031786395422764025,-1.7323486054863089,-1.5820027216873078,-1.0125779515668665,-0.5678969223624183,-0.6040353062745241,-0.5300310074102886,1.3133161773916928,1.4121638128143736,0.6644923080097351,-0.2819243206102388,-0.9927311811586961,-0.000953895071542088,0.013036565977742498,0.07376788553259161,0.14085850556438806
380,2025-03-05,000001.XSHE,11.07,0.011882998171846506,-1.0148403317770351,-0.7295517676582626,1.2813542851412245,2.1340357952417697,1.348340563330187,0.6206795692454855,1.7075844916501706,1.2958566009394383,1.1743987155134346,1.403025718244003,1.7311939331169488,-0.0027100271002711285,-0.006323396567299078,0.016260162601625883,-0.011743450767841113
381,2025-03-05,000002.XSHE,7.53,-0.009210526315789395,2.0864452660136314,1.8935557115624568,0.3168940705187974,-0.25226621221707823,-0.7647304687544344,-1.6196947186209438,-1.0195921919290492,-1.32913109283232,-1.1265183601810635,-1.367061061295928,-0.6249704318009496,0.031872509960159334,-0.006640106241699861,-0.01195219123505975,-0.007968127490039945
382,2025-03-05,000063.XSHE,36.019999999999996,0.00027555800495998925,-0.5717995320926542,-0.8934959851095575,0.7991241778300109,0.9067947628343622,0.7446059827345809,0.23711354330726409,0.529940014650053,0.7043100783993239,0.6468281336104572,0.8211256507695316,0.644717217758138,0.0,0.0,0.0,0.0
383,2025-03-05,000100.XSHE,4.74,-0.002105263157894692,-1.0148403317770351,-1.3853286374634421,0.6613441471696642,0.36135430398662555,0.9961620579827501,0.725288485410455,0.8088558118342913,0.9446258531812454,1.1433651518720829,1.2090590290858458,-0.3987308385557128,0.00421940928270037,-0.016877637130801704,-0.02742616033755274,-0.014767932489451518
384,2025-03-05,000157.XSHE,7.76,0.040214477211796225,-1.0148403317770351,-0.8934959851095575,-0.4408960981131095,-0.18408615486111113,-0.261618318258096,1.1088545113486763,0.18904292920265045,0.03882024054169501,0.3985596244796443,0.4271308134170251,-0.8732175670582392,-0.002577319587628857,0.01675257731958757,-0.003865979381443174,-0.020618556701030966
385,2025-03-05,000166.XSHE,5.04,0.0019880715705764985,0.20352186735501251,0.37707170013797836,1.2124642698110513,0.08863407456275721,1.2477181332309193,-1.6196947186209438,0.8088558118342913,1.1479699703044097,0.9305635726171005,0.10991445718962235,0.08133478369283455,0.015873015873015817,-0.015873015873015928,-0.011904761904761862,0.003968253968253954
386,2025-03-05,000301.XSHE,9.33,-0.0021390374331550347,-0.2395189323293685,-0.032788843490258984,-0.4408960981131095,0.08863407456275721,-0.3119295333077298,1.0391152339053633,-0.08987286798158792,-0.2939246783871194,-0.13344432365781192,0.134160293334392,-0.8175668345056332,0.025723472668810254,0.009646302250803762,-0.003215434083601254,-0.048231511254019255
387,2025-03-05,000333.XSHE,36.019999999999996,-0.002200704225351988,0.9788432668026793,0.9918625155803344,-1.6809163740562298,-1.2749670725565845,-1.4690874794493083,-0.14645248263095725,-1.577423786297526,-1.4400460658085914,-1.5875884485668592,-1.1831968038647582,1.7311939331169488,0.0,0.0,0.0,0.0
388,2025-03-05,000338.XSHE,15.34,-0.004542504866969519,0.31428206727610775,0.41805775450080207,-0.9920162207544964,-0.865886728420782,-0.7647304687544344,-0.6171926053733198,-0.6477044623500646,-0.2939246783871194,-0.8161827237675474,-1.0983363773580646,-0.5104234938231236,0.019556714471968828,0.017601043024771723,0.017601043024771723,0.04432855280312897
389,2025-03-05,000408.XSHE,31.42,0.002232854864433821,0.27274699230569704,0.2541135370495072,-0.7164561594338029,-1.002246843132716,-0.7647304687544344,0.2719831820289206,-0.7096857506132287,-0.7745562279509625,-0.6299813419194378,-0.4558217195216691,-0.9935192503049565,0.012094207511139432,0.03055378739656267,0.14544875875238694,0.12412476129853589
390,2025-03-06,000001.XSHE,11.04,-0.005405405405405451,-1.578410374504941,-0.8476575464550387,1.48324462256502,1.7161144547013423,0.8600210444411739,1.003973988359881,1.6229805216952822,0.1898717275464895,1.6084242229713337,1.272085615886891,1.7311939331169488,0.0036231884057971175,-0.0018115942028985588,0.018115942028985588,-0.011775362318840465
391,2025-03-06,000002.XSHE,7.77,0.02506596306068595,-0.09284766908852593,0.13799076337640165,-0.1417553135784751,0.6986552918349339,-0.2573291314075954,0.4401196423231304,0.313370878828772,-0.21518795788602144,-0.5036479890112258,-1.0904514400412524,-0.585950802645368,-0.030888030888030826,-0.04375804375804371,-0.05405405405405406,-0.04375804375804371
392,2025-03-06,000063.XSHE,36.019999999999996,0.009479956663055292,-0.8356290217967335,-1.0447872084213268,1.2757978222062758,0.7664859026926945,1.2663301992952718,-0.4578706124761391,1.1552627921000997,1.6582130872393417,1.2749391368688243,1.1686640210993389,0.7114286931945416,0.0,0.0,0.0,-0.01443642420877278
393,2025-03-06,000100.XSHE,4.76,0.0,-0.8356290217967335,-0.6505278844887505,0.03111702005381162,0.6308246809771733,-0.1557518426940709,0.41923614802547293,0.45368619770732665,0.2658204185650853,0.3172383767795666,0.3412912627989219,-0.3926745857281036,-0.008403361344537785,-0.021008403361344463,-0.025210084033613467,-0.027310924369747913
394,2025-03-06,000157.XSHE,7.74,0.0025906735751295936,1.0213243599737853,1.3207687351741302,-0.2454787137578471,-0.45446509274699576,0.18283911968434402,-1.0008414642152323,-0.6688363533211105,-0.1139230365278937,-0.2984263975635276,-1.1163068387381405,-0.875583614998211,0.0051679586563306845,0.010335917312661591,-0.014211886304909549,-0.025839793281653756
395,2025-03-06,000166.XSHE,5.12,0.013861386138613919,-0.2785430072655778,-0.6505278844887505,0.30771275386547037,0.22384101583060992,0.589148274538442,-0.09763033584154843,0.07951201403118092,0.7974612556952559,-0.23001920041429494,0.8583992367366825,0.1114995943009871,-0.0234375,-0.02929687500000011,-0.03125,-0.017578125
396,2025-03-06,000301.XSHE,9.57,0.02243589743589753,1.1141720290623112,0.8279445802584099,-0.8678191148340794,-1.2684324230401225,-0.8667928636887423,-0.2490356694995648,-1.2768694017948472,-0.8227774860347878,-1.0509055662050872,-0.5507199922437149,-0.791029149789759,0.0031347962382444194,-0.0052246603970742544,-0.03552769070010453,-0.07419017763845359
397,2025-03-06,000333.XSHE,36.019999999999996,-0.010708522810620565,1.2070196981508372,1.222203904190986,-1.9050531166277995,-1.4040936447556436,-2.2550158094402435,2.0063817146474374,-1.1833258558758109,-1.936691620974193,-1.11931276335432,-0.3826599007139428,1.7311939331169488,0.0,0.0,0.0,0.0
398,2025-03-06,000338.XSHE,15.64,0.0019218449711723984,-0.6499336836196815,-1.241916870387615,0.5843084876771291,-0.04748142760043235,0.589148274538442,-0.7293560383456856,0.5004579706668448,0.7974612556952559,0.9842085489845853,0.7872968903202404,-0.4846134763507921,0.012148337595907943,0.005754475703324768,-0.02813299232736577,0.012787723785166127
399,2025-03-06,000408.XSHE,31.8,0.0022061140876142543,0.9284766908852594,0.926509411241554,-0.5220744475695058,-0.8614487578935591,0.04740273473297804,-1.3349773729777512,-0.9962387640377379,-0.6202476433185324,-0.9824983690558546,-1.2875988551050237,-0.9830103231418313,0.0018867924528300772,0.06194968553459135,0.1283018867924528,0.1179245283018866
400,2025-03-07,000001.XSHE,11.08,0.003623188405797185,-1.7940084335518416,-1.9036492669490443,1.18551877797288,1.4491376746189437,0.3725520653928517,1.4657870172985206,1.722154107442585,1.2647551305579365,1.9295388015598323,1.7972937689114428,1.7311939331169488,-0.0072202166064981865,0.01534296028880866,0.026173285198555885,-0.02166064981949456
401,2025-03-07,000002.XSHE,7.53,-0.015686274509803935,-0.9302932398658997,-0.14450142950438288,-1.7407617499348615,-0.6210590034081189,0.5246141329001381,1.0668672183656343,-0.8224535447153243,-0.2758110402591964,-0.5579312657329287,-0.2621053412995854,-0.6249704318009496,-0.006640106241699861,-0.01195219123505975,0.0013280212483399723,-0.02257636122177953
402,2025-03-07,000063.XSHE,36.019999999999996,-0.015877287405812603,-0.06657804617995806,-0.6471150973457147,0.9979366928505888,-0.0564599094007382,1.5890486054511432,-1.8423283884863915,0.35897143664370507,1.2647551305579365,0.6635374118123656,-0.036679464671662075,0.6635851993751954,0.0,0.0,0.0,-0.04414214325374777
403,2025-03-07,000100.XSHE,4.72,-0.006315789473684263,0.7971371475059836,0.35811223833694894,0.09754268426359143,-0.43285930540565865,0.144458964131922,-0.7915152595900076,-0.14086220931588425,0.1962979475718605,-0.15077503988449728,-0.036679464671662075,-0.404787258701612,-0.012711864406779627,-0.02330508474576254,-0.004237288135593098,-0.044491525423728806
404,2025-03-07,000157.XSHE,7.78,0.016993464052287566,1.6608523411919254,1.3633395740196126,-0.20258865193207434,-0.6210590034081189,-1.7563168797091584,0.06470284543667554,-0.5043775881955855,-1.2200290159213103,-1.3213491891987377,-1.0262608552925458,-0.8696685788074263,0.014138817480719768,-0.006426735218509005,-0.020565552699228773,-0.03084832904884316
405,2025-03-07,000166.XSHE,5.0,-0.017681728880157142,-0.6423881753039192,-0.3329815549448823,0.9979366928505888,1.825537070623864,0.828738267914711,-1.000704910249936,0.9496839273232196,0.8671896671212571,0.358170242426042,0.3301151820449589,0.06625237838875808,-0.008000000000000007,-0.0039999999999998925,0.018000000000000016,-0.010000000000000009
406,2025-03-07,000301.XSHE,9.6,0.004184100418409952,0.005398219960537085,-0.39580826342504877,0.5477396885570901,-0.24465960740319845,-0.2356962046362941,0.45389289317607695,0.7224868155234064,0.022363057318313218,0.6635374118123656,0.6204942773622838,-0.7877120646889921,-0.018749999999999933,-0.03124999999999989,-0.048958333333333215,-0.0864583333333333
407,2025-03-07,000333.XSHE,36.019999999999996,-0.004746366063482756,1.0490540789977167,1.6146464079402785,-1.4031139967147375,-1.56205749342042,-1.4521927446945855,0.2203788645324361,-1.822120836634503,-1.8163772110763294,-1.4231382456608455,-1.6261229337770198,1.7311939331169488,0.0,0.0,0.0,0.0
408,2025-03-07,000338.XSHE,15.83,0.014743589743589771,-0.06657804617995806,-0.14450142950438288,0.022509850214674988,0.31993948660418225,-0.2356962046362941,0.6095689122718375,-0.4589381658356229,-0.37520240611836625,0.19276302567511674,0.9796473689389751,-0.46796179280408823,-0.013897662665824373,-0.013897662665824373,-0.035375868603916616,-0.020214782059380987
409,2025-03-07,000408.XSHE,31.86,0.0003139717425431086,-0.012595846574586702,0.23245882137661597,-0.5027199881277401,-0.0564599094007382,0.22048999788556523,-0.2466491927548456,-0.004543942235996251,0.07205874024789816,-0.35435315280871305,-0.7397025375451857,-0.9814340175310206,0.016321406151914797,0.12962962962962976,0.11424984306340247,0.09478970495919659
410,2025-03-10,000001.XSHE,11.0,-0.006323396567299032,-1.4379685904466637,-1.119955314671627,0.96,1.3410203083285324,0.7948075796790597,1.0864743808462265,1.632266181538619,0.9486832980505139,1.835254513084865,1.5755164369768857,1.7311939331169488,0.0018181818181817189,0.021818181818181737,-0.0072727272727273196,-0.017272727272727217
411,2025-03-10,000002.XSHE,7.48,-0.00795755968169756,1.3474427227672128,2.139616123551765,1.14,0.5819522092746461,1.037496916985643,-1.2639558470330272,0.18457998948662874,0.13996966692548565,-0.0978280657294704,-0.7464644409063873,-0.6330995909243164,-0.006684491978609763,-0.017379679144385096,0.010695187165775222,-0.0401069518716578
412,2025-03-10,000063.XSHE,36.019999999999996,0.0005483959418701159,-0.04526293383972549,0.1337260077219853,1.14,1.796461167760864,1.037496916985643,-0.5604257107970602,1.1255760143204225,1.0731007797620566,0.4030516308054181,-0.15246933261066634,0.6581943713872205,0.0,0.0,0.0,-0.049972237645752315
413,2025-03-10,000100.XSHE,4.66,-0.01061571125265389,-1.4379685904466637,-1.2035340694978678,-0.3,-0.025302269968462875,-0.115277435220627,0.9585598106215053,0.43792507309572704,0.23328277820914275,0.4030516308054181,0.863992884793776,-0.4229560171844395,0.0,-0.0042918454935623185,0.008583690987124415,-0.032188841201716833
414,2025-03-10,000157.XSHE,7.89,0.00895140664961629,-0.8808863278038884,-0.8692190501929046,-0.8999999999999999,-0.43013858946386885,-0.5399837755071475,0.5748160999473414,-0.7202238805458652,-0.9175789276226282,-0.5360978001974979,0.04129377758205547,-0.8566552314784363,-0.008871989860582907,-0.03295310519645123,-0.03675538656527255,-0.04435994930291509
415,2025-03-10,000166.XSHE,4.96,-0.009980039920159646,1.3474427227672128,0.6351985366794302,1.02,-0.025302269968462875,1.4015309229455175,-1.2879398289501625,0.293156453890528,1.6951881883197706,0.7787114032065845,1.1689315500151087,0.05116997308468199,0.002016129032258007,0.0,0.020161290322580516,-0.004032258064516014
416,2025-03-10,000301.XSHE,9.42,-0.023834196891191754,0.37254876314235597,0.3844622722007077,-0.84,-1.037393068706978,-0.4186391068538559,-0.4485004618504291,-1.045953273757563,-0.8553701867668567,-0.8491476105318032,-0.8258755516411094,-0.8076152445667528,0.010615711252653925,-0.02016985138004246,-0.03821656050955413,-0.07324840764331209
417,2025-03-10,000333.XSHE,36.019999999999996,0.0037246722288438614,0.5118193288030498,0.30088351737446695,-1.6199999999999999,-1.4422293882023838,-0.661328444160439,-0.4485004618504291,-1.7697963697835581,-1.4152488544687993,-1.9135169656684412,-1.2705777717555529,1.7311939331169488,0.0,0.0,0.0,0.0
418,2025-03-10,000338.XSHE,15.61,-0.013897662665824425,0.23327819748166215,0.1337260077219853,-0.42,-0.3289295095900174,-1.0253624501203136,-0.20866064267907664,-0.10495724892376931,-0.35770025992068555,-0.11348055624618568,-1.1371671057212198,-0.4871112037850541,0.0076873798846892605,-0.026265214606021825,0.0006406149903908087,-0.007046764894298452
419,2025-03-10,000408.XSHE,32.38,0.015683814303638757,-0.01044529242455203,-0.5349040308879413,-0.18,-0.43013858946386885,-1.5107411247334799,1.5981326617451117,-0.032572939321169794,-0.5443264824879998,0.09000182047111278,0.4828195532671101,-0.9672469323971435,0.04292773316862264,0.10809141445336623,0.09604694255713397,0.06825200741198278
420,2025-03-11,000001.XSHE,11.02,0.005474452554744409,-1.2505318017683686,-1.1401159014538302,1.2195785511638928,1.4310791788364021,0.43847380770679667,1.4515185319603883,1.7991592481514342,0.13318432503692823,1.7830164994509716,1.1470171584041589,1.7311939331169488,0.020871143375680523,0.03176043557168784,-0.009981851179673318,-0.015426497277676976
421,2025-03-11,000002.XSHE,7.43,0.0040540540540539675,-0.10718844015157444,0.575102711352817,-0.5226765219273827,-0.6133196480727438,-2.1142846618190747,-0.4130083228721163,-0.45520896639976044,-1.4536927392328551,-0.4600106533764767,-1.8390876073451297,-0.6412287500476835,0.0013458950201885589,0.014804845222072816,0.013458950201884257,-0.03230148048452208
422,2025-03-11,000063.XSHE,36.019999999999996,0.01394700139470014,-0.10718844015157444,0.1715218612806647,1.3045666035098087,1.4310791788364021,1.5196421006824599,-1.0692384449640033,0.6719751408758369,1.550038846706378,0.3915793165105545,0.44116044554006106,0.6480865061654085,0.0,0.0,0.0,-0.06857301499167123
423,2025-03-11,000100.XSHE,4.66,0.006479481641468736,1.0361549214652197,-0.2320589887914875,0.45468608005064987,0.0681466275636382,0.2582790922108528,0.20155639464250813,0.19508955702846878,0.10484723460353924,0.26992360652669295,0.9705529801881344,-0.4229560171844395,-0.010729613733905574,0.008583690987124415,0.015021459227467782,-0.04291845493562241
424,2025-03-11,000157.XSHE,7.82,0.007731958762886662,-1.8222034825767657,-1.8463823890800966,-0.9051227574840041,0.4770263929454674,0.07808437671490899,1.5348493411149138,0.19508955702846878,0.2465326867704842,0.08744004155090053,0.9622812218342582,-0.8649364829274827,-0.011508951406649648,-0.025575447570332477,-0.023017902813299296,-0.06010230179028142
425,2025-03-11,000166.XSHE,4.97,0.00811359026369169,1.0361549214652197,1.7858452615692737,-0.05524223402484535,-0.0681466275636382,-0.16217524394634947,-1.3869371548656313,-0.49856220129497575,-0.3202091218972956,-0.4600106533764767,-0.79408880197211,0.05494049075155609,0.00201207243460777,0.024144869215291687,0.01810865191146882,-0.006036217303822755
426,2025-03-11,000301.XSHE,9.52,0.013844515441959424,0.10718844015157444,-0.030268563755411402,0.029745818321070525,-0.4770263929454674,0.22824663962819552,-0.54842088774822,-0.19508955702846878,0.3598810485040402,-0.4600106533764767,-0.4963055012325687,-0.796557848048757,-0.02310924369747891,-0.0409663865546217,-0.05252100840336138,-0.07563025210084018
427,2025-03-11,000333.XSHE,36.019999999999996,0.006134969325153323,1.3219907618694182,0.7768931363888931,-1.500039123905415,-1.8399589442182314,-1.003083916260754,-0.298428460284644,-1.755806013256219,-1.5670411009664111,-1.6157398982231619,-0.9705529801881344,1.7311939331169488,0.0,0.0,0.0,0.0
428,2025-03-11,000338.XSHE,15.73,0.02342225113858173,-0.393024280555773,0.1715218612806647,1.049602446472061,0.340733137818191,0.9189930490293137,-0.3400938648619066,0.9320945502471286,1.266667942372488,1.2887901776415338,0.6451971516023394,-0.47628771823658517,-0.0076287349014622086,-0.029243483788938374,-0.005721551176096629,-0.03242212333121419
429,2025-03-11,000408.XSHE,33.77,0.051369863013698815,0.17864740025262407,-0.2320589887914875,-1.0750988621758357,-0.7496129032000202,-0.16217524394634947,0.8682028678787109,-0.8887413153519133,-0.3202091218972956,-0.8249777833280615,-0.06617406683100917,-0.9294144265096548,0.06573882143914722,0.05122890139176772,0.06248149244891921,0.018359490672194223
430,2025-03-12,000001.XSHE,11.25,0.021798365122615824,-2.5376598948510583,-1.5162595629380073,1.2375478740849937,1.7216139487288955,0.8021803538722108,1.2775898986278875,1.5348336914255312,0.6112482844526472,1.6893474175434446,0.8448118950352237,1.7311939331169488,-0.000888888888888828,-0.029333333333333322,-0.027555555555555555,-0.039111111111111097
431,2025-03-12,000002.XSHE,7.44,0.0013458950201885162,-0.30675009717979823,1.027143574893489,-0.5655020086878448,0.6127778461577424,1.2425930971746009,0.08286028000150703,-0.28319254898739865,0.5700867838161053,-0.5874547994208049,0.40800574476132967,-0.6396029182230101,-0.012096774193548487,0.016129032258064502,0.004032258064516014,-0.032258064516129115
432,2025-03-12,000063.XSHE,36.019999999999996,0.045929592959295974,0.43688650204395507,1.2227899701112963,1.36048309336496,0.3793386666690787,1.3055092033606568,-2.0111281913544072,0.9055169158979784,1.4344782971834853,1.0056429617203608,0.3840054068341926,0.7639892242477244,0.0,0.0,0.0,-0.06551915602443081
433,2025-03-12,000100.XSHE,4.61,-0.010729613733905541,0.43688650204395507,-0.7336739820667777,-0.4425667894078786,-0.7878572307742403,-1.2111350440815731,1.1234312381599674,-0.3181545920722627,-0.7676619868715064,-0.3750417646019828,0.07680108136683853,-0.43809681657175265,0.006507592190889255,0.019522776572667988,0.013015184381778733,-0.03253796095444694
434,2025-03-12,000157.XSHE,7.73,-0.012771392081736863,0.3439319271409859,-0.34238119163116293,-0.11473953799463521,-0.7878572307742403,-0.33030955747679264,-0.2639967060513131,-0.5978509367511751,-0.6235967346436099,-0.7467645755349215,0.0624008786105563,-0.8767667226273419,-0.01293661060802076,-0.01681759379042702,-0.01681759379042702,-0.0620957309184994
435,2025-03-12,000166.XSHE,4.98,0.002012072434607782,0.06506820243207843,0.7336739820667777,0.21308771341860816,0.6127778461577424,-0.20447734510468116,-0.7714356300915499,0.5209344419644741,0.7758942869988149,0.3684038572638946,-1.6128227087036089,0.058711175736720224,-0.004016064257028162,0.016064257028112205,0.016064257028112205,-0.002008032128514192
436,2025-03-12,000301.XSHE,9.3,-0.018987341772151868,-0.16731823482534447,-0.04891159880445185,-0.5245236022611894,0.029179897436082975,-0.11010318582559755,-0.058451825427419696,-0.21326846281767062,-0.25314322891473273,-0.16262872978316067,-0.01920027034170963,-0.8208839196063998,-0.007526881720430145,-0.02580645161290329,-0.04516129032258065,-0.048387096774193616
437,2025-03-12,000333.XSHE,36.019999999999996,-0.012336504161712222,0.7157502267528626,-0.44020438924006666,-2.0817030464740953,-1.9550531282175592,-1.8402961059421306,0.763727697068154,-2.1711428755700566,-2.105410757559118,-1.915036267038443,-1.6128227087036089,1.7311939331169488,0.0,0.0,0.0,0.0
438,2025-03-12,000338.XSHE,15.61,-0.012650221378874197,1.1805231012677084,1.2227899701112963,0.3770013391252299,0.2626190769247468,0.04718707963954181,-0.7007795773770865,0.13635196803096974,0.4054407812699377,0.3551280425877182,-0.1824025682462415,-0.4871112037850541,-0.026265214606021825,0.0006406149903908087,0.026265214606021825,-0.03459320948110178
439,2025-03-12,000408.XSHE,35.99,0.06227863046044862,-0.16731823482534447,-1.1249667725023926,0.5409149648318515,-0.08753969230824893,0.2988515043837648,0.5581828164442606,0.4859723988796101,-0.04733572573202319,0.3684038572638946,1.6512232493870282,-0.8689877606851051,-0.003056404556821324,-0.013892747985551512,-0.018616282300639164,-0.043067518755209866
440,2025-03-13,000001.XSHE,11.24,0.002676181980374608,-0.9274363179819889,-0.7401775776168605,1.1906656097948838,1.5844278532883815,1.2678063430624036,1.2958158146072822,1.5452511027807276,1.2648747915392264,1.437802848175519,1.4180675954573876,1.7311939331169488,0.011565836298932375,-0.02935943060498225,-0.02935943060498225,-0.03825622775800708
441,2025-03-13,000002.XSHE,7.35,-0.008097165991902902,-0.5219996762412288,-0.12336292960281003,-0.7110919614052778,0.26407130888139696,-1.0932904901712226,-1.0319970260046019,-0.4098111197155701,-1.1528346002140737,-0.8281419871192328,-1.909762211557461,-0.6542352373267807,0.025850340136054584,0.02448979591836742,0.010884353741496655,-0.024489795918367308
442,2025-03-13,000063.XSHE,36.019999999999996,-0.022001609873893217,-0.5219996762412288,1.5214761317679912,1.273350721586195,1.0892941491357622,1.6784318792769473,-0.1629468988428319,1.319667000185001,1.5007488785395484,1.5826842315063856,1.1470992651152114,0.6554988737340878,0.0,0.0,-0.01443642420877278,-0.05885619100499717
443,2025-03-13,000100.XSHE,4.64,0.0021598272138228483,1.505183532462572,0.6990566010825906,0.7772400508383268,-0.06601782722034921,-0.6826649539566789,-0.19398440338432368,-0.29701906841770676,-0.71057068708847,-0.45724564579221466,0.24387149730795837,-0.4290124373303389,0.012931034482758674,0.019396551724138122,-0.0021551724137930384,-0.04310344827586188
444,2025-03-13,000157.XSHE,7.63,-0.009090909090909127,0.2888736072402916,-0.12336292960281003,-1.207202632153146,-1.386374371627334,0.24124250252604437,-1.0009595214631102,-1.5001342822615822,-0.2683067739628663,-1.0599522004486193,-0.8484695843839386,-0.8885969623272013,-0.001310615989515096,0.001310615989515096,-0.011795543905635641,-0.06290956749672338
445,2025-03-13,000166.XSHE,4.96,-0.002012072434607603,1.6065426928977622,1.6242785731036664,0.11575915650783594,-0.3961069633220954,-0.7853213380103148,-1.3889283282317575,-0.14662966668722235,0.5572525305382606,-0.08634930446519642,-0.38838794015711886,0.05116997308468199,0.02620967741935476,0.020161290322580516,0.014112903225806495,0.006048387096774244
446,2025-03-13,000301.XSHE,9.23,-0.0075268817204301374,-1.282193379505154,-1.4597946669665862,-0.6284068496139663,-0.3961069633220954,0.39522707860649825,1.2337408055242987,-0.03383761538935901,0.26240992178785816,0.46999520752533086,0.729356422504357,-0.8286240637053389,-0.010834236186348822,-0.02275189599133265,-0.04008667388949094,-0.04550379198266519
447,2025-03-13,000333.XSHE,36.019999999999996,0.0,-0.11656303450046858,-0.7401775776168605,-1.620628191109703,-1.2213298035764608,-1.4012596423321302,0.73714073286043,-1.387342230963719,-1.447677208964476,-1.4308485417756374,-0.38838794015711886,1.7311939331169488,0.0,0.0,0.0,0.0
448,2025-03-13,000338.XSHE,15.2,-0.024390243902439074,0.6943102489810518,-0.12336292960281003,0.5291847154643927,-0.5611515313729685,0.34389888657968026,-0.47332194425774976,0.4925252906673365,0.6162210522883411,0.365680611527107,0.45274291861338567,-0.522912130994434,0.004605263157894779,0.02894736842105261,0.04210526315789487,-0.010526315789473717
449,2025-03-13,000408.XSHE,35.88,-0.004163197335553666,-0.7247179971116088,-0.5345726949455104,0.2811293800904587,1.0892941491357622,0.035929734418772535,0.9854407691923642,0.4173305898020943,-0.6221179044633492,0.006374780866558123,-0.45613002274266284,-0.8718778495095966,-0.010590858416945403,0.0,-0.00919732441471588,-0.03149386845039026
450,2025-03-14,000001.XSHE,11.37,0.013368983957219124,-1.8837775315736034,-1.944052802844066,2.246482585109789,2.428511658935134,1.3642909293418295,-0.10104665570235463,2.3239757450000655,0.42822170080731176,1.871358213457631,0.29629945756327913,1.7311939331169488,-0.03957783641160939,-0.03781882145998239,-0.046613896218117845,-0.051890941072999075
451,2025-03-14,000002.XSHE,7.54,0.023066485753052906,1.6046993787478845,1.4992879549609217,0.8780667972256535,-0.5405151341203591,0.21675650279262704,-0.8853948223430097,0.06219886422141292,1.1905011682129976,-0.5400440900179053,-0.2777807414655742,-0.6233445999762762,0.0026525198938991412,-0.009283819628647216,-0.023872679045092826,-0.0557029177718833
452,2025-03-14,000063.XSHE,36.019999999999996,0.02044763746891412,-1.186082149509306,-0.5093274870919877,-1.1745568846005496,-0.23599956560184698,0.4717641531368943,-1.6132133913879418,-0.0508899798175197,0.7869414501746933,0.04676103326131263,-1.7185368538670192,0.6885176324160757,0.0,0.0,-0.04414214325374777,-0.05580233203775675
453,2025-03-14,000100.XSHE,4.7,0.01511879049676032,-0.023256512735476506,-0.2223824239415721,0.19385890328358577,0.5252893556944332,0.15300459020656024,-0.01625225930877031,0.45800981835767707,0.3609617478009277,0.04676103326131263,-0.29629945756327913,-0.41084351152922116,0.0,-0.00638297872340432,-0.04042553191489373,-0.06808510638297882
454,2025-03-14,000157.XSHE,7.62,0.0,-0.023256512735476506,-0.2223824239415721,-0.4903489906584819,0.06851600291666511,-1.5682970496172435,2.075342851732976,0.0056544422019466105,-1.6344168580551321,0.12011167367121488,0.8777871430312145,-0.8897799026380422,-0.002624671916010568,-0.002624671916010568,-0.01049868766404205,-0.07349081364829402
455,2025-03-14,000166.XSHE,5.09,0.024144869215291773,0.4418737419740552,-0.36585495551677993,-0.2622796926777927,0.06851600291666511,1.3642909293418295,-0.5532834364681377,-0.8990563101095144,0.966301324858384,-0.9801479324773189,0.29629945756327913,0.10018770666378511,-0.005893909626719096,-0.005893909626719096,-0.027504911591355485,-0.015717092337917515
456,2025-03-14,000301.XSHE,9.13,-0.011904761904761843,0.5581563056514381,0.7101890312972787,0.07982425429324115,-0.23599956560184698,-0.1657549727237738,0.2663957286698441,-0.5032453559732502,-0.6030975786239101,-0.5400440900179053,0.34074437619777104,-0.8396814602233349,-0.00766703176341732,-0.027382256297918905,-0.03943044906900339,-0.05147864184008766
457,2025-03-14,000333.XSHE,36.019999999999996,0.026363362458571862,0.907003996683587,1.0688703602352982,-1.1745568846005496,-1.4540618396758953,-1.5682970496172435,0.040277338286952576,-1.5210449523236436,-1.6344168580551321,-1.4936024153466345,-1.1259379387404607,1.7311939331169488,0.0,0.0,0.0,0.0
458,2025-03-14,000338.XSHE,15.27,0.0046052631578947555,-0.023256512735476506,0.6384527655096748,-0.2622796926777927,-0.08374178134259093,-0.10200306013770698,-0.15757625329807753,0.06219886422141292,0.06950195143993021,0.17512465397864158,-0.25926202536786924,-0.5162515245030684,0.02292075965946294,0.04911591355599221,0.015717092337917515,0.018336607727570398
459,2025-03-14,000408.XSHE,35.5,-0.023383768913342543,-0.3721042037676253,-0.6528000186671956,-0.03421039469710346,-0.5405151341203591,-0.1657549727237738,0.9447508998185187,0.06219886422141292,0.06950195143993021,1.2937219202296508,1.8666865826486587,-0.8823867766727217,-0.00028169014084500343,-0.005070422535211283,-0.01746478873239432,-0.02704225352112677
460,2025-03-17,000001.XSHE,10.92,-0.010869565217391235,-1.6316137619474071,-1.707795235825409,1.442199834711567,1.830360692409335,0.837710767003144,0.8865755754580075,2.037306884724064,1.4632512671478521,2.174984917308174,1.4313810837566454,1.7311939331169488,-0.0009157509157509125,-0.0009157509157509125,-0.010073260073260037,-0.0210622710622711
461,2025-03-17,000002.XSHE,7.56,-0.005263157894736847,1.836550756201671,2.0939054630555014,-1.0048540364596839,-0.7039848816958981,-1.288985297834559,-0.6292791767311616,-0.6255631098322851,-1.0757235342959095,-0.9468620865464835,-2.392412141903008,-0.6200929363269293,-0.003968253968253843,-0.01719576719576721,-0.050264550264550234,-0.06746031746031744
462,2025-03-17,000063.XSHE,36.019999999999996,-0.008136696501220429,-0.05517534460691715,-0.28215747374506756,1.1818749547997318,0.49278941718712865,1.148934581369637,-2.025461185326449,0.13525688861238597,1.017817091455964,0.23119338660621758,-0.40362261826407453,0.6635851993751954,0.0,-0.01443642420877278,-0.049972237645752315,-0.06829539144919472
463,2025-03-17,000100.XSHE,4.7,-0.0021231422505307404,-0.05517534460691715,0.19305511361504624,0.5570952430113273,0.21119546450876941,0.6302282240921486,-0.4697155186059859,0.008453555538274121,0.4164809542719153,-0.004417708024322629,0.2636514551980054,-0.41084351152922116,0.006382978723404209,-0.014893617021276673,-0.04042553191489373,-0.06382978723404253
464,2025-03-17,000157.XSHE,7.6,-0.007832898172323825,-0.21281918634096617,-0.28215747374506756,-0.4842042766360135,0.07039848816958981,0.11152186681466006,0.567448259207656,0.17752466630375657,-0.051224930204567136,0.05448506563331243,0.4226503555151417,-0.893329058207145,0.0052631578947368585,-0.007894736842105177,-0.007894736842105177,-0.0697368421052631
465,2025-03-17,000166.XSHE,5.06,-0.007843137254901968,0.26011233886118085,0.4306614072951031,-0.2759443727065453,-0.35199244084794906,0.837710767003144,-0.8586519352861016,-1.0059731090546207,0.21603557521056566,-0.7112509919159432,-0.5704411366295945,0.08887598634487277,0.0,-0.005928853754940566,-0.02371541501976271,-0.039525691699604626
466,2025-03-17,000301.XSHE,9.06,-0.01199563794983636,-0.17340822590745392,-0.3118582604550747,0.03644548318765694,0.07039848816958981,-0.018154722504712083,0.48766643014506816,-0.03381422215309649,-0.09576834777375594,-0.24002880265486287,0.5451577049398204,-0.847421437003984,-0.004415011037527727,-0.022075055187638082,-0.03642384105960261,-0.08498896247240628
467,2025-03-17,000333.XSHE,36.019999999999996,-0.008728542333430235,0.9695096266644014,0.7870708478151884,-1.6296337482480885,-1.478368251561386,-1.5483384764733035,1.3652665498335346,-1.0482408867459914,-1.6547879626953639,-1.2413759548346588,0.09683293683248544,1.7311939331169488,0.0,0.0,0.0,0.0
468,2025-03-17,000338.XSHE,15.62,0.016265452179570594,-1.3163260784793092,-0.7573700611051813,0.8694850989055295,1.0559773225438471,0.5264869526366509,0.10870274209777593,1.2342191085880219,0.7951000036100201,1.0411065243986997,0.28971684869261793,-0.4862786279736336,0.001280409731114096,0.014084507042253502,-0.007682458386683688,0.00256081946222797
469,2025-03-17,000408.XSHE,35.49,-0.0002816901408450144,0.37834522016171757,-0.16335432690503912,-0.6924641805654816,-1.1967742988830268,-1.2371146621068103,0.567448259207656,-0.8791697759805088,-1.0311801167267207,-0.35783434997013297,0.3170855118619611,-0.8826494663881419,0.01098901098901095,0.0016906170752322147,-0.025359256128486884,-0.025922795153564437
470,2025-03-18,000001.XSHE,10.91,-0.002742230347349119,-1.1917686436553028,0.5555747033909786,1.0004060740290686,1.179003403770781,0.22891692267313213,0.8425705487277687,1.1115427148987482,0.7125858019245461,1.392399081810173,1.6142843348572615,1.7311939331169488,0.00274977085242889,-0.006416131989000928,-0.005499541704858002,-0.019248395967002785
471,2025-03-18,000002.XSHE,7.53,-0.0052840158520475605,-1.8997500161237997,1.0284042381918115,-1.8765787140283834,-0.7754942174535084,-1.460707982771415,-0.4996639300594908,-1.303589361975495,-1.5575990537642732,-1.2831475926048912,-1.8090404337090757,-0.6249704318009496,-0.007968127490039945,-0.02257636122177953,-0.04515272244355906,-0.055776892430278835
472,2025-03-18,000063.XSHE,36.019999999999996,0.0008187772925764502,-0.9557748528324705,-2.281402505414019,1.4254151904466468,1.620341576305298,1.3189975068309043,-0.7445972291082608,1.5480123673459005,1.6795163886068212,1.481583970957342,0.32634503590611164,0.6703236088714465,0.0,-0.04414214325374777,-0.06857301499167123,-0.06218767351471388
473,2025-03-18,000100.XSHE,4.73,0.004246284501061669,0.6961816829273552,0.5555747033909786,0.11769483223871399,-0.6493975967293607,0.17441289346524352,-0.9993278601189816,-0.6343358948898615,-0.14924363403139465,-0.5696684794275407,-0.5322811633946549,-0.4017591322878074,-0.01268498942917562,-0.04651162790697683,-0.05708245243128973,-0.06553911205074003
474,2025-03-18,000157.XSHE,7.64,0.005263157894736847,0.4601878921045229,-0.8629139010115202,0.24846686805950727,-0.3972043552810653,0.1199088642573549,0.685813237336556,0.06401554902558236,0.12401935785707437,0.36677285661773174,0.6058457518243299,-0.8874138546980703,-0.005235602094240788,-0.01308900523560208,-0.0379581151832461,-0.07722513089005234
475,2025-03-18,000166.XSHE,5.06,-0.003937007874015839,0.4601878921045229,-0.39008436621068726,-0.013077203582079281,-0.3972043552810653,0.33792498108890934,-1.8125064129608979,-0.6343358948898615,-0.2123043244671952,-0.48048359028037196,-0.38917679684452716,0.08887598634487277,0.0,-0.021739130434782483,-0.02371541501976271,-0.039525691699604626
476,2025-03-18,000301.XSHE,9.02,-0.005512679162072846,0.6371832352216471,0.6737820870911868,-0.14384923940287256,-0.14501111383276985,-0.9701717199004174,1.46959979429262,0.26770138683425343,-0.46454708621039736,-0.034559144544527916,-0.14768817829118655,-0.8518444960021564,-0.015521064301551979,-0.027716186252771613,-0.024390243902438935,-0.08869179600886912
477,2025-03-18,000333.XSHE,36.019999999999996,0.04146520146520144,0.9321754737501874,-0.39008436621068726,-1.4515695976108052,-1.6581705625225425,-1.0791797783161945,0.685813237336556,-1.478177222954356,-1.3894372126021386,-1.5061098154728132,-0.8184898964949104,1.7311939331169488,0.0,0.0,0.0,0.0
478,2025-03-18,000338.XSHE,15.64,0.001280409731114043,0.9321754737501874,0.5555747033909786,0.3138528859699039,0.359375369063821,-0.316123369405754,0.3135146227824256,0.6750730624515957,0.29218119901920914,0.4894020791950888,-0.08060800647081418,-0.4846134763507921,0.024296675191815886,-0.00831202046035806,-0.026854219948849067,-0.026214833759590772
479,2025-03-18,000408.XSHE,35.88,0.010704225352112748,-0.07079813724684964,0.5555747033909786,0.3792389038803005,0.8637618519604118,1.646021682078236,0.0587839917717048,0.3840932941534941,0.9648285636677483,0.1438106337498097,1.2308093526174662,-0.8718778495095966,-0.015607580824972156,-0.027870680044593032,-0.041527313266443766,-0.004459308807134965
480,2025-03-19,000001.XSHE,10.94,0.0036697247706421235,0.08834575290455611,1.7117745727010398,1.7108226539101739,1.8214588046732683,0.5130450473820317,0.6316934423272671,2.1602095034577453,0.9912117206793458,1.786373636436476,2.360441895716894,1.7311939331169488,-0.002742230347349106,-0.011882998171846348,-0.011882998171846348,-0.01279707495429605
481,2025-03-19,000002.XSHE,7.47,-0.0026702269692924514,0.7951117761410049,1.1796166744520118,-0.37362793591141724,-0.3117812368359648,-1.0785180558104024,1.007918163021701,-0.06021489905108696,-0.8140305362071526,0.2237406343846878,0.15636268729877248,-0.63472542274899,-0.0053547523427041055,-0.038821954484605126,-0.036144578313252906,-0.05756358768406955
482,2025-03-19,000063.XSHE,36.019999999999996,-0.009887393573194164,-2.0319523168047904,-1.126400884627109,0.5309449615583298,0.5633941648088489,1.1871188322635333,-1.1644761919558364,0.4666654676459241,1.15836378150217,0.8866758473763555,-0.4460086984573842,0.6278709430400753,-0.01443642420877278,-0.049972237645752315,-0.06551915602443081,-0.04608550805108269
483,2025-03-19,000100.XSHE,4.67,-0.014767932489451536,-0.38283159591974314,-0.4168570202950719,0.37362793591141724,-0.09298738642476141,0.5879421345910875,-1.0067045348904287,0.052688036669701115,0.6401923929514156,0.2237406343846878,-0.5937166244665567,-0.4199278907706349,-0.008565310492505307,-0.03426124197002145,-0.04496788008565311,-0.04496788008565311
484,2025-03-19,000157.XSHE,7.6,-0.0026246719160105594,0.7951117761410049,1.0022307083690025,-0.884908269263883,-0.3117812368359648,-0.8351025223809714,0.449649222636412,-0.24838645858573377,-0.5465872388906343,-0.10772697211114601,-0.15751665547071914,-0.893329058207145,-0.007894736842105177,-0.007894736842105177,-0.046052631578947345,-0.05789473684210522
485,2025-03-19,000166.XSHE,5.06,0.0,-0.6184202703318927,-0.5942429863780812,0.37362793591141724,0.4539972396032471,0.6628392218001431,-0.7093656427286986,-0.24838645858573377,0.12202100440066148,-0.43919457860697986,-0.5937166244665567,0.08887598634487277,-0.005928853754940566,-0.02371541501976271,-0.017786561264822143,-0.035573122529644174
486,2025-03-19,000301.XSHE,8.88,-0.014428412874583687,0.08834575290455611,-0.23947105421206258,-0.25564016667623285,-0.09298738642476141,0.04493825232543341,0.40110409738551733,0.015053724762771756,0.05516018007153191,0.03433057352992563,0.24637220471061197,-0.8673246168817446,-0.0022522522522524513,-0.016891891891891886,-0.0033783783783785104,-0.07094594594594605
487,2025-03-19,000333.XSHE,36.019999999999996,-0.009288348586258608,1.266289124965304,0.2926868440369653,-1.9074689359688144,-1.8433381897143888,-1.8836617433077514,1.8089127296614635,-1.5655873753282614,-2.017525374131485,-1.6230074589492434,0.5879467836068234,1.7311939331169488,0.0,0.0,0.0,0.0
488,2025-03-19,000338.XSHE,16.02,-0.040718562874251484,-0.8540089447440423,-1.126400884627109,0.8455790128521549,0.7821880152200522,1.0373246578454218,-0.8974780030759156,0.5419340914597828,0.957781308514781,0.40131256643602736,-0.12751348300010595,-0.4513102765756744,-0.011235955056179803,-0.03245942571785265,-0.0593008739076154,-0.04806491885143571
489,2025-03-19,000408.XSHE,35.32,-0.010367049593723662,0.8540089447440423,-0.6829359694195858,-0.4129571923231454,-0.968162788069575,-0.23592582470852555,-0.5212532823814817,-1.113975632445109,-0.5465872388906343,-1.3862448828807907,-1.4326514854717787,-0.8871158608234442,0.006511891279728177,-0.02066817667044163,-0.02491506228765583,-0.006795016987542479
490,2025-03-20,000001.XSHE,10.91,-0.0018298261665141422,0.6405800109562589,1.405160840419238,1.2224030236504493,1.5377760218370011,0.9938813966160225,1.7421060924057155,1.936898134000078,1.4684038214344604,1.7228188288505228,1.1921525610398216,1.7311939331169488,-0.006416131989000928,-0.005499541704858002,-0.009165902841429818,-0.012832263978001857
491,2025-03-20,000002.XSHE,7.43,-0.0026845637583893236,-1.1265372606472135,0.2260048904170802,0.43042359987691875,0.5053468905683431,-0.7776201667967952,0.12048493636037792,0.16661489324731854,-0.49440582638461655,-0.13197576949786613,1.4145029508539795,-0.6412287500476835,-0.009421265141318913,-0.03230148048452208,-0.03499327052489898,-0.03903095558546432
492,2025-03-20,000063.XSHE,35.5,-0.015529672767609602,0.05154092042176816,0.2260048904170802,1.0846674716898352,0.7770387672179899,1.177933507100471,-1.137408109917781,0.791420742924763,1.1721306670466751,1.2947893061547406,0.3672003901351202,0.5901351471242507,-0.030140845070422584,-0.05492957746478877,-0.04507042253521132,-0.03971830985915481
493,2025-03-20,000100.XSHE,4.63,-0.00856531049250536,-0.5374981701127227,0.2260048904170802,0.12051860796553725,-0.09237523806087992,-0.1564442939117813,-0.25839851131376634,-0.14578803159140372,0.005555121644770969,0.248494917342829,-0.6639898234957566,-0.43204056374414346,-0.02591792656587477,-0.036717062634989195,-0.0410367170626349,-0.06263498920086397
494,2025-03-20,000157.XSHE,7.54,-0.0091984231274639,-1.1265372606472135,-0.16704709291697234,-0.9813658077193748,-0.5270822407003148,-0.38650943201734206,0.2871936533370014,-0.4234795203369346,-0.38330339348919706,-0.4648876204834744,-0.8798952744747215,-0.9004272020270606,0.0,-0.025198938992042508,-0.051724137931034475,-0.05835543766578255
495,2025-03-20,000166.XSHE,5.03,-0.005928853754940585,0.9350995562235044,1.0121088570851855,1.0846674716898352,0.6683620165581312,1.3619856175849197,-1.6905779435220318,0.27074920152689264,0.8758575126588899,0.1533772456326552,0.7796764755874709,0.0775640987076704,-0.015904572564612307,-0.017892644135188873,-0.007952286282306154,-0.027833001988071704
496,2025-03-20,000301.XSHE,8.86,-0.002252252252252404,0.6405800109562589,-1.6409920304196692,-1.1191013596799888,-1.1791427446594671,-1.1917374153868046,0.04470824682554907,-1.4301111670394842,-1.1610204237571333,-1.2733878300199515,-1.3471533400262126,-0.8695360627216859,-0.010158013544018019,-0.006772009029345272,-0.005643340857787726,-0.07674943566591419
497,2025-03-20,000333.XSHE,36.019999999999996,-0.016017674675503957,1.8186581920252407,0.2260048904170802,-1.5323080155618307,-1.8312032486186198,-1.4908220949240334,1.2571352793828108,-1.4301111670394842,-1.5683960110403379,-1.511182009295386,-1.2827039516742826,1.7311939331169488,0.0,0.0,0.0,0.0
498,2025-03-20,000338.XSHE,15.84,-0.0018903591682419257,-0.24297862484547725,0.2260048904170802,0.25825415992615125,0.4510085152384138,0.5797641480260131,-0.16746648387197174,0.44430638199284944,0.5425502139726317,0.23660520837905727,0.3994250843110851,-0.4671292169926675,-0.02083333333333337,-0.039141414141414144,-0.0505050505050505,-0.058080808080808066
499,2025-03-20,000408.XSHE,35.55,-0.0005622715771718619,-1.052907374330402,-1.7392550262531825,-0.5681591518375327,-0.30972873938059736,-0.11043126629066917,-0.1977771596859033,-0.1804994676845951,-0.45737168208614337,-0.27465227706312684,0.02078492774349751,-0.880810471061911,-0.018846694796061714,-0.032630098452883116,-0.02250351617440216,-0.019127988748241953
500,2025-03-21,000001.XSHE,10.84,-0.006416131989000942,-2.1438970889310816,-1.9876356866053493,2.3256074419557216,2.3567277146573,0.9020246439469832,0.7314139091018241,2.4727931337564293,1.5248709796341848,2.2472151776548674,2.673174842595772,1.7311939331169488,-0.0027675276752766598,-0.0027675276752766598,-0.005535055350553542,-0.06273062730627299
501,2025-03-21,000002.XSHE,7.36,-0.00540540540540541,1.0440539726764746,0.8374302638997159,-0.48240154368740973,-0.3869254456900045,-0.9376308798922589,0.09826931691268871,-0.04281892872305504,-0.22408498267025664,-0.9243419904374246,-1.2169847947350887,-0.6526094055021072,-0.024456521739130488,-0.021739130434782594,-0.03260869565217395,-0.10326086956521752
502,2025-03-21,000063.XSHE,34.43,-0.025198187995470005,-0.23112645196654785,0.030268563755411412,0.30960099072475555,0.7386758508627358,1.1393995502488208,-1.5373542129092441,0.06422839308458259,0.9783222414140469,-0.2566457445232579,-0.13270170725474434,0.516685094873306,-0.006099331977926226,-0.022364217252396235,-0.012198663955852451,-0.1089166424629684
503,2025-03-21,000100.XSHE,4.51,-0.023809523809523878,-1.1875117704488147,-1.5840548365331972,-1.4184045389017867,-0.24622528362091192,-1.234349512769556,1.786654896083716,-0.5245318768574244,-0.934598342356436,0.07720237843382553,0.00417031956723207,-0.46837824802808853,0.0,-0.011086474501108556,-0.02882483370288247,-0.13303769401330368
504,2025-03-21,000157.XSHE,7.54,0.002659574468085168,0.8846564195960969,0.6356398388636396,-0.2664008524840919,-0.8090259318972821,-0.9969746064677184,-0.3765891272291628,-1.1668158077032502,-1.5358019543985877,-0.8408799596981538,-0.2759896103340009,-0.9004272020270606,0.0,-0.038461538461538436,-0.06366047745358094,-0.15251989389920428
505,2025-03-21,000166.XSHE,4.95,-0.013944223107569601,-0.07172889888617004,0.23205898879148748,0.5976019123291793,-0.1055251215518194,0.9020246439469832,-0.8316618028651038,0.33184669760367663,0.21315400790585373,0.911822685826534,-0.06426569384375613,0.04739928809951786,-0.002020202020201922,0.004040404040403844,0.012121212121211977,-0.11111111111111105
506,2025-03-21,000301.XSHE,8.77,-0.011273957158962757,0.5658613134353412,0.3329542013095255,-0.12240039168188004,-0.6683257698281896,0.8426809173715237,-0.9042096207201089,-0.5780555377612432,0.4317735031939089,-0.2566457445232579,-0.3123462424585884,-0.879487652660566,-0.004561003420752496,0.009122006841505215,-0.012542759407069504,-0.1482326111744584
507,2025-03-21,000333.XSHE,36.019999999999996,0.006772009029345429,0.5658613134353412,0.4338494138275636,-0.8424026956929394,-1.2311264181045596,-0.7595997001658806,-0.3765891272291628,-0.7921501813765185,-1.3171824591105326,-1.0078040211766954,-0.33800974748770896,1.7311939331169488,0.0,0.0,0.0,0.0
508,2025-03-21,000338.XSHE,15.51,-0.023914411579609867,-0.07172889888617004,0.030268563755411412,0.1656005299225437,0.17587520258636566,-0.7595997001658806,0.9424621064982025,0.38537035850749546,0.21315400790585373,0.47364702444536205,-0.11131545306381053,-0.49543696189926106,-0.0006447453255963298,-0.028368794326241065,0.0025789813023855412,-0.11089619600257905
509,2025-03-21,000408.XSHE,34.88,-0.012737050665156971,0.6455600899755302,1.039220688935792,-0.2664008524840919,0.17587520258636566,0.9020246439469832,0.46760366235635104,-0.14986625053069266,0.6503929984819641,-0.42356980600179955,-0.22573191298530643,-0.89920109359738,-0.008314220183486265,-0.012614678899082743,-0.009747706422018498,-0.10005733944954132
510,2025-03-24,000001.XSHE,10.81,-0.0018467220683286772,0.8689046222837523,1.8158343636511265,2.063884563809208,2.3032698863003085,1.851695539347199,2.0975807122898744,2.369238290998013,-0.43798269592461714,2.017793555081674,2.0743158932818644,1.7311939331169488,0.0037002775208139216,0.0,-0.01110083256244232,-0.04995374653098994
511,2025-03-24,000002.XSHE,7.18,-0.023129251700680264,-1.8511446300827767,-0.9991053703931962,-0.6035790133390334,-0.44739774769862106,-0.02131886311748418,-0.4759599818363965,-0.12678198212698397,2.3060052785428646,0.04696123878671576,-0.5372074648472823,-0.6818742110279384,0.001392757660167332,-0.0013927576601671099,-0.01810584958217265,-0.05292479108635095
512,2025-03-24,000063.XSHE,34.22,-0.0032041945819982357,0.2644492328689681,0.9832465549901297,1.0282810573869494,0.977646930156246,1.1207630896048835,1.3018966329464863,0.9033216226547609,-0.7545966929785574,1.2171429265868472,1.1602394378014607,0.5018603597359474,-0.019579193454120403,-0.009351256575102274,-0.019286966686148377,-0.13004091174751609
513,2025-03-24,000100.XSHE,4.51,-0.0022123893805309266,-0.9444615459606004,-0.2061646002398659,-0.3106810519266775,-0.0828514347590039,-0.18882421618343145,0.15810076889036592,-0.32487882920039646,-0.279675697397647,0.04696123878671576,-0.13239393358496954,-0.46837824802808853,-0.011086474501108556,-0.015521064301551979,-0.024390243902438935,-0.1529933481152993
514,2025-03-24,000157.XSHE,7.54,0.002659574468085168,-0.2644492328689681,-0.9991053703931962,-0.8127918429192876,-0.7456629128310351,-1.0111232221435364,-0.8530810819418565,-0.32487882920039646,0.8284732922911436,-0.9076606644186547,-0.908839559120881,-0.9004272020270606,-0.025198938992042508,-0.051724137931034475,-0.06233421750663126,-0.13527851458885942
515,2025-03-24,000166.XSHE,4.94,-0.004032258064516043,1.1711323169911445,0.8643054394671301,0.7353830959745935,0.38111659989141794,0.8162079022122523,0.15602867493374253,0.3090310814345235,-0.01583069985269686,0.4780808079762379,0.5231558476181486,0.03985808544747962,0.0,0.010121457489878471,-0.01619433198380571,-0.08704453441295557
516,2025-03-24,000301.XSHE,8.73,-0.005694760820045437,-0.2644492328689681,-0.9594583318855298,-1.022004672499542,-0.9445063562526445,-1.1177175377309574,-0.7867740753299075,-0.9984081092499988,-0.226906697888657,-1.1848089588976332,-0.9691432141699354,-0.8839105443404485,0.008018327605956443,0.009163802978235935,-0.05040091638029798,-0.10309278350515472
517,2025-03-24,000333.XSHE,36.019999999999996,0.015779092702169487,0.7177907749300563,0.19030578483679927,0.024059475401729234,-0.21541373037341013,-0.2192797349226946,-0.057397002598468375,-0.5229756762738089,-1.2822866880684576,-0.53812960511335,0.04303488110318885,1.7311939331169488,0.0,0.0,0.0,0.0
518,2025-03-24,000338.XSHE,15.5,-0.0006447453255963757,1.0955753933142964,0.2695998618521323,-0.12238950530444871,-0.3479760259878164,-0.09745765996564203,-0.554699552188086,-0.9191693704206338,-0.5435206949425972,-0.6382109336752033,-0.29570431041638007,-0.4962695377106818,-0.01806451612903226,-0.029677419354838808,0.010322580645161228,-0.09548387096774191
519,2025-03-24,000408.XSHE,34.59,-0.008882521489971209,-0.7933476986069044,-0.9594583318855298,-0.980162106583491,-0.8782252084454414,-1.1329452971005889,-0.9856950951657546,-0.3644981986150789,0.4063212962192234,-0.53812960511335,-0.9574575776652143,-0.9070829562880139,-0.0057820179242557,0.004625614339404338,-0.0005782017924256255,-0.10176351546689799
520,2025-03-25,000001.XSHE,10.85,0.003700277520813982,-0.5086085279766148,-2.200083686072557,-1.1943886365618976,0.43102182834951813,-1.6004307525462882,1.2763564643811405,1.875302906721758,1.6240309540162707,1.4682688858195057,-1.6835012106196638,1.7311939331169488,-0.0036866359447004227,-0.006451612903225823,-0.01382488479262678,-0.055299539170506895
521,2025-03-25,000002.XSHE,7.19,0.0027894002789400924,-0.08476808799610253,0.8345145016137285,0.14144075959285635,-0.8620436566990363,-0.3771715786255583,0.03222743861913634,-0.602700934187172,-0.8567268087794537,0.6920915012453177,0.652580309484522,-0.6802483792032651,0.0013908205841446364,-0.009735744089012566,-0.011126564673157202,-0.018080667593880495
522,2025-03-25,000063.XSHE,33.55,-0.01814457126134049,1.1867532319454344,-0.484876014771613,-0.6443412381452341,-0.5746957711326909,-1.1926776945727116,-1.8114818405221471,-0.3507005435862638,0.23942197013028507,-1.2052309943804753,-1.504161885605668,0.4560382381790156,0.003278688524590123,0.013710879284649868,0.006855439642325045,-0.09508196721311468
523,2025-03-25,000100.XSHE,4.46,-0.013274336283185756,0.33907235198440977,0.04288019178252363,0.4557535586880926,0.43102182834951813,-0.07135678514537583,0.1971120082984381,0.1953003027157038,0.037499826646912135,0.3471237747679008,0.10989203952029487,-0.4835190474154017,0.0,-0.017937219730941756,-0.008968609865470878,-0.14573991031390132
524,2025-03-25,000157.XSHE,7.35,-0.0013586956521740047,-0.08476808799610253,0.8345145016137285,1.2415355564261832,0.5746957711326909,1.0499641242819597,0.25707003363636605,0.17430027016562813,-0.049038234845961974,0.3471237747679008,1.1485656302263543,-0.9240998956619548,-0.013605442176870652,-0.039455782312925125,-0.04081632653061218,-0.08299319727891152
525,2025-03-25,000166.XSHE,4.94,0.0,1.1867532319454344,-0.12204362276564407,0.4557535586880926,0.14367394278317272,0.6422110663083832,-1.6091235050066404,0.5313008235169147,0.9317264620732778,0.17463991152919234,-0.6074652605356886,0.03985808544747962,0.006072874493926905,0.014170040485829816,-0.01619433198380571,-0.0769230769230771
526,2025-03-25,000301.XSHE,8.8,0.008018327605956504,-0.29668830798635865,1.0324230790715299,0.6914881580095197,0.7183697139158636,0.7441493308017774,0.6168181856639335,-0.01470002278505296,-0.2798063988269596,0.0021560482904838863,0.8085681598873204,-0.8761705675597995,0.005681818181818121,-0.015909090909090984,-0.06590909090909092,-0.08977272727272734
527,2025-03-25,000333.XSHE,36.019999999999996,0.0006867188572997824,-1.5682096279278954,-0.6827845922294142,-2.058748834073797,-1.7240873133980725,-0.5810481076123466,0.01723793228465436,-1.6107024965908046,-1.029802931765202,-1.9814083789546635,-0.2487866105076969,1.7311939331169488,0.0,0.0,0.0,0.0
528,2025-03-25,000338.XSHE,15.22,-0.01869761444229524,-1.3562894079376393,-0.2209979114945447,0.6129099582357107,1.7240873133980725,1.5596554467489305,1.0065453503604649,0.9093014094182768,0.9894185030685273,0.6705310183404791,0.35835172938343496,-0.5212469793715926,-0.009855453350854138,0.021681997371879147,0.0006570302233903647,-0.06636005256241784
529,2025-03-25,000408.XSHE,34.39,-0.008076146524372689,1.1867532319454344,0.9664535532522627,0.29859715914047447,-0.8620436566990363,-0.17329504963877,0.01723793228465436,-1.1067017153889882,-1.606723341717696,-0.5152955414256415,0.9659570987667909,-0.9126001095849967,0.0014539110206455153,0.004361733061936546,0.03867403314917128,-0.07385867984879324
530,2025-03-26,000001.XSHE,10.81,-0.0027675276752766936,-0.8476928915907824,-1.018703748019566,1.8385019710805475,1.76558345804487,1.410257838230453,0.7393132975407433,1.6881079871224207,1.4776780893535761,1.5103609153823951,1.738928803251207,1.7311939331169488,0.0,-0.01110083256244232,-0.0009250693802035359,-0.042553191489361764
531,2025-03-26,000002.XSHE,7.2,0.0013908205841446156,-1.1146827787059894,-0.4281508506169191,-0.7879294161773774,0.8221419155781455,-0.08365936328485736,0.913816829611729,0.41062086173248075,0.3847882852091746,0.08942120585800066,-0.5420372140146485,-0.6786225473785916,-0.004166666666666652,-0.02083333333333337,-0.022222222222222254,0.0
532,2025-03-26,000063.XSHE,33.66,0.003577817531305827,-0.8476928915907824,-0.4281508506169191,0.7482851688225409,1.118652114639116,1.290744462109228,-0.028502243571594383,0.7756171832724637,1.1589185631447922,0.8733879421473217,0.7361095925199966,0.463450773065985,0.007130124777183555,-0.002970885323826278,0.02079619726678561,-0.0781342840166368
533,2025-03-26,000100.XSHE,4.46,0.002247191011235907,-0.046723230245161236,0.16240204678572787,-0.44104225182255713,-0.4986762438752686,-0.38244280358791943,-0.5171121333703547,-0.5018699421174765,-0.3665734551401013,-0.4985538463589902,-0.40996950545852934,-0.4835190474154017,-0.004484304932735328,-0.013452914798206206,0.0,-0.1076233183856502
534,2025-03-26,000157.XSHE,7.25,-0.009562841530054683,1.8222059795612882,1.3435078415910218,-0.6392634885967402,-1.3612513684162737,-1.3385498125577178,-0.6567149590271434,-1.6881079871224207,-1.573305947216211,-1.6745039507929718,-1.2158063712246803,-0.937112908354365,-0.013793103448275779,-0.024827586206896513,-0.012413793103448256,-0.040000000000000036
535,2025-03-26,000166.XSHE,4.97,0.0040404040404039545,1.2882262053308742,1.6387842902923453,0.9465064055967239,-0.4986762438752686,0.21512407701820466,-2.2446971008731142,-0.5018699421174765,-0.07058246651765925,-0.5965496883951553,-0.8397491672004765,0.05494049075155609,0.004024144869215318,-0.022132796780684028,-0.01810865191146882,-0.06438631790744453
536,2025-03-26,000301.XSHE,8.85,0.0056818181818180605,-0.6474504762543771,-1.3139801967208895,-0.44104225182255713,0.04043320896285962,0.27488076507881704,1.2046560497300387,0.4836201260404773,0.2937141348638079,0.8733879421473217,0.6913408777552105,-0.8706418693008015,-0.004519774011299327,-0.06327683615819213,-0.06779661016949146,-0.09491525423728808
537,2025-03-26,000333.XSHE,36.019999999999996,0.0041385018623259955,0.8877413746580636,0.9005931685390365,-1.6303696724676553,-1.253429477848648,-1.6970899409213922,-0.09830365639998871,-1.2683622173514406,-1.5277688720435276,-1.2335226616302288,-1.2695288289424238,1.7311939331169488,0.0,0.0,0.0,0.0
538,2025-03-26,000338.XSHE,15.07,-0.008552631578947303,-0.31371311736036833,-0.7234272993182426,0.25273207688708343,0.04043320896285962,0.5736642053818791,0.041299169256799946,0.2646223331164876,0.4758624355545414,0.4691550937481406,0.7584939499023897,-0.533735783861193,-0.001990710019907138,0.03915063039150635,0.011944260119442607,-0.032514930325149294
539,2025-03-26,000408.XSHE,34.44,-0.013745704467354064,-0.18021817380276478,-0.1328744019155956,0.1536214584999919,-0.17521057217239167,-0.2629294274666946,0.6462447471028842,0.33762159742448417,-0.25273076720839277,0.1874170478941658,0.35221786341195516,-0.9112864936896059,0.009001161440185923,0.003774680603948921,0.018583042973286945,-0.060685249709639844
540,2025-03-27,000001.XSHE,10.81,0.0009259259259259061,-1.5355968969188902,-0.8722975283158034,1.6831889976623697,2.0867614072365117,0.7529663998853648,1.0804589815526418,2.0585717515712605,1.2442682872920872,1.6242395427884246,2.0805441091833785,1.7311939331169488,-0.0027752081406106077,-0.010175763182238784,-0.0037002775208141436,-0.0434782608695653
541,2025-03-27,000002.XSHE,7.17,-0.0027816411682893547,0.7822852116379252,2.26405313529158,-0.28545310486671766,0.12097167578182677,-1.4760316069954986,-0.4562781124906239,-0.6616014475934511,-1.330079893312231,-1.2776276304315894,-1.0376245528974697,-0.6835000428526119,-0.006973500697350032,-0.008368200836819994,-0.004184100418410108,-0.012552301255230103
542,2025-03-27,000063.XSHE,33.9,0.008928571428571343,-1.5355968969188902,-1.2643413612667265,1.2894605771565522,1.179473838872811,1.296624450344112,-0.7408590558319694,1.2747930331678692,1.6055803126400616,1.4092864188462013,0.9509433863163542,0.48029704778404764,0.003244837758112018,-0.003539823008849474,0.0056047197640118895,-0.07197640117994097
543,2025-03-27,000100.XSHE,4.44,-0.002247191011235907,1.1685988963973943,0.30383397053696526,-0.28545310486671766,-0.030242918945456686,-0.443081311123879,-0.32347367226466267,-0.33886903413323105,-0.26872581885255603,-0.2028620107204732,-0.5551909108396781,-0.4895753002430107,-0.013513513513513598,-0.0045045045045045695,-0.022522522522522626,-0.11261261261261268
544,2025-03-27,000157.XSHE,7.15,-0.012430939226519317,-0.3766558426404825,-0.8722975283158034,-1.2697741561312612,-0.6351012978545906,-0.3343497010321295,0.3595205917545665,-0.7307583933349268,-0.5171278362792885,-0.5252916966338081,0.2920096313105901,-0.9489429807359342,-0.012587412587412694,-0.013986013986014068,-0.006993006993007089,-0.01118881118881121
545,2025-03-27,000166.XSHE,4.99,0.008080808080808088,-0.3766558426404825,-0.4802536953648806,0.1082753156390998,0.12097167578182677,1.1878928402523627,-1.1297863450651415,0.21438653179857475,0.5216442365961382,0.4419973611061966,-0.9317244851286861,0.06248169340359394,0.004008016032064132,-0.02605210420841686,-0.020040080160320772,-0.07414829659318634
546,2025-03-27,000301.XSHE,8.81,-0.004519774011299339,0.9754420540176598,0.4018449287746959,0.7973000515242803,-0.9375304873091574,0.236491251949555,-1.4617974456300447,0.16828190130425758,0.2054962144166605,0.22704423716397332,0.11943174309479475,-0.8750647609806836,-0.017026106696935384,-0.06696935300794549,-0.07150964812712834,-0.09421112372304197
547,2025-03-27,000333.XSHE,36.019999999999996,-0.003709300728122135,0.8788636328277925,0.49985588701242667,-1.2697741561312612,-1.2399596767637242,-1.6391290221331227,0.9666266042161036,-1.3070662745138912,-1.5558999091547154,-1.438842473388257,-0.9317244851286861,1.7311939331169488,0.0,0.0,0.0,0.0
548,2025-03-27,000338.XSHE,15.04,-0.0019907100199071754,-0.3766558426404825,-0.08820986241395765,-0.6791815253725351,-0.030242918945456686,0.10057673933486821,0.13185583708149012,-0.4771829256161825,-0.06548780459432038,-0.3237731429379738,-0.5159686635179064,-0.5370660871068759,0.03390957446808529,0.012632978723404298,-0.007978723404255317,-0.010638297872340274
549,2025-03-27,000408.XSHE,34.75,0.011939429237041251,0.39597152687845594,0.1078120540615038,-0.08858889461380891,-0.6351012978545906,0.31803995951836705,1.5737326166776406,-0.20055514265027957,0.1603322112481637,0.06582939420730588,0.5293042276073087,-0.9026165618527117,-0.006043165467625955,0.027913669064748126,0.0034532374100719743,-0.057841726618705014
550,2025-03-28,000001.XSHE,10.78,-0.0027752081406106507,-1.3938825540969697,-2.3719054899628325,0.23536713651832297,0.6293806252462595,-0.3098698404419393,1.7807658699705402,2.1868346635876827,1.0811013289325737,1.9344638955902995,-1.404302992943657,1.7311939331169488,-0.008348794063079756,0.0018552875695734272,-0.05751391465677169,-0.03710575139146555
551,2025-03-28,000002.XSHE,7.12,-0.006973500697350045,0.7678739110614972,0.9964810046589415,-0.08269656147941076,-0.3951924856197444,-0.8607495567831648,-0.24114537822517731,-0.7059180009804268,-0.9348463045431578,-0.8142381544441744,0.41925723765547174,-0.6916292019759788,-0.0098314606741573,-0.011235955056179803,-0.0730337078651686,-0.0098314606741573
552,2025-03-28,000063.XSHE,34.01,0.0023577954612436867,-0.4931506936142752,-0.31344707658285953,1.698460147307898,1.2880347679458335,1.7100224528092207,-1.3726736914356248,0.7620460377556287,1.634498718514147,0.9490801418043562,-0.11137993432093651,0.487709415352727,-0.013231402528667946,0.010291090855630847,-0.09791237871214342,-0.060570420464569175
553,2025-03-28,000100.XSHE,4.38,-0.01573033707865175,-0.6732970657108142,0.4350832555553125,0.17175439691877623,0.9952995934126895,-0.2180565543850684,1.168627602168167,0.28711649581161086,-0.005929257745516858,0.015558690849251731,1.095348253726936,-0.5077442260441284,0.004566210045662267,0.0182648401826484,-0.10730593607305927,-0.09589041095890405
554,2025-03-28,000157.XSHE,7.06,-0.013966480446927448,1.128166655254575,0.8093484216243985,0.6806563137151501,-0.17564110471988637,-0.03442998227132659,-0.38954253405605566,-0.42527781710441603,-0.539562454842034,-0.7105135487824961,0.8152149243586799,-0.9607732204357935,0.0014164305949009304,0.014164305949008638,-0.0949008498583569,-0.004249291784702458
555,2025-03-28,000166.XSHE,5.01,0.004008016032064043,0.7678739110614972,0.9964810046589415,-0.3371475198775977,-0.4683762792530304,0.9755161643542535,-1.3170247579990453,0.11441484419560434,0.7648742491716747,0.5341817191576431,-1.7490824752430492,0.07002289605563218,-0.029940119760478945,-0.02594810379241519,-0.12175648702594799,-0.0738522954091817
556,2025-03-28,000301.XSHE,8.66,-0.013667425968109251,-1.3038093680487004,-0.5473628053760382,-0.4643729990766912,0.5561968316129735,0.12624326832819752,0.5750389788446536,-0.27416387194041036,-0.06522183520068543,0.015558690849251731,0.8690867184679599,-0.8916506884393877,-0.04272517321016178,-0.04734411085450352,-0.1374133949191686,-0.07736720554272514
557,2025-03-28,000333.XSHE,36.019999999999996,0.008720930232558275,0.9480202831580361,0.15438438100349797,-2.2455297078639997,-2.224787326451894,-1.9625089894656158,0.3524432450983361,-1.6557770848684625,-1.8439991588557425,-1.6958973025684398,-0.7147440283448727,1.7311939331169488,0.0,0.0,0.0,0.0
558,2025-03-28,000338.XSHE,15.55,0.021011162179908095,-0.6732970657108142,-0.31344707658285953,-0.08269656147941076,0.2634616570798296,-0.03442998227132659,-0.16694680030973813,-0.1878130461324071,-0.06522183520068543,-0.14002821764326567,-0.025185063746088473,-0.4921066586535782,0.0070739549839227145,-0.019292604501607746,-0.11318327974276532,-0.054019292604501556
559,2025-03-28,000408.XSHE,34.54,-0.006900517538815468,0.9255019866459687,0.15438438100349797,0.4262053553169632,-0.4683762792530304,0.6082630201267698,-0.38954253405605566,-0.10146222032440382,-0.02569345023057305,-0.08816591481242654,0.8057873603895559,-0.9083965721834044,0.0008685581933989273,0.015634047481181135,-0.09119861030689047,-0.038506079907353774
560,2025-03-31,000001.XSHE,10.69,-0.009267840593141766,-2.066774327895762,1.4448629229028551,2.530968079427122,2.01837997948027,1.7474750884446457,-2.117853409373868,2.318176898747949,1.395933792246055,2.171975715800859,2.5792217378446436,1.7311939331169488,0.00093545369504211,0.00748362956033688,-0.03928905519176795,-0.027128157156220634
561,2025-03-31,000002.XSHE,7.05,-0.008438818565400914,-0.033881546358946954,-0.4816209743009517,-0.2330441700543174,-0.08730905763655114,-0.877059740207959,0.3408682268385381,-0.1685444467504468,-0.6332431488634988,-0.3767712976389245,0.012703404502281836,-0.7030098574304027,0.008510638297872353,0.012765957446808418,-0.03546099290780147,-0.008510638297872242
562,2025-03-31,000063.XSHE,33.56,-0.00827423167848703,-0.7115124735378854,1.8301597023436165,0.3089190161185138,1.0425728647188166,0.41859669419016227,-0.4414522937745002,0.6051021940712762,0.6262459869976037,0.6205644902288168,0.37442746490623885,0.45671219625144394,0.006555423122765136,0.0157926102502981,-0.112932061978546,-0.06048867699642435
563,2025-03-31,000100.XSHE,4.4,0.011494252873563383,-0.033881546358946954,0.288972584580571,-0.5582220817580161,0.11812401915533388,0.15282101533926562,0.04284136184309496,-0.11328397240603802,0.17143046571442777,-0.1551411225572042,-0.3145707453870126,-0.5016879732165193,0.004545454545454408,-0.01363636363636378,-0.13181818181818195,-0.09545454545454557
564,2025-03-31,000157.XSHE,7.07,-0.004225352112675967,1.1519725762041952,-0.09632419486019034,-0.7750073562271487,-1.3199075183878612,-0.7773938606388727,1.756495835566893,-1.1356027477776007,-0.7032147675224489,-1.2078844541953757,-0.8140944478496199,-0.9595901128066626,-0.0028288543140029265,0.004243281471004057,-0.07779349363507793,-0.011315417256011373
565,2025-03-31,000166.XSHE,4.86,-0.029940119760478938,-0.7115124735378854,-0.4816209743009517,0.3089190161185138,0.11812401915533388,1.0830358913174039,-0.5345856890855761,0.16301839931600595,1.1160473176102546,0.6205644902288168,-0.4523703874456629,0.009693274839327063,0.0,0.006172839506172645,-0.07201646090534986,-0.04938271604938271
566,2025-03-31,000301.XSHE,8.29,-0.03828306264501161,0.4743416490252569,-1.0595661434620938,-0.6666147189925824,-1.0117579032000337,-0.27906446279344144,0.7879085243317028,-0.7211491901945348,-0.35335667422769823,-0.3767712976389245,-1.0121814333089298,-0.9325628547740245,-0.008443908323280902,-0.013268998793727338,-0.055488540410132625,-0.04825090470446314
567,2025-03-31,000333.XSHE,36.019999999999996,0.020713305898490957,1.32138030799893,-0.4816209743009517,-0.8833999934617148,-1.0117579032000337,-1.5747208971915627,0.4153749430873989,-0.94219108757217,-1.6828174287477509,-0.9308467353432253,-0.026052744826713558,1.7311939331169488,0.0,0.0,0.0,0.0
568,2025-03-31,000338.XSHE,15.66,0.008370895041854527,-0.033881546358946954,-1.2522145331824743,0.3089190161185138,0.11812401915533388,0.6179284533283348,-0.06891871253019621,0.4945812453824586,0.9061324616334042,0.45434185891752654,-0.4523703874456629,-0.4829483247279508,-0.027458492975734328,-0.047254150702426556,-0.10472541507024269,-0.06257982120051087
569,2025-03-31,000408.XSHE,34.57,0.006697728596388959,0.6437493808199914,0.288972584580571,-0.34143680728888365,0.015407480759391377,-0.511618181787976,-0.1806787869034874,-0.5001072928168996,-0.8431580048403492,-0.8200316478023651,0.1052875390104375,-0.9076083357188541,0.03326583743129885,0.00867804454729515,-0.10124385305177896,-0.04078680937228818
570,2025-04-01,000001.XSHE,10.7,0.0,-1.2286704898590224,0.060120361204215225,1.3990764824783377,1.6189524841071463,1.0877523155672817,-2.0266316484387565,1.8329097191238404,1.4496758575914424,1.724610412382344,-1.525759743686821,1.7311939331169488,0.009345794392523477,-0.05046728971962611,-0.04205607476635509,-0.024299065420560706
571,2025-04-01,000002.XSHE,7.11,0.005657708628005662,-2.0687870641216017,-0.24048144481686065,-0.41870172103366315,0.8646018642722754,0.9705376263897729,-0.09731929567060586,0.3579480216934683,0.566904640789803,0.6711153640944867,0.8044915012166876,-0.6932550338006523,-0.00984528832630105,-0.0717299578059073,-0.007032348804500765,-0.00984528832630105
572,2025-04-01,000063.XSHE,33.78,0.003863298662704385,-0.17852477203079817,2.1643330033517465,1.113133843723641,0.9806558057853324,1.1815240669092888,0.3124461597845765,0.8615934793526197,1.0910500507657763,0.8271887045815767,-0.9986791049586466,0.4715369313888022,0.01716992303137954,-0.09177027827116646,-0.10124333925399653,-0.0719360568383659
573,2025-04-01,000100.XSHE,4.42,0.002267573696145076,0.45156265866613643,0.3607221672252911,0.13275908227896635,-0.6440993753974669,-0.08439457620780633,0.9100207823233842,-0.3975201647952588,-0.2744866752242598,-0.5774713598022329,-0.5270806387281746,-0.49563172038891007,0.009049773755656076,-0.11538461538461531,-0.1380090497737556,-0.09728506787330315
574,2025-04-01,000157.XSHE,7.05,-0.007042253521126736,1.0816500893630712,-0.24048144481686065,-1.174407266313933,-1.4564769659888666,-1.3503132193249014,1.3880804803544304,-1.4227984178871025,-1.3365707954387325,-1.4358747324812273,0.7559446002811978,-0.9619561607466344,0.015602836879432758,-0.09361702127659577,-0.04397163120567371,-0.019858156028368712
575,2025-04-01,000166.XSHE,4.86,-0.006134969325153244,0.45156265866613643,-0.8416850568590124,1.113133843723641,0.400386098220047,0.6188935588572465,-0.029025053094742136,0.6457454260701262,0.7875974449902128,0.6711153640944867,-1.0819023637052005,0.009693274839327063,0.00411522633744843,-0.09465020576131689,-0.06172839506172856,-0.05144032921810704
576,2025-04-01,000301.XSHE,8.22,-0.014388489208633,-0.2835393438136206,0.6613239732463669,-0.27573040165631474,0.05222427368087571,-0.014065762701301047,-1.2071007375283915,-0.07374808487151863,-0.17793357338658047,0.04682200214612695,0.6380449837235798,-0.9403028315546734,0.0036496350364962904,-0.09124087591240881,-0.025547445255474588,-0.03284671532846717
577,2025-04-01,000333.XSHE,36.019999999999996,-0.03458057544238825,0.8716209457974262,0.3607221672252911,-1.6645946470362705,-1.3404230244758095,-1.7254002246929294,0.5685495694440655,-1.4407857556606436,-1.640023401214296,-1.3578380622376824,1.4494717565024802,1.7311939331169488,0.0,0.0,0.0,0.0
578,2025-04-01,000338.XSHE,15.23,-0.022464698331193814,0.8716209457974262,-1.4428886689011642,0.13275908227896635,-0.06382966783218139,-0.17816632754981337,0.4319610842923381,-0.07374808487151863,-0.040000570761324294,-0.14826967346273548,-0.19418760374195906,-0.5204144035601718,0.0013131976362441566,-0.09455022980958638,-0.06697307944845698,-0.03873933026920551
579,2025-04-01,000408.XSHE,35.72,0.02880184331797235,0.03150437153484671,-0.8416850568590124,-0.357428298443371,-0.41199149237135263,-0.5063674572468381,-0.25098134146629925,-0.2895961381540121,-0.42621297811204156,-0.42139801931514287,0.6796566130968568,-0.8763440766266087,-0.017917133258678608,-0.12122060470324747,-0.10834266517357216,-0.08230683090705482
580,2025-04-02,000001.XSHE,10.8,0.011235955056179869,-1.5819499825449266,-2.1741253124321585,-2.0155901589570613,-0.9825728554107087,-1.347857059596423,-2.3871222586176017,1.1872185153855952,1.7345804668184366,0.3535777841409187,-2.0878878531984073,1.7311939331169488,-0.002777777777777879,-0.04907407407407416,-0.04166666666666674,-0.02777777777777779
581,2025-04-02,000002.XSHE,7.04,-0.007052186177715067,-1.0856519488053418,0.2631557039418291,0.8529927004990698,-0.05878641015277739,1.105415961082291,-0.05163882958661479,0.930799829557173,0.25470869857301076,1.8753049563929745,0.5127898829511172,-0.7046356892550759,0.014204545454545414,-0.03409090909090917,0.022727272727272707,0.022727272727272707
582,2025-04-02,000063.XSHE,34.36,0.017169923031379465,0.15509313554362025,-0.7965316944816437,-0.9035404160842,-0.31072816795039504,-0.19337563810055752,-0.06337492721993633,-0.19744238808788517,0.8238901478981745,-0.7205825727428853,-1.037614152061099,0.5119680576394694,-0.007857974388824074,-0.1335855646100116,-0.09691501746216524,-0.09196740395809078
583,2025-04-02,000100.XSHE,4.46,0.009049773755656116,-0.09305588132617215,0.19250987738026423,0.3096047579589217,0.19315534764484024,0.787933570170928,0.3591245875796392,-0.043591176590831775,0.24047916233988165,0.2640644210672684,-0.037353484311282194,-0.4835190474154017,-0.026905829596412634,-0.1434977578475337,-0.1076233183856502,-0.0964125560538116
584,2025-04-02,000157.XSHE,7.16,0.01560283687943267,0.6513911692832051,0.757676489872783,1.320559069661523,1.5368447225654678,1.192002067694481,0.3825967828462823,0.6487392751459085,-0.22909553335337843,0.8011445995091704,0.8050535468092668,-0.9477600404250933,-0.008379888268156499,-0.08938547486033532,-0.027932960893854775,-0.03491620111731841
585,2025-04-02,000166.XSHE,4.88,0.00618556701030933,-0.7134284235006532,-0.4433025616738195,-0.29696782906263913,0.025194175779761824,0.037520646198615545,-0.5680271254527627,0.930799829557173,0.8238901478981745,0.5326045102882194,-0.4874707847986998,0.01723447749136492,0.002049180327868827,-0.0758196721311476,-0.047131147540983465,-0.05327868852459017
586,2025-04-02,000301.XSHE,8.25,0.0024301336573511025,1.3338009656751342,1.1638899926017812,0.612891051469702,0.025194175779761824,0.9033817123205146,1.1337070313788609,-1.1205496570702056,-1.0544086348748658,-0.631069209669235,0.7847357519955986,-0.9369857464539069,-0.00848484848484854,-0.050909090909090904,-0.029090909090909167,-0.025454545454545507
587,2025-04-02,000333.XSHE,36.019999999999996,0.008119837603247911,0.5273166608483089,-0.05475051558521275,-0.6508018381585496,-1.9903398866011794,-1.11696077529725,0.4764855639128546,-1.838521977389788,-1.111326779807382,-1.436689477332088,0.011096641782849567,1.7311939331169488,0.0,0.0,0.0,0.0
588,2025-04-02,000338.XSHE,15.25,0.0006561679790026107,-0.589353915065757,-0.09007342886599519,-0.044229251136988806,1.2009223788353107,-0.020203424876177725,-0.32156907515301025,0.31539498356895945,-0.029882026089571117,0.12979437645679293,0.21271168262617204,-0.5187492519373305,-0.02163934426229508,-0.08065573770491807,-0.04393442622950816,-0.05311475409836064
589,2025-04-02,000408.XSHE,35.08,-0.01736694677871161,1.3958382198925823,1.1815514492421724,0.8150819138102223,0.3611165195099187,-1.347857059596423,1.0398182503122886,-0.8128472340760987,-1.4528356494024803,-1.1681493881111369,1.3239387682044843,-0.8936839403003972,-0.005986316989737728,-0.1143101482326111,-0.07782212086659057,-0.04503990877993158
590,2025-04-03,000001.XSHE,10.77,0.002793296089385415,-1.6472423138697008,-1.212256250712408,0.6960048115762872,1.22062513220994,0.2583810757146783,-1.8146994634986426,1.559385998909908,1.3818495401302218,1.536408339901885,-1.7568448076881436,1.7311939331169488,-0.05663881151346328,-0.04828226555246051,-0.03992571959145774,-0.013927576601671321
591,2025-04-03,000002.XSHE,7.14,0.019999999999999955,-0.7538227538047784,-0.5128776445321725,0.8913385105415673,0.3936433353197368,1.1703142841194252,-0.9207588410855182,0.8094691111738843,0.9019017982615486,1.3681884486717517,0.21872365075635533,-0.688377538326632,-0.07563025210084029,-0.011204481792717047,-0.008403361344537785,0.023809523809523725
592,2025-04-03,000063.XSHE,34.09,0.004715590922487583,1.4797261463575277,0.885879567828298,1.847445563371622,1.022149500956291,0.7143476799170517,-0.697273685482237,1.1623711759908366,0.8619061531058257,0.8074554779046405,0.6773377571809711,0.4931002433407019,-0.10002933411557646,-0.1094162511000294,-0.0771487239659725,-0.049281314168378
593,2025-04-03,000100.XSHE,4.34,-0.020316027088036086,-0.3071129737723171,-1.911634856892643,-0.6199274761898097,-0.16870428656560146,0.18238664168094937,-0.09386376535337804,-0.11689880897061543,0.08199107256923167,0.022429318830684455,-0.48683651297382285,-0.519856899017637,-0.09907834101382484,-0.12211981566820274,-0.09216589861751145,-0.06451612903225812
594,2025-04-03,000157.XSHE,7.1,-0.002808988764045009,1.0330163663250667,0.4196271637081411,-0.7844190121605719,-1.094923899082629,-1.8694630772297312,1.1129560749043397,-1.0212103500640555,-1.0178891692131444,-1.379403108087094,-0.23989045566826048,-0.9560411245558498,-0.09999999999999998,-0.05070422535211261,-0.00422535211267594,-0.025352112676056304
595,2025-04-03,000166.XSHE,4.89,0.008247422680412378,-1.2005325338372395,1.1190057698883764,0.5315132756055251,1.1544665884587237,0.8663365479845095,-0.5631825921202683,0.633018078765408,0.7419192176386574,0.24672250713752902,1.065395847232569,0.021005162476529053,-0.10020449897750494,-0.06748466257668717,-0.05521472392638027,-0.047034764826175746
596,2025-04-03,000301.XSHE,8.18,-0.002439024390243851,0.9213389213169513,0.4196271637081411,-0.6199274761898097,-1.3595580740874942,0.18238664168094937,1.2470471682663085,-0.955041212910877,-0.5379414273444713,-0.6504502460898491,-0.8396165948389119,-0.944725890552846,-0.08679706601466997,-0.020782396088019572,-0.024449877750611138,-0.011002444987775029
597,2025-04-03,000333.XSHE,36.019999999999996,-0.016685520361990846,0.13959680626014415,0.885879567828298,-1.6068766920143827,-1.3595580740874942,-1.5654853410948155,0.5765917014564652,-1.3961687939320673,-1.7778064271718774,-1.1551099197802495,1.6651219864032205,1.7311939331169488,0.0,0.0,0.0,0.0
598,2025-04-03,000338.XSHE,14.92,-0.009953550099535524,0.13959680626014415,-0.5128776445321725,-0.20869863626290444,-0.03638719906316893,0.41036994378213615,0.21901545249121548,-0.24923708327697255,0.06199324999137029,-0.2018638694761601,-0.6279485457198585,-0.5470569968439241,-0.0757372654155497,-0.0475871313672922,-0.002680965147452974,-0.02144772117962468
599,2025-04-03,000408.XSHE,34.87,0.0014359563469269717,0.19543552876420178,0.4196271637081411,-0.1264528682775234,0.22824697594169613,-0.34957439655515293,0.9341679504217149,-0.4256881156854487,-0.6979240079673623,-0.5943769490131381,0.32455767531588203,-0.8994639506310902,-0.09979925437338677,-0.08660739891023794,-0.0610840263837108,-0.04301691998852886
600,2025-04-07,000001.XSHE,10.16,-0.026819923371647448,-2.3584927176742276,-1.3673853842476722,2.0698154452359057,2.3948532328958727,0.39823517822930155,-1.8522758524892988,2.113098140744484,1.664247433278997,2.1464080728085135,1.8834469725034764,1.6249768525514365,0.010826771653543288,0.01870078740157477,0.021653543307086576,0.02952755905511828
601,2025-04-07,000002.XSHE,6.6,-0.03790087463556861,1.1896821673223978,1.9005796850234942,-0.8454175762231164,-0.24514245691060113,-1.8894988243645583,0.1101553355553356,-0.012357299068681191,-0.6421112144147312,-0.763975754728454,-0.22868486225614246,-0.7761717875858355,0.030303030303030276,0.09090909090909105,0.06818181818181812,0.08787878787878789
602,2025-04-07,000063.XSHE,30.68,-0.034612964128382676,-0.5844052751759147,-1.1953872227070845,0.4664372834334436,0.6034275862414799,1.58446762401871,-1.0932222797550535,0.8773682338763646,1.4021612233138006,1.003042997704705,-1.8127837383258565,0.25859930952293786,-0.029661016949152574,0.011408083441981853,0.04139504563233376,0.05182529335071728
603,2025-04-07,000100.XSHE,3.91,-0.03456790123456782,0.35481748849966255,-0.16339825346355835,-0.4081326230042631,-0.3394280172608323,0.7795241786616114,0.36934436039141944,-0.8526536357390022,-0.1965646574738973,-0.5560911956186706,-0.7256570586701704,-0.6530952978164896,-0.023017902813299296,0.01790281329923271,0.012787723785166127,0.03580562659846542
604,2025-04-07,000157.XSHE,6.39,-0.05612998522895124,-0.271331020617389,-0.8513908996259092,0.4664372834334436,0.03771422414009252,0.5676969561992171,-0.6303847354049038,0.5066492618159288,0.6683198354112507,0.6912161590400299,-0.5858836284287251,-1.0447668347359091,0.020344287949921824,0.08920187793427226,0.10015649452269182,0.10641627543036014
605,2025-04-07,000166.XSHE,4.4,-0.06976744186046513,0.5635336582053464,0.18059806961761707,0.7579605855793459,0.03771422414009252,0.5676969561992171,-0.06572293129772126,-0.012357299068681191,0.1965646574738973,-0.03637979784421211,0.3925303832613925,-0.163754386157551,0.02499999999999991,0.05681818181818188,0.05454545454545445,0.05909090909090908
606,2025-04-07,000301.XSHE,7.47,-0.06155778894472364,0.7722498279110303,0.26659715038791093,-1.2827025294419698,-1.4708547414636068,-0.915093601037544,1.072857427803647,-1.1986580096620756,-1.166283634345124,-0.9718603138382375,0.09745314164056339,-1.0232328034847729,0.048192771084337505,0.07228915662650603,0.06961178045515393,0.09103078982597057
607,2025-04-07,000333.XSHE,36.019999999999996,-0.015308489253131313,0.35481748849966255,1.0405888773205556,-0.9911792272960676,-0.5279991379612948,-0.7879972675601074,1.146911434899671,-0.9020828320137271,-1.1138663923520846,-0.8679180342833457,0.9904500570720198,1.7311939331169488,0.0,0.0,0.0,0.0
608,2025-04-07,000338.XSHE,13.79,-0.012884753042233464,-0.4800471903230728,-0.16339825346355835,0.17491398128754135,0.03771422414009252,-0.19488104466540285,-0.20457419460276616,0.18535948603021787,0.039312931494779456,-0.08835093762165797,-0.22868486225614246,-0.6461341876761465,0.016678752719361922,0.057287889775199385,0.06671501087744747,0.06381435823060189
609,2025-04-07,000408.XSHE,31.39,0.0,0.4591755733525045,0.35259623115820476,-0.4081326230042631,-0.5279991379612948,-0.11015015568044509,1.146911434899671,-0.704366046914828,-0.8517801823868882,-0.5560911956186706,0.21781359545958578,-0.9943074867695069,-0.010194329404268898,0.030582988212806583,0.057980248486779296,0.08920038228735261
610,2025-04-08,000001.XSHE,10.27,0.012820512820512721,0.7222772675500123,0.9171392556034974,-1.7945751171892335,-1.6477130966140503,-0.15212172939433835,1.5484503538064094,-1.944281517249669,-1.4200017960443705,-1.3032276261240094,0.9535058954407498,1.6639397608066815,-0.0019474196689386325,0.006815968841285436,0.012658227848101333,0.020447906523856085
611,2025-04-08,000002.XSHE,6.8,0.03030303030303033,1.8334730637808005,1.9153860644236307,-0.2127307889677207,-0.3994455991791638,0.6507429535202249,0.45152506198308806,-0.62729938435328,-0.7230683992127775,-1.360137129448202,0.765159051896898,-0.7436554857289476,0.03823529411764692,0.04117647058823537,0.027941176470588358,0.055882352941176494
612,2025-04-08,000063.XSHE,29.77,-0.020723684210526283,0.3518786688064163,0.16845414898839745,-0.04909172053101248,-0.6490990986661411,-0.6591941607087993,0.29846571893797347,-0.07278059155480043,-0.4326794838662806,0.23332896362918945,-0.6003555637960276,0.19660487132037133,0.019818609338259963,0.05676855895196509,0.059119919381928066,0.06617400067181722
613,2025-04-08,000100.XSHE,3.82,-0.005208333333333338,0.7222772675500123,0.667577553398464,-0.4854625696955677,-0.8987525981531185,0.2281825940915074,1.0637624341635465,-0.69661423345309,-0.34556280926233146,-0.6772230895578915,-0.5532688529100647,-0.6803486028590209,-0.002617801047120394,0.03141361256544495,0.041884816753926746,0.04712041884816753
614,2025-04-08,000157.XSHE,6.52,0.0030769230769230114,-0.7593171274243719,-0.3306692554216692,0.38727912863354275,0.848821898255723,0.3549507019201226,-0.568870558317676,0.3777659275939642,0.7288761775197076,0.40405747360176714,0.1530318103793796,-1.0282046664743962,0.033742331288343586,0.08435582822085896,0.07208588957055229,0.07361963190184051
615,2025-04-08,000166.XSHE,4.51,0.01805869074492101,0.3518786688064163,0.41801585119343077,-0.4854625696955677,-0.1497920996921864,-1.1662665920232604,0.37499539046053076,-0.07278059155480043,-0.4907572669355799,-0.3357660696127361,1.7068932696161572,-0.12227785523048629,0.011086474501108556,0.024390243902439046,0.024390243902439046,0.03325942350332611
616,2025-04-08,000301.XSHE,7.83,0.04679144385026733,-0.6667174777384729,-0.7674022342804775,1.6963916761272086,0.5991683987687456,1.960680067749249,-1.5382463976034015,0.7589975976429189,1.4838873574205997,1.3715190301130407,-1.4714597151863422,-0.9834264437292516,0.02298850574712641,0.019157088122605304,0.007662835249041988,0.05619412515964228
617,2025-04-08,000333.XSHE,36.019999999999996,0.032733478125969585,-1.685313624283362,-1.3289160642418025,1.2600208269626534,1.3481288972296777,0.6929989894630967,-0.568870558317676,1.4521460886410185,1.5419651404898993,1.3715190301130407,-0.42378039797366657,1.7311939331169488,0.0,0.0,0.0,0.0
618,2025-04-08,000338.XSHE,14.02,0.02037845705967972,-0.20371922930897784,-0.8297926598317358,-0.7036479942778454,-0.3994455991791638,-1.419802807680491,0.32397560944549253,-0.35003998795404023,-0.781146182282077,-0.5064945795853137,0.5768122083530461,-0.6253196250723393,0.013552068473609236,0.061340941512125546,0.04707560627674745,0.03637660485021388
619,2025-04-08,000408.XSHE,31.07,-0.008931419457735283,-0.6667174777384729,-0.8297926598317358,0.38727912863354275,1.3481288972296777,-0.4901700169373124,-1.385187054558287,1.1748866922417787,0.4384872621732105,0.802423996871115,-1.1065377058201293,-1.002977418606401,0.025104602510460206,0.053749597682652084,0.06726746057289978,0.09945284840682311
620,2025-04-09,000001.XSHE,10.25,0.0058881256133464675,1.6905965076385452,1.9583910143054755,2.0682379745815647,1.9814848097530424,1.57518816646272,1.4835223353681715,0.8871412574444691,-1.323002572454157,1.7803461474076014,2.253356801562216,1.657445970650523,0.009756097560975618,0.012682926829268304,0.018536585365853675,0.019512195121951237
621,2025-04-09,000002.XSHE,7.06,0.053731343283582006,-0.6195353661532557,-0.4200964951822471,-0.18114500066113798,0.7359800721939872,0.9378287927494807,-1.1777020719820666,1.5839893750745657,1.6524248997318989,0.5809550586277437,-0.9467078759245225,-0.7013840256057292,0.019830028328611915,-0.0014164305949008194,-0.0028328611898016387,0.0014164305949009304
622,2025-04-09,000063.XSHE,30.36,0.04906703524533511,0.920552549707945,0.8154814318243621,0.933593464945865,0.5944454429259127,0.3915207581381327,0.5866456013993065,0.5119153479513402,-0.6499892156501682,0.7308789447252259,0.7910755913199315,0.23703599757103813,0.02206851119894604,0.052371541501976315,0.03260869565217406,0.0566534914361001
623,2025-04-09,000100.XSHE,3.81,0.007936507936508002,-0.05950339674918276,-0.2965387024815862,-0.8181384095794255,-0.537831591218683,-0.4734669633298349,0.49842821773023793,-1.471421602226627,-0.455169559733224,-1.0682076884445608,-0.24735599276516904,-0.6833768965911154,0.044619422572178546,0.03937007874015741,0.047244094488189115,0.047244094488189115
624,2025-04-09,000157.XSHE,6.74,0.04012345679012342,-0.759543358504274,-0.79076987328423,-0.9773867618089973,-1.4436532185343594,-0.7010953110845632,-0.08968767339688649,-0.8549790366307723,0.41266345298770896,-1.0682076884445608,-0.8142548677504026,-1.000995533460445,0.03264094955489605,0.04302670623145399,0.02522255192878342,0.04599406528189909
625,2025-04-09,000166.XSHE,4.56,0.015590200445434164,1.3405765267609997,1.0625970172256838,0.3762242321423635,-0.42460388780422337,-0.9742493283902371,1.2629788761954996,-1.2034030954458206,-1.6063766174242575,-0.7683599162495964,0.727498147396354,-0.1034247649412457,0.019736842105263275,0.01754385964912286,0.010964912280701844,0.01754385964912286
626,2025-04-09,000301.XSHE,8.01,0.0348837209302325,-1.0045573451185559,-0.9761065623352213,-1.0171988498663902,-0.9907424048765212,-0.8831979892883458,-1.0306730992002855,-0.5601586791718853,0.2355546748813961,-0.7683599162495964,-0.710941521374589,-0.9635232638514909,0.0,-0.0024968789013731785,-0.0074906367041197575,0.051186017478152435
627,2025-04-09,000333.XSHE,36.019999999999996,0.006860801951517043,-0.09450539483693732,0.04324522744523132,0.45584840825714945,0.5944454429259127,1.028880131851372,0.26318186127938814,0.8335375560883079,0.8023027648215971,0.9557647738714492,-0.06059725123965989,1.7311939331169488,0.0,0.0,0.0,0.0
628,2025-04-09,000338.XSHE,14.21,0.023038156947444224,-0.199511389100201,-0.17298090978092528,0.05772752768321981,0.02830692585361489,0.43704642768907837,-0.4131514135168049,0.2975005425266951,0.41266345298770896,0.31858825795714973,-0.22616351145730984,-0.609500684655346,0.026038001407459488,0.035186488388458725,0.030260380014074606,0.02674173117522871
629,2025-04-09,000408.XSHE,31.85,0.041871115472685676,-1.2145693336450833,-1.2232221477365433,-0.8977625856942114,-0.537831591218683,-1.3384546847978025,-1.3835426338765602,-0.024121665610272538,0.5189287198514967,-0.6933979732008553,-0.7659095197668487,-0.9816967072464405,0.01569858712715866,0.04270015698587115,0.029199372056514905,0.08131868131868125
630,2025-04-10,000001.XSHE,10.35,0.0038797284190105865,-0.9900015661189197,0.6985384692710449,2.2312274338190425,1.7779689050138645,1.0425557551976194,-1.731991184158895,1.6419421464052466,0.7609483840432725,1.3782733687789703,2.566912140322645,1.689914921431319,-0.0009661835748792091,0.004830917874396157,0.01449275362318847,0.011594202898550732
631,2025-04-10,000002.XSHE,7.2,0.0285714285714286,0.5765943187286016,0.962137891637477,0.28915326511774825,1.1226978097999094,-0.2544035574884144,-0.878004775944956,0.5035289248976089,0.048949896049567294,-1.156482251963964,-0.6666488492954119,-0.6786225473785916,-0.01666666666666672,-0.029166666666666674,0.0,-0.01666666666666672
632,2025-04-10,000063.XSHE,31.03,-0.0019298809906722007,-0.8159353566914173,-0.09225979782825111,0.7638825063558423,0.7295351526715365,1.8406845630044095,-0.4776986470946721,0.5035289248976089,1.650946494035404,0.9030066898896703,-0.1859843778657008,0.2828579518096799,0.013857557202707094,0.016113438607799013,0.005478569126651678,0.017402513696422872
633,2025-04-10,000100.XSHE,3.98,0.012722646310432524,-1.8603326132564315,-1.6738563320268431,-0.2718903836181812,0.5547961939478151,-0.40405270895218753,-0.878004775944956,1.1165206595555677,1.0724477225405185,0.7445844635932368,0.29468009356401037,-0.6318982456015673,-0.01005025125628145,0.0,0.012562814070351758,0.0
634,2025-04-10,000157.XSHE,6.96,0.028064992614475686,0.6636274234423527,0.039539913354964894,0.07336724637316001,-0.8431154758419553,0.6434913512942244,0.4029748363759525,0.021892561952069952,0.13794970704878043,0.6653733504450201,-0.2843021106581417,-0.9737862331282036,0.015804597701149392,0.004310344827586299,-0.007183908045977017,0.00287356321839094
635,2025-04-10,000166.XSHE,4.65,0.004319654427645888,0.750660528156104,0.962137891637477,-0.2718903836181812,-0.14415964094707012,-1.1522984662710531,1.3637095456166337,-0.8975950400348681,-1.0190478359409905,-1.3149044782603974,0.11989301304411538,-0.06948943666621904,-0.006451612903225823,-0.006451612903225823,-0.006451612903225823,0.0
636,2025-04-10,000301.XSHE,8.01,-0.011111111111111094,-0.315495004587348,-1.014857776110763,-0.7897768286051929,-0.49363755839451273,-1.4515967691985996,-0.13076666875775936,-0.5473140488017488,-1.1080476469402036,-0.20594889418536352,-0.1859843778657008,-0.9635232638514909,-0.0037453183520598232,-0.014981273408239737,0.0037453183520599342,0.06741573033707882
637,2025-04-10,000333.XSHE,36.019999999999996,0.007023311416616839,1.0987929470111086,0.039539913354964894,-1.4802920885878752,-1.3673323520131193,-0.3541696584642632,1.2569612445898914,-1.7732975181176662,-1.28604726893863,-0.6812155730746637,-0.644800464230425,1.7311939331169488,0.0,0.0,0.0,0.0
638,2025-04-10,000338.XSHE,14.58,0.00551724137931035,1.0987929470111086,1.225737314003909,0.07336724637316001,-0.6683765171182341,-0.3541696584642632,0.6698455889428084,-0.5473140488017488,-0.6630485919441379,-1.0772711388157472,0.11989301304411538,-0.5770298933733591,0.020576131687242816,0.006858710562414272,-0.009602194787380003,0.00274348422496562
639,2025-04-10,000408.XSHE,32.35,-0.0018512804689909033,-0.20670362369515904,-1.1466574872939792,-0.6171480136095224,-0.6683765171182341,0.4439591493425269,0.4029748363759525,-0.021892561952069952,0.4049491400464199,0.7445844635932368,-1.1336580800595064,-0.9680350015434039,0.012055641421947483,0.025038639876352242,0.03554868624420404,0.08098918083462125
640,2025-04-11,000001.XSHE,10.34,0.0019379844961239896,2.2685433795035954,2.219051182117406,1.602303715399978,-0.8911327886790068,0.5831449938837001,2.4717724048630836,-1.4810681974626079,-1.7205397010638697,-0.589056832408579,1.953521253145474,1.6866681100123841,0.003868471953578423,0.009671179883945724,0.027079303675048294,0.010638297872340274
641,2025-04-11,000002.XSHE,7.08,-0.007012622720897591,-0.4089613368062262,-0.25957238981672387,-0.6940186044859787,-0.14852213144650114,-0.7793433095828891,-0.10321219254055927,0.16669202222412283,0.17736358047736545,-0.1748762471212968,-0.2765302591406936,-0.6981323619563824,-0.004237288135593209,-0.005649717514124353,0.03248587570621453,-0.004237288135593209
642,2025-04-11,000063.XSHE,31.46,0.027097616715638324,0.9114519479493024,0.9894977566697668,0.4754838409577985,0.5569579929243793,-0.6158447131668984,0.035113426328231466,-0.446428059519777,-1.0201230138284139,-0.35895650724897776,1.1404816392911419,0.3125075894026872,0.01557533375715181,-0.0034965034965034336,0.030197075651620997,0.005085823267641398
643,2025-04-11,000100.XSHE,3.94,0.0,-0.11553616241610876,0.05269514680489881,-0.6171899766831028,-0.48269692720112867,-0.6703442453055619,-0.01808873477514959,-0.40810805441078324,-0.24062702319540655,-0.7271170275043397,-0.12166557078748752,-0.6440109185750756,0.0050761421319796,0.012690355329949332,0.030456852791878042,0.025380710659898442
644,2025-04-11,000157.XSHE,7.07,0.030612244897959176,-0.7757428047938729,-1.0012077892930775,-0.8903584310933282,0.11139159858487585,-0.8338428417215527,-0.848042447987894,0.1858520247786197,0.49368079406757126,-0.35895650724897776,-0.9424484190594798,-0.9595901128066626,-0.005657708628005631,-0.022630834512022635,-0.021216407355021283,-0.015558698727015652
645,2025-04-11,000166.XSHE,4.62,0.0,0.6547049203579496,0.5210964517373328,-0.20743729506776484,-0.9282633215406321,-0.6158447131668984,0.8118649784375948,-1.059548141263677,-0.997528927143399,-0.7271170275043397,0.7146037463198253,-0.08080115698513136,0.0043290043290042934,-0.0021645021645021467,0.008658008658008587,0.010822510822510845
646,2025-04-11,000301.XSHE,7.98,0.00251256281407041,-0.6106911441994319,-0.8841074630599691,-0.9586505446958845,-0.6312190586476298,-0.3978465846122441,-0.3373017013954359,-0.13986801864782708,0.4710867073825566,-0.5430367673766587,-1.0856982557861954,-0.9668405162705477,0.0012531328320801727,-0.003759398496240629,0.013784461152882121,0.08395989974937335
647,2025-04-11,000333.XSHE,36.019999999999996,-0.00044876589379208885,-0.995811685586461,-0.5718399264383465,1.7047418858038124,2.339223570282393,2.3271300223209344,-0.5926720746916649,2.08269227767381,1.645979215003321,2.4942875247300775,-0.2513647472832976,1.7311939331169488,0.0,0.0,0.0,0.0
648,2025-04-11,000338.XSHE,14.88,0.025499655410062095,-0.3722831900074615,-0.3376392739721295,0.33889961375268585,0.7054801243708804,0.3106473331903823,-0.8267615835465416,0.9330921244039976,0.4710867073825566,0.8835852486128688,-0.05971969544620508,-0.5503873000896068,-0.011424731182795744,-0.016129032258064502,-0.018817204301075363,-0.02620967741935487
649,2025-04-11,000408.XSHE,32.74,0.00707474623192876,-0.5556739240012849,-0.7279736947491577,-0.7537742038882155,-0.6312190586476298,0.6921440581610273,-0.5926720746916649,0.16669202222412283,0.7196216609177183,0.10124414307022467,-1.0711796912530824,-0.9575260743802788,0.014355528405620044,0.0012217470983506562,0.019242516799022447,0.060476481368356705
650,2025-04-14,000001.XSHE,10.38,-0.001923076923076882,1.9657963914377738,0.8443515994939085,-2.1559104760473096,-2.139508892357278,-1.2959992256025328,1.7141262936096888,-1.9826882390022633,-1.634195563368185,-2.2824364167964504,-0.9926704135507006,1.6996556903247027,0.0019267822736031004,0.01156069364161838,0.007707129094412402,0.005780346820809079
651,2025-04-14,000002.XSHE,7.05,-0.0014164305949008198,-0.8525496894765973,0.07675923631762811,-0.6640679543489262,-1.053787961907316,-1.790236218417058,0.9126219692863488,-0.9721437746789895,-1.4858009605651716,-0.4709789431484738,2.4845524130531698,-0.7030098574304027,-0.008510638297872242,0.021276595744680993,0.018439716312056653,-0.031205673758865182
652,2025-04-14,000063.XSHE,31.95,-0.00745573159366258,-0.5707150813851601,-1.0746293084467924,-0.6244615157197656,0.28739671688381346,-0.08786435427813781,-0.9271947751831368,-0.1637082032203704,-0.18734818603880446,-0.28983319578367617,-0.2767715963087273,0.34620030615710295,-0.013145539906103232,-0.023474178403755874,0.010015649452269182,-0.017840375586854473
653,2025-04-14,000100.XSHE,3.96,-0.014925373134328263,1.4021271752548996,1.9957401442583291,0.22047584170232745,0.03193296854264594,-0.19769479712581006,0.2750617113018736,-0.04244286750157753,-0.09460155928692107,-0.28983319578367617,0.2345847017212537,-0.6379546657474664,0.005050505050504972,0.017676767676767735,0.022727272727272707,0.007575757575757569
654,2025-04-14,000157.XSHE,7.03,-0.016783216783216797,-0.5707150813851601,0.07675923631762811,0.4317101810578507,0.6705923393955647,-0.5271861256688268,-0.8907627604411668,0.9074689289622999,0.3320329237717425,0.5706091041991127,0.6948053699482366,-0.9643222086866062,-0.005689900426742556,-0.017069701280227556,0.005689900426742556,-0.02133712660028453
655,2025-04-14,000166.XSHE,4.64,0.0,-0.0070458652022859026,-1.2665273992408626,-0.2019928370087191,-0.09579890562793783,0.021966088569534453,-0.5446586203924516,-0.0020210889286465766,-0.1502495353380511,0.07245829894591913,-0.5835853751267158,-0.07325995433309314,-0.004310344827586077,-0.004310344827586077,0.004310344827586299,0.0021551724137931494
656,2025-04-14,000301.XSHE,7.99,-0.007453416149068384,-0.07750451722514518,0.2686573271116982,0.6429445204133739,0.542860465224981,0.9555248527747485,0.12933365233399358,0.4830402539465249,0.703019430779276,0.4347497936755144,-0.36625894846397394,-0.965734709691432,-0.01251564455569465,0.006257822277847103,0.020025031289111483,0.07759699624530647
657,2025-04-14,000333.XSHE,36.019999999999996,-0.011336515513126567,-1.275301601613753,-1.0746293084467924,1.5934990475132287,1.5647154585896512,1.120270517046257,-1.6194030552805672,1.6956936111344538,1.74178165040037,1.5216242778643003,0.030042182509261307,1.7311939331169488,0.0,0.0,0.0,0.0
658,2025-04-14,000338.XSHE,14.71,-0.019986675549633508,-0.288880473293723,-0.30703694527051206,0.32609301138008906,0.1596648427132297,0.9006096313509124,0.2386296965599036,0.32135313965480106,0.6288221293777693,0.7517548515639103,-0.5835853751267158,-0.5653738320134694,-0.0020394289598912874,-0.018354860639021142,-0.002719238613188346,-0.017675050985724083
659,2025-04-14,000408.XSHE,33.21,-0.00030102347983136695,0.2747887428891512,0.4605554179057683,0.4317101810578507,0.03193296854264594,0.9006096313509124,0.7122458882055137,-0.24455176036623233,0.1465396702679757,-0.0181145747364797,-0.6411129586550887,-0.9446526051417924,-0.001505570611261775,0.008732309545317563,0.02950918398072866,0.056609454983438834
660,2025-04-15,000001.XSHE,10.4,0.002892960462873784,1.985207642216816,1.9132558149790573,-1.3700502647053638,-1.493353280745964,-0.5098148109756021,2.3193063229897137,-2.213274014632536,-1.735064713514155,-2.0818436636549023,2.490527105025991,1.7061494804808621,0.0038461538461538325,0.02115384615384608,0.007692307692307665,0.0028846153846153744
661,2025-04-15,000002.XSHE,6.99,-0.007102272727272702,-1.5284342024147164,-1.5181268966681651,0.9881143936576172,0.043342707356743074,0.19608261960600082,-1.2269089687520278,0.9512693654622183,0.7306489859416975,1.3336810970289217,-0.500860646565875,-0.712764848378443,0.007153075822603716,0.045779685264663694,0.027181688125894166,-0.025751072961373467
662,2025-04-15,000063.XSHE,31.53,-0.01376290272130115,0.9311150888273563,1.1853867549326769,-1.7172646929305881,-1.335743435812353,-2.3922079591932097,0.322012652928273,-0.8788280109781216,-1.408720253292057,-1.0246574282051473,0.6012295777048124,0.31722445931823384,-0.0057088487155090295,0.027909927053599626,0.00666032350142709,-0.002220107833809104
663,2025-04-15,000100.XSHE,3.98,0.005050505050505055,-0.12297746456210351,-0.06238877657540401,-0.3284069800296912,0.08274516859014583,-0.23529914352720097,0.24049046231352034,-0.1544144661371537,-0.3027751380949466,0.032528807244607875,-0.6583021071759733,-0.6318982456015673,0.002512562814070307,0.02010050251256268,0.005025125628140614,0.015075376884422065
664,2025-04-15,000157.XSHE,6.99,-0.005689900426742537,-0.12297746456210351,0.24955510630161623,0.8289744473877227,0.8707943932582007,0.43138176313320176,-0.24864268137499573,0.43655447833837274,0.5493465080405319,0.0731898163003677,0.424107934518452,-0.96905413724826,-0.011444921316165924,-0.010014306151645225,0.0014306151645206988,-0.02145922746781126
665,2025-04-15,000166.XSHE,4.62,-0.0021598272138228483,-0.12297746456210351,-0.3743326594524242,-0.09693069454620842,-0.39008436621068715,0.745113954502803,-0.16712049076024305,0.18872879194541003,0.2955230389789,0.5204609159137256,-0.6583021071759733,-0.08080115698513136,-0.0021645021645021467,0.008658008658008587,0.008658008658008587,0.0
666,2025-04-15,000301.XSHE,7.89,-0.008793969849246267,-0.2108185106778918,-0.4783139537447643,-0.09693069454620842,0.3979648584573678,0.15686609568480064,-0.24864268137499573,0.03622067724204837,0.11422056107773436,0.032528807244607875,-0.28437863822698994,-0.976791938891138,0.0076045627376426506,0.025348542458808687,0.04816223067173642,0.1077313054499367
667,2025-04-15,000333.XSHE,36.019999999999996,0.019714070729872118,-1.1770700179515632,-0.9982204252064647,1.40766516109643,1.8164534628598668,1.215712241557205,-1.2269089687520278,1.3325396522206225,1.6371613754475256,1.1710370608058827,-0.9633449371080385,1.7311939331169488,0.0,0.0,0.0,0.0
668,2025-04-15,000338.XSHE,14.68,-0.002717391304347889,0.579750904364203,0.3535364005939563,-0.21266883728794983,-0.5476942111442982,-0.35294871529080146,0.4850570341577784,-0.26879555216467493,-0.3209053858850632,-0.3334202742572304,-0.3434191859557768,-0.5678715594477314,-0.0027247956403269047,-0.00544959128065392,-0.01021798365122617,-0.00476839237057225
669,2025-04-15,000408.XSHE,33.16,-0.008669656203288677,-0.2108185106778918,-0.2703513651600842,0.59749816190424,0.5555747033909788,0.745113954502803,-0.24864268137499573,0.5699990787038142,0.4405650212998325,0.27649486157916675,-0.10725699504062947,-0.9459662210371831,-0.011459589867309883,0.006332931242460926,0.030156815440289586,0.04252110977080825
670,2025-04-16,000001.XSHE,10.44,0.005780346820809125,-0.3946761086881631,0.8137411550596573,-0.5198648944142337,-0.6225126250651899,-0.6112672492574585,0.34683417832083147,-1.2930308065025036,-1.0997122772229355,-1.2163821891610977,2.5082292599919063,1.7223840395304053,0.005747126436781658,0.0019157088122607746,0.0009578544061301653,-0.007662835249042099
671,2025-04-16,000002.XSHE,7.04,0.008595988538681891,1.1840283260644893,1.726348057930301,-1.482577661848,0.8003733750838156,-1.879935125074825,-0.0948273221626243,-0.44620962340262715,-1.0997122772229355,-1.4125728648322426,-0.12992930954993573,-0.7046356892550759,0.022727272727272707,0.019886363636363535,0.0042613636363637575,-0.032670454545454586
672,2025-04-16,000063.XSHE,31.35,-0.004129606099110515,-1.4471457318565981,-1.9240795535522741,0.3144861706950303,-0.6225126250651899,1.2340678428405292,-0.8742299700746051,0.20519128667420083,0.24467925972441845,1.7264779459060742,-1.2379559087575092,0.26331634675677457,-0.004784688995215336,0.02934609250398723,0.02328548644338113,0.018819776714513514
673,2025-04-16,000100.XSHE,3.99,0.0,0.6577935144802719,0.5095388541027761,0.8279329799930389,0.6225126250651899,0.4844004616757218,-0.38060829306368393,0.4006115596972492,0.5404453978528363,-0.10463502702461057,-0.024402966768262056,-0.6287693935771366,0.010025062656641603,0.015037593984962294,0.0,0.027568922305764243
674,2025-04-16,000157.XSHE,6.91,-0.0028860028860028244,0.13155870289605437,-0.40306804876786767,-1.2258542571989957,-0.9782341251024412,0.08073341027928699,1.9056394741447928,-1.1953206699909793,-0.29307735505452315,-0.4970163783669001,-0.776278159087687,-0.9797012693189883,0.0,0.02315484804630974,0.02026049204052094,-0.0028943560057888007
675,2025-04-16,000166.XSHE,4.61,0.0,1.4471457318565981,0.35743770362433547,-0.9691308525499913,-1.156094875121067,-1.0726010222819555,0.9313861642548171,-0.9673303514640895,-1.5299175690460889,-0.6278101621476633,-0.024402966768262056,-0.08457184197029512,0.002169197396963085,0.010845986984815648,0.006507592190889255,0.008676789587852562
676,2025-04-16,000301.XSHE,7.95,0.016624040920716097,-0.7893522173763262,0.12928597790667454,1.0846563846420432,0.9782341251024412,1.0610676779563428,-1.0041304113932685,1.377712924812491,1.2664168278044075,0.4185401080984423,0.42408399005385106,-0.9701576013713145,0.011320754716980908,0.02515723270440251,0.0591194968553459,0.10691823899371067
677,2025-04-16,000333.XSHE,36.019999999999996,-0.0026674570243035984,-1.1840283260644893,0.05323540266745423,1.3413797892910475,1.8675378751955696,1.0034009563282806,-1.21197111750313,1.5079931068278567,1.4277438122380899,1.0725090270022581,0.10090956528497544,1.7311939331169488,0.0,0.0,0.0,0.0
678,2025-04-16,000338.XSHE,14.64,0.0027397260273973236,-0.3946761086881631,-1.0114726506816303,0.5712095753440346,-0.2667911250279385,-0.1499334762329615,-0.4845286461186147,0.5960318327202976,0.3522305826802068,0.7455245675503502,-0.3409819951132831,-0.5697344812894432,-0.013661202185792476,0.002049180327868827,-0.003415300546448119,-0.009562841530054711
679,2025-04-16,000408.XSHE,32.78,-0.012055455093429734,0.7893522173763262,-0.25096689828942703,0.057762766046025996,-0.6225126250651899,-0.1499334762329615,0.8664359435954854,-0.18564925937189594,0.1909035982465243,-0.10463502702461057,-0.4992715092857936,-0.9564751482003082,0.021964612568639463,0.043014032946918856,0.05064063453325196,0.06345332519829161
680,2025-04-17,000001.XSHE,10.5,0.009615384615384581,-2.3099659607040506,-2.340665941946284,2.0523453647481564,2.515928622156159,-0.6791173465242946,-2.49485066394583,2.2137406676778304,1.7232293763815059,1.9779563711456587,1.7507696874189396,1.7311939331169488,0.011428571428571344,-0.0019047619047618536,-0.0028571428571427804,-0.008571428571428563
681,2025-04-17,000002.XSHE,7.2,0.02564102564102573,0.8221912741488995,0.2362139941413681,0.4083477857509252,-0.3420163676301669,1.2812213857107826,-0.022680460581325723,0.0993139807496567,0.5112878369483589,0.02691097103599535,-2.197098069993013,-0.6786225473785916,0.015277777777777724,-0.002777777777777879,-0.01666666666666672,-0.05138888888888893
682,2025-04-17,000063.XSHE,31.2,0.0032154340836012176,0.08521310124232298,0.14077399650849207,-0.5992636336344747,-0.014055467162883603,-1.239214127162888,0.4989701327891659,0.0993139807496567,-0.5491610100556448,0.29602068139594895,0.23742038041102437,0.25320848153496295,0.038782051282051144,0.017307692307692246,0.011858974358974317,0.050000000000000044
683,2025-04-17,000100.XSHE,4.03,0.01767676767676775,-0.28327598521096525,-0.52730598692164,-0.1750061938932537,-0.014055467162883603,1.421245580870431,0.022680460581325723,0.5478287325222996,1.0036390873430747,0.5651303917559025,-0.5302205724190776,-0.6166558840121779,0.007444168734491052,-0.007444168734491385,-0.012406947890818976,0.05210918114143914
684,2025-04-17,000157.XSHE,6.91,0.0014492753623188096,1.0524969531822046,1.3337739669194422,-1.0235210733756956,-0.9510866113551216,-0.9591657368435913,1.065981647322309,-1.534561186422114,-1.5338635108450767,-1.722302146303703,0.3580496729986118,-0.9797012693189883,0.0014471780028944004,0.013024602026049159,0.01013024602026058,0.03907380607814748
685,2025-04-17,000166.XSHE,4.62,0.006535947712418355,-0.8360096148908976,-0.6466059839627349,-0.5992636336344747,-0.014055467162883603,0.4410762147528924,-0.11340230290662862,0.48375519655477917,0.5112878369483589,0.6996852469358793,-0.0038382047641505254,-0.08080115698513136,0.008658008658008587,0.008658008658008587,0.006493506493506551,0.015151515151515138
686,2025-04-17,000301.XSHE,8.04,0.022900763358778477,0.7070384346322469,0.570253985856434,1.0977661253304092,-0.9510866113551216,-0.04900846830587688,0.2948459875572344,-0.6695684508605884,-0.7764000486993597,0.02691097103599535,-0.16833269465631523,-0.9602060114324341,0.006218905472636926,0.028606965174129417,0.06343283582089576,0.11069651741293551
687,2025-04-17,000333.XSHE,36.019999999999996,0.002982403817476929,0.6379467309222554,0.6656939834893101,0.46137996571857776,0.3607569905140116,-0.6791173465242946,-0.5670115145331431,-0.28512723505546583,-0.7006537024847881,-0.6458633048638885,0.7309038500875186,1.7311939331169488,0.0,0.0,0.0,0.0
688,2025-04-17,000338.XSHE,14.44,-0.010281014393420175,-0.23721484940430423,0.14077399650849207,-0.5992636336344747,0.17335076167556399,1.1411971905511342,0.43092875104518874,-0.15698016312042498,0.5112878369483589,-0.44403102209392337,-0.26702938859161407,-0.5872386515240868,0.011080332409972415,0.006232686980609303,0.012465373961218829,0.024930747922437657
689,2025-04-17,000408.XSHE,33.5,0.02196461256863938,0.3615799160822892,0.4270939894071201,-1.0235210733756956,-0.763680382516674,-0.6791173465242946,0.8845379626717033,-0.7977155227956292,-0.7006537024847881,-0.7804181600438653,0.08937533950807613,-0.9367707424511584,-0.003880597014925491,0.019701492537313348,0.043880597014925415,0.062089552238805856
690,2025-04-18,000001.XSHE,10.62,0.013358778625954082,-1.6034287434113197,-1.732424154638501,1.479781927897311,1.4548745841252153,1.0576886612358012,-1.793207883389753,1.6581781522197712,1.7367156131914268,1.4874327691385307,-2.206063105743947,1.7311939331169488,-0.015065913370997941,-0.016007532956685444,-0.016007532956685444,-0.014124293785310549
691,2025-04-18,000002.XSHE,7.31,0.016689847009735633,-0.47026355372134115,-0.781587626296843,0.5559312171618593,1.2659298329401225,0.0503661267255144,-1.2239355394564981,0.6358734961040061,0.1330327804438344,0.5519404615042347,1.271035600960329,-0.6607385646254743,-0.017783857729138153,-0.03283173734610112,-0.035567715458276306,-0.05608755129958953
692,2025-04-18,000063.XSHE,32.41,0.042457381794789216,-0.01699747784534967,-0.17305224815818182,1.0907921549560682,0.22673370142211147,0.8745391095066581,1.176908693653316,0.5540891236147448,0.6797428370623317,0.3648419999773755,-0.33377918674933676,0.3347446921087248,-0.004319654427645592,-0.010182042579450767,-0.02437519284171541,0.0083307621104598
693,2025-04-18,000100.XSHE,4.06,0.007444168734491156,-0.6968965916593369,-0.4773199372275124,0.5721391243677445,-0.15115580094807432,1.1950508250326586,-0.11014182306534714,0.431412564880853,0.5521771571846824,0.9261373845579531,-0.5120919409392997,-0.6075706681793135,-0.0024630541871920597,-0.01724137931034464,-0.004926108374384119,0.036945812807881895
694,2025-04-18,000157.XSHE,6.92,0.005813953488372098,0.6629016359686375,0.8918846635844753,-0.7244934521030647,-0.717990054503353,-0.22435820086820019,-0.06063988011462933,-0.7340147430911195,-0.632361298822062,-0.5238756922752058,0.5187786692214231,-0.9785183290081474,0.021676300578034713,0.01878612716762995,0.005780346820809301,0.024566473988439252
695,2025-04-18,000166.XSHE,4.66,0.010845986984815578,-0.6968965916593369,-0.4202697455270129,0.5721391243677445,0.6046232037922973,1.0576886612358012,-0.023513422901590968,0.5540891236147448,0.7161901741702316,0.4583912307408051,-0.779561072224244,-0.0657187516810549,0.0,-0.0042918454935623185,0.0021459227467810482,0.008583690987124415
696,2025-04-18,000301.XSHE,8.09,0.0049689440993787755,0.4645977277728912,0.45449986054731256,-1.2431464826913883,-0.34010055213316726,-1.1401059595139154,0.7313912070968558,-0.836245208702696,-0.8145979843615613,-0.944847230710639,0.33489364146302397,-0.9546774804917263,0.007416563658838138,0.040791100123609425,0.06922126081582203,0.10135970333745359
697,2025-04-18,000333.XSHE,36.019999999999996,-0.0004460303300624611,1.7110794364318678,1.6335371556909688,-1.5024729979855502,-2.0406033127990035,-1.3232555112430584,1.5234222943083406,-1.7358733060845697,-1.5799920636274576,-1.6932410768180761,0.5243509427898595,1.7311939331169488,0.0,0.0,0.0,0.0
698,2025-04-18,000338.XSHE,14.6,0.012482662968099842,-0.5269218132058401,-0.4392864760938461,-0.33550367916182194,-0.15115580094807432,-0.40750775259734323,-0.15964376601606498,0.3087360061469611,0.24237479176753388,0.41161661535909033,0.29031545291553323,-0.5739020452586688,0.004794520547945158,-0.00068493150684934,-0.007534246575342407,-0.020547945205479423
699,2025-04-18,000408.XSHE,33.37,-0.005661501787842814,1.1728259713291278,1.0440185081191407,-0.46516693680890286,-0.15115580094807432,-1.1401059595139154,-0.06063988011462933,-0.836245208702696,-1.0332820070089603,-1.0383964614740686,0.8921209983066579,-0.9401862107064901,0.02457296973329348,0.032064728798321784,0.040455498951153857,0.05753670961941859
700,2025-04-21,000001.XSHE,10.46,0.0019157088122606658,0.6736887135475437,1.2523954699239572,-0.3086066999241838,0.2780772715878573,0.6432521194847796,-0.6761852548635175,-1.2658179895530255,-1.9577525400975464,-1.3026893421082293,-1.947331519361047,1.7288778296865646,0.0019120458891013214,0.0009560229445506607,-0.0019120458891014325,0.005736137667303964
701,2025-04-21,000002.XSHE,7.18,-0.002777777777777842,1.1506364753511145,0.84511239027389,0.0,0.9732704505575008,0.13732348618214388,-1.022207560124166,0.30175846809778006,0.44124400794321056,-0.19366537868699218,1.1042961236282258,-0.6818742110279384,0.0,-0.01392757660167121,-0.04874651810584951,-0.04178272980501385
702,2025-04-21,000063.XSHE,32.27,0.008437500000000098,-0.7571545718631685,-0.7840199283263797,-0.6943650748294136,0.10427897684544638,-0.22405410903402448,-0.47433891012813917,-0.01175682343238107,0.09853021536595954,-0.19366537868699218,0.17392184222905727,0.32531078495934107,-0.016423923148435216,-0.021691973969631295,-0.02757979547567413,0.024480942051440913
703,2025-04-21,000100.XSHE,4.05,0.0,-1.2341023336667392,-1.191303007976447,2.0830952244882406,0.33601003650199424,1.871935943219752,-0.7338556390736256,1.320683165570804,0.9124754727369306,1.6602254258380607,-0.9053123241939782,-0.6105991292296984,-0.012345679012345623,-0.01728395061728394,-0.014814814814814725,0.039506172839506304
704,2025-04-21,000157.XSHE,7.07,0.027616279069767498,-1.5918131550194172,-1.191303007976447,0.5400617248673216,1.7263963944412815,0.9323541956577143,-1.2528890969645985,1.2814937541295337,0.9553146968090871,1.4615942682103764,-1.0355647235898617,-0.9595901128066626,-0.00990099009900991,-0.012729844413012725,-0.026874115983026914,0.00990099009900991
705,2025-04-21,000166.XSHE,4.66,0.0,1.1506364753511145,1.2523954699239572,-1.620185174601965,-0.822645261780745,-0.5131561852069592,0.8664975227568741,-1.2658179895530255,-0.5868973697885425,-1.3854523244530976,1.1787260661401593,-0.0657187516810549,0.0,-0.0021459227467810482,-0.0021459227467810482,0.010729613733905463
706,2025-04-21,000301.XSHE,8.15,0.009913258983890963,0.3755963624203119,1.0487539300989237,0.07715167498104596,-0.3591831424676494,-1.0190848185095949,0.823244734599293,0.30175846809778006,-0.15850512906697872,-0.19366537868699218,0.3320854700669159,-0.9480429756536126,0.014723926380368013,0.04907975460122693,0.05644171779141094,0.10674846625766854
707,2025-04-21,000333.XSHE,36.019999999999996,0.00849478390462008,-0.5186806909613831,-0.4785576185888291,0.8486684247915055,0.10427897684544638,-0.22405410903402448,-0.09948141276243655,0.7720314053930217,1.4693853856749637,0.4684384800719553,0.4065154125788494,1.7311939331169488,0.0,0.0,0.0,0.0
708,2025-04-21,000338.XSHE,14.67,0.008247422680412318,0.912162594449329,-0.17309530885127858,-0.5400617248673216,-1.9813005600634843,0.0650479671389102,0.823244734599293,-1.2658179895530255,-0.5868973697885425,-0.3922965363146764,0.06227692846115705,-0.5672337421259597,-0.009543285616905317,-0.0034083162917519783,-0.01499659168370826,-0.024539877300613466
709,2025-04-21,000408.XSHE,34.19,0.016047548291233258,-0.16096986960870513,-0.5803783885013459,-0.38575837490522974,-0.3591831424676494,-1.6695644898986979,1.7459708819610227,-0.16851446919746163,-0.5868973697885425,0.07117616481658681,0.6303867240405243,-0.9178545731665593,-0.0008774495466511434,0.02281368821292773,0.026323486399532303,0.010236911377595748
710,2025-04-22,000001.XSHE,10.48,0.0019120458891012976,-2.002349827010036,-1.8409664418216816,2.3556996837040134,2.337432579786523,1.321484419217311,-2.3272347964295976,1.9736914075597685,1.2048352118741155,1.8010793686058848,-2.579095068778938,1.7311939331169488,-0.002862595419847458,-0.002862595419847458,-0.004770992366412319,0.01049618320610679
711,2025-04-22,000002.XSHE,7.18,0.002793296089385415,0.5855013225990575,-0.40787879249941444,0.09316326432727728,-0.9915295935694745,-1.4036105695641496,1.0250147718346427,-0.558421280260324,-1.1084483949241863,-0.3882783595181255,-0.48911957684634877,-0.6818742110279384,-0.01532033426183832,-0.01810584958217265,-0.05153203342618384,-0.05571030640668517
712,2025-04-22,000063.XSHE,31.74,-0.01121495327102813,-0.44963913724458,0.03307125344589855,0.49243439715846604,0.3686915095222234,1.4708046925751992,0.10816018906151713,0.6172024676561475,1.4361635725539457,0.6761607569178574,0.7021664535552269,0.2895965286242209,0.010712035286704502,-0.003780718336483857,-0.008821676118462407,0.02425960932577187
713,2025-04-22,000100.XSHE,4.0,-0.00990099009900991,-0.44963913724458,0.03307125344589855,-0.039927113283118966,0.22551034077572887,-0.28370851937998776,-0.29296369090172536,0.4815535736657854,0.33735385932475237,0.5793935645145862,0.5976676789585975,-0.625741099845042,-0.0024999999999999467,0.010000000000000009,0.010000000000000009,0.05499999999999994
714,2025-04-22,000157.XSHE,7.0,-0.011299435028248598,0.39141248637837545,0.25354627641855504,-0.8384693789454964,0.3686915095222234,-1.067639954508901,-0.4648739251716864,-0.26451534328120613,-0.6072369467845542,-0.3882783595181255,0.19012245803174263,-0.9678711969374191,0.0071428571428571175,-0.005714285714285672,-0.02285714285714291,0.024285714285714244
715,2025-04-22,000166.XSHE,4.66,0.002150537634408556,-0.1908540222836706,-0.1322850137835938,0.49243439715846604,0.3686915095222234,-0.02239804100368329,0.015042145498621554,0.5267698716625727,0.7421784905144552,0.19232479490150153,0.5976676789585975,-0.0657187516810549,-0.0042918454935623185,0.0021459227467810482,-0.008583690987124526,0.0021459227467810482
716,2025-04-22,000301.XSHE,8.27,0.014723926380368001,-0.44963913724458,-0.24252252526992207,-0.572288623724704,-0.34721433421024916,-0.09705817768262742,-0.29296369090172536,-0.015825704298875642,-0.26024440576480895,-0.001209589905040821,-0.20697288543544926,-0.9347743006139657,0.01813784764207993,0.045949214026602236,0.056831922611850105,0.09189842805320425
717,2025-04-22,000333.XSHE,36.019999999999996,0.0059180352123093865,1.814730618663377,2.017346460199807,-1.1046501341662889,-1.0631201779427217,-0.9183196811510128,1.0250147718346427,-1.553179836189646,-1.378331482383988,-1.9365534379704643,0.8380148605308452,1.7311939331169488,0.0,0.0,0.0,0.0
718,2025-04-22,000338.XSHE,14.53,-0.006835269993164827,0.003234813937011413,-0.6283538154720709,-0.039927113283118966,-0.49039550295674367,1.0228438725015345,0.17978945334066757,-0.015825704298875642,0.5879595833945683,0.33747558350640827,0.34687061992668683,-0.5797369359885068,0.004129387474191448,-0.002752924982794114,0.00550584996558845,-0.015141087405368125
719,2025-04-22,000408.XSHE,34.16,-0.00697674418604657,0.7472420194496259,0.9149713453365245,-0.8384693789454964,-0.7767578404497327,-0.02239804100368329,1.0250147718346427,-1.1914494522153471,-0.9542294878042995,-0.8721143215344814,0.00267778109903857,-0.9189054993465297,0.00819672131147553,0.016393442622950838,0.012002341920374748,0.032786885245901676
720,2025-04-23,000001.XSHE,10.45,-0.0028625954198474367,-2.4178211832979497,-2.2924018250195193,1.682943883842378,1.6321024444751455,-0.09566554266055595,-1.8543475297562129,1.6426316611891607,-0.36629659275578585,2.1328034087694365,-2.384278917125038,1.7256310182676298,0.001913875598086312,-0.000956937799043045,-0.008612440191387516,0.014354066985645897
721,2025-04-23,000002.XSHE,7.07,-0.015320334261838361,-0.2698401209566285,0.16980754259403846,0.1584298860455525,1.2435066243620156,2.2959730238533442,-0.4041698815761189,1.1299767864357164,2.459951229522359,0.48485186048653856,1.5660868422997336,-0.6997581937810559,0.0014144271570013522,-0.03394625176803401,-0.036775106082036824,-0.031117397454031193
722,2025-04-23,000063.XSHE,32.08,0.003126954346466475,-0.2698401209566285,-0.8490377129701923,0.7263860813031935,0.07771916402262599,0.5421047417431508,0.48204979231171646,0.3609944743055502,0.4890152481968106,0.6346656376031656,-0.2323049771914818,0.3125075894026872,-0.015897755610972508,-0.021820448877805432,-0.00436408977556102,0.03397755610972575
723,2025-04-23,000100.XSHE,3.99,-0.009925558312655096,0.15975609151163575,0.5094226277821153,-1.6650084250447685,-1.3471321763921835,-1.2516241831422743,1.448834891098446,-1.3051338686431433,-1.0170773413066745,-1.2584357277796676,0.15175836053037098,-0.6287693935771366,-0.0025062656641604564,0.0,0.027568922305764243,0.09022556390977421
724,2025-04-23,000157.XSHE,7.05,0.005706134094151218,1.2337466226822964,1.0188452555642307,-0.9475900731403799,-1.4766641164298935,-0.09566554266055595,1.2339937580347284,-1.3264944884245369,-0.5150464781388461,-1.0950025163797108,0.5906878893553456,-0.9619561607466344,-0.0099290780141843,-0.024113475177305,-0.02269503546099294,0.026950354609929228
725,2025-04-23,000166.XSHE,4.64,-0.006423982869379069,0.052357038394569684,0.2971631995395673,0.7263860813031935,0.5958469241734657,0.7015473128440775,-0.22961146096184826,0.4464369534311243,0.5262027195425757,0.2669409119532628,-0.043321430058506624,-0.07325995433309314,0.0021551724137931494,0.0021551724137931494,0.0021551724137931494,0.02155172413793105
726,2025-04-23,000301.XSHE,8.42,0.01937046004842617,0.37455419774576787,-0.12735565694552883,-0.9475900731403799,-0.5699405361659239,-0.693575184289031,0.6431806421095048,-0.9206427125780602,-0.7009838348676715,-0.6047028821798403,0.10908465633905401,-0.9181882058369717,0.015439429928741255,0.0225653206650831,0.04513064133016642,0.0878859857482186
727,2025-04-23,000333.XSHE,36.019999999999996,-0.0035113386978784917,0.4282537243043009,0.3396150851880769,-0.46931117187078747,0.07771916402262599,-0.09566554266055595,-0.484735306475013,-0.49343031695019,-0.7009838348676715,-0.38679193364656445,-0.4334810112362618,1.7311939331169488,0.0,0.0,0.0,0.0
728,2025-04-23,000338.XSHE,14.59,-0.002051983584131283,1.0189485164481644,1.1886527981582693,0.48724663066839724,-0.3108766560905039,-0.7334358270642627,0.07922266781724586,0.10466703692882819,-0.10598429333543041,-0.5502251450465213,0.39560809876646796,-0.57473562497983,0.0020562028786839104,-0.00959561343385884,-0.006168608636052064,0.0
729,2025-04-23,000408.XSHE,34.44,0.007017543859648973,-0.3101147658755283,-0.25471131389105767,0.24810718003360108,0.07771916402262599,-0.5739932559633361,-0.9144175726024482,0.3609944743055502,-0.06879682198966536,0.3758963862199007,0.2801604883203158,-0.9112864936896059,0.015389082462253123,0.018873403019744606,0.012195121951219523,0.017711962833913963
730,2025-04-24,000001.XSHE,10.47,0.002873563218390914,-2.4349631401778917,-2.24688734023875,-2.018732264737783,-0.48384299751342336,-1.7038144534025486,-2.436510955691169,1.1771661293061755,2.0635707551284073,-1.5004591000289684,2.072526160729205,1.7311939331169488,-0.0019102196752628364,-0.003820439350525451,-0.005730659025788065,0.02387774594078329
731,2025-04-24,000002.XSHE,7.08,0.0014144271570013841,-0.1505627528041767,0.2512493830937899,0.19896570471434236,-0.6451239966845644,-0.8952245433132034,0.7910749856140159,-0.7789556285913268,-0.6578413437560862,0.6414176305467345,-0.5163812271946724,-0.6981323619563824,-0.004237288135593209,-0.03813559322033899,-0.035310734463276816,-0.031073446327683607
732,2025-04-24,000063.XSHE,31.57,-0.013745704467353882,-0.5659082777812158,-0.9547476557564017,-0.7645071920399229,-0.8064049958557056,0.14439105537309732,-0.5062879907929702,0.4785512157713532,1.133087941906871,-0.5612404267283927,0.9977832526153211,0.2781410818941332,0.0015837820715869366,-0.0034843205574912606,0.037694013303769314,0.03832752613240431
733,2025-04-24,000100.XSHE,3.98,-0.0025062656641604585,0.2647827721728624,0.19382095267235225,0.3300892350418459,0.0,0.8085899100893451,0.30060849453332605,-0.28992518911695125,-0.192599937145318,0.4581554503905247,-0.29991739877294354,-0.6317978546275215,0.015075376884422065,0.015075376884422065,0.0653266331658291,0.07537688442211055
734,2025-04-24,000157.XSHE,6.98,-0.008522727272727217,0.3686191534171222,0.7681052568867293,1.1510365553531725,1.6128099917114112,1.0684938097609202,0.49046649108068985,0.23403599603416544,-0.9379867068765487,1.282835261093469,-1.1484556061861209,-0.9702372448773908,-0.002865329512894088,-0.02005730659025795,0.02865329512893977,0.02865329512893977
735,2025-04-24,000166.XSHE,4.65,0.0,-0.462071896536956,-0.5096773199902596,-0.5820744541929614,0.1612809991711411,0.2599038996715752,-0.7436104864771749,0.6182741984783177,0.7028647056861606,-0.2748932702343148,0.6005721274614485,-0.06948943666621904,0.004301075268817067,-0.006451612903225823,0.008602150537634357,0.017204301075268935
736,2025-04-24,000301.XSHE,8.55,0.014234875444839977,0.8358828690162913,0.9403905481510424,1.0142120019679515,0.8064049958557056,0.8085899100893451,0.8385394847508568,-0.22006369776346899,-0.8479399830164001,0.8246798107029444,-0.9092630757801103,-0.9038137242182092,0.011695906432748426,0.022222222222222143,0.04444444444444429,0.10175438596491215
737,2025-04-24,000333.XSHE,36.019999999999996,0.007576861430861289,0.939719250260551,0.19382095267235225,-0.7188990075781825,-1.7740909908825522,-1.4727887648055928,0.3638944933824473,-2.3159084383679356,-0.2876492567754749,-1.7409907114839938,0.2325836191445095,1.7311939331169488,0.0,0.0,0.0,0.0
738,2025-04-24,000338.XSHE,14.62,-0.0013661202185793271,0.6282101065277717,0.3373920287259465,0.6037383418122881,0.0,0.2599038996715752,0.2847869948210457,0.8977201638922465,-0.07754023443512803,0.4123399053514722,-0.15272199544616788,-0.5722350531346365,-0.008891928864569021,-0.0006839945280437965,0.012311901504788114,-0.004103967168262557
739,2025-04-24,000408.XSHE,34.97,0.018642586658898938,0.5762919159056418,1.026533193783199,0.7861710796592496,1.1289669941979878,0.7219552768654867,0.6170384887789324,0.19910525035742432,-0.8979659407164826,0.4581554503905247,-0.8767258565704693,-0.8968365515220187,-0.007148984844152162,-0.011438375750643326,0.017443523019731177,0.004003431512725308
740,2025-04-25,000001.XSHE,10.45,-0.0028625954198474367,-2.627106539204314,-2.5100638583733486,-1.844998268732297,0.47698513777076307,-1.2534558949382189,-2.5029479683079128,2.1265288207647126,1.9850206880451082,-0.30961322180868384,1.5752750891360388,1.7256310182676298,-0.000956937799043045,-0.008612440191387516,0.001913875598086312,0.038277511961722466
741,2025-04-25,000002.XSHE,7.05,-0.0056417489421720785,0.9722054728105316,0.5109815000825857,0.41214504812172204,-0.5518063358524514,0.8183720305794984,0.8176411695230535,0.24879917770536378,0.18874887419022063,0.16153733311757418,0.1959092410001129,-0.7030098574304027,-0.031205673758865182,-0.03404255319148941,-0.02127659574468077,-0.02269503546099294
742,2025-04-25,000063.XSHE,31.62,-0.0015787811809283457,-0.5144668799782088,-0.6219105093383896,-1.0992754029870162,0.28993214256654226,-0.4247247247311321,-0.7262171568970581,-0.31451971521244093,1.1149515282091471,-1.413451664778774,1.2044942250906516,0.28151037030140375,-0.007590132827324569,0.010120177103099204,0.033523086654016376,0.0436432637571158
743,2025-04-25,000100.XSHE,4.04,0.01253132832080196,0.18974633976382607,0.133350830275594,0.6052340044307679,0.6640381329749838,-0.3901942593058368,0.11902371455082425,0.3426856598583312,-0.39363612795804376,-0.05384577770585806,-0.37780929760509524,-0.613627422961793,-0.012376237623762387,0.014851485148514865,0.04207920792079212,0.05940594059405946
744,2025-04-25,000157.XSHE,6.96,-0.0057142857142857195,0.5418529496348435,0.9358160036154515,1.031361356285214,0.8510911281792047,1.2327376156830419,0.5847686845323105,0.48351538308778236,-1.1865217332924278,1.7230648865874578,-1.3589290325070869,-0.9737862331282036,-0.011494252873563204,-0.010057471264367845,0.01867816091954011,0.025862068965517127
745,2025-04-25,000166.XSHE,4.67,0.004301075268817112,0.15062338311149082,-0.18527504737405534,-0.7796798890961817,-2.141756795088328,-1.2534558949382189,0.05864936659026123,-1.4411575010480502,0.5816833334709773,-1.3461444426464515,0.8916955537766418,-0.0619482340141808,-0.004282655246252598,-0.004282655246252598,0.0064239828693790635,0.03854389721627394
746,2025-04-25,000301.XSHE,8.65,0.014067995310668347,0.5418529496348435,0.7824035440063611,0.8715635993397968,0.8510911281792047,0.7493110997289077,0.7227671941564545,-0.5022926795183759,-1.0040878771977908,0.5923035547644386,-1.0507079027245017,-0.8927564950185032,-0.0046242774566475076,0.01734104046242768,0.030057803468207966,0.08323699421965314
747,2025-04-25,000333.XSHE,36.019999999999996,-0.0027476500361534625,0.15062338311149082,0.05074412125531452,-0.35355253724173574,-1.2064918190672242,-0.5628465864323132,-0.03622460877633781,-0.6900656438243107,-0.021751728995899042,-0.16153733311757418,0.20201262970867895,1.7311939331169488,0.0,0.0,0.0,0.0
748,2025-04-25,000338.XSHE,14.49,-0.008891928864569016,0.15062338311149082,0.22775849772734194,0.019308895630904578,0.10287914736232145,-0.4247247247311321,0.17077315565987827,-0.8778386081302456,-0.44275293536813837,-0.43076622164686446,-0.26794830085090643,-0.5830710875548614,-0.002760524499655026,0.0006901311249136732,-0.013112491373360902,0.0069013112491373985
749,2025-04-25,000408.XSHE,34.72,-0.003158196956646553,0.44404555800400536,0.6761949181231447,1.1378931942488255,0.6640381329749838,1.5089813390854043,0.7917664489685265,0.6243451063172336,-0.8216540211031537,1.2384528872347353,-1.013992205024534,-0.9034047983172621,0.01065668202764991,0.0040322580645162365,0.016417050691244217,0.023617511520737322
750,2025-04-28,000001.XSHE,10.44,0.0,2.061239282634865,-1.6520858453897131,-1.9856452641680262,-1.710468889003794,-1.8682199519678897,-2.1784086654306485,-2.036658854140496,1.7223168129355455,-2.1415503252088306,1.917987549360832,1.7223840395304053,-0.0009578544061302763,-0.002873563218390718,0.00766283524904221,0.03544061302682011
751,2025-04-28,000002.XSHE,6.83,-0.020086083213773268,-0.6813659998730635,0.07117830172880851,0.40839512525441674,0.25313993239751864,1.0029391321090777,0.3687980237027496,0.3793961350159775,-0.3094714535531374,0.7332934965695608,-0.5088679921081845,-0.7387779902549274,-0.002928257686676483,0.0,0.007320644216691097,-0.005856515373352855
752,2025-04-28,000063.XSHE,31.38,-0.006647673314340008,0.34711098106740973,-1.2774632047117738,-1.0247155576870457,-1.3082839496806336,-1.081601024823515,-0.7094673845807135,-0.7531296411511196,1.214369746313375,-0.8201935375591354,1.1035272752296932,0.26533788633747896,0.002549394518801762,0.04397705544933084,0.05353728489483767,0.02517527087316762
753,2025-04-28,000100.XSHE,3.99,-0.007462686567164021,0.004285320753918699,0.5207254705423359,0.035620670154036325,0.20582405718302915,-0.07866189271443746,0.6969657566585862,-0.11136503465643119,-0.43175500662884514,-0.028569876489723128,-0.21613444430452874,-0.6287693935771366,0.012531328320801949,0.06265664160400997,0.05513784461152871,0.06265664160400997
754,2025-04-28,000157.XSHE,6.88,-0.01432664756446999,-1.4955769431176047,0.5956499986779238,1.0959568979951184,1.1521415614728185,0.8849462930374214,0.6969657566585862,1.1532887487301606,-1.212488460881441,1.1856498743235104,-1.214733563021838,-0.9832502575698009,-0.005813953488372103,0.043604651162790775,0.03779069767441867,0.013081395348837122
755,2025-04-28,000166.XSHE,4.65,-0.004282655246252586,0.004285320753918699,-0.9028405640338342,-0.6933604864867076,-0.5512299462488023,-0.45230588310801545,-0.4906888959434891,-0.6021262043288399,0.819299805607242,-0.5047344846517755,0.728167322804038,-0.06948943666621904,-0.006451612903225823,0.008602150537634357,0.012903225806451424,0.02580645161290307
756,2025-04-28,000301.XSHE,8.61,-0.0034722222222223534,0.7756430564592736,1.3074330159660088,0.797737333914814,0.4897193084699659,0.4719713562866248,1.3533012225702594,0.22839269819369792,-1.1748627522427617,0.5428276533047398,-0.8594400231472399,-0.8971793866983856,0.015098722415795685,0.03716608594657389,0.04761904761904767,0.06968641114982588
757,2025-04-28,000333.XSHE,36.019999999999996,-0.0021561017680033273,-0.5099531697163179,-0.303444338949131,0.10189168439410395,-0.17270294453288657,-0.21632020496470303,0.07188436055223078,0.30389441660483774,0.40541701058176965,-0.07618633730592837,0.1958172015965835,1.7311939331169488,0.0,0.0,0.0,0.0
758,2025-04-28,000338.XSHE,14.45,-0.0006915629322269407,0.4328173961457825,0.6705745268135116,0.035620670154036325,0.11119230675405023,-0.09832736589304683,0.6188305821452917,-0.07361417545086128,-0.3470971621918167,-0.004761646081620507,-0.1500333206069291,-0.5864052391212159,0.01107266435986154,0.02422145328719738,-0.009688581314878819,-0.014532871972318229
759,2025-04-28,000408.XSHE,35.09,0.010947853644482931,-0.9384852451081817,0.9702726393558632,1.2284989264752537,1.5306685631887342,1.4355795420384838,-0.4281807563328535,1.5119219111830744,-0.6857285399399305,1.1142251830992025,-0.9962900058024268,-0.8934212505849771,-0.014819036762610538,0.01396409233399809,-0.015673981191222652,0.0005699629524080763
760,2025-04-29,000001.XSHE,10.43,-0.0009578544061302479,-0.3161664048640416,0.0,-0.09213246468092769,-0.21866676123219422,-0.08100232061957231,0.17311746817093465,-0.7219823812616889,-0.590166782715363,-0.16245837311161154,-1.7209478998405052,1.715890249374246,-0.006711409395973145,0.003835091083413289,0.015340364333652934,0.0364333652924258
761,2025-04-29,000002.XSHE,6.81,-0.0029282576866764953,-1.379903841789789,-1.5101584994812491,1.484356375414946,0.6223592435070143,2.0673200958125624,-1.6938356199469875,0.8604447557502319,1.8474786241524412,-0.6814226205514818,-0.2151920107168367,-0.7420296539042742,0.0,0.013215859030837107,-0.004405286343612258,-0.005873715124816492
762,2025-04-29,000063.XSHE,31.46,0.0038289725590300253,-1.4980968903370944,-0.9771613820172789,-0.9110877062891738,1.379282647772302,0.3416184826129787,-1.6598910183448434,0.46483797149725176,0.37206166736403334,-0.9296229128053328,-0.7395177221081141,0.27072871432545387,0.015257469802924417,0.03877940241576594,0.03337571519389693,0.02129688493324866
763,2025-04-29,000100.XSHE,4.04,0.0,1.3385362747982321,1.865489911123896,-0.25592351300257693,-1.3120005673931654,-0.8558071265459158,1.293289321041688,-0.919785773388179,-0.8146867544005556,-1.4034598343808666,2.150995815048928,-0.613627422961793,0.014851485148514865,0.04207920792079212,0.044554455445544594,0.05940594059405946
764,2025-04-29,000157.XSHE,6.84,-0.001459854014598509,1.3976327990718846,1.1548270878386024,1.3819869702139154,0.7064618439809353,0.7642392858455298,1.1575109146331117,1.5527566281929472,1.2701415541048033,1.710325650258355,0.7393496689954888,-0.9879823534497447,0.007309941520467822,0.03654970760233911,0.04824561403508776,0.01754385964912286
765,2025-04-29,000166.XSHE,4.62,-0.006451612903225859,0.39299188641979005,0.2220821322766543,-0.25592351300257693,0.033641040189568344,-1.2079911292397083,-0.1323839462483617,-0.12857220488221854,-1.3599495427788801,0.7626518071072875,-0.2151920107168367,-0.08080115698513136,0.006493506493506551,0.017316017316017396,0.010822510822510845,0.01298701298701288
766,2025-04-29,000301.XSHE,8.74,0.016279069767441926,0.1861540514620058,-0.04441642645533086,-0.7472966579675245,-0.6391797636017985,0.05987128045794471,0.5125634841923751,-0.5241789891351988,-0.1732011210142913,0.31137854846392216,0.10746996552394941,-0.882804905079623,0.006864988558352492,0.0194508009153318,0.03318077803203656,0.041189931350114284
767,2025-04-29,000333.XSHE,36.019999999999996,0.012814974802015846,0.6884745077880532,0.4441642645533086,1.218195921892266,1.379282647772302,0.48249208369049573,0.07128366336450254,1.2560515400032122,0.5645073573799126,1.033415762293307,-0.12108226764660741,1.7311939331169488,0.0,0.0,0.0,0.0
768,2025-04-29,000338.XSHE,14.61,0.006891798759476199,-0.4934559776849995,-0.4441642645533086,-1.2386698029324723,-0.6391797636017985,-0.3627495227746063,0.2070620697730787,-1.5131959497676493,-0.5260182193767367,-0.9521865757375011,0.32257794968447345,-0.5730686328557977,-0.007529089664613187,-0.021218343600273748,-0.02053388090349073,-0.02806297056810403
769,2025-04-29,000408.XSHE,34.57,-0.014819036762610517,-0.3161664048640416,-0.7106628232852937,-0.5835056096458754,-1.3120005673931654,-1.2079911292397083,0.07128366336450254,-0.32637559700870866,-0.590166782715363,0.31137854846392216,-0.30846148822393893,-0.9076083357188541,0.008388776395718889,0.02082730691350876,0.020538038761932276,0.007231703789412736
770,2025-04-30,000001.XSHE,10.36,-0.004803073967339165,-0.5871180782329329,-0.4304848281705023,1.5084034270964795,1.5704273425461492,0.8563676064275647,-1.1476986228471442,1.4041235346998873,0.9922802593549279,1.6098376601744329,1.4425176081006041,1.6931619001685434,0.004826254826254983,0.015444015444015413,0.02316602316602312,0.04247104247104261
771,2025-04-30,000002.XSHE,6.81,0.01641791044776111,-1.221840324971239,-1.0729994970816996,-0.7039215993116904,-0.7495221407606621,-1.5151119190641529,0.641360995120463,-1.2569170350942538,-1.8127522759240204,0.27073219239823193,-2.487505816634845,-0.7420296539042742,0.002936857562408246,0.010279001468428861,0.005873715124816492,-0.001468428781204123
772,2025-04-30,000063.XSHE,31.94,0.012040557667934175,-1.3276273660942899,-1.3300053646461787,1.0056022847309862,1.347355276843571,1.1198653314822,-1.3502336739378167,1.2908877657724769,1.0273431660459147,1.3187277758752587,0.4671833275093246,0.3030736822533035,0.025673137132122603,0.035065748278021225,0.038509705698184016,0.0015654351909830666
773,2025-04-30,000100.XSHE,4.1,0.012345679012345635,0.6823264152436789,0.21202984074069514,-0.20112045694619726,-0.43722124877705293,0.32937215631829414,1.6202804087253802,-0.40764876813867695,0.378679392262658,0.27073219239823193,0.29506551328733416,-0.5924286975639699,0.034146341463414887,0.02682926829268295,0.060975609756097615,0.039024390243902474
774,2025-04-30,000157.XSHE,6.89,-0.018518518518518504,-0.16396991374072903,-0.30198189438826284,-1.4078431986233808,-0.43722124877705293,-0.5928698813729294,0.0,-0.6341203059934974,-0.48036182166651986,-0.5443754836394555,-0.1818442636194311,-0.98206731725896,0.04208998548621201,0.036284470246734424,0.05079825834542828,0.00870827285921627
775,2025-04-30,000166.XSHE,4.65,0.002155172413793249,-0.7986921604790349,-0.6232392288438615,1.4078431986233808,0.9904399717194463,1.1198653314822,-0.6582389160446857,1.2908877657724769,1.2727835128828227,0.7365080072769106,0.5245559322499881,-0.06948943666621904,0.008602150537634357,0.012903225806451424,0.019354838709677358,0.008602150537634357
776,2025-04-30,000301.XSHE,8.8,0.002277904328018377,0.41785881243605144,0.08352690695845566,-0.4022409138923945,0.2766093614711967,0.5928698813729294,-0.3038025766360088,-0.1245593458201513,0.3436164855716712,-0.42793152991978595,0.1229476990653437,-0.8761705675597995,0.01477272727272716,0.02499999999999991,0.040909090909090784,0.055681818181817944
777,2025-04-30,000333.XSHE,36.019999999999996,-0.018424753867791677,1.7401968264741887,1.754065046127569,0.0,-1.1510518590253025,-1.2516141940095178,0.40507010218134504,-0.9738276127757282,-1.0413683287223094,-1.126595252237804,0.1803203038060072,1.7311939331169488,0.0,0.0,0.0,0.0
778,2025-04-30,000338.XSHE,14.5,-0.008885850991114202,0.25917825075147494,0.21202984074069514,-0.20112045694619726,-0.2587635962149905,0.32937215631829414,-0.5569713904993494,0.15853007649837436,0.01051887200729608,-0.9810403100882169,-0.13522902226764202,-0.5822375078337002,0.020689655172413834,-0.013103448275862073,0.006206896551724128,-0.019999999999999907
779,2025-04-30,000408.XSHE,34.86,0.009556907037358769,0.9996875386128318,1.49705917856309,-1.0056022847309862,-1.1510518590253025,-0.9881164689548824,1.3502336739378167,-0.7473560749209076,-0.6907392618124409,-1.126595252237804,-0.22801128149668376,-0.8997266403465102,0.0206540447504302,-0.009179575444635657,0.005450372920252411,-0.0103270223752151
780,2025-05-06,000001.XSHE,10.41,0.003857280617164988,0.9696861110016728,1.6069533415957682,-0.8418520571259234,-1.6365575362575742,-0.519065201859853,0.2355712960520483,-1.5982251797088645,-0.532102850311855,-1.807512772891385,-1.0375222239574977,1.7093964592180866,0.0057636887608070175,0.01729106628242083,0.029779058597502406,0.03842459173871271
781,2025-05-06,000002.XSHE,6.83,0.005891016200294556,1.6531653081834687,0.6389091599115704,0.05173392529824117,-1.1406310101189154,0.12087819769339038,-0.24293289905367477,-1.0987798110498443,-0.27872054063954305,-0.8692618678790629,0.005271475502786362,-0.7387779902549274,0.01024890190336758,-0.007320644216691097,0.004392386530014614,-0.007320644216691097
782,2025-05-06,000063.XSHE,32.76,0.016444306546695663,-0.7390118819528168,-1.2971792034568248,-0.6537286924050466,0.2920456209483213,-0.8034844905501836,-0.9054771692000606,-0.19977814746360806,-1.4822865115830248,0.5657101044927235,-1.650930282463547,0.35832954364132896,-0.0024420024420024333,-0.007631257631257604,0.0006105006105006083,-0.022893772893772923
783,2025-05-06,000100.XSHE,4.24,0.03163017031630167,-0.39727228336191883,-0.5227438581094668,-0.6537286924050466,0.7328691997382404,-1.5145327122760097,-0.4269729740943375,0.7991125898544322,-0.8805035261112839,0.4553276450795092,-0.05606933034781858,-0.5500310794500339,-0.007075471698113289,-0.004716981132075526,0.009433962264151052,0.021226415094339535
784,2025-05-06,000157.XSHE,7.18,0.030129124820659967,-0.39727228336191883,1.4133445052589286,-1.4062221512885535,-0.14877795784159767,1.7562891076627904,0.7508835061659038,-0.3995562949272161,1.3682644722304846,-0.9796443272922772,0.3963191128003929,-0.9453939924851215,-0.012534818941504211,-0.0013927576601671099,0.0,-0.03621169916434541
785,2025-05-06,000166.XSHE,4.69,0.002136752136752281,-0.39727228336191883,0.2516914872378914,0.09876476647846036,-0.5896015366315166,-1.087903779240514,-0.4453769815984038,-0.19977814746360806,-1.0388674696564788,-0.6484969490526342,-0.7921590005550779,-0.05440703136214257,0.002132196162046851,-0.004264392324093924,0.008528784648187626,0.002132196162046851
786,2025-05-06,000301.XSHE,8.93,0.013620885357548152,1.0551210106493973,-0.13552618543578768,0.47501149592021386,-0.14877795784159767,0.7608215972466339,1.4870438063285547,-0.2996672211954121,0.7031359093406657,0.7864750233191522,1.0480651749630703,-0.8617959186227466,-0.002239641657334812,0.011198208286674172,0.054871220604703286,0.03023516237402002
787,2025-05-06,000333.XSHE,36.019999999999996,-0.002415802188432595,-0.9098816812482657,-0.5227438581094668,1.6037516842454742,1.6145163573180783,0.903031241591799,-0.868669154191928,1.7980033271724727,1.1148821625581726,1.2280048609720096,0.9253835632618606,1.7311939331169488,0.0,0.0,0.0,0.0
788,2025-05-06,000338.XSHE,14.8,0.013698630136986375,-1.4224910791346124,-1.2971792034568248,-0.27748196296329314,1.1736927785281592,0.3341926642111382,-1.2183452967691872,0.9988907373180403,0.038007346450846885,0.3725408005195984,-0.3627733596008433,-0.5563978750240252,-0.03378378378378377,-0.03310810810810816,-0.016216216216216273,-0.03918918918918923
789,2025-05-06,000408.XSHE,35.58,0.01657142857142852,0.5852290625869127,-0.13552618543578768,1.6037516842454742,-0.14877795784159767,0.049773375520807774,1.6342758663610848,0.19977814746360806,0.9881910077220167,0.8968574827323665,1.5244148703966744,-0.8800222345973606,-0.008150646430578945,-0.00843170320404718,-0.013209668353007298,-0.03204047217537942
790,2025-05-07,000001.XSHE,10.47,0.0019138755980862537,-1.2587667630922592,-1.9721996299456466,0.006510109671316258,0.49787949603964343,-0.4293014797250743,-1.1047399351070843,1.8133532624807065,1.7318120360000793,1.5536622993636025,2.106605000570883,1.7311939331169488,0.0047755491881564804,0.01241642788920716,0.03629417382999045,0.04106972301814715
791,2025-05-07,000002.XSHE,6.9,-0.018492176386913212,-0.7889315793564238,0.2414938322382424,0.28861486209502346,1.0129272505634126,2.2444182624223186,-1.5921252005955038,-0.7134504639268353,-0.13266469012837043,-0.5537806215553435,-1.8043298381378508,-0.7273971674822135,-0.0028985507246377384,-0.007246376811594346,-0.0014492753623189802,-0.020289855072463836
792,2025-05-07,000063.XSHE,32.68,-0.01950195019501946,-1.4153784910042044,-1.5697099095485756,-1.2955118245919477,0.9556997222829937,0.02259481472237239,0.6823393716837873,0.5251788137239204,1.193982211155334,1.1537096282402988,0.736876669963216,0.352938715653354,0.011627906976744207,0.01499388004895974,0.009791921664626724,-0.020807833537331732
793,2025-05-07,000100.XSHE,4.21,-0.016355140186915952,0.46396224393913754,0.6439835526353132,0.44051742109240427,-0.8755811826904075,0.6627812318562553,0.032492351032561304,0.02972710266361812,0.42309279554453283,-0.6768429819009752,-0.0561239424938545,-0.5591162952828981,0.0,0.03325415676959609,0.016627078384798155,0.026128266033254244
794,2025-05-07,000157.XSHE,7.09,-0.020718232044198943,1.5602443393227539,1.0464732730323838,-0.9483059754550773,-0.8755811826904075,-1.3330940686199677,1.765417739435831,-1.1593570038811074,-1.7820094863189222,-0.7999053422466071,-0.6801613562739923,-0.9572240648666906,0.007052186177715081,0.021156558533145242,0.007052186177715081,-0.023977433004231274
795,2025-05-07,000166.XSHE,4.7,-0.012605042016806641,-0.7889315793564238,-0.31192953330772977,1.4821349685030154,1.413519948526344,-0.881197774172521,0.2220310653891689,1.3179015514204042,0.2975991697474257,1.2306236034563187,0.376421846119093,-0.05063634637697843,0.0021276595744681437,0.008510638297872353,0.03191489361702127,0.0021276595744681437
796,2025-05-07,000301.XSHE,8.91,-0.0066889632107023965,0.5422681078951102,0.5433611225360454,1.134929119366145,-0.18885084332538205,0.3991750600952446,0.6281854532961852,-0.416179437290654,-0.11473702930021226,-0.3691870810368956,-0.2723968368003283,-0.8640075317809779,0.012345679012345512,0.02805836139169471,0.05162738496071828,0.019079685746352437
797,2025-05-07,000333.XSHE,36.019999999999996,-0.0055022573363431235,0.9729503596529594,0.3924274773871439,-1.2955118245919477,-1.7912216351771082,-0.5799335778742232,-0.8339703431690735,-1.2584473460931678,-0.9214817665673299,-1.4767483241475825,-0.20030587203150368,1.7311939331169488,0.0,0.0,0.0,0.0
798,2025-05-07,000338.XSHE,14.3,-0.038978494623655914,0.46396224393913754,0.6439835526353132,-0.601100126318207,-0.18885084332538205,-0.4293014797250743,0.6011084941023841,-0.26754392397256327,-0.41950726337890115,-0.12306236034563187,-0.0020557189172360647,-0.5997416780683439,0.0006993006993005757,0.020279720279720248,0.020279720279720248,0.018881118881118875
799,2025-05-07,000408.XSHE,35.29,-0.016443701226310017,0.24862111806021295,0.3421162623375101,0.7877232702292747,0.04005926979629311,0.32385901102067016,-0.40073899606825614,0.1288174448756786,-0.2760859767536358,0.06153118017281593,-0.204529951998427,-0.8879039299697045,-0.021252479455936557,-0.006800793425899787,0.007084159818645519,-0.00623406064040799
800,2025-05-08,000001.XSHE,10.52,0.007662835249042153,-1.6120477525674306,-2.399700181139391,0.20509572307737253,1.4311053960402194,0.3629272202271833,-1.343474567685729,1.778758776214383,1.4238082660198979,1.5239941567159343,1.6529573433781823,1.7311939331169488,0.0066539923954371805,0.019011406844106515,0.027566539923954414,0.042775665399239715
801,2025-05-08,000002.XSHE,6.88,0.0014556040756913808,-1.1919701623218462,0.29384083850686427,-0.9649134354177055,-0.14153789631167005,-1.1767640171002611,-0.09855604936690669,-0.8942393847635148,-1.2994840515233579,-0.2600715502392402,-1.6783690528838302,-0.7306488311315603,-0.014534883720930147,-0.0029069767441859407,-0.013081395348837233,-0.03052325581395343
802,2025-05-08,000063.XSHE,33.06,0.014110429447852787,0.06826260841490753,-0.4407612577602963,0.5905105046992806,1.195208902187436,0.9494762630185906,1.2501056788118174,0.9039593780761619,1.2758032487621123,0.845546634352699,1.0735962309847888,0.37854510676666214,-0.016636418632788974,-0.008469449485783431,-0.02692075015124018,-0.04083484573502727
803,2025-05-08,000100.XSHE,4.21,-0.002369668246445447,2.16865055964283,0.783575569351638,1.251221558908266,0.4088872560114913,-0.11364387704083516,1.0426192590920138,0.2235598461908787,-0.13024441518685131,0.3429929140836357,0.20455456239469869,-0.5591162952828981,0.002375296912114022,0.016627078384798155,0.0071258907363420665,0.02375296912114
804,2025-05-08,000157.XSHE,7.14,0.005633802816901414,-0.14177618670788475,0.9060092520628314,-0.73091160371869,-0.5346987193996424,0.6562017416228869,-0.617272098666416,-0.7484394850738114,-0.2930499341704155,-1.2651789907773667,-0.8015680836813284,-0.9501260883650651,0.004201680672268893,0.0056022408963585235,-0.023809523809523836,-0.0448179271708683
805,2025-05-08,000166.XSHE,4.71,0.0042643923240937255,0.48834019866049205,-0.8080623058938766,1.0309845408386042,0.2516229267763023,1.389388045112146,0.9907476541620628,0.7095595118232237,1.187000238407441,0.845546634352699,0.9494474211862045,-0.04686582871010433,-0.00849256900212314,0.00424628450106157,0.01273885350318471,-0.00849256900212314
806,2025-05-08,000301.XSHE,9.02,0.012345679012345616,0.06826260841490753,0.783575569351638,0.4803919956644497,0.4088872560114913,-0.5168963439599277,0.005187160492995166,0.1749598796276442,-0.6334614738633225,0.09171605394910404,-0.6231041695958633,-0.8518444960021564,0.0011086474501107446,0.04434589800443467,0.02106430155210659,-0.009977827050997812
807,2025-05-08,000333.XSHE,36.019999999999996,0.008796821793416435,0.06826260841490753,0.29384083850686427,-2.0523337121366603,-1.950077682516343,-1.6899944295427425,-1.4472177775456307,-1.6232388832120324,-1.2994840515233579,-1.7174773390195235,-0.457572423197751,1.7311939331169488,0.0,0.0,0.0,0.0
808,2025-05-08,000338.XSHE,14.31,0.0,0.06826260841490753,0.29384083850686427,0.26015497759478795,-0.06290573169407557,-0.6635336046577797,0.83513283937221,0.1263599130644097,-0.23384792726730128,0.2550460130365496,0.01833134769682223,-0.5989082656654727,0.0,0.01747030048916831,-0.004891684136967167,0.018169112508735097
809,2025-05-08,000408.XSHE,34.54,-0.01679476231141484,0.015752909634209458,0.29384083850686427,-0.07020054950970468,-1.0064917071052093,0.8028390023207388,-0.617272098666416,-0.6512395519473424,0.002960100345155755,-0.6621145264544909,-0.3382731762819238,-0.9083965721834044,0.021424435437174427,0.016502605674580284,0.016502605674580284,0.01823972206137814
810,2025-05-09,000001.XSHE,10.59,0.007611798287345393,-2.140522715460506,-2.0965219103180726,1.1434696080068132,1.5234044282601154,0.595275152279135,-0.2691718706141611,1.747883252040846,0.8715176709363572,1.8309169095342464,0.8539958612545074,1.7311939331169488,0.0009442870632672129,0.02455146364494798,0.020774315391879128,0.02738432483474984
811,2025-05-09,000002.XSHE,6.78,-0.01453488372093018,-0.7179531018626619,0.24378161747884564,-1.0752027657377496,0.7299646218746386,-0.2976375761395675,-1.3775266319665889,-0.010045306046211767,-1.1257103249594616,-0.8127337436711424,-1.8423613872534788,-0.7469069820600043,0.010324483775811188,0.016224188790560312,-0.001474926253687392,-0.02212389380530977
812,2025-05-09,000063.XSHE,32.51,-0.01395207764634519,-0.36231069846320096,-0.1462689704873074,1.1434696080068132,0.33324471868190025,1.3393690926280537,0.8919616888979061,0.8438057078817878,1.2800415791877748,1.1964407527649532,0.5097800422960411,0.3414832689232659,0.02030144570901271,0.015072285450630662,-0.011688711165794952,-0.04029529375576746
813,2025-05-09,000100.XSHE,4.22,0.0,1.0602589151346433,0.6338322054449986,0.23324504441930027,0.17455675740480492,-0.5580704552616891,-0.005277879815964017,0.14063428464696462,-0.4221413718597981,0.1540870666439713,0.16556422333757484,-0.5560880015508035,0.0308056872037914,0.014218009478673022,0.014218009478673022,0.007109004739336511
814,2025-05-09,000157.XSHE,7.17,0.0027972027972027374,0.7046165117351822,-0.1462689704873074,-0.22186723737445618,-0.6188830489806719,0.14881878806978374,-0.005277879815964017,-0.46208407812574087,0.23603603587859673,-0.4501759398029747,1.1623558657381334,-0.9465771001142523,0.009762900976290068,-0.004184100418410108,-0.029288702928870314,-0.05857740585774063
815,2025-05-09,000166.XSHE,4.67,-0.008492569002123149,0.3489741083357211,1.2189080873942282,0.9159134671099349,0.49193267995899564,1.4881878806978375,0.4169525054611513,0.44199346603331746,1.234650033826506,0.21451336728866588,0.6245186486155299,-0.0619482340141808,0.014989293361884481,0.03854389721627394,0.0021413276231263545,-0.010706638115631661
816,2025-05-09,000301.XSHE,9.03,0.0011086474501108411,-0.29562774782580203,0.5363195584534604,0.23324504441930027,0.49193267995899564,-0.5580704552616891,-1.7469782190840648,0.39176693580225863,-0.3767498264985295,-0.2688970378688909,0.05082561701808608,-0.8507386894230409,0.01439645625692143,0.03765227021040962,0.007751937984496138,-0.01439645625692132
817,2025-05-09,000333.XSHE,36.019999999999996,0.0106906737937824,0.5267953100354517,0.6338322054449986,-1.8147602236526037,-1.888386739197435,-1.19055030455827,-0.005277879815964017,-1.8684269245953873,-1.6704088692946846,-1.6587019526968667,-1.6702534777742453,1.7311939331169488,0.0,0.0,0.0,0.0
818,2025-05-09,000338.XSHE,14.31,0.0006993006993006843,-0.36231069846320096,-1.3164207343857663,0.3470231148677394,0.01586879612770955,0.5208657582442431,0.4169525054611513,-0.16072489673938817,0.553776853407477,0.3655791189004024,0.2229335264973192,-0.5989082656654727,0.01956673654786867,0.01956673654786867,-0.007686932215234199,0.013976240391334604
819,2025-05-09,000408.XSHE,35.28,0.020538038761932335,1.2380801168343738,0.43880691146192213,-0.9045356600650909,-1.2536348940890534,-1.4881878806978375,1.6836436612924974,-1.0648024408984464,-0.5810117806242382,-0.5710285410923639,-0.07735891972946778,-0.8881667870034146,-0.0065192743764173056,0.007369614512471534,-0.0130385487528345,0.006235827664399007
820,2025-05-12,000001.XSHE,10.6,0.0,-0.6931261171886114,-0.9469957486004352,1.254855806066355,1.1286058764200688,0.7218282855537759,-1.086347686898615,1.4790301238620662,1.1217035784431748,1.5188650736245537,1.4917085627872015,1.7311939331169488,0.01132075471698113,0.019811320754717032,0.018867924528301883,0.02264150943396226
821,2025-05-12,000002.XSHE,6.85,0.005873715124816452,0.964349380436329,-0.13062010325523254,1.3952199901901083,0.8187924985792657,1.3167417077134815,-0.06602113014300984,0.5360243401916214,0.31472258675743753,0.6006986869047927,-0.94631278181175,-0.7355263266055806,0.0014598540145986938,-0.008759124087591164,-0.007299270072992692,-0.03211678832116782
822,2025-05-12,000063.XSHE,33.17,0.008819951338199487,-0.6931261171886114,-1.1102708776694756,-0.9909711399136986,0.37620195880668966,0.5631847063111878,0.8342670081707595,0.18860115673408903,0.8796092809374536,0.3672665546879043,0.7781413399777523,0.3859576416536315,-0.011757612300271392,-0.030147723846849606,-0.03557431413928258,-0.05125113053964436
823,2025-05-12,000100.XSHE,4.35,0.0235294117647058,-2.1999220241203754,-0.45717036139331363,-0.7663884453156933,0.022129526988628804,0.2458975478260116,-0.1260403393639278,-0.10919014337236728,0.33489711154958096,-0.021786999006909672,-0.054353753299938516,-0.5167186771689619,-0.016091954022988353,-0.025287356321838983,-0.020689655172413723,0.0045977011494253706
824,2025-05-12,000157.XSHE,7.24,0.004160887656033322,-0.3917669358022586,-1.1102708776694756,-0.3172230561196826,-0.15490668892040163,-0.23003318990175275,-1.5665013606659588,0.08933739003193693,-0.08876790908543107,-0.2707812733715906,0.38419276905170213,-0.9382960159834959,-0.008287292817679592,-0.037292817679558055,-0.04005524861878451,-0.06767955801104975
825,2025-05-12,000166.XSHE,4.74,0.010660980810234503,0.6629901990499761,1.3388560583661322,1.4794385006643604,1.2613830383518418,1.039115444038952,0.5041613574557108,1.3797663571599141,1.1217035784431748,1.2854329414076653,0.8970692104459937,-0.03555394107290196,-0.002109704641350185,0.006329113924050445,-0.010548523206751037,-0.029535864978903037
826,2025-05-12,000301.XSHE,9.16,0.009922822491730965,0.6629901990499761,1.0123058002280512,-0.09264036152167723,-0.5089791207384624,-1.0629119809253404,0.7742477989498415,-0.7544046269363559,-0.835225326394738,-0.7065212535097822,-0.5300652351729046,-0.836364207804278,0.028384279475982543,0.005458515283842891,0.01419213973799116,-0.0327510917030569
827,2025-05-12,000333.XSHE,36.019999999999996,0.006237870806764663,0.5123106083567998,0.35920528395188905,-1.1032624872127013,-1.7482326321016755,-1.3405382445998695,-0.6061940131312714,-1.598146643904649,-1.8641260907940531,-1.8892440567420168,-1.957199680791803,1.7311939331169488,0.0,0.0,0.0,0.0
828,2025-05-12,000338.XSHE,14.59,0.016016713091922034,0.210951426970447,1.5021311874351728,-0.3172230561196826,0.19916574289765923,0.2458975478260116,-0.45614599007897655,-0.009926376670215174,0.1533263884202901,-0.364154126258346,-0.35167342947054236,-0.57473562497983,-0.0020562028786840214,-0.02398903358464699,-0.026045236463331012,-0.019876627827278948
829,2025-05-12,000408.XSHE,35.05,-0.006519274376417346,0.964349380436329,-0.45717036139331363,-0.541805750717688,-1.3941602002836146,-1.4991818238424577,1.7945743557054468,-1.2010915770960404,-1.1378431982768895,-0.5197755477362715,0.28849299828428904,-0.8944721767649476,0.0017118402282454426,0.0017118402282454426,-0.015691868758915706,0.02767475035663325
830,2025-05-13,000001.XSHE,10.72,0.009416195856873958,-0.6990263448959693,-1.3760526536902784,0.7860864366814477,1.2523053493493634,0.6012224759950923,-1.52026654577168,1.8235105811852743,1.1080206632593952,1.385188914097116,1.3652584176938658,1.7311939331169488,0.012126865671641784,0.008395522388059629,0.008395522388059629,0.017723880597014796
831,2025-05-13,000002.XSHE,6.86,-0.0014556040756913808,0.2651479239260572,0.23101613894070375,1.254614776425357,-0.36632061239471175,0.2254584284981596,1.3867030766341162,0.46179813419627075,0.10453025125088634,0.3121552482472374,-0.16754639570356417,-0.7339004947809071,0.004373177842565523,-0.013119533527696903,-0.011661807580174988,-0.0276967930029155
832,2025-05-13,000063.XSHE,32.78,-0.02440476190476191,0.2651479239260572,-0.17075105921704178,0.005205870441598973,0.9115419889821897,0.9018337139926385,-0.4988988406020759,0.0473639111996175,0.7317117587562044,0.4654457719400772,0.16567204199152932,0.3596772924678951,0.006711409395973034,-0.019829164124466114,-0.023489932885906173,-0.05430140329469191
833,2025-05-13,000100.XSHE,4.28,-0.025056947608200326,-0.6990263448959693,-0.17075105921704178,-0.61949858255028,-0.11074809211933145,-0.6387988807447855,0.6010356111190361,-0.07104586679942627,-0.29268470350248177,-0.13378082067738747,-0.3674774583206203,-0.537917569885075,0.0,0.0,0.011682242990654235,0.02102803738317749
834,2025-05-13,000157.XSHE,7.18,-0.01508916323731143,1.7114093271590969,0.23101613894070375,0.42167550576951834,-0.4515114524865052,0.4509168569963192,0.6010356111190361,-0.07104586679942627,0.5226512562544318,0.14492922240050307,1.0570313628259045,-0.9453939924851215,-0.005571030640668551,-0.03064066852367686,-0.03621169916434541,-0.06545961002785516
835,2025-05-13,000166.XSHE,4.73,-0.006302521008403227,0.7472350583370705,1.1349923347956312,1.0463799587613973,1.2523053493493634,0.15030561899877307,1.1117194637038381,0.9946421351919678,0.43902705525372265,1.2597693947120654,0.698821542303679,-0.03932445873977606,0.025369978858350795,-0.010570824524313016,-0.00634249471458781,-0.023255813953488413
836,2025-05-13,000301.XSHE,9.42,0.02391304347826094,0.9882786255425771,1.4363177334139403,-1.4524378532061186,-1.1330381732208528,-1.540632594737424,-0.3417653474990599,-1.4327583137884297,-1.4634235175124088,-1.415847018835684,-1.0339143337108072,-0.8076152445667528,-0.005307855626327074,-0.03397027600849256,-0.023354564755838747,-0.07537154989384276
837,2025-05-13,000333.XSHE,36.019999999999996,0.0015070557610631517,-1.422157046512489,-1.777819851848024,-1.3483204443741388,-1.8145648939552004,-1.3527505709889578,-1.284566306117156,-1.3735534247889079,-1.484329567762586,-1.471589027451262,-1.1672017087888449,1.7311939331169488,0.0,0.0,0.0,0.0
838,2025-05-13,000338.XSHE,14.56,-0.012881355932203357,0.024104356720550578,-0.17075105921704178,0.7340277322654578,0.2300152682478423,1.6533618089865039,0.6010356111190361,0.28418346719770504,1.233456964760459,0.3678972568628155,0.898752604920735,-0.5772361968250234,0.002060439560439553,-0.02472527472527486,-0.02335164835164838,-0.03434065934065933
839,2025-05-13,000408.XSHE,35.11,0.00028490028490022823,-1.1811134793069826,0.6327833370984493,-0.8277334002142397,0.2300152682478423,-0.4509168569963192,-0.656032333705092,-0.6630947567946451,-0.8989601607576225,-0.914168941295481,-1.4493960732118771,-0.8928957038358469,0.012247223013386543,-0.008259755055539664,-0.019082882369695242,0.02591854172600394
840,2025-05-14,000001.XSHE,10.85,0.012126865671641698,-1.8287402199953555,2.025665553633014,2.2187178641722722,2.1141981530646117,1.9615498442131885,-1.864828581458007,2.250487086793748,-1.7777344501961225,2.2025729989821166,-1.9851593576891409,1.7311939331169488,-0.0036866359447004227,-0.004608294930875445,0.004608294930875667,0.009216589861751112
841,2025-05-14,000002.XSHE,6.89,0.004373177842565504,0.4832755102885004,-0.4484297790485298,-0.4991671095535697,-0.26003506695447093,-0.15154520015139977,-0.473726615451026,-0.05922334438930916,0.93072523846833,0.0692397629246715,0.6518098682544916,-0.7290229993068871,-0.014513788098693747,-0.013062409288824406,-0.018867924528301883,-0.030478955007256836
842,2025-05-14,000063.XSHE,33.0,0.006097560975609843,-0.5442870365043243,1.407141720462628,0.90418526250095,0.9459246638488727,1.1077740687123447,0.879778000123334,0.23689337755723663,-0.8913294611786653,0.7429239427322857,-1.0274223506878215,0.37450202760525375,-0.025151515151515147,-0.030606060606060637,-0.030303030303030276,-0.06121212121212116
843,2025-05-14,000100.XSHE,4.28,0.0023419203747074182,-0.5442870365043243,-1.0669536122189158,-0.4458752473236512,-0.18466258377926195,-0.19423398892644197,0.2782203932013962,0.11844668877861832,0.2536103163022169,0.0692397629246715,0.1601715379938144,-0.537917569885075,-0.009345794392523366,-0.004672897196261738,0.009345794392523477,0.014018691588784993
844,2025-05-14,000157.XSHE,7.14,-0.004184100418410076,1.253947420383119,-0.7576916956337229,-0.9432659614695569,-0.9383874155313517,-0.7705326373895115,-0.3233372137205416,-0.5922334438930915,1.0292146816924919,-1.278128596690557,1.152227454412681,-0.9501260883650651,-0.023809523809523836,-0.026610644257702987,-0.03081232492997199,-0.06442577030812324
845,2025-05-14,000166.XSHE,4.85,0.02754237288135591,-1.1865136282498399,0.17009405412185616,0.6199619972747181,0.7198072143232458,0.25399829321150097,-0.8684987949935477,0.7106801326717099,-0.9898189044028273,0.5183625494630809,-0.8103352957675225,0.005922757172452963,-0.016494845360824795,-0.03298969072164937,-0.028865979381443196,-0.05154639175257736
846,2025-05-14,000301.XSHE,9.37,-0.005307855626327039,0.964945454097637,-0.6803762164874246,-0.9432659614695569,-1.0137598987065608,-1.2614537083024966,1.4437382566126507,-1.2436902321754923,0.35209975952637884,-0.529590619126541,0.7731232224746587,-0.8131437755074608,-0.01707577374599767,-0.008537886872998945,-0.03094983991462108,-0.09284951974386335
847,2025-05-14,000333.XSHE,36.019999999999996,0.0024691358024690343,0.2906075327648458,0.2474095332681544,-0.05506825763758241,-0.26003506695447093,-0.3436447496390896,-0.3233372137205416,-0.7106801326717099,-0.6451058531182605,-0.9038596079085489,-0.14630430424660779,1.7311939331169488,0.0,0.0,0.0,0.0
848,2025-05-14,000338.XSHE,14.59,0.0013726835964309933,0.22638487359029422,-0.29379882075593333,-0.05506825763758241,-0.10929010060405296,0.5101310258617541,0.07143496582198006,0.23689337755723663,0.7583687128260467,-0.1366081809054328,0.30702454573401666,-0.57473562497983,-0.02398903358464699,-0.026045236463331012,-0.001370801919122644,-0.018505825908156193
849,2025-05-14,000408.XSHE,35.54,0.009946007388462673,0.8846671301294476,-0.6030607373411263,-0.801154328856441,-1.0137598987065608,-1.112042947589849,1.1805568035843028,-0.9475735102289465,0.9799699600804109,-0.7541520123957458,0.9248646795214303,-0.8813358504927512,-0.012099043331457504,-0.02926280247608326,-0.013224535734383758,0.0011254924029262536
850,2025-05-15,000001.XSHE,10.81,-0.0036866359447003823,-0.6517375324599411,-2.1624068571579818,1.642597605158476,1.0084172966218272,0.36464644927248774,-1.2395350851445357,2.1235332432490392,1.6379796607024812,2.2895809753157157,2.6634265245826256,1.7311939331169488,0.0,0.0,0.014801110083256352,0.00647548566142464
851,2025-05-15,000002.XSHE,6.79,-0.014513788098693707,-1.3244988562895577,-0.4990169670364573,-1.6213685569496428,1.1192323841626874,-1.3757116040734765,-1.5786176312327065,0.3150296569655169,-0.7695494993851552,-0.19228902722378083,-0.4688015027759604,-0.745281317553621,-0.002945508100147376,-0.0014727540500736325,-0.0176730486008837,-0.013254786450662692
852,2025-05-15,000063.XSHE,32.17,-0.02485601697484087,0.02102379136967552,0.6099096263778923,0.26270947158431196,-0.2105486663276343,0.5303948353054367,0.4558776452963186,0.3733684823295014,1.1220805549694164,0.008943675684826981,0.4794877165160887,0.31857220814480003,-0.0012433944668945873,-0.004973577867578571,-0.014299036369288198,-0.020516008703761246
853,2025-05-15,000100.XSHE,4.24,-0.009345794392523372,0.02102379136967552,-0.22178531868286994,-1.0110334209456857,-0.2105486663276343,1.6077593445196048,0.26749845302511255,-0.4433750727662829,0.8856267981750949,-0.19228902722378083,-0.09523302244878959,-0.5500310794500339,0.009433962264151052,0.021226415094339535,0.01650943396226401,0.021226415094339535
854,2025-05-15,000157.XSHE,6.97,-0.02244039270687239,1.8711174319011212,1.4416045714386545,0.26270947158431196,-1.0970693666545155,-0.629843866925206,0.8703118682929719,-1.3767962785900365,-1.0274990522516876,-1.2655301094030225,-0.8028579322992958,-0.9726032928173627,-0.001434720229555153,-0.00717360114777621,-0.021520803443328518,-0.03586800573888094
855,2025-05-15,000166.XSHE,4.77,-0.010373443983402637,-0.3153568705451328,0.748525450554686,0.26270947158431196,0.011081508754085975,-0.13259870882635919,1.2282323336082634,0.14001318087356307,-0.4256167622297786,0.25489475701756986,-0.32512131803474087,-0.024242053435699972,-0.018867924528301883,-0.01467505241090139,-0.020964360587002018,-0.027253668763102756
856,2025-05-15,000301.XSHE,9.21,-0.014973262032085433,-0.3153568705451328,0.19406215384751116,0.8995809178493108,0.45434185891752654,-0.7127180599416805,0.11679509920814775,0.3150296569655169,-0.5330957425908338,0.4337682707141101,-0.4975375397242043,-0.83083500759041,-0.011943539630836164,-0.0010857763300762269,-0.030401737242128246,-0.07817589576547235
857,2025-05-15,000333.XSHE,36.019999999999996,-0.002064125498830407,1.1142609425928025,0.05544632967071746,-1.2233239030340186,-1.9835900669813964,-1.292837411057002,0.26749845302511255,-1.2601186278620675,-1.199465420829376,-1.2655301094030225,-0.09523302244878959,1.7311939331169488,0.0,0.0,0.0,0.0
858,2025-05-15,000338.XSHE,14.24,-0.021978021978021997,-1.1563085253321537,-0.7762486153900446,0.26270947158431196,1.1192323841626874,1.1105141864207582,-1.2583730043716563,0.3733684823295014,0.7351562256696176,0.2996131354417049,-0.23891320719000914,-0.6047429890770206,-0.002808988764045006,-0.001404494382022392,0.0231741573033708,0.018258426966292207
859,2025-05-15,000408.XSHE,35.11,-0.012099043331457504,0.7358326979386431,0.6099096263778923,0.26270947158431196,-0.2105486663276343,0.5303948353054367,0.8703118682929719,-0.5600527234942522,-0.4256167622297786,-0.3711625409203211,-0.6192166961769245,-0.8928957038358469,-0.008259755055539664,-0.019082882369695242,0.0017089148390772024,0.005696382796924082
860,2025-05-16,000001.XSHE,10.81,0.0009259259259259061,-2.4634228023530476,-1.6973742311227893,1.0166351523852932,2.011271430204647,1.3668502928923139,-2.0648305687844153,2.092500929020309,1.1807017696989714,1.7938843649854201,-1.9811242336152135,1.7311939331169488,-0.0009250693802035359,0.008325624421831712,0.00647548566142464,0.015726179463459777
861,2025-05-16,000002.XSHE,6.77,-0.004411764705882389,-0.16805380182441754,1.5878662162116415,-1.1188462269518578,-0.464139560816457,-0.9031837624412109,1.181608244564492,-0.5799866705436726,-0.1151904165559972,-1.1000759342671707,1.0840846427002557,-0.7485328138846777,0.004431314623338345,-0.001477104874446078,-0.020679468242245203,-0.019202363367799125
862,2025-05-16,000063.XSHE,32.13,0.0034353529044347103,0.15985605539395817,-0.16426202236672155,1.308666794004049,0.928279121632914,1.5600446805802732,-0.9667703819164025,0.8415492866712113,1.6846598421314594,1.1631494279688297,1.3326150921312396,0.31587687780995777,-0.004357298474945703,-0.004046062869592415,-0.028944911297852594,-0.03236850295673832
863,2025-05-16,000100.XSHE,4.28,0.014218009478673105,0.8156757698307094,0.27377003727786925,0.7246035107665376,0.154713186938819,-0.033809017845392884,0.2267732994618722,0.2729349037852577,-0.47516046829348857,0.3840062704777476,0.33849329440730375,-0.537917569885075,-0.004672897196261738,0.009345794392523477,-0.007009345794392607,-0.011682242990654124
864,2025-05-16,000157.XSHE,6.96,0.0014388489208632786,-0.33200873043360535,-1.040326141655903,-0.4435230557084852,-0.309426373877638,0.9804615175163948,0.2267732994618722,-0.4094023556778866,0.6047496869189855,0.012985719291518039,-0.3760317477067753,-0.9737862331282036,-0.001436781609195359,-0.005747126436781658,-0.030172413793103425,-0.03735632183908044
865,2025-05-16,000166.XSHE,4.68,-0.016806722689075647,1.1435856270490852,1.368850186389346,1.0166351523852932,0.0,-0.3718991962993221,0.6087072775029201,0.3866577803624484,0.028797604138999334,0.08718982952876396,1.0012411595565944,-0.058177549029016666,0.002136752136752351,0.0064102564102563875,-0.012820512820512775,-0.004273504273504147
866,2025-05-16,000301.XSHE,9.1,-0.005464480874317017,0.4467771804600369,0.38327805218901695,-0.29750723489910735,-0.773565934694095,-0.5167949870652918,0.6564490247580511,-0.807432423698054,-0.8351305200309799,-0.5806471626064493,-0.6556285033166322,-0.8429980433692315,0.020879120879120805,-0.00219780219780219,-0.0219780219780219,-0.06593406593406592
867,2025-05-16,000333.XSHE,36.019999999999996,0.00512181616832786,-0.16805380182441754,-0.16426202236672155,-1.611649622183508,-1.54713186938819,-1.5310655224270795,-0.15516067857917573,-1.0917396151410308,-1.8430466648959558,-1.4710964854534003,-0.6556285033166322,1.7311939331169488,0.0,0.0,0.0,0.0
868,2025-05-16,000338.XSHE,14.2,-0.002808988764045009,-0.16805380182441754,-0.6022940820113123,0.14054022752902617,0.618852747755276,-0.17870480861136254,-0.7041907720131821,0.3866577803624484,-0.25917843725099377,0.3654552429184361,-0.07572412131100294,-0.6089107203645364,0.0007042253521127861,0.02605633802816909,0.02183098591549304,0.010563380281690238
869,2025-05-16,000408.XSHE,34.82,-0.009106431417188397,0.7336983055261156,0.05475400745557385,-0.7355546973272409,-0.618852747755276,-0.3718991962993221,0.9906412555439681,-1.0917396151410308,0.028797604138999334,-0.6548512728436952,-0.01229707952913723,-0.9007775665264808,-0.009190120620333198,0.007179781734635293,0.019529006318207864,0.004595060310166543
870,2025-05-19,000001.XSHE,10.8,-0.0018484288354897942,-1.9057294826996882,-1.2885253294724597,1.4808209935398924,1.9108351924536635,0.6440081861116378,-1.1291395214244828,2.0490348189624275,1.489269264758992,1.8036618909684752,0.27303293731771566,1.7311939331169488,0.0009259259259259967,0.015740740740740833,0.0037037037037035425,0.037962962962962976
871,2025-05-19,000002.XSHE,6.8,0.007407407407407381,0.08719023777057387,0.8066378078811333,1.2779688026440166,0.9211595947684991,2.254028651390732,-1.4380696230454084,0.5287831790870781,1.5941473819955407,-0.5013373307164771,-0.11964364668978551,-0.7436554857289476,-0.002941176470588225,-0.01911764705882346,-0.025000000000000022,-0.032352941176470584
872,2025-05-19,000063.XSHE,31.99,-0.0012488292226038931,-0.6601546574057744,-0.8694927020017412,-0.5927791800623922,-0.06851600291666522,-1.0304130977786203,0.7244410883010705,0.3304894869294238,-0.5558540213537083,0.5359123190417514,-0.5123202306972867,0.30644280334228396,0.0006251953735543214,-0.008752735229759279,-0.016255079712410136,-0.027508596436386368
873,2025-05-19,000100.XSHE,4.26,-0.00234192037470721,0.08719023777057387,-0.03142744706030397,-0.23215306291416873,-0.06851600291666522,-0.19320245583349133,-0.1096701860754286,-0.3304894869294238,-0.1625610817166505,-0.34767071593748033,0.011248547979381544,-0.5439743246675545,0.016431924882629234,0.011737089201877993,0.025821596244131495,-0.009389671361502372
874,2025-05-19,000157.XSHE,6.95,-0.0028694404591104125,2.0801099582408358,1.0161541216164924,-0.9534052972106155,-1.5910938455092256,-1.1592147350009478,1.867482464298495,-1.652447434647119,-1.4473180178643725,-0.8086705602744708,-1.1176966310421843,-0.9749693407573347,-0.004316546762589968,-0.018705035971222972,-0.02877697841726623,-0.0474820143884892
875,2025-05-19,000166.XSHE,4.69,0.004282655246252776,-0.16192472728820886,-0.8694927020017412,-0.23215306291416873,0.692772918379615,0.6440081861116378,0.2455994307886358,0.5948810764729628,0.6502443268666022,1.4194953540209831,2.629092441362723,-0.05440703136214257,0.002132196162046851,-0.004264392324093924,-0.019189765458422325,0.006396588486140553
876,2025-05-19,000301.XSHE,9.29,0.023127753303964656,0.08719023777057387,0.9113959647488129,1.3906644642528365,-0.22077378717592125,-0.2576032744446551,0.23015292570758952,0.13219579477176951,-0.2150001403349249,-0.11717079376898511,0.011248547979381544,-0.8219890569123552,-0.009687836383207693,-0.038751345532830994,-0.04628632938643695,-0.08826695371367044
877,2025-05-19,000333.XSHE,36.019999999999996,0.014904775048302685,0.5854201678881393,0.38760518041041464,-0.23215306291416873,-0.37303157143517734,-0.38640491166698265,-0.85110242996565,-0.3304894869294238,-0.9229274316816289,-1.039170482442966,-0.5123202306972867,1.7311939331169488,0.0,0.0,0.0,0.0
878,2025-05-19,000338.XSHE,14.21,0.0,0.21174772029996525,1.225670435351852,-0.9534052972106155,-1.1343204927314576,-0.6440081861116378,0.8171201187873481,-0.9914684607882714,-0.660732138590257,-1.135212116679839,-0.38142803602811964,-0.6080771406433753,0.0007037297677692234,0.025334271639690265,0.006333567909922566,0.01477832512315258
879,2025-05-19,000408.XSHE,34.5,-0.0031782721756717547,-0.4110396923469916,-1.2885253294724597,-0.9534052972106155,-0.06851600291666522,0.12880163722232754,-0.35681426737216904,-0.3304894869294238,0.23073185792040724,0.19016243578900854,-0.2812136994845386,-0.909447498363375,-0.0017391304347826875,0.019420289855072603,0.0440579710144926,0.014202898550724763
880,2025-05-20,000001.XSHE,10.81,-0.0009242144177448971,-0.44487081370944576,0.2742848850053807,1.9887559342064192,2.126843688420465,1.9069324571840167,-1.867583629949862,1.9765987839570682,2.0184623115727445,1.8858378057896763,1.7675726403510017,1.7311939331169488,0.008325624421831712,0.00647548566142464,0.009250693802035137,0.039777983348751045
881,2025-05-20,000002.XSHE,6.78,-0.0014727540500736062,-0.04044280124631328,-1.5542810150304898,-1.0167594647550502,-0.7600078554189472,0.1483780298097073,0.4934576215670307,-0.5690208620482469,0.5073140569193528,-0.46728724391248616,1.8522024368516856,-0.7469069820600043,-0.002949852507374673,-0.02212389380530977,-0.016224188790560534,-0.02359882005899705
882,2025-05-20,000063.XSHE,32.01,0.002819548872180335,0.9706272299115178,1.4933288183626277,0.2621832582072772,-0.053023803866438096,-0.29126057703387,1.060107521931085,0.27951901995352485,-0.19429048988400757,0.31708777265490135,-0.9405808476708816,0.30779055216885015,-0.0003124023742580029,-0.025304592314901564,-0.0315526398000624,-0.01249609497032178
883,2025-05-20,000100.XSHE,4.33,0.011682242990654164,-1.2537268386357105,0.2742848850053807,0.006394713614811728,0.3004682219098165,-0.9507184872992359,-0.3565172289790507,0.379347241365498,-0.43715360223901695,0.333776602794633,-0.7713212546695138,-0.5227755992697315,-0.002309468822170868,-0.018475750577367167,0.009237875288683695,-0.009237875288683584
884,2025-05-20,000157.XSHE,6.92,-0.0043165467625899635,0.7684132236799517,0.2742848850053807,-0.8888651924588175,-0.7600078554189472,-0.7308991838774473,0.399015971506355,-0.8185914155781797,-1.0038341977340388,-0.9345744878249723,-0.6549552844810735,-0.9785183290081474,0.0,-0.024566473988439252,-0.030346820809248554,-0.041907514450867045
885,2025-05-20,000166.XSHE,4.7,0.0021321961620468627,-1.2537268386357105,-0.33523708167324284,1.0295488919846736,1.0074522734623255,1.027655243496862,-1.3245441421009767,1.07814479124931,1.1549490231993778,0.8010638467071192,-0.43280206866677845,-0.05063634637697843,0.0021276595744681437,-0.017021276595744705,-0.017021276595744705,0.012765957446808418
886,2025-05-20,000301.XSHE,9.2,-0.00755124056094933,-0.1415498043620964,0.2742848850053807,-0.24939383097765377,-0.1708544791251896,-0.1263960994675285,0.06847019629399002,-0.3693644192243006,-0.2212752801456753,-0.4005319233535596,-0.2635424756654108,-0.8319406468512355,-0.01304347826086949,-0.032608695652173836,-0.05326086956521725,-0.08478260869565213
887,2025-05-20,000333.XSHE,36.019999999999996,0.014695876990066654,1.172841236143084,-0.33523708167324284,-1.4004422816437485,-1.2313305564539532,-1.1705377907210246,1.1545491719917607,-1.5173889654619916,-1.0038341977340388,-1.468617052296385,-0.09428288266404304,1.7311939331169488,0.0,0.0,0.0,0.0
888,2025-05-20,000338.XSHE,14.22,-0.001404494382022442,-1.0515128324041445,-1.5542810150304898,0.006394713614811728,0.3004682219098165,0.9177455917859676,-0.4037380540093885,0.07986257712957859,0.18349657377934034,0.7343085261481925,-0.5174318651674623,-0.6064099812010529,0.024613220815752346,0.020393811533051975,-0.011251758087201136,0.014064697609001309
889,2025-05-20,000408.XSHE,34.44,-0.0040485829959514335,1.2739482392588672,1.188567835023316,0.2621832582072772,-0.7600078554189472,-0.7308991838774473,0.7767825717490578,-0.5191067513422603,-1.0038341977340388,-0.8010638467071192,0.05514160178247689,-0.9112864936896059,0.018292682926829285,0.030778164924506468,0.04587688734030193,0.029616724738676048
890,2025-05-21,000001.XSHE,10.9,0.0073937153419593405,-2.5409413568052694,-2.2658095317317617,1.840542375523919,2.144476587546168,1.4554780222169472,-1.6679426441835243,2.1232157902611553,0.9637928635400412,2.1381428721211195,-1.5418435219251012,1.7311939331169488,0.006422018348623881,-0.005504587155963359,0.004587155963302614,0.016513761467889854
891,2025-05-21,000002.XSHE,6.76,-0.0029498525073746993,-0.4056965191537825,-1.060591695704229,-0.730667576213013,0.1683377526060132,0.0,-0.7728034791476436,-0.1035715019639588,-0.26845371998147277,-0.08642194243603325,-0.38787382263741454,-0.7501586457093511,-0.013313609467455634,-0.019230769230769162,-0.01183431952662728,-0.017751479289940808
892,2025-05-21,000063.XSHE,32.0,0.00031259768677716673,0.44840141590681226,0.6267132747343171,0.8786508827878005,0.6074797159260477,1.2937582419706197,0.898122962252667,0.3625002568738558,1.18383689631174,0.6337609111975774,1.173379299928279,0.3071167614147123,-0.009062499999999973,-0.016562500000000036,-0.03187499999999999,0.006250000000000089
893,2025-05-21,000100.XSHE,4.32,-0.002309468822170851,0.44840141590681226,1.10880040914533,-0.601182182960074,0.02195709816600172,0.28300961543107306,-0.4147478131332914,0.0517857509819794,0.30366076522494445,-0.342486957061317,0.494573594464934,-0.5258038930018263,-0.0023148148148149916,0.011574074074073959,0.004629629629629539,-0.01620370370370372
894,2025-05-21,000157.XSHE,6.92,-0.002881844380403525,1.0889748672022583,0.14462614032330395,-0.601182182960074,-1.14908813735409,-1.4554780222169472,1.4948824056099208,-0.9839292686576085,-1.4126826903943073,-0.8546169863118845,-0.6339408908678772,-0.9785183290081474,-0.014450867052023031,-0.024566473988439252,-0.034682080924855474,-0.047687861271676346
895,2025-05-21,000166.XSHE,4.71,0.0021276595744680396,0.44840141590681226,0.5061914911315638,0.8786508827878005,0.46109906148603613,0.32343956049265493,0.24168757455968778,0.5696432608017734,0.9637928635400412,0.745789355096139,1.0376181588356101,-0.04686582871010433,-0.00849256900212314,-0.023354564755838747,-0.023354564755838747,0.01698513800424628
896,2025-05-21,000301.XSHE,9.08,-0.013043478260869481,0.5551636577893866,0.7472350583370704,-0.15723226323571166,0.02195709816600172,-0.28300961543107306,-0.4147478131332914,-0.2071430039279176,-0.1364273003184534,-0.15043819609235418,0.766095876650272,-0.8452094892091726,-0.01651982378854633,-0.02422907488986792,-0.06387665198237891,-0.07268722466960353
897,2025-05-21,000333.XSHE,36.019999999999996,0.0038973256282758537,0.34163917402423793,-0.3374609940877092,-1.6370653289835861,-1.441849446234113,-1.6171978024632747,1.0174748509241178,-1.7089297824053202,-1.852770755937705,-1.494779522875094,-1.406082380832432,1.7311939331169488,0.0,0.0,0.0,0.0
898,2025-05-21,000338.XSHE,14.57,0.02317415730337079,-0.4056965191537825,0.14462614032330395,-0.15723226323571166,-0.2708042107140213,0.32343956049265493,-0.9219933399869571,0.1553572529459382,0.34766957177928426,0.009602438048448163,0.8339764471966066,-0.5764027844221522,0.0,-0.018531228551818768,-0.017158544955387822,-0.017844886753603295
899,2025-05-21,000408.XSHE,35.07,0.011829197922677545,0.02135244837651487,0.3856697075288105,0.28671765648865066,-0.5635655195940442,-0.32343956049265493,0.5400672962383147,-0.258928754909897,-0.09241849376411361,-0.5985519716866008,-0.3359027608128772,-0.8939466300158174,0.002851439977188619,0.027088679783290548,0.014542343883661157,0.006558311947533424
900,2025-05-22,000001.XSHE,10.97,0.009199632014719543,-2.1780648021041613,1.4459539133293433,2.097097530880525,2.2359393740160973,1.8908296552082844,-1.1672467864449456,1.8486973674188936,-1.8132423127408055,1.964138789339656,-2.0369236852324426,1.7311939331169488,-0.008204193254329972,-0.005469462169553352,-0.008204193254329972,0.012762078395624377
901,2025-05-22,000002.XSHE,6.67,-0.010385756676557905,0.6993786061802353,-0.644581864978141,-0.6351971280188378,-0.4232180054670335,-0.662480463138669,-0.9129446543218638,-0.6048207436617368,0.17453669320499732,-0.6456615989534353,0.4598426423597627,-0.7647911321314118,-0.005997001499250421,0.0,0.004497751124437732,-0.010494752623688153
902,2025-05-22,000063.XSHE,31.71,-0.0037700282752119838,-0.8192720815254185,1.2136721601840672,1.0869552179626605,0.7752754613422648,1.0627290762849482,1.3249141083612563,0.5934090315171757,-0.7223879802095723,0.7874657819011525,-1.0482292497448022,0.2875749890435169,-0.01608325449385062,-0.022390413118890007,-0.0063071586250393885,0.018921475875118388
903,2025-05-22,000100.XSHE,4.31,-0.002314814814814971,-0.09991122945431932,-0.18001835868758895,0.07681290504479595,0.32584041128877794,0.13111592499619493,-0.9638050807464801,0.9357603958540078,0.5139135966591588,0.5611825112399018,0.1532222161642287,-0.528832354052211,-0.013921113689094988,0.013921113689095321,0.0046403712296985145,-0.011600928074245953
904,2025-05-22,000157.XSHE,6.82,-0.013024602026049183,1.338810474687879,-0.8768636181234171,-1.3542220382555121,-1.396993947249588,-1.4215726604850607,1.0706119762381745,-1.3465820330582066,0.7078432557758225,-1.3094258595597708,1.2005812740107082,-0.9903484013897165,-0.01026392961876832,-0.016129032258064613,-0.014662756598240567,-0.027859237536656978
905,2025-05-22,000166.XSHE,4.67,-0.006382978723404308,-0.6594141143985076,0.5748973390345582,0.4696460267350766,0.40074625296435906,0.7176871684002248,0.6637285648412437,-0.31952794004770996,0.1260542784258314,0.2594714836915675,-0.5476244722827059,-0.0619482340141808,-0.010706638115631661,-0.010706638115631661,-0.0064239828693790635,0.012847965738758127
906,2025-05-22,000301.XSHE,8.93,-0.01543550165380381,0.7193608520710991,-0.8768636181234171,-0.6527343209514396,-0.7228413721693581,-0.5589678907732519,-0.15003825795261824,-0.1483522578792939,0.8775317075029033,-0.4646349824244348,0.8540689046111635,-0.8617952493495863,-0.0033594624860021627,-0.024636058230682933,-0.04927211646136609,-0.0593505039193728
907,2025-05-22,000333.XSHE,36.019999999999996,0.008039662334182079,0.25976919658123027,0.9813904070387912,-0.1476631644925073,-0.4232180054670335,-0.869505607869503,-0.15003825795261824,-1.3465820330582066,-1.3769005797283123,-1.3094258595597708,-0.2973220835516579,1.7311939331169488,0.0,0.0,0.0,0.0
908,2025-05-22,000338.XSHE,14.57,0.004135079255685768,0.37966267192641345,-0.18001835868758895,-0.2879607079533218,-0.3483121637914523,-0.45545531840783493,1.2486234687243318,-0.09129369715648855,0.22301910798416325,0.2594714836915675,0.347206567430791,-0.5764027844221522,-0.0041180507892930596,-0.03500343170899112,-0.0048043925875086435,-0.0041180507892930596
909,2025-05-22,000408.XSHE,35.17,0.0019943019943020023,0.35968042603554956,-1.4575680009866072,-0.6527343209514396,-0.4232180054670335,0.1656201157846673,-0.9638050807464801,0.479291910071565,1.2896322331258137,-0.10258174936643366,0.9151778862349546,-0.8913193982250361,0.009382996872334237,0.024168325277224678,0.003980665339778255,0.024168325277224678
910,2025-05-23,000001.XSHE,10.88,-0.008204193254329977,-0.25567962832256297,0.4648548563967375,2.3789021332260845,2.520787318939371,0.4906592511892598,-0.9166248864108575,2.4590473908105217,0.610763163302965,2.28530239290172,0.22632495731061497,1.7311939331169488,-0.003676470588235392,0.006433823529411686,0.009191176470588092,0.022058823529411686
911,2025-05-23,000002.XSHE,6.63,-0.00599700149925038,-1.1322954968570647,-1.2783508550910283,-0.6036732594846533,-0.4388415170623196,-0.3936684689774292,-0.7173586067563232,-0.1470082679288899,0.10179386055049411,0.22218217708766727,0.7397101769316555,-0.7712944594301054,0.0,0.007541478129713397,0.0015082956259426794,-0.0015082956259426794
912,2025-05-23,000063.XSHE,31.2,-0.014218009478672964,-0.840090207345564,-0.6972822845951063,-0.5798126563429674,-0.13267301678628265,-0.07987476182150731,-0.3985325593090685,0.45438919178020515,0.4411067290521414,0.5169136364896749,0.6663694312715068,0.25320848153496295,0.008653846153846123,-0.007051282051282026,-0.003525641025641013,0.0397435897435896
913,2025-05-23,000100.XSHE,4.25,-0.013921113689095039,0.9131415297234392,-0.30990323759782507,-0.198043006075993,-0.7450100173383566,-0.19398156442366074,0.797065118618137,-0.48111796776727606,-0.08906962798168246,0.22218217708766727,0.5196879399512095,-0.5470027857179394,0.028235294117647136,0.021176470588235352,-0.004705882352941115,-0.004705882352941115
914,2025-05-23,000157.XSHE,6.75,-0.01026392961876837,0.3287309507004381,1.0459234268926596,-0.198043006075993,-0.33678535030364065,-0.536301972230121,1.4347172135126465,-0.748405727637985,-0.8313165278290358,-0.6846838518415869,-1.5796909045705456,-0.999812425831314,0.0,-0.010370370370370363,-0.007407407407407418,-0.016296296296296364
915,2025-05-23,000166.XSHE,4.62,-0.010706638115631655,-0.25567962832256297,-0.01936895234986408,0.9472659447249304,0.07143931673107531,1.7458340798129475,-0.4981656991363356,0.45438919178020515,1.6287017688079066,-0.04987763159110896,1.693139870513588,-0.08080115698513136,-0.0043290043290044045,-0.0043290043290044045,0.008658008658008587,0.04112554112554112
916,2025-05-23,000301.XSHE,8.9,-0.0022421524663676653,-1.4975521087464403,-0.4067479993471454,-0.3889278312094802,0.4796639837657913,0.6903461557430283,-1.4745704694435533,-0.1470082679288899,0.4623137833334943,-0.7753704547345124,-1.0938084645720607,-0.8651125017686432,-0.004494382022471988,-0.0449438202247191,-0.0449438202247191,-0.053932584269662964
917,2025-05-23,000333.XSHE,36.019999999999996,-0.005981656254153965,1.2053468192349397,0.2711653328980969,-0.3889278312094802,-0.9491223508557146,-0.6504087748322744,-0.1594130237236274,-1.1493373674440484,-1.170629396330683,-1.4101766749849902,-0.9471269732517634,1.7311939331169488,0.0,0.0,0.0,0.0
918,2025-05-23,000338.XSHE,14.51,-0.004801097393690006,1.4975521087464403,2.0143710443858627,-1.152467131743429,-0.7450100173383566,-1.9055836034559621,1.4546438414781,-0.6147618477026304,-1.7644269162085657,-0.5486539475021988,-0.43374175363072287,-0.581403928112539,-0.01447277739490005,-0.013094417643004785,-0.011026878015162,0.012405237767057153
919,2025-05-23,000408.XSHE,35.5,-0.000563063063063151,0.03652566118893757,-1.0846613315923876,0.18372664419098142,0.2755516502484333,0.83297965899572,0.47823907117088216,-0.0801863279612127,0.610763163302965,0.22218217708766727,0.20913572004651762,-0.8823867766727217,0.01464788732394351,0.0022535211267604716,-0.014647887323943731,0.01464788732394351
920,2025-05-26,000001.XSHE,10.84,-0.0018416206261509737,-0.980276347508576,-0.9429749729977197,0.9202429204414411,0.7462324771191762,0.19853662724537466,-0.553046003068524,1.1587657361173436,0.5877626482110099,1.3562090643258784,-0.02840201980003332,1.7311939331169488,0.0064575645756457245,0.0036900369003691758,0.03413284132841343,0.03413284132841343
921,2025-05-26,000002.XSHE,6.63,0.0,-1.8565010156726665,-1.922689230657688,0.4011315294231923,0.6476114449007828,1.013954917717449,-1.5441678723669543,-0.23354968324845682,-0.6792706054175144,-0.3922538515141005,-2.420968747570362,-0.7712944594301054,0.006033182503770718,0.010558069381598756,-0.007541478129713397,-0.004524886877828038
922,2025-05-26,000063.XSHE,31.47,0.010921940250562154,0.9912291558606273,1.0164535423222174,0.22809439908377602,0.6147377674946517,0.7657841336607307,1.0723938625809015,0.35032452487268534,0.7637394889927493,0.8270689713743059,0.28232093185845086,0.2714025050795921,-0.01493485859548771,0.0012710517953606892,-0.011439466158245981,0.017794725135049427
923,2025-05-26,000100.XSHE,4.37,0.021028037383177534,0.7721729888196046,0.5265964134922331,1.2348558846949254,0.7462324771191762,0.9785019485664892,-0.03766263103334032,0.7994585311197178,0.7813371730709233,0.4359654244101,0.7173330641803287,-0.5106619223864827,0.0,-0.009153318077803174,-0.034324942791762125,-0.03661327231121281
924,2025-05-26,000157.XSHE,6.75,0.004464285714285751,-0.7612201804675535,-0.45311784416773543,-1.4078930150343416,-0.9631987479996416,-1.0777702621891765,-0.6719806273843356,-0.637770288870786,-0.820052078042906,-1.0364243994551454,0.13861156671640193,-0.999812425831314,-0.00592592592592589,-0.004444444444444473,-0.019259259259259198,-0.014814814814814725
925,2025-05-26,000166.XSHE,4.6,-0.00216919739696327,-0.542164013426531,0.6490606956997291,0.4797847704865633,0.8777271867437006,0.9075960102645697,0.596655365317655,1.0689389348679372,1.4324514839633595,1.1721603363427229,0.46875470285354137,-0.08834235963716922,0.004347826086956719,0.008695652173912993,0.026086956521739202,0.034782608695652195
926,2025-05-26,000301.XSHE,8.86,-0.005611672278339024,1.045993197620883,1.0164535423222174,-0.02359597231901131,-0.43721990950154377,-1.0423172930382167,0.20020661759828293,-0.3233764844978633,-0.7672590258083841,-0.3922538515141005,0.09588716086336035,-0.8695353934485256,-0.01693002257336329,-0.04176072234762973,-0.04401805869074482,-0.06546275395033863
927,2025-05-26,000333.XSHE,36.019999999999996,-0.005628517823639797,0.11500448769653684,-0.9429749729977197,-2.03711894354131,-2.278145844244886,-1.7868296452083716,0.9138143634931527,-2.254652711360103,-1.8759131227333428,-1.8646436753793458,-0.8984262844437891,1.7311939331169488,0.0,0.0,0.0,0.0
928,2025-05-26,000338.XSHE,14.3,-0.013793103448275813,0.9912291558606273,0.5265964134922331,-0.02359597231901131,-0.04273578062797047,0.2694425655472942,1.3300855485984933,-0.1886362826237536,0.2710043348038788,0.10237710494063033,0.5619715883510866,-0.5997416780683439,-0.016783216783216814,0.013986013986013957,0.00839160839160824,0.0174825174825175
929,2025-05-26,000408.XSHE,36.019999999999996,0.017701601573475566,0.22453257121704814,0.5265964134922331,0.22809439908377602,0.08875892899655398,-0.22689900256614237,-1.3062986237353311,0.26049772362327883,0.3061997029602267,-0.20820512353094486,1.082918036991014,-0.8626823709235719,0.0,-0.019711271515824413,-0.02859522487506927,0.0
930,2025-05-27,000001.XSHE,10.91,0.00367985280588785,-0.8966801873031793,2.1724721693588873,2.1465253983034684,2.3369218799919946,2.2375556731618103,-0.6322783378395369,2.0002549830748566,-1.8109432986790308,1.9658561895976143,-2.2423057872432643,1.7311939331169488,0.0036663611365719273,0.006416131989001039,0.030247479376718678,0.031164069660861493
931,2025-05-27,000002.XSHE,6.67,0.0060331825037707445,-0.16841201487420118,-0.8291315074450115,-0.7557475345769579,-0.4645474450363448,-0.0363830190758018,-0.5968565822182743,-0.8023000756289262,0.8604310355644795,-0.5404704338922216,0.6247847172787642,-0.7647911321314118,0.0014992503748125774,-0.004497751124437843,-0.007496251874062887,-0.014992503748125885
932,2025-05-27,000063.XSHE,31.0,-0.013367281985996234,-0.5325461010886903,1.089926581003383,0.8453818667505999,0.9184563989649871,0.7822349101297386,-0.4551695597332241,1.0111179035323452,-0.692693577367794,0.6496846666476446,-0.7987357430083968,0.23973149522417042,-0.000645161290322549,0.002903225806451637,0.0196774193548388,0.03516129032258086
933,2025-05-27,000100.XSHE,4.37,0.0,2.0163925024127334,-0.18944547796221328,0.4405816569341519,-0.14539271180526822,-0.05457452861370269,1.4930269994362173,0.021980823989833514,0.09939997522766551,1.2517631292736946,0.2171098436753988,-0.5106619223864827,-0.006864988558352492,-0.03203661327231111,-0.01830663615560646,-0.02517162471395884
934,2025-05-27,000157.XSHE,6.71,-0.007396449704141985,1.4701913730909997,-0.8783381250975344,-1.1207905809292906,-1.3510883706782244,-1.4735122725699727,2.0597750893764184,-1.296868615400182,0.6119310974953157,-0.8765142269858309,1.1485800979125964,-1.0045445217112576,-0.0044709388971684305,-0.0014903129657227732,-0.011922503725782407,0.0044709388971684305
935,2025-05-27,000166.XSHE,4.62,0.004347826086956622,-0.5325461010886903,0.45024055152058484,0.5562388597388513,0.20922365845148355,0.34563868122011704,0.34181994174518376,0.3516931838373374,-0.07144373219488458,0.2996390488418016,-0.5046751784420349,-0.08080115698513136,-0.0043290043290044045,0.008658008658008587,0.030303030303030276,0.045454545454545414
936,2025-05-27,000301.XSHE,8.71,-0.024636058230682965,-0.441512579535068,-0.706114963313704,-0.7738189725151922,-0.50000908206202,-0.7276603815160358,-0.4551695597332241,0.0769328839644175,0.8448997894351568,-0.7084923304390263,0.7918645835096516,-0.8861214882255193,-0.024110218140068973,-0.024110218140068973,-0.033295063145809545,-0.04362801377726755
937,2025-05-27,000333.XSHE,36.019999999999996,0.003507351949278364,0.28675559289391017,0.007380992647878458,-0.16661865779052012,-0.3581625339593193,-0.5275537765991261,-0.2072172703843861,-1.1869644954510141,-1.3760684070579943,-0.8765142269858309,-0.23734739247261505,1.7311939331169488,0.0,0.0,0.0,0.0
938,2025-05-27,000338.XSHE,14.06,-0.016783216783216797,-0.16841201487420118,-0.18944547796221328,-0.4557616648022687,-0.28723925990796895,-0.0181915095379009,-0.7739653603245872,-0.3077315358576704,0.36343115942615195,-0.7364959798634937,0.2371594276231053,-0.6205801671876321,0.01849217638691325,0.020625889046941515,0.02560455192034139,0.038406827880512084
939,2025-05-27,000408.XSHE,36.019999999999996,-0.001099505222649784,-1.0332304696336128,-0.9275447427500574,-0.7159903711128424,-0.3581625339593193,-0.5275537765991261,-0.7739653603245872,0.13188494393900146,1.1710559581509343,-0.42845583619435185,0.7635654311667951,-0.8595297597019506,-0.012215435868961677,-0.028872848417545782,-0.015546918378678387,0.0
940,2025-05-28,000001.XSHE,10.95,0.002747252747252689,-0.4260070964192831,-0.28204098050150417,1.824826468234712,1.711151111239573,0.4711081985941326,-1.0427551084090518,1.696218842635435,0.24578903957371936,1.5562991868321119,0.6664892361576936,1.7311939331169488,-0.00639269406392684,0.02374429223744312,0.01187214611872145,0.04474885844748866
941,2025-05-28,000002.XSHE,6.68,-0.0074294205052007,-2.20412367277803,-2.07684722005653,-0.5155970638310227,0.3743143055836566,0.6852482888641929,-1.582534223350208,0.23558595036603264,-0.10533815981730832,-0.17769898634178807,-2.3371312080902387,-0.7631653003067383,0.0029940119760478723,-0.014970059880239472,-0.005988023952095856,-0.025449101796407136
942,2025-05-28,000063.XSHE,30.98,-0.0012894906511927513,-1.1668890032354275,-1.0512436545965154,0.6282189480808025,1.6443092709567773,1.3276685596743738,-0.9446134511470234,1.6019844624890218,1.6064069372139518,1.5276380600027912,0.042360312677603755,0.23838374639760426,0.01710781149128482,0.004196255648805547,0.03938024531956108,0.030987734021949764
943,2025-05-28,000100.XSHE,4.34,-0.0045871559633028575,0.7594039544865481,0.9999634763235146,0.06510952683190395,-0.7619969792238723,-0.6709722828461889,1.2145030086176016,-0.5654062808784783,-0.4345199092463968,-0.17769898634178807,-0.26970414906244117,-0.5197471382193468,-0.0023041474654377225,-0.027649769585253448,-0.020737327188940058,-0.004608294930875445
944,2025-05-28,000157.XSHE,6.68,-0.005952380952380958,1.0557567172130058,1.2563643676885186,-0.07566782848032069,-0.895680659789464,-0.24269210230606836,0.42936975052137427,-0.3769375205856522,0.15800723972596245,-0.7509215229282014,0.8761575463892863,-1.0080935099620705,0.0059880239520957446,-0.008982035928143617,-0.013473053892215536,0.0059880239520957446
945,2025-05-28,000166.XSHE,4.6,-0.00216919739696327,0.16669842903363252,0.23076080222850334,0.9097736587052517,0.30747246530086075,0.8993883791342532,0.23308643599731746,0.4711719007320653,0.9480434383557748,0.7967793258551144,0.3544247744176487,-0.08834235963716922,0.008695652173912993,0.026086956521739202,0.04130434782608705,0.04565217391304355
946,2025-05-28,000301.XSHE,8.5,-0.024110218140068983,0.27783071505605417,-0.28204098050150417,-1.483441381602567,-0.7619969792238723,-0.6709722828461889,0.5275114077834027,-0.895226611390924,-0.4345199092463968,-0.6362770156109187,0.5104570052876711,-0.9093417532040468,-0.0011764705882352233,-0.003529411764705781,-0.009411764705882342,-0.02588235294117658
947,2025-05-28,000333.XSHE,36.019999999999996,0.00427407506344321,0.4630511917600903,0.4871616935935071,-1.061109315665893,-0.7619969792238723,-1.3847725837463898,-0.7483301366229665,-1.2250469419033696,-1.9487559566202035,-1.4961108204905387,-1.0498653034125536,1.7311939331169488,0.0,0.0,0.0,0.0
948,2025-05-28,000338.XSHE,14.32,0.014164305949008575,0.4630511917600903,-0.0256400891365004,0.48744159276857785,-0.09357857639591417,0.9707684092242732,0.6992593079919524,-0.28270314043923916,0.7724798386602609,-0.06305447902450544,0.47144894757016553,-0.5980746859443116,0.012569832402234526,0.006983240223463749,-0.0006983240223463749,0.034916201117318524
949,2025-05-28,000408.XSHE,35.58,-0.020374449339207103,0.6112275731233192,0.7435625849585108,-0.7795546050414439,-0.7619969792238723,-1.3847725837463898,1.2145030086176016,-0.6596406610248914,-0.8075925585993636,-0.5789547619522774,0.7353628380651644,-0.8800222345973606,-0.007588532883642363,-0.016582349634626126,-0.00786958965711082,0.01236649803260259
950,2025-05-29,000001.XSHE,10.88,-0.005484460694698238,-1.944360244904494,-0.09469895844059248,1.700690958607373,2.256925531021885,1.337356787722231,-0.6693022634775304,1.8094793595186087,0.571831931813674,1.491308696839857,-2.202301825114572,1.7311939331169488,0.009191176470588092,0.03308823529411753,0.02113970588235281,0.04227941176470584
951,2025-05-29,000002.XSHE,6.7,0.004497751124437818,1.6571008481931355,0.7470695610313404,1.3556973005878459,0.10594387272222222,-1.2151252533605215,1.4947235306761477,0.5880807918435479,-0.33978419136754534,1.3875855262713972,0.6463373856287696,-0.7599136366573915,-0.008955223880597107,-0.011940298507462699,-0.014925373134328401,-0.03880597014925369
952,2025-05-29,000063.XSHE,31.51,0.015796260477111607,0.9711082590316822,-0.09469895844059248,-0.08816504593832361,-0.24720236968518508,0.6183477620651174,1.1546623344519982,-0.09047396797593044,1.0276399934042837,0.5462753649938888,1.2160652277774382,0.27409800273272444,-0.013329101872421534,0.0031735956839098467,0.025388765471278996,-0.0009520787051729984
953,2025-05-29,000100.XSHE,4.33,-0.002304147465437739,-0.9153713611623142,-0.9364674779125253,0.729597698996852,1.0369657845235687,0.47454595693369483,-1.0711927681060707,1.0856876157111652,0.6961432213383857,0.37340341404645566,0.4787703732321025,-0.5227755992697315,-0.023094688221708903,-0.009237875288683584,-0.01616628175519641,-0.018475750577367167
954,2025-05-29,000157.XSHE,6.72,0.007496251874062942,0.11361752257986564,-0.09469895844059248,-0.8037074477566023,-0.6324528159478112,-0.38826487385484126,-0.5765583008709442,-0.5428438078555826,-0.4226583843840198,-0.6868778850978012,0.05566366693051785,-1.0033615814004166,-0.0029761904761904656,-0.013392857142857095,-0.013392857142857095,-0.004464285714285587
955,2025-05-29,000166.XSHE,4.64,0.008695652173913052,0.45661381716059224,1.1679538207673068,0.1162756402954703,0.009631261156565677,0.04314054153942678,0.31996667099272247,0.2714219039277913,0.571831931813674,0.14290747944987808,0.4787703732321025,-0.07325995433309314,0.004310344827586299,0.02586206896551735,0.019396551724138122,0.030172413793103647
956,2025-05-29,000301.XSHE,8.49,-0.001176470588235269,-0.14362969835567935,-1.0416885428465168,-0.2926057321721175,-0.37561918510606046,1.3014063364393753,-0.638387609275335,-0.6785547598194783,0.8204545108630974,-0.6868778850978012,0.4117435682734356,-0.9104475597831624,0.0011778563015312216,-0.008244994110718551,-0.010600706713780883,-0.03062426383981154
957,2025-05-29,000333.XSHE,36.019999999999996,-0.0010673782521680893,0.027868448934683977,-0.09469895844059248,-1.417029506457984,-1.2745368930521883,-1.3948775097747999,-0.8238755344885074,-1.5380574555908175,-1.9143938586805607,-1.7010599973227425,-0.5936585061065675,1.7311939331169488,0.0,0.0,0.0,0.0
958,2025-05-29,000338.XSHE,14.5,0.013986013986013936,-0.5723750665815877,-1.3573517376484916,-0.3948260752890145,-0.1187855542643097,0.3307441518022721,-0.5920156279720419,0.09047396797593044,0.406083545780725,-0.13368764206601502,0.5122837757114359,-0.5822375078337002,-0.010344827586206917,-0.0055172413793103114,0.0006896551724138167,0.018620689655172384
959,2025-05-29,000408.XSHE,35.31,-0.005352112676056274,0.3494274751041152,1.7992802103712564,-0.9059277908734993,-0.7608696313686866,-1.1072738995119547,1.4019795680695615,-0.9952136477352348,-1.4171487005817138,-0.7329770720171167,-1.0036740395646624,-0.8873785505388642,-0.009345794392523477,0.004248088360237823,0.02010761823845919,0.02010761823845919
960,2025-05-30,000001.XSHE,10.98,0.008264462809917342,0.2333664145937279,-2.216184652396201,-1.9427662133221706,-0.7612391980535805,-1.7288591711793957,-1.7705031127092261,1.8219974435221962,1.9081682377591165,1.9746170047096467,2.0764384358786123,1.7311939331169488,0.020947176684881663,0.009107468123861429,0.012750455373406133,0.051912568306010876
961,2025-05-30,000002.XSHE,6.64,-0.005988023952095814,0.648240040538133,0.8031404871081601,0.764086182664628,1.258375000864082,1.0315042113759418,-0.44813564263594524,0.1372737799913983,-0.38917716978555206,0.03204246660786448,-0.5009253726086536,-0.7696686276054319,-0.009036144578313143,0.0,-0.0030120481927710108,-0.010542168674698704
962,2025-05-30,000063.XSHE,31.09,-0.006709265175718877,0.8556768535103355,-0.7669085854341077,-0.9246372831860874,-1.1496265439992848,-0.13075405496314757,1.4129741300597836,0.19967095271476118,1.17096038309926,0.3324405910565937,0.9691265774174166,0.2457961139662836,0.0006432936635574205,0.0357027983274365,0.043422322290125326,0.019942103570279812
963,2025-05-30,000100.XSHE,4.23,-0.020833333333333297,-0.18150721135067724,0.07850245362711339,0.5633973070128039,0.5592777781618142,0.9588630697297489,-0.05632305891052865,0.82364267994839,0.09943733853551552,0.993316464843798,-0.16364072606587554,-0.5530595405004186,-0.0023640661938535423,0.004728132387706863,0.0,0.004728132387706863
964,2025-05-30,000157.XSHE,6.7,-0.0029761904761904127,-1.21869127621169,1.044686498268509,0.9549853570651436,0.7146327165400959,0.8862219280835557,-0.44813564263594524,-1.1730668471992223,-1.2806843428625878,-1.5700808637853583,-1.1858359402344363,-1.0057274620220986,-0.011940298507462699,-0.016417910447761197,-0.008955223880597107,-0.0029850746268657025
965,2025-05-30,000166.XSHE,4.66,0.006479481641468736,0.2333664145937279,-0.7669085854341077,-0.9246372831860874,-0.9942716056210031,-1.293012321302237,-0.03183477242769012,-0.04991773817869035,0.6737736904216827,-0.12816986643145778,0.6763889596633075,-0.0657187516810549,0.012875536480686511,0.027896995708154515,0.03218884120171661,0.03218884120171661
966,2025-05-30,000301.XSHE,8.5,0.001177856301531188,-0.8038176502672849,0.8635269898982473,0.6808737220285058,1.0253425932966593,0.6682985031449764,0.8252552544716587,-0.3619036017955048,-0.9635135216717193,-0.36848836599044116,-0.9654872442619139,-0.9093417532040468,-0.003529411764705781,-0.009411764705882342,-0.009411764705882342,-0.036470588235294144
967,2025-05-30,000333.XSHE,36.019999999999996,0.004019292604501569,1.9965793248574497,0.32004846478746224,-0.37641401311281164,-1.4603364207558482,-0.8571654714250786,1.5109272759911376,-1.7970385744328512,-0.3205996949334724,-1.1695500311870524,0.06545827913299256,1.7311939331169488,0.0,0.0,0.0,0.0
968,2025-05-30,000338.XSHE,14.35,-0.01034482758620692,-1.0112544632394875,0.07850245362711339,0.1718092569604641,0.09321296302696905,0.5956573614987833,-0.5460887885672994,0.44925964360821274,-0.06343416423817368,-0.12816986643145778,-0.17000458732139964,-0.5955741140991182,0.004878048780487809,-0.0027874564459929863,0.02369337979094066,0.019512195121951237
969,2025-05-30,000408.XSHE,34.98,-0.00990659496178889,-0.7519584470242343,0.5615944759478112,1.0333029670756115,0.7146327165400959,-0.13075405496314757,-0.44813564263594524,-0.04991773817869035,-0.83493075632407,0.03204246660786448,-0.8015183816000503,-0.8965738618065987,0.0002858776443683819,0.00914808461978267,0.029731275014293956,0.029731275014293956
970,2025-06-03,000001.XSHE,11.21,0.02281021897810219,0.11981256747580579,0.44865425305519213,1.8686222761278986,1.70384984379458,1.493313704236328,-1.7747453100255834,2.042755186234418,1.3913460103584887,1.6355827820332849,1.517609676083046,1.7311939331169488,0.00267618198037467,-0.008920606601249048,0.0,0.027653880463871516
971,2025-06-03,000002.XSHE,6.58,0.0,-2.526793400646472,-2.461535496492,-0.817165093230243,0.5763021530481667,-0.481714098140751,-1.5902603505634645,0.0990888709740576,-0.8147521682279438,-0.06262909032822593,-2.486262229499794,-0.7794234512351823,0.006079027355623046,0.003039513677811412,0.003039513677811412,-0.0075987841945288626
972,2025-06-03,000063.XSHE,31.11,0.005494505494505434,-0.3093667787061852,-0.7639248092561379,0.9543116823038502,0.7642267681725688,0.8189139668392766,0.9556320900137756,0.8994220596106767,1.0153065480994377,1.2742611070627505,0.3078066542522599,0.24714386279285014,0.016072002571520416,0.03857280617164904,0.02957248473159768,0.012536162005786
973,2025-06-03,000100.XSHE,4.22,-0.0023640661938535874,-0.1663069966455215,0.44865425305519213,0.2685787369358141,0.3883775379237645,0.07225711472111265,0.033207292703181394,0.21342218363643173,0.16295043364558878,0.1300758029893923,0.13497765113357615,-0.5560880015508035,0.0165876777251186,0.009478672985782088,-0.0023696682464454666,0.021327014218009532
974,2025-06-03,000157.XSHE,6.62,-0.008982035928143655,0.9781712598397878,0.9336858779797241,-0.531443032660228,-0.8644532295722501,-0.6262283275829763,0.32838322784257157,-0.8536887345457269,-0.6643363833243234,-0.833448663598699,0.23219396538783577,-1.016374594092827,0.0015105740181269312,0.0015105740181269312,0.0045317220543807935,0.01812688821752273
975,2025-06-03,000166.XSHE,4.72,0.015053763440860084,-0.1663069966455215,-0.4001510905627389,0.04000108847980206,0.13781138442456156,1.1079424257237274,0.881838106228928,-0.015244441688316554,0.990237250615501,0.22642824964820144,0.13497765113357615,-0.043095143724940194,0.008474576271186418,0.0021186440677967155,0.008474576271186418,0.02330508474576276
976,2025-06-03,000301.XSHE,8.47,0.002366863905325604,0.13769504023338874,0.20613844059292613,-0.874309505344246,-0.2380378458242428,-0.264942753977413,0.10700127648802893,-0.358244379675439,-0.28829692106527244,-0.3998626536340579,0.13497765113357615,-0.9126590056231034,-0.005903187721369663,-0.008264462809917439,-0.02243211334120443,-0.02833530106257376
977,2025-06-03,000333.XSHE,36.019999999999996,-0.03963699452822651,0.7635815867487923,0.44865425305519213,-1.560042450712282,-1.9920009203186633,-1.975027802377079,0.033207292703181394,-1.6921330274031372,-1.9178012575211603,-1.9415018001750035,-0.44111902592870295,1.7311939331169488,0.0,0.0,0.0,0.0
978,2025-06-03,000338.XSHE,14.42,0.002084781097984667,0.26287234953646943,0.44865425305519213,0.6114452096198322,0.012528307674960102,0.2890284588844506,-0.1881746586513612,0.13719997519484897,0.3384355160331459,0.03372335633058319,0.16378248498669012,-0.5897393906875704,0.0,0.006241331484049928,0.009015256588072118,0.018723994452149784
979,2025-06-03,000408.XSHE,34.99,-0.008781869688385133,0.906641368809456,0.6911700655174581,0.04000108847980206,-0.4886039993234457,-0.43354268832667586,1.213911033260742,-0.47257769233781316,-0.21308902861346224,-0.06262909032822593,0.3010555213179363,-0.8960484823757584,0.013432409259788392,0.02943698199485545,0.02943698199485545,0.02943698199485545
980,2025-06-04,000001.XSHE,11.24,0.0017825311942958621,-1.6741977777884332,-0.4368133495941429,1.5092278358267552,2.6317493853504064,0.9557556789691659,-1.457549679240237,2.3854556026883262,0.4578233547157487,1.8404507084942714,-1.5762175883079534,1.7311939331169488,-0.014234875444839923,-0.01067615658362997,0.000889679715302405,0.025800711743772187
981,2025-06-04,000002.XSHE,6.62,0.004552352048558459,-0.5874973946397545,-1.2891320805095439,-0.8924903312059987,-0.2924165983722674,1.2050832473959048,-1.0506195657467698,0.27107450030549163,1.9376564204636233,-0.5258430595697918,2.1381357068791935,-0.7729201239364887,0.0030211480362536403,0.0,-0.007552870090634434,-0.027190332326283984
982,2025-06-04,000063.XSHE,31.61,0.013141025641025646,0.09169034482816978,-1.2891320805095439,-0.5070293908180259,-0.40346087623515375,0.12466378421336946,-0.014797458672489728,-0.10842980012219665,0.2728442214972644,0.44851319786835186,0.300508287155026,0.2808364122289755,0.018664979436887164,0.02625751344511218,0.015185068016450698,-0.0031635558367604233
983,2025-06-04,000100.XSHE,4.29,0.01658767772511855,1.0425531800832637,0.4155053813212579,-0.7442361233644708,-0.5515199133856689,-2.077729736889491,1.0210246484017904,-1.0842980012219665,-1.5075799357306472,-0.5258430595697918,-0.32506700466596716,-0.5348891088346904,-0.009324009324009341,-0.013986013986013845,-0.006993006993007089,0.006993006993007089
984,2025-06-04,000157.XSHE,6.63,0.0,0.9067156321896789,0.8416647467789584,-0.15121929199835862,-0.699578950536184,0.457100542115688,0.4291263015022017,-0.65057880073318,0.18035465488802224,-0.5258430595697918,0.04148101788539599,-1.0151916537819858,-0.006033182503770718,0.0015082956259426794,0.016591251885369473,0.013574660633484115
985,2025-06-04,000166.XSHE,4.76,0.00847457627118645,1.0425531800832637,1.267824112236659,1.3906244695535328,0.6329523838184523,0.6233189210668473,0.6510881815895475,0.7590086008553766,0.4578233547157487,1.0207541744590076,0.7696897560207708,-0.028012738420864106,0.006302521008403339,0.010504201680672232,0.014705882352941346,0.0
986,2025-06-04,000301.XSHE,8.42,-0.0035502958579880905,0.601081149429113,1.3743639536010839,-0.15121929199835862,-0.25540183908463865,-0.9973102737069557,0.6880818282707718,-0.5963639006720816,-0.9526425360751943,-0.3402513914863359,-0.32506700466596716,-0.9181877038821015,0.0,0.0,-0.0106888361045131,-0.02494061757719701
987,2025-06-04,000333.XSHE,36.019999999999996,-0.0027843519420855194,-1.4025226820012635,-0.8629727150518434,-1.5744596872770276,-0.699578950536184,-0.7064281105424269,-1.6425179126463583,-0.7590086008553766,-1.2069888442506103,-1.8249847361539835,-0.6378546505764637,1.7311939331169488,0.0,0.0,0.0,0.0
988,2025-06-04,000338.XSHE,14.42,-0.001385041551246508,0.4992029885089243,-0.4368133495941429,0.44179753936775346,-0.25540183908463865,0.457100542115688,0.6510881815895475,-0.32528940036659,0.2728442214972644,0.21652361276403193,0.339606742893838,-0.5897393906875704,-0.007628294036061023,0.018723994452149784,0.012482662968099856,0.02565880721220526
989,2025-06-04,000408.XSHE,35.46,0.009968669894616958,-0.5195786206929621,0.4155053813212579,0.6790042719141983,-0.10734280193412349,-0.04155459473778982,0.7250754749519961,0.10842980012219665,0.08786508827878006,0.21652361276403193,-0.725215262617872,-0.8834377028526923,-0.00451212633953757,0.01579244218838105,0.01579244218838105,0.01579244218838105
990,2025-06-05,000001.XSHE,11.08,-0.017730496453900648,0.6959125855948453,0.5614989891786365,1.7632162283013035,1.6897262108791056,1.4783239826487695,-0.3788446179972207,1.9334567801117304,2.0339309003150206,1.5966231343381567,1.1356941041357267,1.7311939331169488,0.0027075812274368616,0.011732851985559734,0.032490974729241895,0.03429602888086647
991,2025-06-05,000002.XSHE,6.64,0.004538577912254063,-2.1349182710621526,-1.1022017194988047,-0.8102853559583137,-0.65486996689573,-0.25662836862607,-1.1031063876977896,-0.8209090239580532,-1.124825422143913,-0.9846567740377915,-2.5586180560072536,-0.7696686276054319,-0.0060240963855421326,-0.0060240963855421326,-0.01957831325301207,-0.04819277108433728
992,2025-06-05,000063.XSHE,32.2,0.018020866266203094,1.6395228711471779,2.2251996978560773,0.7044041479202038,0.8812447702670935,0.1771097191926399,1.849653134927607,0.7452989822777063,0.4930741576521262,1.0455633786174485,0.48100587322431243,0.3205937477255044,0.0034161490683228823,-0.005279503105590111,-0.008074534161490732,-0.0313664596273292
993,2025-06-05,000100.XSHE,4.25,-0.009324009324009333,-0.24769769995748725,-0.27035136516008423,0.2338210010841595,-0.08893295846732133,0.5385581257082315,0.2339922640571069,-0.01080143452576382,0.3967706112356953,-0.05655613282396741,0.5745327633545144,-0.5470027857179394,0.0023529411764704466,-0.009411764705882342,0.016470588235294237,0.004705882352941115
994,2025-06-05,000157.XSHE,6.59,-0.0060331825037707445,0.22410744281867903,0.5614989891786365,-0.47205371916990696,-0.41232553471212624,-0.5457870938385433,1.1253913652270378,-0.4428588155563182,-0.5084827250787551,-0.5786127435067434,-0.2029095108527899,-1.0199235823436397,0.006069802731411222,0.009104704097116834,0.019726858877086473,0.01062215477996964
995,2025-06-05,000166.XSHE,4.79,0.0063025210084034135,-0.24769769995748725,0.1455738120092761,0.9396957213382259,0.719548482144691,0.7554271696175864,0.06685493258774483,0.7452989822777063,0.18490280911954735,0.7555319282381286,-0.17368235768710177,-0.01670085078366174,-0.012526096033402823,-0.006263048016701522,0.0041753653444676075,-0.01670146137787054
996,2025-06-05,000301.XSHE,8.42,0.00238095238095233,0.10615615712463745,-0.8942391309141247,-0.8249910792969402,-0.2506292465897238,0.14096487854108075,-0.4902695056434621,-0.49686598818513744,-0.2966149229626071,-0.2885812931274234,0.10689831270350432,-0.9181877038821015,-0.002375296912113911,-0.016627078384798155,-0.016627078384798155,-0.03206650831353919
997,2025-06-05,000333.XSHE,36.019999999999996,-0.002517130471262856,0.5779612999008037,-1.1022017194988047,-1.6485115862600175,-2.029288415936151,-1.5578426320821999,-0.2117072865278586,-1.7390309586479813,-1.5870824449427812,-1.7387385450240236,0.013371422573302288,1.7311939331169488,0.0,0.0,0.0,0.0
998,2025-06-05,000338.XSHE,14.31,-0.007628294036060987,0.22410744281867903,-0.27035136516008423,0.35146678779317053,0.23445961777748361,0.8277168509207047,0.4568420393495896,0.09721291073187477,0.5315955762186986,0.5380083404536387,0.7148230985498175,-0.5989082656654727,0.013976240391334604,0.016771488469601747,0.03563941299790363,0.01607267645003474
999,2025-06-05,000408.XSHE,35.3,-0.004231311706629215,-0.8374541284276951,0.1455738120092761,-0.2367621457518848,-0.08893295846732133,-1.5578426320821999,-1.548805938282755,-0.01080143452576382,-0.12326853941303151,-0.2885812931274234,-0.0911156499940328,-0.8876412402542844,0.02039660056657211,0.02039660056657211,0.02039660056657211,0.02039660056657211
1000,2025-06-06,000001.XSHE,11.11,0.0,-0.20834482263151444,-1.3980037651017154,0.376651470713869,0.01834024996844207,-0.4834808904870642,-1.531926064320999,1.7369744845314004,0.9559592612033438,1.6289867915463105,2.639021120772812,1.7311939331169488,0.0009000900090008201,0.012601260126012592,0.02070207020702064,0.04320432043204314
1001,2025-06-06,000002.XSHE,6.6,-0.006024096385542174,-1.1517930760572401,-0.8497669944735918,0.6779726472849642,0.813084415267606,1.414294567499543,0.17021400714677767,0.614439953711788,0.8421545872505648,0.6696740717228887,-0.1531629292436091,-0.7761717875858355,0.003030303030303161,-0.004545454545454408,-0.024242424242424176,-0.046969696969696884
1002,2025-06-06,000063.XSHE,32.31,0.006855718292302862,1.678551684219937,1.891416858667027,1.7325967652837975,0.9964869149520285,0.6009622283624257,0.6284824879265638,1.1461668367316042,1.0128615981797333,1.0017438593540733,0.18189915675836144,0.3280061152941837,0.004023522129371626,-0.006809037449705957,-0.025688641287527125,-0.04178272980501396
1003,2025-06-06,000100.XSHE,4.26,-0.00234192037470721,1.0495861819361199,1.0690617027248412,0.8286332355705118,0.2628769162143387,-0.4834808904870642,1.2176848203577175,-0.3899330475478654,-0.5235015001827835,-0.3634319342407964,-0.4882250152455796,-0.5439743246675545,-0.00704225352112664,0.0,-0.0023474178403755097,0.009389671361502261
1004,2025-06-06,000157.XSHE,6.63,0.0060698027314112345,-0.522827573773423,-0.30153022384546807,-0.376651470713869,0.2628769162143387,-0.4834808904870642,-1.4009922126696317,-0.3899330475478654,-0.40969682623000453,-0.5110185065213229,-0.36257673299484067,-1.0151916537819858,0.0015082956259426794,0.016591251885369473,0.009049773755656076,0.0
1005,2025-06-06,000166.XSHE,4.73,-0.012526096033402842,-1.4662758271991485,-0.5071190128310145,0.5273120589994166,1.241023581197925,1.6854053472119155,-0.7135894914999527,0.6735207184917675,1.41117795701446,0.9648472162839417,-0.33930853257803717,-0.03932445873977606,0.01691331923890038,0.02114164904862581,0.010570824524312794,-0.0042283298097252064
1006,2025-06-06,000301.XSHE,8.4,-0.0035587188612098888,-0.6407586054516387,-0.23300062751695264,-1.2806150004271546,0.2628769162143387,-1.0708875798638713,-0.4844552511100596,-0.449013812327845,-1.1494272069230682,-0.7323983649421125,-0.7115997392468933,-0.9203991497220427,0.0023809523809523725,-0.008333333333333415,-0.020238095238095277,-0.02857142857142858
1007,2025-06-06,000333.XSHE,36.019999999999996,0.004338698390482887,-0.051103447060560164,-0.7127078018165609,-1.4312755887127022,-1.9379530799987306,-1.2064429697200576,0.17021400714677767,-1.4533868135874983,-1.5477435657577947,-1.544124512485008,-0.6371414979131221,1.7311939331169488,0.0,0.0,0.0,0.0
1008,2025-06-06,000338.XSHE,14.51,0.01539538138558437,0.7351034307942113,0.7949433174107794,-0.6779726472849642,-0.9598064150151443,0.5105919684583016,0.7266828766650894,-0.9807406953476615,-0.18208747832444647,-0.6770534003369152,-0.5999123772462365,-0.581403928112539,0.012405237767057153,0.006202618883528688,0.01791867677463821,0.004135079255685792
1009,2025-06-06,000408.XSHE,36.019999999999996,0.02401129943502829,0.577862055223257,0.24670654678265566,-0.376651470713869,-0.9598064150151443,-0.4834808904870642,1.2176848203577175,-0.5080945771078246,-0.40969682623000453,-0.4372252203810596,0.47100654693714505,-0.8618943017773116,0.0,0.0,0.0,0.0
1010,2025-06-09,000001.XSHE,11.12,-0.0017953321364453634,-1.5561693521493243,0.5345513449508559,2.2779584021890793,1.902958724295474,1.595824546179269,-0.5129340150169676,1.5190719617262691,0.8846147614053643,1.9900743804199783,-2.657442524188521,1.7311939331169488,0.008093525179856176,0.02877697841726623,0.03866906474820153,0.05035971223021596
1011,2025-06-09,000002.XSHE,6.62,0.0030303030303031006,0.48192420591800356,1.8072926424528934,0.5393991519860637,0.7956891012277421,1.595824546179269,-0.8817101042448526,0.7695298753481759,1.7804271780183913,0.34826301657349623,1.0429851159775518,-0.7729201239364887,-0.0030211480362538623,-0.0166163141993958,-0.007552870090634434,-0.049848942598187285
1012,2025-06-09,000063.XSHE,32.44,0.0037128712871286338,0.8216064655958916,-1.756382990552812,0.13819317116998325,-0.620585998044938,-0.9904104457871339,1.3309464311224581,-0.3797679904315673,-1.0189866238973182,0.3648469697436627,0.2762298391863836,0.3367662316894292,-0.01263871763255231,-0.015413070283600394,-0.022503082614056646,-0.040382244143033263
1013,2025-06-09,000100.XSHE,4.23,-0.007042253521126611,-0.5371225731156604,0.7890996044512635,-0.21843436733319938,0.10042677976660823,-0.4026297657947695,-0.34530851991338335,0.5196825132221448,-0.31913317341839087,0.2155913912121643,-0.19049076407780577,-0.5530595405004186,-0.004728132387706974,0.02127659574468077,0.004728132387706863,0.011820330969267046
1014,2025-06-09,000157.XSHE,6.64,0.0,1.5009709849516675,0.28000308545044833,-0.21843436733319938,-1.4446006012581336,-0.755298173790188,1.8002978174124937,-1.4790963837861044,-0.7950335197440616,-1.5091397384851502,0.5220915855487691,-1.0140085461528552,0.001506024096385561,0.012048192771084265,0.006024096385542244,0.001506024096385561
1015,2025-06-09,000166.XSHE,4.81,0.008385744234800846,-1.5561693521493243,0.02545482595004078,0.13819317116998325,1.1304450337831027,0.6553754581914862,-1.6024997331902644,1.4191330168758567,1.3325209697118778,0.9452853306994897,-0.05714202028803738,-0.009159648131623505,-0.01039501039501034,0.0,0.0,-0.004158004158004047
1016,2025-06-09,000301.XSHE,8.42,-0.0035502958579880905,-0.1125197485183004,-0.7381899525511819,-0.5750619058363821,-0.4145823472416391,-0.25568459579667846,-0.37883361893410017,-0.6296153525575984,-0.2071566213417625,-0.5141025482751611,0.409578582976152,-0.9181877038821015,-0.016627078384798155,-0.016627078384798155,-0.027315914489311255,-0.013064133016627011
1017,2025-06-09,000333.XSHE,36.019999999999996,0.0019627085377821474,0.8216064655958916,0.28000308545044833,-0.5750619058363821,-0.620585998044938,-0.4026297657947695,0.19109306441808593,-0.7795237698332171,-0.7950335197440616,-0.8457816116784908,0.07620672350173102,1.7311939331169488,0.0,0.0,0.0,0.0
1018,2025-06-09,000338.XSHE,14.69,0.009621993127147684,0.14224194624011557,-0.22909343355036677,0.13819317116998325,-0.20857869643834015,0.18515091419759477,0.20785561392844434,-0.3797679904315673,0.0447906208306514,-0.28192720389283027,0.04286953755428892,-0.5655667500019275,-0.00953029271613337,0.008849557522123908,-0.004084411164057111,-0.006807351940095296
1019,2025-06-09,000408.XSHE,36.019999999999996,0.0,-0.006369042368960414,-0.9927382120515894,-1.6449445213459297,-0.620585998044938,-1.2255227177840795,0.19109306441808593,-0.5796458801323922,-0.9070100718206899,-0.7131099863171589,0.5351139238094886,-0.8613687550281814,0.0,0.0,0.0,0.0
1020,2025-06-10,000001.XSHE,11.21,0.007187780772686439,-1.8322261985403951,-2.108233381903586,1.933819907390905,1.678320002568111,0.7676321046714014,-0.6710655993285256,1.8410665551400578,1.015935713735324,2.285733019300588,-1.5760562887285527,1.7311939331169488,0.003568242640499486,0.011596788581623496,0.027653880463871516,0.04192685102586968
1021,2025-06-10,000002.XSHE,6.6,-0.004524886877828092,0.22741917686801158,0.05868743889667373,0.20438746988684373,0.8165909058949978,0.5553835964673274,-1.3101756939271214,0.83588653940267,0.7350318297532068,0.16514327233042014,2.295918776181685,-0.7761717875858355,-0.004545454545454408,-0.024242424242424176,-0.010606060606060508,-0.037878787878787845
1022,2025-06-10,000063.XSHE,32.03,-0.012334258402713493,-0.4591292816014573,0.05868743889667373,-0.34588648750081213,0.6114173114490185,1.1921291210795497,0.09586651418978938,0.04232336908367949,0.8754837717442655,0.2214421151703361,-0.4091596938240975,0.3091383009954163,0.0018732438339057467,-0.017171401810802345,-0.01654698719950054,-0.009366219169528622
1023,2025-06-10,000100.XSHE,4.21,-0.004728132387706964,0.570693406102746,0.41984090903005034,-1.6036555329583113,-1.3582491952323834,-0.8949812095938456,0.9054059673480108,-0.9099524352991091,-0.9035741601424769,-1.0358987082544537,-0.30307818519641977,-0.5591162952828981,0.01187648456057011,0.009501187648456089,0.02375296912114,0.014251781472683911
1024,2025-06-10,000157.XSHE,6.65,0.001506024096385644,1.0856047499548476,1.1421478492968036,-0.03144422613643737,-0.7016936930052495,-0.36435993908366043,0.9054059673480108,-0.9099524352991091,-0.4822183341693011,-0.6605730893216806,0.3002603951234974,-1.0128256058420142,0.013533834586466176,0.006015037593984918,0.013533834586466176,0.016541353383458635
1025,2025-06-10,000166.XSHE,4.76,-0.01039501039501036,-1.1456777400709262,-0.8441962364367678,-0.34588648750081213,0.28313956033545146,0.48463409373263594,-0.03195550472992979,0.46555705992047447,0.6413972017591678,0.6155340150497477,-0.5152412024517753,-0.028012738420864106,0.014705882352941346,0.004201680672269115,0.014705882352941346,0.021008403361344685
1026,2025-06-10,000301.XSHE,8.28,-0.01662707838479817,-0.030036495058039233,0.013543255130001654,0.44021916591012483,0.11900068477866797,0.4138845909979446,-1.0119243164477767,0.20103600314747758,0.12640674779195288,-0.36031259417546213,0.3334108665696467,-0.9336678247616896,0.006038647342995196,-0.006038647342995085,-0.006038647342995085,0.006038647342995196
1027,2025-06-10,000333.XSHE,36.019999999999996,-0.007671920769981827,1.0856047499548476,1.1421478492968036,-0.34588648750081213,-1.3582491952323834,-1.2133539718999569,1.0758353259076363,-1.2273777034267053,-1.3249299861156527,-0.960833584467899,-0.5152412024517753,1.7311939331169488,0.0,0.0,0.0,0.0
1028,2025-06-10,000338.XSHE,14.55,-0.009530292716133343,-0.5449478389101409,-0.6636195013700795,1.0691036886388743,0.6114173114490185,0.8383816074060928,-1.2036573448273555,0.6771739053388719,0.922301085741285,0.4654037674766386,0.4925331295111633,-0.5780697765461845,0.0034364261168384758,0.015120274914089293,0.009621993127147732,0.02268041237113394
1029,2025-06-10,000408.XSHE,36.019999999999996,0.022142264046498675,1.0426954713005059,0.780994379163427,-0.9747710102295617,-0.7016936930052495,-1.7793499937774877,1.2462646844672618,-1.0157608580083077,-1.60583387009777,-0.7356382131082352,-0.10334659473337028,-0.8432408222081323,0.0,0.0,0.0,0.0
1030,2025-06-11,000001.XSHE,11.25,0.0026737967914437933,-2.263788482303766,-2.30473439041821,1.7252447520904193,1.8413847165702786,0.9225346635652516,-0.5986870021951489,1.8794721385003952,-0.07011918801755018,1.6976717856884738,-1.5221934299781748,1.7311939331169488,0.016888888888888953,0.02666666666666684,0.02488888888888874,0.04977777777777792
1031,2025-06-11,000002.XSHE,6.57,0.0,-0.2598816653267118,-0.11718988425855306,-1.172112846840056,-0.9353065227023638,-1.62915695906204,0.3034440970030207,-0.9732980717234189,-1.4725029483685539,-0.6694194252625953,-1.2307425249383759,-0.7810492830598558,-0.009132420091324311,0.0,-0.019786910197869045,-0.021308980213089912
1032,2025-06-11,000063.XSHE,32.09,0.002186133666458472,-0.5103700174488436,-0.4296962422813612,0.8033582433398135,0.3068974527617131,0.5299667216225914,1.000545400928879,0.648865381148946,0.8860515576763159,0.7628969125740389,0.34309236227653833,0.31318138015682506,-0.004674353381115659,-0.01184169523215961,-0.018074166406980452,0.004362729822374289
1033,2025-06-11,000100.XSHE,4.26,0.01187648456057003,-0.2598816653267118,0.5078228317870632,-0.2502263380894501,0.8914640294506904,0.4318247361369263,-0.1476214525960641,0.3132453564167325,0.24860439388040517,0.1748933633568943,0.34309236227653833,-0.5439743246675545,0.014084507042253724,-0.0023474178403755097,0.014084507042253724,0.0046948356807512415
1034,2025-06-11,000157.XSHE,6.74,0.012012012012012022,0.7420717431618156,0.5078228317870632,-0.2502263380894501,-0.5699524122717529,1.3151026055079118,-0.8037167974674603,-0.3579946930476943,1.2047751395742712,-0.5488033126026682,1.7056253433375983,-1.000995533460445,-0.0029673590504452063,-0.008902077151335397,-0.0029673590504452063,0.011869436201780381
1035,2025-06-11,000166.XSHE,4.83,0.012578616352201363,0.2410950389175519,0.03906329475285102,0.5399620979824976,0.16075580858946878,-0.4514531332340592,1.0825573190378035,0.20137201483932807,0.4398385430191784,0.4161255886767485,0.10993163824469919,-0.0016184454795852706,-0.0041407867494824835,-0.0041407867494824835,-0.01449275362318847,0.03726708074534146
1036,2025-06-11,000301.XSHE,8.33,0.006038647342995256,1.1491153153602798,0.4296962422813612,-0.7770186288040821,-1.008377344788486,-0.7458790896910544,1.4926169095824262,-0.9732980717234189,-0.6438216354338698,-0.48849525627270474,0.5762530863083775,-0.9281392938209818,-0.006002400960384291,-0.01680672268907568,-0.014405762304921854,0.006002400960384291
1037,2025-06-11,000333.XSHE,36.019999999999996,0.003787347454060822,1.2430484474060792,1.6015950848668918,-1.56720706487603,-1.446802277305219,-1.0403050461480496,-1.1317644699031584,-1.5886014503991435,-1.7274818138869181,-1.9961966645217935,-1.0558719819144964,1.7311939331169488,0.0,0.0,0.0,0.0
1038,2025-06-11,000338.XSHE,14.6,0.0027472527472526885,-0.009393313204579938,-0.4296962422813612,0.6716601706611556,0.16075580858946878,-0.4514531332340592,0.26243813794855847,0.425118697994137,0.1848596775008141,0.5970497576666391,0.7511236293322567,-0.5739022125769588,0.015068493150685036,0.00205479452054802,0.013013698630137016,0.03082191780821919
1039,2025-06-11,000408.XSHE,36.019999999999996,0.033405172413793156,-0.0720154012351129,0.1953164737642551,0.27656595262518174,0.5991807411062017,1.1188186345365818,-1.4598121423388564,0.425118697994137,0.9497962740559069,0.054277250696967184,-0.020310484944960946,-0.8043575574589632,0.0,0.0,0.0,0.0
1040,2025-06-12,000001.XSHE,11.44,0.01060070671378085,-1.753891788549596,-2.094903910068824,1.2703789492465545,1.57185377546832,0.07580039308688505,-0.8202950765055128,1.913148231930126,-1.0544919982699366,2.0834254576862503,-1.8645486910854845,1.7311939331169488,-0.00874125874125875,0.006993006993007089,0.0017482517482518833,0.062062937062937085
1041,2025-06-12,000002.XSHE,6.51,-0.00610687022900764,0.329940039430122,-0.1154671446494627,-0.7354825495637947,-0.7018969689198158,1.2759732836292288,1.140158565457348,-0.4217964605830199,1.888276368995003,-0.8667885362804952,1.8215549644691997,-0.7908042740078961,-0.01075268817204289,0.003072196620583778,-0.029185867895545226,-0.018433179723502335
1042,2025-06-12,000063.XSHE,31.94,-0.00187499999999996,-0.1331337001209264,0.3244076921103953,1.369433838076695,0.6821252233164408,0.5811363469994508,-0.2527953380425795,0.8586570804725763,0.6621228826346115,0.5691563280396023,-0.3070401042313926,0.3030736822533035,-0.01440200375704448,-0.013775829680651275,-0.023481527864746443,0.00219160926737616
1043,2025-06-12,000100.XSHE,4.32,0.016470588235294185,0.09840316965459778,1.2041573656301112,0.1807751721150068,-0.306462056852314,-1.503374462889883,0.5726588269944146,-0.7984004432464306,-1.299722695542015,-0.8667885362804952,-0.3070401042313926,-0.5258038930018263,-0.01620370370370372,-0.0023148148148149916,-0.011574074074074292,-0.01851851851851849
1044,2025-06-12,000157.XSHE,6.72,-0.0029673590504451725,0.7351295615372893,0.7642825288702533,1.1713240604164137,0.08897285521518791,-0.4295355608256808,-0.2527953380425795,0.4067323012764835,-0.23705634069634224,0.17753500140684841,0.17968132916051113,-1.0033615814004166,-0.004464285714285587,0.0029761904761904656,-0.008928571428571397,0.008928571428571397
1045,2025-06-12,000166.XSHE,4.81,-0.002074688796680638,-1.5223549187740717,-1.3251229457390723,-1.0078834938466816,0.48440776728268986,0.8338043239557338,-1.3619993723110402,0.5573738943418478,0.25340505384781437,0.8041291240192546,-0.3070401042313926,-0.009159648131623505,-0.006237006237006071,0.004158004158004269,-0.02079002079002068,0.03534303534303551
1046,2025-06-12,000301.XSHE,8.28,-0.00956937799043063,-0.42255478734033164,0.049485919135484044,-1.0078834938466816,0.6821252233164408,1.3391402778682995,-1.336203929653634,0.03012831861307288,1.152584277178768,-0.5534914749742921,0.10829551892969858,-0.9336678247616896,-0.006038647342995085,-0.006038647342995085,-0.015700483091787287,0.008454106280193274
1047,2025-06-12,000333.XSHE,36.019999999999996,-0.004301970580072194,0.9087822138689324,0.7642825288702533,-0.6116639385261188,-1.2950493370210687,-0.17686758386939785,0.9853859095129117,-1.551608408573252,-0.7275177352404988,-1.1800855975866984,-0.7223757273924838,1.7311939331169488,0.0,0.0,0.0,0.0
1048,2025-06-12,000338.XSHE,14.82,0.016460905349794254,0.4457084743178841,0.10447027373046629,0.3788849497752882,0.48440776728268986,-0.8085375262601051,-0.07222723944073697,-0.04519247791960925,-0.23705634069634224,0.38639970894431713,0.26404637761510774,-0.5547307155817028,-0.003373819163292935,-0.00877192982456143,-0.018893387314440013,0.0026990553306343035
1049,2025-06-12,000408.XSHE,36.019999999999996,0.018422418266735883,1.3139717359760998,0.3244076921103953,-1.0078834938466816,-1.6904842490885708,-1.1875394916945294,1.3981129920314088,-0.9490420363117948,-0.40054347221106107,-0.5534914749742921,1.134466540997629,-0.7801869245928015,0.0,0.0,0.0,0.0
1050,2025-06-13,000001.XSHE,11.34,-0.00874125874125871,-1.826182148193118,-2.0709419651232563,-1.3749557321080785,0.6534102628035482,-0.6011379008004605,0.1385648280501921,1.3137201418814153,1.6869942550005461,1.6303275155483266,1.6811974824517906,1.7311939331169488,0.0185185185185186,0.016754850088183337,0.022045855379188684,0.05379188712522032
1051,2025-06-13,000002.XSHE,6.44,-0.009230769230769171,0.1966657698054127,0.3552661948537804,0.44278235440768626,-1.045456420485677,-0.6560363392297263,0.7841509587385873,-0.7194181729350608,-1.2004127107690097,-0.8324463816138982,-1.0074143121080417,-0.802198314925526,0.020186335403726607,0.0,-0.02329192546583858,-0.007763975155279601
1052,2025-06-13,000063.XSHE,31.48,-0.01192718141870681,-0.3652364296386236,-1.1466721898939092,-1.4371006239547712,-0.718751289083903,-1.25991916195165,1.4612290958020262,-0.04170540132956873,0.5106432689462826,0.5645657120980071,1.172902715321076,0.27207629583373,0.007306226175349373,0.000952986022871638,-0.016518424396442133,0.02890724269377376
1053,2025-06-13,000100.XSHE,4.25,-0.011627906976744146,0.8709484091382563,0.239732472950112,0.4272461314460131,0.3267051314017741,0.7713230599311846,-0.050387210200069914,0.06255810199435312,0.36359939568949967,0.31972854103509585,0.0760561125653236,-0.5470027857179394,0.0,0.016470588235294237,0.0117647058823529,0.009411764705882453
1054,2025-06-13,000157.XSHE,6.69,-0.0029806259314455403,-0.4776168695274309,0.7018673605647857,1.4837092928397908,1.372161551887451,1.155612128936045,-2.317811669203214,1.1051931352335715,-0.7191782164740838,-0.025923935759602376,-1.3501788754692143,-1.0069105696512295,-0.001494768310911887,0.004484304932735439,-0.008968609865470878,0.014947683109117982
1055,2025-06-13,000166.XSHE,4.78,-0.004166666666666578,-0.92713862908266,-0.2801692756163959,-0.6913619217944575,0.3267051314017741,-0.05215351650780247,-0.1291172261376791,0.5838756186139623,0.8314662651428999,0.37733728716754555,0.7181126605199104,-0.020471535768825874,0.006276150627614996,-0.004184100418410108,-0.014644351464435212,0.043933054393305415
1056,2025-06-13,000301.XSHE,8.23,-0.009626955475330934,0.8709484091382563,1.366186261510879,1.0486950499129413,0.06534102628035482,0.63407696385802,0.20154884080027943,-0.5108911662872171,-0.7860163406817123,-0.5444026509516496,-1.0475428463552034,-0.9391965230206876,-0.00486026731470246,-0.002430133657351119,-0.008505467800729027,0.008505467800729027
1057,2025-06-13,000333.XSHE,36.019999999999996,-0.0016865776528461635,1.0395190689714673,0.239732472950112,-0.6913619217944575,-1.76420770956958,-1.1501222850931185,0.20154884080027943,-1.5013944478644747,-0.8261192152062895,-1.638968827468194,0.1830655372244214,1.7311939331169488,0.0,0.0,0.0,0.0
1058,2025-06-13,000338.XSHE,14.77,-0.0027008777852802783,-0.5899973094162382,-0.22240241466456168,0.6136808069860915,1.2414794993267415,1.6496980747994374,-0.7432113504510306,1.0009296319096497,1.01861301292426,1.0974466138231669,0.11618464681248528,-0.5588984468692185,-0.009478672985781866,0.0013540961408260443,-0.013540961408259888,-0.005416384563303955
1059,2025-06-13,000408.XSHE,36.019999999999996,-0.009642222786094785,1.2080897288046781,0.8174010824684541,0.17866656405924183,-0.45738718396248373,-0.49134102394192886,0.4534848918006288,-1.292867441216631,-0.8795897145723924,-0.9476638738787976,-0.5423831209625483,-0.7862294573206243,0.0,0.0,0.0,0.0
1060,2025-06-16,000001.XSHE,11.55,0.019417475728155397,-2.0977746218015327,-2.2410158184926265,1.6304584244678366,1.959162514190527,1.5860493913173124,-1.2394548844876239,2.042253260518477,1.122138494929387,2.0653883591681836,-1.715682335787787,1.7311939331169488,-0.0025974025974027093,-0.007792207792207795,0.011255411255411074,0.023376623376623273
1061,2025-06-16,000002.XSHE,6.57,0.017027863777089834,0.5292727867160405,-0.2923064111077339,1.5654999215009904,0.10590067644273118,0.03704149321547845,1.315410337018899,0.27382166621476794,0.2547850688970106,0.9020413631029154,1.40871939167918,-0.7810628358413519,-0.0060882800608828,-0.03805175038051756,-0.0426179604261796,-0.022831050228310557
1062,2025-06-16,000063.XSHE,31.71,0.011160714285714331,-0.39792041629016184,0.09743547036924463,-0.12342115563700753,0.767779904209801,0.9125676964904281,-0.6870515933510783,0.33086784667617797,0.9595097275483164,-0.18971504858910526,-0.6488134532380909,0.2875749890435169,-0.0066225165562914245,-0.016398612425102432,-0.018290760012614427,0.024597918637653704
1063,2025-06-16,000100.XSHE,4.25,0.0023584905660376855,-0.08885601528809442,0.2923064111077339,-1.1627572031065445,-0.42360270577092474,-0.16500301523258684,-0.03107268512643068,-0.46777867978356186,-0.31441561693673653,-0.8161326618550188,-0.9536331339665756,-0.5470027857179394,0.014117647058823346,0.004705882352941115,0.007058823529411784,0.007058823529411784
1064,2025-06-16,000157.XSHE,6.68,-0.0014947683109119096,0.490639736590782,0.5846128222154678,-0.513172173438084,-0.42360270577092474,-0.030306676267209988,-0.8596776218312489,-0.46777867978356186,-0.5041491788813188,-0.887723246228266,0.06560767346929482,-1.0080935099620705,0.008982035928143839,-0.0029940119760478723,-0.004491017964071808,0.017964071856287456
1065,2025-06-16,000166.XSHE,4.81,0.010504201680672232,-1.0160492182942966,-1.071790174061691,0.9159148918325296,0.635404058656387,0.9125676964904281,-0.6352637848070273,1.0154220122130977,1.5558152079455754,0.9736319474761627,0.8752849504043321,-0.009159648131623505,0.004158004158004269,-0.02079002079002068,-0.004158004158004047,0.02910602910602922
1066,2025-06-16,000301.XSHE,8.19,-0.004860267314702421,0.7224380373423326,1.1692256444309357,-0.513172173438084,-0.026475169110682796,-0.26602526945661953,0.0034525205696034084,-0.5248248602449719,-0.5854635625718542,-0.9593138306015132,-0.34399377250960633,-0.94361941470057,0.004884004884005089,-0.004884004884004756,0.014652014652014822,0.017094017094017255
1067,2025-06-16,000333.XSHE,36.019999999999996,-0.004778636683063997,1.2633007390959508,0.6820482925847124,-0.6430891793717761,-1.6149853157516503,-1.7813590828171093,1.6261371882832056,-1.4946099280889416,-1.8051793179298834,-0.6729514931085242,0.5704652696758474,1.7311939331169488,0.0,0.0,0.0,0.0
1068,2025-06-16,000338.XSHE,14.63,-0.004084411164057095,-0.24338821578912814,0.09743547036924463,-0.7730061853054683,0.10590067644273118,0.03704149321547845,-0.566213373414959,0.10268312483053801,-0.07047246586513063,-0.10022681812254619,-0.4201986926917275,-0.5714014734134755,0.004101161995898828,-0.0061517429938483525,-0.002734107997265922,0.002734107997265811
1069,2025-06-16,000408.XSHE,36.019999999999996,0.006905370843989668,0.8383371877181078,0.6820482925847124,-0.38325516750439187,-1.0854819335379944,-1.2425737269556019,1.0737338971466603,-0.8100557625520217,-0.612568357135366,-0.314998571242288,1.162244102965132,-0.7767714563374698,0.0,0.0,0.0,0.0
1070,2025-06-17,000001.XSHE,11.52,-0.002597402597402696,-1.8493438560472844,-0.5886950705170552,1.986906297116802,2.2253375826175,1.5783879843081787,-1.4773188281767953,1.927402592204166,0.9711871543518557,2.160650889817432,-1.9549306008626817,1.7311939331169488,0.0008680555555555802,0.0060763888888888395,0.01388888888888884,0.04513888888888884
1071,2025-06-17,000002.XSHE,6.53,-0.0060882800608828055,0.8198122248457035,0.2522978873644522,1.1207516365506929,-0.17610585186181654,0.3859676383099523,1.0868637532740524,0.7729687479152124,1.4449369857430048,0.5212164279659806,2.028166321898923,-0.7875659958217556,-0.013782542113323082,-0.0367534456355284,-0.027565084226646386,-0.027565084226646386
1072,2025-06-17,000063.XSHE,31.5,-0.006622516556291418,-0.2287848069336847,-0.1681985915763015,-0.060368355130365196,1.008606242481313,0.9507983285196385,-0.0786737837490601,0.622390420399262,1.0106663069677848,0.1500237196222555,0.6387139069820845,0.27342404466029613,0.0003174603174602719,-0.017142857142857126,0.0073015873015873645,0.036190476190476106
1073,2025-06-17,000100.XSHE,4.31,0.011737089201877894,-1.0867278329350023,-1.8501845073393164,0.5695623070995324,0.24014434344793167,1.3273521219927626,-0.719719429111772,0.7227759720765623,1.0501454595837139,0.5212164279659806,0.2681932630042608,-0.528832354052211,0.0023201856148493682,-0.002320185614849146,-0.009280742459396807,0.0023201856148493682
1074,2025-06-17,000157.XSHE,6.74,0.007473841554559016,-0.13345780404464938,-0.1681985915763015,-0.27034524254033104,-0.2721635892409892,-0.05334512074202592,-1.1859344439210173,-0.4818506480510415,-0.5290206450534497,-0.5304962456745735,-0.24513221250668257,-1.000995533460445,-0.0029673590504452063,-0.016320474777448135,0.0029673590504450953,0.008902077151335286
1075,2025-06-17,000166.XSHE,4.83,0.006250000000000052,-0.7054198213788612,-0.5886950705170552,-0.6902990173602628,0.11206736027570144,-1.0574885700036905,0.5623718616136518,0.02007711033546008,-0.2921457293578752,0.3974855251847388,0.14468638167831951,-0.0016184454795852706,-0.01449275362318847,-0.024844720496894457,0.006211180124223725,0.01863354037267073
1076,2025-06-17,000301.XSHE,8.23,-0.023724792408066346,1.391774242179915,1.934283803127467,0.2545969759845836,-0.5283175555854497,-0.6495552937411392,-0.4866119217071495,-0.8332000789215926,-1.0422496290605279,-1.2110162109714027,-0.4110945842884161,-0.9391965230206876,-0.002430133657351119,-0.008505467800729027,0.012150668286755817,0.03280680437424044
1077,2025-06-17,000333.XSHE,36.019999999999996,0.003644008409250247,0.9151392277347388,0.4625461268348291,-0.9002759047702285,-1.296779454618831,-0.8064527076882742,-0.020396906897904476,-1.2849350614694441,-1.081728781676457,-1.2110162109714027,-0.102327380973563,1.7311939331169488,0.0,0.0,0.0,0.0
1078,2025-06-17,000338.XSHE,14.69,0.0006811989100817293,0.4385042132895623,-0.1681985915763015,-1.1102527921801943,-0.7844715219299101,-0.6181758109517121,1.640494083360031,-0.9837784064375431,-0.6079789502853079,-0.20570262587381427,0.17556310200980482,-0.5655667500019275,0.006807351940095296,-0.008168822328114334,0.01293396868618113,0.000680735194009463
1079,2025-06-17,000408.XSHE,36.019999999999996,-0.0012696800406298695,0.4385042132895623,0.8830426057755828,-0.9002759047702285,-0.5283175555854497,-1.0574885700036905,0.6789256153159632,-0.4818506480510415,-0.9238121712127406,-0.5923616970651944,-0.5418381969420493,-0.7780850722328603,0.0,0.0,0.0,0.0
1080,2025-06-18,000001.XSHE,11.53,-0.0008665511265164461,-1.8321580294066653,-1.6242438052617894,2.18287357335953,2.0694405692512463,0.9660323539816673,-1.3048349389117022,1.8560653192255487,0.3972658759339928,2.0858843064025727,-1.5570440922901965,1.7311939331169488,-0.00607111882046818,0.013009540329575131,0.024284475281873386,0.04596704249783179
1081,2025-06-18,000002.XSHE,6.44,-0.010752688172042918,1.9630264600785698,0.06767682521924129,0.04792736388613744,-0.8869031011076769,0.041446932679081346,0.5649593495133871,-0.5478747026629632,0.3972658759339928,-0.5888197396302466,2.3440320154051193,-0.802198314925526,-0.018633540372670843,-0.02329192546583858,-0.0015527950310559868,0.009316770186335255
1082,2025-06-18,000063.XSHE,31.51,0.00031746031746036706,0.5234737226876186,1.4212133296040657,-0.08278362853060087,-0.7525238433640894,-0.5643159295536474,2.07285796921104,-0.9392137759936512,-0.38853475778159724,-0.33866756266314835,-0.059661343881893314,0.27409800273272444,-0.010155506188511576,-0.012059663598857573,0.022849888924150852,0.016820057124722343
1083,2025-06-18,000100.XSHE,4.32,0.004651162790697782,-0.2617368613438093,0.7444450774116534,-0.08278362853060087,-0.34938607013332723,-0.21361111457680443,0.7861178137357095,-0.3801579569498112,-0.01746223630479083,-0.2809401372092026,-0.21728058055645152,-0.5258038930018263,-0.011574074074074292,-0.0092592592592593,-0.0092592592592593,0.016203703703703498
1084,2025-06-18,000157.XSHE,6.72,-0.001485884101040219,-0.13086843067190465,0.06767682521924129,-0.43134627497523637,-0.21500681238973982,-0.43678690592570446,-0.17893730287078824,-0.15653562933227522,-0.21391239473368837,-0.4348799384197246,0.30975874207410253,-1.0033615814004166,-0.008928571428571397,-0.01041666666666663,0.01488095238095255,0.023809523809523725
1085,2025-06-18,000166.XSHE,4.76,-0.014492753623188465,-0.5234737226876186,-1.11666761611748,0.26577901791403463,0.5912687340717846,1.8587355193772674,-0.4202010820224127,0.6261425173291008,1.794244780317264,0.8736083718697122,0.41319636614178135,-0.028012738420864106,-0.010504201680672232,0.006302521008403339,0.05252100840336138,0.03361344537815136
1086,2025-06-18,000301.XSHE,8.21,-0.0036407766990290487,0.06543421533595233,0.23686888826734434,-0.43134627497523637,-0.4837653278769146,-0.5961981854606331,0.18295836585664843,-0.3242523750454272,-0.628640506972472,-0.3579100378144636,-0.29609019889373067,-0.9414079688606289,-0.0073081607795372205,0.012180267965895109,0.020706455542021995,0.035322777101096214
1087,2025-06-18,000333.XSHE,36.019999999999996,-0.0012545302481180541,0.9160790147033326,1.2520212665559627,-1.8255968607537782,-1.290040874338439,-1.8396061658330762,0.14274773599804436,-1.6100807588462591,-2.1347583882606864,-1.6663983481039002,-0.6901382905801263,1.7311939331169488,0.0,0.0,0.0,0.0
1088,2025-06-18,000338.XSHE,14.79,0.0033921302578018273,-0.5234737226876186,-0.947475553069377,-0.2570649517529186,0.4568894763281972,0.4559162594698957,-0.7016754910326412,0.8497648449466367,0.3972658759339928,0.37330401793551576,-0.4143046263996493,-0.5572314547451863,-0.01690331304935766,-0.013522650439486084,0.017579445571332064,-0.0108181203515888
1089,2025-06-18,000408.XSHE,36.019999999999996,0.0027961362480935286,-0.196302646007857,-0.10151523782886177,0.6143416643586701,0.8600272495589595,0.32838723584195284,-1.143992419477286,0.6261425173291008,0.3972658759339928,0.33481906763288527,0.16753200898104412,-0.7746696039775287,0.0,0.0,0.0,0.0
1090,2025-06-19,000001.XSHE,11.46,-0.005208333333333223,-2.0922959363726097,-2.0327789704975627,1.1037951257397252,1.6708023130230165,0.28780829320976453,-0.5259306042101086,1.7942586985060198,0.6842126547733562,1.6253211616140892,1.8539328951629286,1.7311939331169488,0.011343804537521818,0.019197207678882888,0.060209424083769614,0.054973821989528604
1091,2025-06-19,000002.XSHE,6.32,-0.015576323987538885,1.0959645380999383,0.602304880147426,0.3397543170539065,-0.5435140054412222,-0.9635321120500815,1.6335195587717943,-0.33915865642491844,-0.7313997344128981,0.2285607883519813,0.44977070237680516,-0.8217077948667365,-0.004746835443038,0.004746835443037778,0.011075949367088445,0.02215189873417711
1092,2025-06-19,000063.XSHE,31.19,-0.0098412698412698,0.45831244320542874,0.10038414669123764,1.168819875415114,-0.1409110384477243,0.28780829320976453,1.6335195587717943,0.1531684254822212,0.7313997344128981,0.8070171045514402,-0.21535875736399016,0.2525346907808247,-0.007374158384097496,0.017313241423533077,0.026290477717217042,0.04841295286950942
1093,2025-06-19,000100.XSHE,4.27,-0.011574074074074238,-0.1793396516890808,0.10038414669123764,0.12842388060889293,0.06039044504902465,0.4129423337357491,-0.45627092153327303,0.2625744436838078,0.47187079639541807,-0.1100477869842873,0.523673975681338,-0.5409458636171699,0.007025761124121788,0.0,-0.007025761124121677,0.04683840749414525
1094,2025-06-19,000157.XSHE,6.66,-0.00892857142857137,-0.3387526754127082,-0.4015365867649507,-0.6518731154957729,-0.1409110384477243,-0.3795732562621533,-1.2921871136553,-0.3938616655257117,-0.5426514158547308,-0.33578683720846636,-0.70496794300652,-1.0104595579020423,-0.0045045045045045695,0.01501501501501501,0.018018018018018056,0.028528528528528385
1095,2025-06-19,000166.XSHE,4.71,-0.008421052631578954,-0.4981656991363356,-0.4015365867649507,0.9087208767135587,1.0668978625327694,1.6225713921536002,0.7627735253113496,1.0284165710949138,1.439205929006025,0.7364736513563842,0.8192870688994692,-0.04686582871010433,0.0,0.031847133757961776,0.05732484076433142,0.05095541401273884
1096,2025-06-19,000301.XSHE,8.15,-0.0024479804161566185,-0.019926627965453424,-0.15057622003685653,-0.5218236161449953,-0.1409110384477243,0.12096290584178505,-0.6304201282253621,-0.33915865642491844,-0.18874831855816723,-0.39222159976451115,-0.06755221075492453,-0.9480424736987425,0.0012269938650306678,0.02208588957055202,0.024539877300613355,0.04539877300613493
1097,2025-06-19,000333.XSHE,36.019999999999996,-0.01212543554006975,1.4944970974090068,1.857106713787897,-1.5622196109512163,-1.7513229064217157,-1.5474909678380095,-0.31695155617960186,-1.597327865743164,-1.8638896457619014,-1.91596018877772,-1.841230770063712,1.7311939331169488,0.0,0.0,0.0,0.0
1098,2025-06-19,000338.XSHE,14.54,-0.01356852103120767,-0.4981656991363356,-0.4015365867649507,0.5185723786612257,0.8655963790360205,1.2054579237336516,-0.6304201282253621,0.5907924982885676,0.8257738936919816,0.3696476947420932,-0.14145548405945732,-0.5789033562673457,0.0020632737276480295,0.023383768913342706,0.022008253094910613,0.007565337001375516
1099,2025-06-19,000408.XSHE,36.019999999999996,0.0033070465530398233,0.5778722109981493,0.7277850635114731,-1.4321701116004386,-0.9461169724347201,-1.0469548057340712,-0.1776321908259307,-1.1597037929368177,-0.8257738936919816,-1.0130039878810035,-0.6760994768719368,-0.7749322936929488,0.0,0.0,0.0,0.0
1100,2025-06-20,000001.XSHE,11.59,0.011343804537521728,-2.5646607065407787,-1.6609542865071614,2.0228811104647537,2.203681771088274,1.3144958390037476,-1.3022568480438341,1.9072159934742419,0.933302660446373,1.8591699675881768,-2.449123034613524,1.7311939331169488,0.007765314926660993,0.018981880931837836,0.03106125970664353,0.06471095772217428
1101,2025-06-20,000002.XSHE,6.29,-0.0063191153238546655,-0.4397404433539424,-0.3708927047540264,0.043263173457768506,0.7852994694458999,0.5724417363403417,-1.7961595717014198,0.9171311881187612,0.7886045735554624,-0.15853387320519335,0.9009168020903996,-0.8265852903407568,0.0,0.022257551669316422,0.015898251192368873,0.02384737678855342
1102,2025-06-20,000063.XSHE,30.96,-0.00546097012528102,0.26856631104166956,-1.0159234956305938,-0.49424898162359826,-0.14875716822102952,0.38162782422689445,1.068476225512577,-0.07295361723671966,0.82477909527819,0.8022774795535543,1.0735992678998802,0.23703599757103813,0.005490956072351283,0.0410206718346251,0.046188630490956006,0.043927648578811374
1103,2025-06-20,000100.XSHE,4.3,0.004672897196261582,0.9768730654372816,1.2416842724373922,-0.2844881406162356,0.404757876322336,-0.6996510110826398,-0.01810976653411147,-0.1771730704320334,-0.5860272519081876,0.0976824875304727,0.17565044569058105,-0.5318608151025958,-0.0046511627906975495,-0.0046511627906975495,-0.0023255813953487747,0.020930232558139528
1104,2025-06-20,000157.XSHE,6.63,-0.0030075187969925503,0.7997963768383786,0.5966534815608248,1.183837746435303,-0.5638934516285536,0.12720927474229815,1.035549377268738,-0.3856119768226609,-0.15193299123545606,-0.03042569283736032,-0.19129979415456522,-1.0151916537819858,0.003016591251885359,0.02865761689291113,0.02413273001508287,0.02564102564102555
1105,2025-06-20,000166.XSHE,4.71,0.0,-0.2036381918887384,-0.5321504024731682,0.3447943824058523,0.404757876322336,1.3144958390037476,-0.4461587937040191,0.969240914716418,1.222698834228194,0.22579066789830574,0.5900883636333345,-0.04686582871010433,0.01698513800424628,0.06369426751592355,0.05944798301486198,0.05095541401273884
1106,2025-06-20,000301.XSHE,8.16,0.006165228113440285,0.32759187390797057,1.0804265747182504,-0.49424898162359826,-0.8406509739002365,-0.5512401905499587,0.6075003500988304,-0.8545995162015727,-0.6945508170763706,-0.863128865228275,-0.3078604585759646,-0.9469366671196269,0.018382352941176405,0.026960784313725616,0.0171568627450982,0.028186274509804043
1107,2025-06-20,000333.XSHE,36.019999999999996,0.014527503526093104,0.6227196882394755,1.0804265747182504,-1.018651084142005,-1.2557872573077604,-1.0600772895191513,-0.41323194546018005,-1.532025961971112,-1.743611947035472,-2.016102488538772,-0.5150794175473413,1.7311939331169488,0.0,0.0,0.0,0.0
1108,2025-06-20,000338.XSHE,14.57,0.005521048999309873,0.15051518530906757,-0.6934081001923101,0.030153120894808344,-0.2871359293568709,0.3392247326461284,0.22884159529468137,-0.2813925236273472,0.49920839977364134,0.04964191989253532,0.3483329115000616,-0.5764027844221522,0.0013726835964309458,0.032944406314344477,0.008236101578586119,0.0006863417982154729
1109,2025-06-20,000408.XSHE,36.019999999999996,0.0007629704984740879,0.06197684100961609,0.27413808612254104,-1.3332923456530488,-0.7022722127643951,-1.738526754811408,1.035549377268738,-0.4898314300179747,-1.0924705560263746,0.03362839734655619,0.37477491407713837,-0.77729683576831,0.0,0.0,0.0,0.0
1110,2025-06-23,000001.XSHE,11.68,0.009507346585998222,-1.0804279216039716,-0.9451339627386194,2.124071615971319,2.003893419307229,1.7514926494790297,-1.601940458333779,1.823592415928779,0.5551430230336791,1.6863858570653991,-1.414461097119711,1.7311939331169488,0.0,0.04023972602739723,0.011986301369863117,0.07106164383561642
1111,2025-06-23,000002.XSHE,6.29,0.004792332268370647,-1.8498721387700048,-1.8747739260880811,-0.5189100039017881,0.1134279293947488,-0.5219255975595646,-0.4725575749073673,-0.48992035054803024,-1.1905897538017898,0.036660562110117374,-2.107912132909957,-0.8265852903407568,0.009538950715421324,0.015898251192368873,0.020667726550079424,0.0365659777424483
1112,2025-06-23,000063.XSHE,31.13,0.014006514657980447,-0.8239465158819606,-0.9451339627386194,0.740311605566551,0.7615875259361706,1.111093143270975,0.12185446900127059,1.0070584983487287,1.2185214782311573,1.1242572380435993,0.3945416049418011,0.24849144430112585,0.019274012206874414,0.028268551236749095,0.043687761002248804,0.02441374879537439
1113,2025-06-23,000100.XSHE,4.28,0.0023419203747074182,-0.05450229871592733,0.6042659761771502,-0.5880980044220265,0.2214545288183191,0.05443395802768465,-1.0669696188160052,0.00907259908422275,0.24091112320329472,-0.5499084316517606,0.5151417850792352,-0.537917569885075,-0.00233644859813098,-0.009345794392523366,0.0,0.004672897196261516
1114,2025-06-23,000157.XSHE,6.65,0.0075757575757576835,0.8431826213111114,0.7592059700687271,-1.2523028094163153,-1.2909178631116651,-0.9381852765948001,0.35961928656472575,-1.2610912727069665,-0.8414431984346961,-1.1364774254136385,0.4359979168640441,-1.0128256058420142,0.016541353383458635,0.019548872180451093,0.022556390977443552,0.02406015037593967
1115,2025-06-23,000166.XSHE,4.79,0.021321961620469006,-0.05450229871592733,-0.17043399328073458,0.740311605566551,0.4375077276654597,0.5987735383045311,2.0834142138997755,0.6441545349798175,1.1137775116210291,0.9653948022330908,0.6357419652166694,-0.01670085078366174,0.014613778705636848,0.039665970772442716,0.03340292275574108,0.03340292275574108
1116,2025-06-23,000301.XSHE,8.31,0.017135862913096767,0.7470020941653572,0.6042659761771502,0.07610680057226225,-0.6427582665702434,0.24655380989010106,0.062413264610406805,-0.21774237802134677,0.3107404342767135,-0.5010276821716041,0.7563421453541036,-0.930350739660923,0.002406738868832692,0.004813477737665384,0.002406738868832692,0.004813477737665384
1117,2025-06-23,000333.XSHE,36.019999999999996,-0.003913347309573741,1.227904729894128,1.224025951743458,-1.0309012077515523,-1.3989444625352354,-1.7066646840444657,-0.11591034856218455,-1.5332692452336498,-1.8888828645359774,-1.4297619222945774,-0.44965965602023783,1.7311939331169488,0.0,0.0,0.0,0.0
1118,2025-06-23,000338.XSHE,14.59,0.007596685082872889,0.971423324172117,0.9141459639603041,0.07610680057226225,0.1134279293947488,-0.1697058691451345,0.7459871151053403,0.09979858992645056,0.20599646766658533,0.061100936850195624,0.665892010251028,-0.57473562497983,0.01987662782727906,0.018505825908156304,0.005483207676490798,-0.013708019191226772
1119,2025-06-23,000408.XSHE,36.019999999999996,0.005336721728081343,0.0737384041450782,-0.17043399328073458,-0.36669640275726356,-0.3186784682995324,-0.42586567162835637,-0.11591034856218455,-0.08165339175800507,0.2758257787400041,-0.2566239347708216,0.5683754583430246,-0.7717796824713272,0.0,0.0,0.0,0.0
1120,2025-06-24,000001.XSHE,11.68,0.002575107296137284,-2.55194493509828,-1.333434955476946,1.9160075695801801,2.2071609560286225,1.0773695779602275,-1.1418774850714064,1.6613663800763292,-1.228174872708904,1.8658488622609246,-2.492684463273106,1.7311939331169488,0.011130136986301498,0.023116438356164393,0.03082191780821919,0.06421232876712324
1121,2025-06-24,000002.XSHE,6.35,0.009538950715421242,0.18053912542760295,0.44447831849231534,-1.0336694117012215,-0.31645320422188955,-0.2445562845676589,-0.8628472725539575,0.6315938304422408,1.619766861108844,-0.24751056336114305,1.5618310003197522,-0.8168304667110065,0.012598425196850505,0.006299212598425141,0.0,0.03307086614173227
1122,2025-06-24,000063.XSHE,31.73,0.016987179487179524,-0.2098157403618089,-1.037116076482069,-0.7515263961003918,0.3645220453695185,0.8129844054546501,0.1888819900118116,0.4256393205154232,1.3824383832906983,0.5330996749316927,0.42985967799687286,0.2889227378700831,0.01575795776867306,0.020800504254648633,0.028679483138985162,0.03120075638197295
1123,2025-06-24,000100.XSHE,4.27,-0.0046620046620047696,0.18053912542760295,1.333434955476946,-0.3411365552264577,-0.4366253070909616,-0.31065257769405324,0.6181592400386561,-0.535481725809726,-0.1898627822545167,-1.466024106062155,-0.10525403801030642,-0.5409458636171699,0.0023419203747074846,0.004683840749414525,0.011709601873536535,0.016393442622950838
1124,2025-06-24,000157.XSHE,6.76,0.015015015015014961,-0.11222702391445594,-1.037116076482069,0.8900329673953448,0.8452104568458065,-1.302096974589968,-1.4423715600901976,0.8375483403690585,-0.6348536781635399,0.9710029793398689,-0.03579216141322064,-0.9986294855204729,0.00887573964497057,0.004437869822485174,0.00591715976331364,0.02366863905325456
1125,2025-06-24,000166.XSHE,4.86,0.010395010395010543,0.18053912542760295,0.14815943949743846,-0.3411365552264577,-0.7570842480751536,1.8705250954769592,0.6825508275426828,-0.6727847324276045,0.6704529498362614,-0.4759818526175828,0.22404671030180393,0.009693274839327063,0.030864197530864113,0.026748971193415683,0.012345679012345512,0.024691358024691468
1126,2025-06-24,000301.XSHE,8.33,0.0048250904704464324,0.5708939912170148,-0.14815943949743846,1.3004228082692788,0.04406310438532646,-0.2445562845676589,-0.0686843600042951,-0.05492120264715138,-0.1305306627999803,0.4379033044081762,0.05939633614574875,-0.9281392938209818,0.006002400960384291,-0.0036014405762304635,0.020408163265306145,0.02280912364945964
1127,2025-06-24,000333.XSHE,36.019999999999996,0.009769713886950294,1.3516037227958384,1.629753834471823,-0.3411365552264577,-1.2377726595514416,-1.302096974589968,1.6484246401030829,-1.771208785370632,-0.6348536781635399,-1.161395720386902,0.22404671030180393,1.7311939331169488,0.0,0.0,0.0,0.0
1128,2025-06-24,000338.XSHE,14.88,0.017088174982911822,-0.01463830746710298,0.44447831849231534,-0.5463314756634248,0.20429257487742247,-0.1123636983148703,-0.5838170600365085,0.4256393205154232,0.37379235256357923,0.09519637052351657,0.20346541353229702,-0.548895992170155,0.011424731182795744,-0.01276881720430112,-0.012096774193548487,-0.01814516129032262
1129,2025-06-24,000408.XSHE,36.019999999999996,0.019769769769769747,0.42451091654598533,-0.44447831849231534,-0.7515263961003918,-0.9173137185672496,-0.2445562845676589,0.9615810400601317,-0.9473907456633613,-1.228174872708904,-0.552138949036396,-0.0689151859016458,-0.7392018074836911,0.0,0.0,0.0,0.0
1130,2025-06-25,000001.XSHE,11.81,0.011130136986301437,-2.1004531672364988,-1.8632262296569353,1.8472719006280647,1.8051650034429463,0.8821760756459548,-0.5634245836551705,1.3779936895878835,0.29152053793009236,1.5382929946521031,-2.3946683485162645,1.7311939331169488,0.028789161727349688,0.0008467400508043177,0.021168501270110163,0.06435224386113458
1131,2025-06-25,000002.XSHE,6.43,0.014195583596214489,-0.966605303681034,0.6449629256504775,0.9059868557220445,0.6017216678143154,-0.3274968040023445,-1.3772600933793055,0.6889968447939417,-0.16877504827531664,-0.36404442756001726,-0.15130088454498905,-0.8038239794319093,-0.0062208398133748455,-0.0015552099533436836,0.010886469673405896,0.017107309486780853
1132,2025-06-25,000063.XSHE,32.23,0.015118110236220374,0.16724255987443112,-0.42997528376698513,0.2000230720425293,0.4298011912959396,0.5281254767245013,0.9390409727586173,0.751632921593391,1.173753744823793,0.7992554349437972,0.9887711053420527,0.3226152873062088,-0.0068259385665528916,0.008067018305926377,-0.0058951287620229165,0.01954700589512881
1133,2025-06-25,000100.XSHE,4.28,0.0,1.0743208507188031,0.28665018917798996,0.2000230720425293,0.25788071477756375,1.0887055916834691,-0.2295433488965509,0.12527215359889848,0.8860690034454124,0.18339080185354253,0.768112010525206,-0.537917569885075,-0.009345794392523366,0.0,0.025700934579439227,0.009345794392523477
1134,2025-06-25,000157.XSHE,6.82,0.010370370370370412,0.8475512780077101,1.71990113506794,-0.2706194504104808,-0.7736421443326912,-0.7700600526541612,0.4382191206206881,-0.3758164607966955,-0.7057865655149604,-0.14507033579459333,-0.28461575433016734,-0.9915313417005573,-0.0058651026392961825,-0.0029325513196482023,0.008797653958944274,0.007331378299120228
1135,2025-06-25,000166.XSHE,5.01,0.028747433264886997,0.16724255987443112,-0.42997528376698513,-0.5059407116369858,-0.6017216678143154,0.05605801149589675,1.7528764824827523,-0.25054430719779697,0.29152053793009236,0.12864727891218655,0.47389988410274353,0.07002289605563218,-0.0059880239520956335,-0.011976047904191489,-0.017964071856287345,-0.0059880239520956335
1136,2025-06-25,000301.XSHE,8.38,0.002392344497607817,-0.05952701283666191,1.003275662122965,-0.8589226034767435,-0.945562620851067,-0.6225389697702223,0.2295433488965509,-1.315357612788434,-0.7633235137906366,-1.075710225797645,-0.40873649516464367,-0.9226105955619839,-0.0035799522673032325,-0.005966587112171906,0.014319809069212264,0.01193317422434359
1137,2025-06-25,000333.XSHE,36.019999999999996,0.005114029025570208,-0.6831433377921677,0.1074938209417462,-1.8002076483827638,-1.6332445269245703,-2.0682455820328234,-1.565068287931029,-1.8790823039834774,-2.0866733241311874,-2.0063501158006964,-0.40873649516464367,1.7311939331169488,0.0,0.0,0.0,0.0
1138,2025-06-25,000338.XSHE,15.05,0.008037508372404622,0.6207817052966171,-0.7882880202394726,0.5530049638822869,0.7736421443326912,1.1772182414138326,0.27127850324137837,0.751632921593391,1.0970378137895582,0.7581977927377802,0.5842294315111669,-0.5338923937807047,-0.012624584717608078,-0.025249169435216046,-0.027906976744186074,-0.039202657807308916
1139,2025-06-25,000408.XSHE,36.019999999999996,0.004192355117139376,0.93258986777437,-0.25081891553074137,-0.2706194504104808,0.08596023825918792,0.05605801149589675,0.10433788586206859,0.12527215359889848,-0.015343186206846968,0.18339080185354253,0.8330455462395384,-0.7399900439482415,0.0,0.0,0.0,0.0
1140,2025-06-26,000001.XSHE,12.15,0.029661016949152512,-0.7516722428786936,-1.2273040131884256,1.228161009156031,1.1983861109844232,1.1469084122003155,-0.3823329563973371,1.6794216321395792,1.171741459993113,1.3996477218812096,0.39446626371280563,1.7311939331169488,-0.016460905349794275,-0.009053497942386968,-0.004938271604938316,0.062551440329218
1141,2025-06-26,000002.XSHE,6.39,-0.004672897196261721,-1.1525641057473301,-1.2273040131884256,-1.1817057463983565,0.4075729412992708,0.47225640502365934,-1.1155742426388053,-0.2099277040174474,-0.26723928034930644,-0.8027774643192039,-1.2476385392159544,-0.8103273067306028,0.0,-0.006259780907668211,0.010954616588419341,0.05790297339593109
1142,2025-06-26,000063.XSHE,32.01,-0.006825938566552866,-0.2505574142928979,0.015535493837828115,0.1829175971083451,0.5900682881496906,0.7613929795279406,0.5953220919246205,0.4198554080348948,0.8119962749075081,0.591657416884608,-0.4569954859539588,0.30779055216885015,0.011871290221805664,0.019681349578256846,0.021555763823805307,0.03467666354264298
1143,2025-06-26,000100.XSHE,4.24,-0.009345794392523372,-0.7516722428786936,-0.6058842596752987,-0.2816350304684043,-0.38324022838588157,-0.7806687511615592,-0.1728354460426319,0.0,-0.37002361894519353,0.2397906711602817,-0.33535809314442105,-0.5500310794500339,0.011792452830188704,0.018867924528301883,0.054245283018867774,0.04245283018867907
1144,2025-06-26,000157.XSHE,6.78,-0.005865102639296193,0.8518952085958528,1.2583750008640817,-0.8623258149393411,-1.3565487449214537,-1.3589419001701217,0.6651545953761889,-1.3995180267829825,-1.0895139891164032,-0.8549058710931782,-0.2517323855878638,-0.9962634375805012,0.001474926253687281,0.002949852507374562,0.010324483775811188,0.019174041297935096
1145,2025-06-26,000166.XSHE,4.98,-0.011904761904761828,2.0545707972017624,1.8797947543772087,1.1120228522618438,0.5900682881496906,0.1831198305193781,1.7999327764641755,0.4198554080348948,0.7606041056095646,1.1259735863178446,0.8810158349509567,0.058711175736720224,0.002008032128514081,-0.012048192771084487,-0.006024096385542244,0.012048192771084265
1146,2025-06-26,000301.XSHE,8.35,-0.003579952267303238,0.350780380010057,0.17089043221610983,0.8797465384734692,-0.38324022838588157,1.1469084122003155,0.1414108194894259,0.06997590133914913,0.606427597715734,-0.17723658303151255,0.27282887090326785,-0.9259278479810406,-0.0059880239520956335,0.017964071856287456,0.020359281437125842,0.03353293413173675
1147,2025-06-26,000333.XSHE,36.019999999999996,0.0013785497656464613,-0.8017837257372732,-0.6058842596752987,-1.6752929131986527,-1.8432030031892397,-1.7444573328424968,-1.7091505219771368,-1.8193734348178774,-2.1173573750752746,-1.949602413346638,-1.3084572356207231,1.7311939331169488,0.0,0.0,0.0,0.0
1148,2025-06-26,000338.XSHE,14.86,-0.012624584717608058,-0.350780380010057,0.3262453705943915,0.6474702246850945,1.0767225464174766,-0.009637885816809383,0.6302383436504048,0.6997590133914913,0.14389807403424199,0.3961758914822045,-0.031264611120576595,-0.5505631516124773,-0.01144010767160164,-0.010767160161507361,-0.014131897711978425,-0.024899057873485786
1149,2025-06-26,000408.XSHE,36.019999999999996,-0.0022140221402213115,0.8017837257372732,0.015535493837828115,-0.049358716680029606,0.1034140298819045,0.1831198305193781,-0.4521654598489055,0.13995180267829826,0.34946675122601617,0.03127704406438457,2.083135381076467,-0.7444562710652537,0.0,0.0,0.0,0.0
1150,2025-06-27,000001.XSHE,11.95,-0.013212221304706865,0.8668376574282528,-2.178541731197292,-1.9466356138189114,-1.742863005168254,-1.7652472268493955,0.548954084635923,0.36819132737815174,2.506853121982944,1.6109393641725023,2.028216937107331,1.7311939331169488,-0.01087866108786606,0.009205020920502127,0.03263598326359829,0.05774058577405872
1151,2025-06-27,000002.XSHE,6.39,0.0,1.2771750100570116,1.1288153524685638,0.7714155713529554,1.0728052444900706,0.9414651876530109,-0.22734462090982663,1.6977711206881443,0.35299363770165565,-0.3465765962761557,-0.4417469165870126,-0.8103273067306028,0.0046948356807512415,0.017214397496087663,0.007824726134585402,0.05790297339593109
1152,2025-06-27,000063.XSHE,32.39,0.008405977584059874,1.0720063337426322,-0.836425813187959,-1.0240594935255884,-1.1013183406891422,-1.422896249521028,1.510085815311613,-0.24546088491876789,0.20342006240434393,1.0333117037122426,1.0154754936791264,0.3333969432821587,0.003087372645878439,-0.010805804260574314,-0.0021611608521148185,0.03241741278172272
1153,2025-06-27,000100.XSHE,4.29,0.00941176470588236,0.8668376574282528,0.3139592593914689,0.16819272346885963,-0.17464271421931377,0.21396936083022977,1.3622193952076607,-1.6773160469449135,-0.140599160779473,-0.8600234055741643,-0.18856155572996147,-0.5348891088346904,-0.002331002331002252,0.023310023310023187,0.023310023310023187,0.04195804195804187
1154,2025-06-27,000157.XSHE,6.79,-0.004398826979472177,-1.184849105715541,1.1288153524685638,1.2468971102733601,1.2510120957342683,1.358705441271959,-0.7079104862476716,0.36819132737815174,-0.7239361044389886,-0.08985319162715143,-1.2948409241414656,-0.9950804972696603,0.0014727540500736325,0.013254786450662692,0.0014727540500736325,0.020618556701030855
1155,2025-06-27,000166.XSHE,4.99,-0.0019999999999999575,0.04616295217073529,-0.45296412232814975,-0.6834160029557461,-0.6736218977030675,-0.39584331753592505,0.3271544544799945,-1.063663834647994,0.11367591722595692,-0.4749382986006579,0.5991262336030866,0.06248169340359394,-0.008016032064128265,-0.014028056112224463,-0.008016032064128265,0.04208416833667328
1156,2025-06-27,000301.XSHE,8.3,-0.007177033492822814,-1.5951864583442998,0.6494882388938021,1.0198014498934653,1.1797293552365893,0.9093697835284764,-1.1515097465595285,0.879568170958918,-1.097870042682268,0.8086787246443637,-1.1112815375201035,-0.9314563789217485,0.0036144578313253017,0.02409638554216853,0.010843373493975905,0.04457831325301198
1157,2025-06-27,000333.XSHE,36.019999999999996,-0.010606060606060553,-0.7232195840081874,-0.33313234393445934,-0.37115946993339066,-0.24592545471699287,-0.18187395670569528,-1.1515097465595285,-0.8591130972156875,-0.1256418032497418,-1.8869170241701816,0.17152429082228907,1.7311939331169488,0.0,0.0,0.0,0.0
1158,2025-06-27,000338.XSHE,14.69,-0.012104909213180883,-0.46675873861521316,0.2660265480339927,0.36690142630126765,0.25305372876676085,0.22466782887174125,0.4935041770969409,0.5727420648104583,-0.24530066348759116,0.1668702130218529,-0.28420935872040304,-0.5655667500019275,-0.001361470388019037,-0.004084411164057111,-0.0074880871341047595,-0.004765146358066685
1159,2025-06-27,000408.XSHE,36.019999999999996,0.029526598340654,-0.15900572414364408,0.3139592593914689,0.45206229894372824,0.18177098826908178,0.11768314845662636,-1.0036433264555762,-0.040910147486461344,-0.843594964676838,0.03850851069735074,-0.49370266251288664,-0.700055853019102,0.0,0.0,0.0,0.0
1160,2025-06-30,000001.XSHE,11.82,-0.005887300252312892,1.7664044782684585,-2.356412010031092,-2.144951500053926,-1.932007821037139,-2.1186737869388237,-0.04124594653412959,1.2857001388182034,1.8353867290012593,1.3272299431793348,2.308643766176695,1.7311939331169488,0.018612521150592087,0.02284263959390853,0.058375634517766395,0.07529610829103217
1161,2025-06-30,000002.XSHE,6.42,0.0031249999999999334,-0.3427351972759696,0.5916620946124984,0.5085580546934506,-0.040130726252996976,-0.31947340173220157,1.1485409727196083,-1.1965922084050606,-1.5542047117565754,-0.4546991472003277,-0.767984342211138,-0.8054498112565828,-0.010903426791277315,0.006230529595015577,0.015576323987538832,0.03738317757009346
1162,2025-06-30,000063.XSHE,32.49,0.0027777777777778833,1.0633579197536491,-0.6367021156556645,-0.8238265166436339,-0.5943169459372406,-0.5040067745739064,1.4816813101106547,0.14002674779208152,1.0457659956429002,0.6308438618815356,0.797666472235013,0.34013552009669973,0.004616805170821747,0.006463527239150446,-0.01846722068328721,0.021545090797168154
1163,2025-06-30,000100.XSHE,4.28,-0.0046511627906975755,0.3603113612388397,0.18220735785644412,0.3171450599379821,0.24651731841126695,0.31486006741115885,0.1808476117265681,0.5219178781341222,-0.0038518084554066165,0.20072304696230675,-0.19639753693714637,-0.537917569885075,0.009345794392523477,0.04439252336448596,0.004672897196261516,0.05841121495327095
1164,2025-06-30,000157.XSHE,6.8,0.0014727540500736062,-1.5144794614673185,0.9601713576929473,1.037758687252687,1.0109121041826374,1.0645268945805848,-1.0882584354774187,-0.2418643825499591,-0.745324936121183,-0.4546991472003277,-1.0444583947621449,-0.9938973896405293,0.0,0.007352941176470562,0.0014705882352941124,0.02499999999999991
1165,2025-06-30,000166.XSHE,4.95,-0.01197604790419154,0.3603113612388397,-0.5548111683044535,-0.5235708385958403,-0.5943169459372406,-0.41174008815305396,1.1644047983096582,0.14002674779208152,0.7568803614874028,0.6103619183139533,0.5193285496668084,0.04362877043264375,-0.0060606060606061,0.0,0.0,0.03838383838383819
1166,2025-06-30,000301.XSHE,8.33,0.0012019230769230512,-0.8114329029525091,0.98064409453075,1.2479376618861426,1.3931094970683229,1.1567935810014374,-1.0882584354774187,0.7128634433051424,-0.4082916962731028,0.44650636977329466,-0.8524797829907715,-0.9281392938209818,0.020408163265306145,0.02280912364945964,0.0024009603841537164,0.037214885954381716
1167,2025-06-30,000333.XSHE,36.019999999999996,-0.0006963788300835259,0.4774857876579746,0.059370936829627845,-0.37344299957194343,-0.7471959030915147,-0.5962734609947589,-0.45370541187542535,-1.7694289039181217,-0.8223611052293156,-2.093254632606914,-0.03734729546960087,1.7311939331169488,0.0,0.0,0.0,0.0
1168,2025-06-30,000338.XSHE,14.67,0.000682128240109126,-1.045781755790779,0.10031641050523327,0.2570939243284234,0.9344726256055004,0.5339934476606834,-1.231032865787867,1.1584030953708564,0.21762717773047463,0.7332535797194473,-0.20136785698300716,-0.5672339094442498,0.002044989775051187,-0.0013633265167006803,-0.019086571233810412,-0.0027266530334014716
1169,2025-06-30,000408.XSHE,36.019999999999996,-0.027639971651311167,-0.31344159067118593,0.6735530419637092,0.4972984667666583,0.322956796988404,0.87999352173888,-0.07297359771422927,-0.7510525563393466,-0.32162600602645364,-0.9462657928223036,-0.5256035787247075,-0.7281673335714358,0.0,0.0,0.0,0.0
1170,2025-07-01,000001.XSHE,12.04,0.019475021168501156,-2.680038906392406,-2.4481044098809823,1.4485037360490185,2.0169779527172453,0.03748228975309284,-1.3833975809987638,1.9501824549087643,-0.7922428707965833,1.9315071874034664,-2.51372671833366,1.7311939331169488,0.0016611295681063787,0.024916943521594792,0.03239202657807305,0.03571428571428581
1171,2025-07-01,000002.XSHE,6.35,-0.010903426791277303,-0.13971766810576525,-0.7098054206163796,-0.35529336921957055,-0.3167155462944435,-1.378515323141525,-0.22809767395482827,0.31493629706601156,-0.6900179842421854,0.16139278385311986,0.545724195582434,-0.8168304667110065,0.023622047244094446,0.014173228346456845,0.03307086614173227,0.03937007874015741
1172,2025-07-01,000063.XSHE,32.64,0.00709657513113249,0.3683465795515629,0.7387770704374562,1.0841002804392026,0.9334773996046756,1.0370100165022347,0.038509996901464505,0.8600183496802624,1.2011424170141747,0.6473065416904699,0.45994519799600153,0.35024338531851135,-0.018382352941176516,-0.009803921568627416,0.002450980392156854,0.026348039215686292
1173,2025-07-01,000100.XSHE,4.32,0.009345794392523372,0.5715722786144942,0.15934407401592188,0.7925775159513497,-0.2333693499011689,1.411832914033163,0.867956084009931,0.012112934502538864,1.1244737520983763,0.43905778833160564,0.8030611883417317,-0.5258038930018263,0.016203703703703498,0.016203703703703498,0.004629629629629539,0.03009259259259256
1174,2025-07-01,000157.XSHE,6.8,0.0,0.7239915529116927,0.30420232312130546,-0.6650363064879141,-0.7334465282608167,-0.6288695280796684,1.8158944692767496,-0.7146631356497956,-0.3833433245789919,-0.1162722206253659,0.49926057188978307,-0.9938973896405293,0.0117647058823529,0.0,0.01764705882352935,0.020588235294117796
1175,2025-07-01,000166.XSHE,4.92,-0.006060606060606111,0.46995942908302857,0.8836353195428398,0.501054751463497,0.10001543567192955,-0.46228157362147815,1.1049406803266355,0.3755009695787061,0.43445576785619083,0.7167227928100913,0.0024572108683613486,0.032316882795441385,0.0,0.0060975609756097615,0.012195121951219523,0.04268292682926833
1176,2025-07-01,000301.XSHE,8.5,0.02163461538461535,0.5715722786144942,0.8836353195428398,0.501054751463497,0.2667078284584788,0.7871280848149492,-0.9094283883653542,-0.29071042806093383,0.2555622163859946,-0.602185978462716,0.23120120443218142,-0.9093417532040468,0.0,-0.012941176470588123,0.0023529411764704466,0.00588235294117645
1177,2025-07-01,000333.XSHE,36.019999999999996,-0.0023666991507726816,-0.08891124334003243,-0.2752306733002289,-1.1023204532196933,-1.4002160994070134,-1.2952213459124298,-0.3169668975735925,-1.562568550827519,-2.0189415094493572,-1.4351809918981733,-0.912518763386919,1.7311939331169488,0.0,0.0,0.0,0.0
1178,2025-07-01,000338.XSHE,14.7,0.0013623978201634586,-0.24133051763723087,0.44906057222668905,-0.6650363064879141,0.433400221245028,0.9537160392731395,-0.9094283883653542,0.13324227952792794,0.8433553140737822,-0.5848319156828107,0.431352198800524,-0.5647331702807663,-0.004761904761904634,-0.008163265306122436,-0.006122448979591799,-0.008843537414965907
1179,2025-07-01,000408.XSHE,36.019999999999996,0.02113702623906717,0.44455621670016215,0.014485824910538308,-1.5396045999514725,-1.0668313138339152,-0.46228157362147815,-0.07998230125688784,-1.0780511707259628,0.02555622163859946,-1.1575159874196876,0.45324371380956147,-0.7045220801361141,0.0,0.0,0.0,0.0
1180,2025-07-02,000001.XSHE,12.06,0.0008298755186721815,-1.064995673331955,-1.6301465699036268,2.2560127233392935,1.339786409958465,1.1706289361286908,-0.8635360026236001,1.684175862038885,1.6987664954342103,2.057030528487449,2.3211960005372863,1.7311939331169488,0.0024875621890547706,0.03731343283582089,0.04228855721393043,0.026533996683250516
1181,2025-07-02,000002.XSHE,6.5,0.02201257861635215,-0.8201690817613906,-0.5763144439053226,-0.3206016337439449,1.0577261131251041,1.622450630774852,-1.2859177430373174,0.8098769172646004,1.1931812289359334,0.08381788231527806,0.23083960986518362,-0.7924434912957756,-0.006153846153846176,0.003076923076922977,0.006153846153846176,0.009230769230769154
1182,2025-07-02,000063.XSHE,32.04,-0.01415384615384618,0.1591372845208668,0.4775176820929816,-0.7336466833527083,-0.21154522262502082,-1.7867494288280017,1.232728931281516,-0.24848496325163877,-1.2336280502557955,-0.07334064702586832,-0.6166021701370201,0.30981209174955454,0.02059925093632975,-0.004681647940074862,0.025593008739076106,0.03745318352059934
1183,2025-07-02,000100.XSHE,4.39,0.016203703703703564,-0.5753424901908263,-0.5763144439053226,-0.10424470299649738,-0.21154522262502082,0.6777325419692419,-0.33164788506558557,0.02760944036129318,0.5611996458130873,-0.19557505873564882,0.17434349119837003,-0.5046051676040032,0.018223234624145768,-0.02050113895216399,-0.015945330296127436,0.006833712984054774
1184,2025-07-02,000157.XSHE,6.88,0.008797653958944223,2.117750017085382,1.9265368553406501,-1.0483476735308137,-2.1859673004585485,-0.9652554385622537,1.6707544398587042,-1.9970828528002076,-1.0313939436564847,-1.5925397639902834,0.478010129032493,-0.9832502575698009,-0.0043604651162790775,-0.01017441860465118,-0.0014534883720930258,0.011627906976744207
1185,2025-07-02,000166.XSHE,4.92,-0.002028397565922878,-0.6977557859761084,-0.21405965059340556,0.21045628718160808,0.9166959647084235,0.18483614780979327,-0.20649773975781743,0.6718297154581344,0.48536185583834585,0.7823002349425953,-0.7295944074706473,0.032316882795441385,0.0060975609756097615,0.0060975609756097615,0.012195121951219523,0.03658536585365857
1186,2025-07-02,000301.XSHE,8.5,-0.0011750881316098458,0.7712037634472777,0.6092466978427696,0.9972087626268717,0.07051507420834027,-0.061612049269931086,0.6069782047426753,-0.3865321650581047,-0.500529413833294,0.013969647052546342,-0.6166021701370201,-0.9093417532040468,0.0023529411764704466,-0.01764705882352946,-0.0023529411764705577,0.00588235294117645
1187,2025-07-02,000333.XSHE,36.019999999999996,0.005442366731789012,0.8324104113399188,0.6751112057176637,-0.10424470299649738,-0.4936055194583819,0.020537349756643695,-0.9573986116044261,-0.8927052383484799,-1.13251099695614,-1.2432985876766247,-1.4075478314724101,1.7311939331169488,0.0,0.0,0.0,0.0
1188,2025-07-02,000338.XSHE,14.63,-0.004761904761904661,0.036723988735584634,0.21405965059340556,-0.10424470299649738,-0.35257537104170134,-0.3902096453762302,0.7164845818869724,0.11964090823227048,-0.12134046395958636,0.013969647052546342,0.004855135197929292,-0.5705680610106043,0.0013670539986330166,-0.01640464798359531,-0.011619958988380086,0.006835269993164639
1189,2025-07-02,000408.XSHE,36.019999999999996,0.01149150107732815,-0.7589624338687495,-0.9056369832797927,-1.0483476735308137,0.07051507420834027,-0.472359044402805,-0.5819481756811218,0.2116723761032478,0.08089364263972436,0.1536661175780098,0.1611022133858356,-0.6984795474082911,0.0,0.0,0.0,0.0
1190,2025-07-03,000001.XSHE,12.09,0.0016570008285003788,-0.23473717175688563,1.1967742988830268,2.4552585458521157,1.8634486697738388,1.725482116176217,-0.8898570532115617,1.7122575076007391,0.22577134804986002,1.8875588462784154,-1.7248774161918545,1.7311939331169488,0.02067824648469818,0.028122415219189456,0.06782464846980973,0.01985111662531014
1191,2025-07-03,000002.XSHE,6.46,-0.0030864197530864907,0.8863955888730161,0.49278941718712865,-0.5670910342964216,0.26620695282483414,0.19035567829702035,0.5198174865295261,-0.022382451079748244,1.05756052507566,0.007704321821544553,1.08856439570918,-0.7989466512761793,-0.003095975232198067,0.015479876160990669,0.046439628482972006,0.015479876160990669
1192,2025-07-03,000063.XSHE,32.7,0.021555763823805214,-0.23473717175688563,0.774383369865488,0.5756347786926013,1.131379549505545,1.6026720011458813,0.3939536883383576,0.4812226982145868,1.1169740377203599,1.0554920895516038,-1.1235310747168243,0.3542864644799202,-0.011620795107033732,0.0006116207951070152,0.01284403669724754,0.05596330275229344
1193,2025-07-03,000100.XSHE,4.47,0.018223234624145802,0.3258292085580652,-0.9151803462046675,-0.449614548848952,-0.7320691202682938,0.06754556326668462,0.8722361214647981,-0.7498121111715655,0.22577134804986002,-0.7319105730467326,0.07916160823323629,-0.4803779811557955,-0.017897091722595126,-0.029082774049216997,-0.01118568232662187,0.020134228187919323
1194,2025-07-03,000157.XSHE,6.85,-0.005805515239477509,-1.636153122544263,-1.7599622042397451,-0.3641771048871559,0.33275869103104266,-1.0991505295215047,-1.9471129580173776,1.0407839752082926,0.34459837333926,-0.05393025275081187,1.3543380019860907,-0.9867994131389038,-0.007299270072992692,0.010218978102189746,0.008759124087591275,0.01751824817518255
1195,2025-07-03,000166.XSHE,4.95,0.004056795131845935,1.1666787790304913,1.126375810713437,0.40475989076900903,-0.06655173820620854,-0.23947972430915468,1.048445438932434,-0.6378998557728244,-1.2001529554229398,0.06933889639390098,-0.7799045938739498,0.04362877043264375,0.0,0.0060606060606061,0.018181818181818077,0.04040404040404044
1196,2025-07-03,000301.XSHE,8.52,0.003533568904593564,-1.6011177237745784,-1.0559773225438471,-0.7059268807343402,0.33275869103104266,-0.6079100694001618,-0.8646842935733281,0.7610033367114396,0.52283891127336,0.19260804553861383,0.8093678800243445,-0.9071303073641055,-0.015258215962441146,0.0,0.01291079812206597,0.007042253521126751
1197,2025-07-03,000333.XSHE,36.019999999999996,0.0012441249654410202,0.5360416011761717,0.5631879053567185,-1.0476766565815245,-1.264483025917962,-1.0991505295215047,-0.5374384182762898,-1.4212856435640122,-2.15076915773814,-1.8413329153491482,-0.35037149282035673,1.7311939331169488,0.0,0.0,0.0,0.0
1198,2025-07-03,000338.XSHE,14.65,0.0013670539986329168,1.0265371839517539,-0.21119546450876941,0.1484475588836207,-1.131379549505545,0.19035567829702035,0.9351680205603824,-1.0855488773677888,0.10694432276046004,-0.5932327802589306,0.05768495318055663,-0.5680216439539301,-0.004778156996587013,-0.0027303754266212454,-0.010921501706484649,0.012286689419795271
1199,2025-07-03,000408.XSHE,36.019999999999996,-0.020341360766892788,-0.23473717175688563,-0.21119546450876941,-0.449614548848952,-0.7320691202682938,-0.7307201844304976,0.4694719672530587,-0.0783385787791188,-0.24953675310773993,0.007704321821544553,0.5895677384695761,-0.7079375483914458,0.0,0.0,0.0,0.0
1200,2025-07-04,000001.XSHE,12.34,0.0206782464846981,-1.0162811309708122,-0.9923496333171951,1.790577691374996,1.8951179259710698,1.2549628357373461,-0.6702082367954869,1.4963752351947843,0.7758689937036931,1.716125588273023,-0.12941895800401948,1.7311939331169488,0.013776337115072979,0.018638573743922304,0.024311183144246407,0.008103727714748654
1201,2025-07-04,000002.XSHE,6.44,-0.006172839506172844,-1.3265959801222051,-0.608832866817796,-1.1654044556767051,0.20133630579456563,-0.37535142216917605,-0.10039556583576117,-0.20009668842720954,-0.871227194047164,-0.14276261392912498,-2.370594695920488,-0.802198314925526,0.012422360248447006,0.01552795031055898,0.04968944099378869,0.020186335403726607
1202,2025-07-04,000063.XSHE,32.32,-0.010713192531374392,-1.1714385555465086,-1.1841080165668947,0.5674126650087749,1.1281224753251056,0.3450199941151012,-1.2128869710428447,1.409376675009041,0.8192136302234525,1.0915391523331013,-0.3201573186777615,0.32868007336661204,-0.013304455445544594,0.01670792079207928,0.034653465346534684,0.05878712871287117
1203,2025-07-04,000100.XSHE,4.39,-0.017897091722595095,-0.08533658351663305,-0.03355771706869738,-0.24803068590203933,-0.4058684259668227,-0.3374371371015825,0.8492922190971149,-0.24359596852008117,0.06068249112766317,-0.023793768988187514,0.4427961240172065,-0.5046051676040032,-0.02050113895216399,-0.015945330296127436,0.018223234624145768,0.02733485193621865
1204,2025-07-04,000157.XSHE,6.8,-0.004392386530014678,1.0783441008010908,1.1169925824295,-0.3839379110538417,-0.9171987263974655,-0.7165799877775179,0.8492922190971149,-0.765587329634541,-0.43778082884956987,-0.6781224161633436,0.6991007961725473,-0.9938973896405293,0.0014705882352941124,0.010294117647058787,0.01911764705882346,0.02499999999999991
1205,2025-07-04,000166.XSHE,4.95,0.0,-0.5508088572437225,-0.9923496333171951,0.8392271153123795,0.3611270246791415,1.861591396818843,0.14380986457554984,0.5393910731516084,1.8161402701779186,0.6900193006574373,0.4427961240172065,0.04739928809951786,0.0,0.0060606060606061,0.05050505050505061,0.04444444444444429
1206,2025-07-04,000301.XSHE,8.39,-0.021003500583430538,0.031031484915139327,-0.46501407938052136,0.7033198901605772,0.2332944495714808,0.3450199941151012,-1.375690591317052,0.3218946726872502,0.23406103720670077,0.21414392089368742,0.8242728453646905,-0.9215047889828683,-0.00476758045292025,0.010727056019070202,0.033373063170440975,0.038140643623361115
1207,2025-07-04,000333.XSHE,36.019999999999996,0.008285004142501993,1.3498695938085594,1.500509348928899,-1.6071029374200627,-1.4285290268281083,-1.3232085488590144,1.066363712796058,-1.722571491677717,-1.6514306514028332,-1.7488420206317807,-0.7016340400252455,1.7311939331169488,0.0,0.0,0.0,0.0
1208,2025-07-04,000338.XSHE,14.58,-0.00477815699658705,1.0783441008010908,1.1169925824295,-0.24803068590203933,-0.9171987263974655,-1.0957228384534532,1.337703079919737,-0.8525858898202843,-0.8278825575274046,-0.8565756835747498,0.013634812501287034,-0.5746946319987613,-0.013031550068587028,-0.008230452674897082,0.00274348422496562,0.020576131687242816
1209,2025-07-04,000408.XSHE,36.019999999999996,-0.0026518804243008546,0.6128718270740012,0.5417174326804012,-0.24803068590203933,-0.1502032757515013,0.0417057135743529,-0.8872797304944301,0.01739971203714867,0.08235480938754287,-0.26173145887006244,1.0992043105545763,-0.7223874905590328,0.0,0.0,0.0,0.0
1210,2025-07-07,000001.XSHE,12.51,0.013776337115072928,-1.953601802536541,-2.075678521204815,1.7564536833124729,2.226758381949889,0.35056159908596807,-1.3834636542853953,2.1586558492959567,1.2533142421702475,2.197275842233847,0.7490835169117191,1.7311939331169488,-0.006394884092725817,0.031974420463629194,0.015987210231814597,-0.012789768185451633
1211,2025-07-07,000002.XSHE,6.52,0.012422360248447077,0.45347632600133125,0.2346419197883704,-0.48149888615901776,-0.19613933934273622,0.10598373925854852,-0.8275122630733354,-0.363686583305297,0.3859687458586574,-0.6631910502264678,1.3600843231981867,-0.7891918276464288,0.006134969325153339,0.036809815950920255,0.021472392638036908,0.012269938650306678
1212,2025-07-07,000063.XSHE,31.89,-0.009627329192546654,-0.23426028215234646,-0.05414813533577779,-0.3458653971001395,-0.7730197491743136,0.513613505637581,0.7120454356677536,-0.5396639623239892,0.689539669567714,-0.38989803502325304,0.8601745726001678,0.2997043938460329,0.026026967701473724,0.038570084666039506,0.0407651301348384,0.07400439009093751
1213,2025-07-07,000100.XSHE,4.3,-0.020501138952163978,0.7973446300781701,0.2346419197883704,0.19666855913537332,-0.3115154213090517,-0.7092757934995165,1.011403877089632,-0.1877092042866049,-0.6331622123074607,0.21134659842381945,-0.47291809566121623,-0.5320701302834814,0.009302325581395321,0.027906976744185963,0.05348837209302326,0.07906976744186034
1214,2025-07-07,000157.XSHE,6.81,0.0,-0.23426028215234646,0.01804937844525926,-0.8883993533356525,-0.3115154213090517,-0.46469793367209705,-1.04133972123182,0.04692730107165127,-0.5681113000840915,-0.5903129128389439,-0.2854519391869591,-0.9927144493296884,0.016152716593245353,0.01468428781204123,0.023494860499265746,0.07342143906020548
1215,2025-07-07,000166.XSHE,4.95,0.002024291497975665,0.28154217396291187,-0.05414813533577779,0.7392025153708862,-0.08076325737642075,1.9810806646020982,1.6528862515650857,0.16424555375077937,1.2533142421702475,0.35710287319886735,0.8601745726001678,0.04362877043264375,0.0060606060606061,0.018181818181818077,0.03838383838383819,0.06464646464646462
1216,2025-07-07,000301.XSHE,8.35,-0.0023894862604539515,-0.38470266518596347,0.05414813533577779,-1.7022002876889217,-0.7730197491743136,-1.6060612795333882,-0.6564502965465477,-0.5983230886635532,-1.3704058841723121,-0.5903129128389439,-1.3616465411688057,-0.9259276806627506,0.020359281437125842,0.03353293413173675,0.03473053892215572,0.0850299401197605
1217,2025-07-07,000333.XSHE,36.019999999999996,-0.008798460269452853,1.9149166183278963,2.111777278095334,-0.48149888615901776,-1.2345240770395756,-0.9538536533269361,0.6692799440360567,-1.71284648911527,-1.5221913460268404,-1.4648505614892313,-1.583828652545703,1.7311939331169488,0.0,0.0,0.0,0.0
1218,2025-07-07,000338.XSHE,14.39,-0.013031550068587071,-0.5781285862291853,-0.19854316289785187,0.19666855913537332,0.8422453983541031,0.10598373925854852,0.22024228190323905,0.3988820591090355,-0.047704002297137504,0.21134659842381945,-0.5284636235054406,-0.5913767674742589,0.015288394718554477,0.006949270326615631,0.01667824878387769,0.053509381514941
1219,2025-07-07,000408.XSHE,36.019999999999996,-0.004390243902439018,-0.062326130113927014,-0.27074067667888896,1.0104694934886427,0.6114932344214721,0.6766654121891941,-0.3570918551246693,0.6335185644672917,0.5594378451209754,0.721493560136487,0.4027918667578831,-0.7373626448391702,0.0,0.0,0.0,0.0
1220,2025-07-08,000001.XSHE,12.43,-0.004803843074459607,-1.3279291789989631,-1.3628592004866018,1.1157842200686199,1.7184179678694824,0.491812296076788,-0.4815801319799762,1.7088302214726885,1.0321939528414523,1.6827964845436165,0.33966296633438425,1.7311939331169488,0.011263073209975882,0.016894609814963824,0.0032180209171359664,-0.01609010458567972
1221,2025-07-08,000002.XSHE,6.56,0.0076804915514592665,-0.8479547769511451,-0.389388342996172,-1.56070752277511,-0.23750492238846507,-1.5520829603462274,-1.6551787729395822,-0.08082305101560004,-0.9623837338086971,-0.4651107366109036,-0.45767857517747457,-0.7826886676660253,-0.0030487804878047697,0.030487804878048808,0.0060975609756097615,0.021341463414634276
1222,2025-07-08,000063.XSHE,32.72,0.025705329153605027,-1.1679377116496903,-1.20061405757153,1.393861284260176,1.508854801056131,1.2582730172354188,-0.8458003998639918,1.131522714218402,1.3313806058389748,1.2629048473254396,-0.9650777379577483,0.3556342133064863,0.0042787286063570296,0.022004889975550057,0.023838630806845895,0.0375916870415649
1223,2025-07-08,000100.XSHE,4.34,0.009302325581395357,0.5919684291923089,0.09734708574904291,-0.27460110088916184,-0.44706808920181657,-0.4662636053715004,0.8943631022485273,-0.13855380174102871,-0.28921376456427167,0.31007382440726905,0.04972058760279925,-0.5199584612197135,-0.004608294930875445,0.02995391705069128,0.025345622119815836,0.07373271889400934
1224,2025-07-08,000157.XSHE,6.92,0.014662756598240416,1.87190016798649,2.0442888007299023,0.420591559589729,-1.2853207564552225,0.2363253890239111,1.5418658007089996,-1.5240918191513166,-0.06482377481612984,-1.175696584210895,1.3091577952181217,-0.9785183290081474,-0.007225433526011571,0.0014450867052022698,0.0028901734104047616,0.14017341040462417
1225,2025-07-08,000166.XSHE,4.98,0.006060606060606111,-0.20798890755405444,-0.47051091445370774,-0.27460110088916184,-0.16765053345068123,0.36406884255034955,0.7527218869602991,-0.25401530319188603,-0.16455265914863731,0.37467253782545007,-1.1100489273235408,0.058711175736720224,0.0,0.04417670682730912,0.030120481927710774,0.06425702811244971
1226,2025-07-08,000301.XSHE,8.52,0.020359281437125742,-0.44797610857796344,-0.389388342996172,0.14251449539817268,0.5308933559271571,0.8111709298928842,-1.0886139117866689,0.38102295478782927,0.907532847425818,-0.012919742683636208,0.33966296633438425,-0.9071303073641055,-0.004694835680751019,0.01760563380281699,0.0035211267605634866,0.0880281690140845
1227,2025-07-08,000333.XSHE,36.019999999999996,-0.004576976421636593,0.4319769618430362,0.502959943036722,-1.6649864218469435,-1.0059032007040873,-1.6798264138726657,0.08498472917293703,-1.4086303177004593,-2.0594014614662792,-1.4340914378836194,-1.399991306055126,1.7311939331169488,0.0,0.0,0.0,0.0
1228,2025-07-08,000338.XSHE,14.61,0.015288394718554471,0.19198976081912722,0.42183737157918616,0.420591559589729,0.11176702230045411,-0.33852015184506196,0.22662594446116532,0.43875370551325793,0.034905109516377625,0.24547511098908797,0.267177371651488,-0.5721922196523771,-0.010266940451745254,0.000684462696783017,-0.002737850787132068,0.06639288158795353
1229,2025-07-08,000408.XSHE,36.019999999999996,-0.0014698677119059842,0.9119513638908542,0.7463276574093294,0.28155302749395084,-0.726485644952952,0.8750426566561034,0.5706117530182913,-0.25401530319188603,0.23436287818139256,-0.7881043037018088,1.6274148593727131,-0.7389391177682711,0.0,0.0,0.0,0.0
1230,2025-07-09,000001.XSHE,12.57,0.013709677419354832,-1.85289644937311,-1.674568171845911,1.5577975513762117,2.274419344508285,0.7477628123259652,-2.282533605577927,2.082988738902688,-0.027102471669909457,2.2095776457389236,-1.8439562287820228,1.7311939331169488,0.02704852824184556,0.011137629276054106,-0.01511535401750197,-0.023866348448687402
1231,2025-07-09,000002.XSHE,6.54,0.0,2.0365654851710278,1.606218450546078,1.2373886524643563,0.7468242623758548,1.8981671389812964,0.06713334134052742,1.1304024253801175,2.5024615508549672,0.41852215126072245,2.2750627805061514,-0.785940163997082,0.03363914373088672,0.01834862385321112,0.003058103975535076,0.02752293577981657
1232,2025-07-09,000063.XSHE,32.86,0.006123698714023358,0.3079157364847444,-0.30757374584924896,0.39822248864759174,-0.27157245904576527,-0.07395456385641418,-0.49231116983053314,-0.07620690508180562,-0.07227325778642511,0.34541784536365305,0.4027814126478903,0.36506812045587,0.00791235544735236,0.010042604990870396,0.011564211807668867,0.03134510042604988
1233,2025-07-09,000100.XSHE,4.32,-0.006896551724137784,0.7400781736563152,0.7860217949480807,-0.8223828405404292,-0.9505036066601786,-0.8956719400387936,1.7454668748537092,-0.9652874643695385,-0.7724204425924178,-0.8973553548865273,-0.21397009676424272,-0.5260142120924524,0.02314814814814814,0.04861111111111116,0.02314814814814814,0.07175925925925908
1234,2025-07-09,000157.XSHE,6.87,-0.004347826086956557,-0.66444974715129,-0.8543715162479137,-1.0665039063780335,-0.9505036066601786,0.5834193370894893,-0.04475556089368469,-0.7112644474301862,0.06323910056312186,-0.8973553548865273,-0.18368319228418264,-0.984433365198932,0.005822416302765587,0.01455604075691408,0.013100436681222627,0.08442503639010179
1235,2025-07-09,000166.XSHE,4.98,-0.0020040080160320215,-0.12424670068682647,0.6493223523484145,0.15410142280998756,0.4073586885686481,-0.23829803909289005,0.4587444991602698,0.43183912879689884,-0.027102471669909457,-0.02010368412169412,0.050351978698099986,0.058711175736720224,0.012048192771084265,0.032128514056224855,0.02409638554216853,0.06024096385542155
1236,2025-07-09,000301.XSHE,8.48,-0.004694835680751074,0.09183451789895897,-0.5126229097487482,-1.3106249722156376,-0.7807708197565753,-1.7995610538394107,0.5146889502773759,-0.9017817101347004,-1.2692990898740901,-0.3856252136070413,-0.12586273827679517,-0.9115531990439879,0.017688679245283057,0.018867924528301883,0.008254716981132004,0.07429245283018848
1237,2025-07-09,000333.XSHE,36.019999999999996,-0.0037698966769060347,-0.39434822391905827,-0.17087430324958275,-0.9444433734592314,-0.27157245904576527,-0.4026415143293659,-0.04475556089368469,-0.7112644474301862,-0.6594934773011286,-0.8242510489894579,-0.3901848137391379,1.7311939331169488,0.0,0.0,0.0,0.0
1238,2025-07-09,000338.XSHE,14.46,-0.009589041095890328,0.1998751271918517,1.059420680147413,0.15410142280998756,-0.611038032852972,0.41907586185301343,0.12307779245763349,-0.5842529389605101,0.2890930311457001,-0.8059749725151906,-0.05978221941120948,-0.584703946747718,0.0020746887966804906,0.011756569847856113,0.018672199170124415,0.06224066390041494
1239,2025-07-09,000408.XSHE,36.019999999999996,-0.021001221001220986,-0.3403279192726119,-0.5809726310485813,0.642343554485196,0.4073586885686481,-0.23829803909289005,-0.04475556089368469,0.3048276203272227,-0.027102471669909457,0.8571479866431391,0.08924311740544989,-0.75732974030374,0.0,0.0,0.0,0.0
1240,2025-07-10,000001.XSHE,12.91,0.028685258964143378,-2.077158531339105,-2.075512747384839,1.7799224219998584,1.9338755867589796,1.8617003489975503,-1.6955869149685852,2.0746895600861177,1.2981434290198688,1.8841402581836697,-0.24034474289712698,1.7311939331169488,-0.02091402013942678,-0.03408210689388069,-0.04492641363284278,-0.06351665375677773
1241,2025-07-10,000002.XSHE,6.76,0.03680981595092028,0.059582193282724086,0.49057574029096196,-0.02792611562179795,0.6110290941876906,0.026221131676021858,-0.4877715782786341,0.10147938065638624,-0.1826285432461412,0.18039640769843646,-1.5686749281662227,-0.7501727004457176,0.0,-0.023668639053254448,-0.029585798816568087,0.007396449704141883
1242,2025-07-10,000063.XSHE,33.12,0.007912355447352344,-0.7622411623410563,-0.7169953127329444,1.4271714878297792,1.051977925044787,-0.49820150184441486,0.9058615025174633,1.059895753522256,-0.13326947750394086,1.340087600045528,0.11387663984129853,0.382588353246361,0.009661835748792313,0.011473429951690983,0.042572463768115965,0.04679951690821271
1243,2025-07-10,000100.XSHE,4.42,0.01609195402298857,-0.26914714896678804,-0.5660489311049561,0.016167751149461965,-0.459846637893829,0.5506437651964586,0.4413171422520975,-0.18040778783357544,0.7551937058556651,-0.16321579744144252,0.9994300966873623,-0.4957351230921775,0.011312217194570096,0.006787330316742057,0.03167420814479627,0.04977375565610864
1244,2025-07-10,000157.XSHE,6.91,0.005822416302765653,1.3334083944995838,1.2830442438379004,-1.042085051360776,-1.3417442996080218,-1.0226241353648515,0.4413171422520975,-1.307956461793422,-1.0710917266057471,-1.3085898145743726,0.2356402401576323,-0.9797012693189883,0.0028943560057885787,0.004341534008683201,0.00868306801736618,0.09117221418234434
1245,2025-07-10,000166.XSHE,5.04,0.014084507042253579,-0.7622411623410563,-0.6415221219189502,0.016167751149461965,0.296065643575479,0.6817494235765678,0.3019538341724878,0.38336654914634793,0.9032709030822661,0.352202510268376,-0.06323405152791423,0.08133478369283455,0.031746031746031855,0.017857142857142794,0.02182539682539697,0.0714285714285714
1246,2025-07-10,000301.XSHE,8.63,0.018890200708382543,0.7992232133441264,0.7924685035469385,-0.8069177619140564,-0.8378027786284831,-0.3670958434643057,0.9987703745705364,-0.8005595585114911,-0.4294238719571429,-0.564096703437968,0.46809802257972405,-0.8949671042669939,0.004634994206257126,-0.009269988412514474,-0.005793742757821629,0.05330243337195828
1247,2025-07-10,000333.XSHE,36.019999999999996,-0.002241210253536862,0.7992232133441264,0.8679416943609326,-1.1596686960841358,-0.9637881588733678,-1.28483545212507,-1.7884957870216582,-0.9696918596054681,-1.8608367784809527,-1.0795150111477867,-1.8343409652200418,1.7311939331169488,0.0,0.0,0.0,0.0
1248,2025-07-10,000338.XSHE,14.49,0.0048543689320388545,0.3883115355322362,0.18868297703498535,0.48650233004290105,-0.08189049715917503,0.9439607403367861,0.4413171422520975,-0.06765292043759076,1.0019890345666669,-0.13458144701311928,1.0879854423719686,-0.5822015344013336,0.008971704623878418,0.00552104899930983,0.02346445824706689,0.05866114561766733
1249,2025-07-10,000408.XSHE,36.019999999999996,0.002760351317440387,0.49103945498520873,0.3773659540699707,-0.6893341171906966,-0.2078758774040597,-0.8915184769847424,0.4413171422520975,-0.2931626552295601,-0.28134667473054187,-0.5068280025813215,0.8015642461733199,-0.7607452085590718,0.0,0.0,0.0,0.0
1250,2025-07-11,000001.XSHE,12.64,-0.02167182662538695,-0.9857164100360217,-1.618347132424262,1.9152176859709704,1.5053265111391414,1.4345718998351973,-0.4653142595064464,1.683413028145192,1.6868361674854235,1.5027489077343779,1.930710812297509,1.7311939331169488,0.005537974683544222,-0.020569620253164556,-0.015822784810126667,-0.04351265822784811
1251,2025-07-11,000002.XSHE,6.76,0.00148148148148145,-1.2380598110052432,-0.22622056689801515,-0.3844479131325779,0.6782240324912614,-0.49968234713360804,-1.273029577894995,0.0,-0.7229297860651815,-0.24761203593350545,-1.9138906807653588,-0.7501727004457176,-0.014792899408283988,-0.029585798816568087,-0.028106508875739622,0.002958579881656931
1252,2025-07-11,000063.XSHE,33.44,0.009357078176878815,-0.8595447095514109,-0.6902627554067642,0.30018535682954717,1.3399060154095654,0.7898204841789288,1.079880262628168,1.1403765674531947,0.8835808496352219,1.2465985257341998,0.3928702150723618,0.40415166519826073,-0.007476076555023914,-0.005980861244018976,0.023325358851674638,0.02840909090909105
1253,2025-07-11,000100.XSHE,4.47,0.004494382022471814,0.2760005948100861,-0.4582416611523897,-0.2615650185239914,-1.1414014205340743,1.27338404592113,0.3424010588821021,-0.4887328146227977,0.7430111690114365,-0.24761203593350545,0.03102536866644482,-0.48059549493289494,0.013422818791946511,-0.01118568232662187,0.008948545861297452,0.031319910514541416
1254,2025-07-11,000157.XSHE,6.93,0.0014450867052022813,1.0961166479600561,0.8178743572466701,-0.8233153938775299,-1.1414014205340743,-0.8220580549617421,0.3424010588821021,-1.1403765674531947,-0.8032553178502017,-0.8168351070450123,0.0932174516424618,-0.9773352213790164,0.005772005772005873,0.0043290043290042934,0.005772005772005873,0.067821067821068
1255,2025-07-11,000166.XSHE,5.2,0.02564102564102562,1.5377175996561938,0.7018638101194828,0.5810605445063165,-0.4797194376157703,0.7898204841789288,2.0456268389623022,-0.38012552248439824,0.7229297860651815,0.15084411384454932,0.5737926382753203,0.14166440490914003,-0.011538461538461608,-0.019230769230769384,-0.00576923076923086,0.030769230769230882
1256,2025-07-11,000301.XSHE,8.67,0.004634994206257143,0.2760005948100861,0.063805800919953,-0.6828778000391453,-0.4797194376157703,-0.2579005662625074,-0.8164948327188588,-0.5430364606919974,-0.46187180776386594,-0.4183789572669575,-0.05943584293503443,-0.8905442125871117,-0.0034602076124566894,-0.013840830449826869,0.0046136101499423265,0.05074971164936559
1257,2025-07-11,000333.XSHE,36.019999999999996,0.010380137466685297,1.127659573081209,2.0359851020821362,-1.6659409569078378,-0.9759809248044983,-1.3056216167039434,-0.9218490046825825,-1.466198443868393,-1.6868361674854235,-1.955281249268026,-1.054509170551306,1.7311939331169488,0.0,0.0,0.0,0.0
1258,2025-07-11,000338.XSHE,14.62,0.008275862068965464,-0.544115458339884,-0.5742522082795769,0.15974776299116253,0.6782240324912614,-0.2579005662625074,-0.11413368629403403,0.4887328146227977,-0.12048829767753025,0.5777614171781794,-0.014205237134294803,-0.5713581379763456,0.0006839945280439075,0.00752393980848165,0.017783857729138264,0.04172366621067036
1259,2025-07-11,000408.XSHE,36.019999999999996,0.003487792725460901,-0.6860586213850711,-0.05220474620723426,0.8619357321830857,0.01654204957295761,-1.1444337627898764,-0.21948785825775774,0.7059473988995967,-0.2409765953550605,0.2077664209557,0.02042444543189647,-0.7520752767221776,0.0,0.0,0.0,0.0
1260,2025-07-14,000001.XSHE,12.71,0.008730158730158826,-1.7710964073434714,-1.5925038556334468,1.7459375899720118,1.8735202675380271,0.6844069206136089,-0.6648494729546496,1.8415656809986913,0.29153099856366466,1.5768855845944398,-2.2110808683855114,1.7311939331169488,-0.018882769472856054,-0.02989771833202204,-0.028324154209284136,-0.04012588512981918
1261,2025-07-14,000002.XSHE,6.66,-0.010401188707280873,-0.8823741957732708,-0.7007016964787166,1.6716423733774581,1.0346305955060748,1.983512649556107,-1.3364145971512653,1.0385573898655411,1.6839178573751976,0.8601194097787854,0.1945342663495993,-0.7664306840558716,-0.009009009009009028,-0.01501501501501512,-0.009009009009009028,0.019519519519519468
1262,2025-07-14,000063.XSHE,33.19,-0.007772795216741558,-0.12061230014167013,-0.19110046267601363,0.18573804148638423,0.4753708141514398,0.5576648982777553,1.1707618665161,0.021413554430217363,0.24801890922580427,0.6302132782341415,-0.6678560649705348,0.387305223161908,0.009340162699608356,0.040373606507984494,0.03193733052124137,0.03856583308225381
1263,2025-07-14,000100.XSHE,4.53,0.013422818791946421,0.006348015796929983,-0.44590107957736513,-1.0029854240264748,-0.7829636938964889,-0.01267420223358536,1.394616907914972,-0.7280608506273897,0.1392386858811533,-0.22179179749012704,0.5122570199938592,-0.4624279076780978,-0.017660044150110354,0.0066225165562912025,0.024282560706401668,0.015452538631346435
1264,2025-07-14,000157.XSHE,6.97,0.005772005772005777,0.6411495954899306,0.06370015422533787,-0.40862369127004533,-0.6431487485578302,-0.3295292580732191,-0.03805535703780829,-0.08565421772086936,-0.1435898948149393,-0.1676962371266814,1.3008902835037186,-0.9714201851882317,-0.00430416068866557,0.0,0.04878048780487809,0.05595408895265441
1265,2025-07-14,000166.XSHE,5.14,-0.011538461538461635,-1.136294827650471,-0.8281020049293923,0.18573804148638423,0.894815650167416,0.6844069206136089,-0.03805535703780829,0.8779557316389109,1.335821142672314,0.8601194097787854,-0.21396641690730633,0.11904079695302533,-0.0019455252918287869,0.001945525291829009,0.02529182879377423,0.04669260700389111
1266,2025-07-14,000301.XSHE,8.64,-0.003460207612456674,1.244211096198281,1.7199041640841226,-1.0029854240264748,-1.0625935845738064,-0.931553864168523,0.812593800277905,-1.3169335974583667,-0.9050514582274963,-1.520085246212822,0.23992323115592215,-0.8938614650061684,-0.01041666666666663,-0.006944444444444531,0.04861111111111116,0.05439814814814792
1267,2025-07-14,000333.XSHE,36.019999999999996,0.008608719800055604,1.053770622290381,1.0829026218307438,-0.8543949908373675,-0.9227786392351477,-0.9632393697524865,-1.291643588871491,-1.04926416708065,-1.7100251109779134,-1.4118941254859307,-0.5770781353578891,1.7311939331169488,0.0,0.0,0.0,0.0
1268,2025-07-14,000338.XSHE,14.63,0.001368925393566143,0.8315900693978306,0.9555023133800681,-0.11144282489183054,-0.5033338032191714,-0.3295292580732191,0.7454372878582434,-0.6209930784763029,-0.5351986988556829,-0.49226959930735514,0.3760901255748907,-0.569689974624283,-0.004101161995898828,0.0136705399863295,0.03622693096377305,0.04237867395762129
1269,2025-07-14,000408.XSHE,36.019999999999996,0.009002433090024268,0.13330833173553008,-0.06370015422533787,-0.40862369127004533,-0.3635188578805127,-1.343465436760047,-0.7543914895141984,0.021413554430217363,-0.40466243084210174,-0.11360067676323579,1.0462865590432515,-0.7197600914499616,0.0,0.0,0.0,0.0
1270,2025-07-15,000001.XSHE,12.47,-0.019654088050314465,-2.6360573681255266,-2.1164770115298035,1.7937998659325647,2.52301554562673,1.3039581882489164,-0.9651344535080373,1.8481683963478504,-1.0057956511946007,1.9016363625534445,-2.4248185492506718,1.7311939331169488,-0.007217321571772239,-0.002405773857257487,-0.019246190858059342,-0.031275060144346445
1271,2025-07-15,000002.XSHE,6.6,-0.006024096385542174,0.8520405965891605,0.6642957043487705,-0.1711399165377358,-0.2990552650075089,-0.6545560865913532,1.6670504196957006,-0.04200382718972388,0.571923017345949,0.26909948526699684,1.3479644817654173,-0.7761855076856217,-0.0060606060606061,-0.004545454545454408,0.015151515151515138,0.031818181818181746
1272,2025-07-15,000063.XSHE,33.5,0.00964436407474383,-0.3106587249824019,-1.1895527729036124,1.0965631689269741,0.501233472336529,0.06700180413927241,-0.0329023109150468,1.1481046098524526,1.0649601012648708,1.0763979410679874,0.9370673199715859,0.4081947443596695,-0.007761194029850649,0.021492537313432702,0.013432835820895717,0.04746268656716435
1273,2025-07-15,000100.XSHE,4.45,-0.01766004415011039,0.27069093580337933,0.6642957043487705,0.0824007005552062,-0.5096575643085716,-0.5514763879155495,-0.5264369746407477,-0.3920357204374228,-0.7099734008432477,-0.5920188675873931,-0.1835613031025,-0.4866512458056338,-0.006741573033707926,0.01348314606741563,0.04719101123595504,0.022471910112359383
1274,2025-07-15,000157.XSHE,6.94,-0.004304160688665619,0.7067031813927153,0.7415393909009531,-1.3120726934559748,-0.6781394037494217,-0.1391575932123349,-0.087739495773458,-1.2321122642319005,-0.21693631692432586,-1.022578044014588,0.0919265667365461,-0.9761522810681755,0.0028818443804032867,0.004322766570605152,0.1368876080691641,0.06484149855907773
1275,2025-07-15,000166.XSHE,5.13,-0.00965250965250962,0.27069093580337933,0.2008335850356748,0.5894819347410901,0.16426979345482884,-1.3761139773219788,1.9138177515585508,0.5880535806561342,-0.21693631692432586,0.7714185244320577,0.5635244456135572,0.1152701119678612,-0.005847953216374324,0.007797270955165692,0.033138401559454245,0.04873294346978563
1276,2025-07-15,000301.XSHE,8.55,-0.010416666666666649,0.27069093580337933,0.5870520177965879,0.33594131764814816,0.33275163289567894,1.1493386402352108,-0.8006228989328037,0.23802168740843527,1.163567518048655,-0.3767392793737956,0.04056442151231717,-0.9038130549450488,0.0,0.01871345029239757,0.08421052631578929,0.06432748538011679
1277,2025-07-15,000333.XSHE,36.019999999999996,0.001376462491397031,0.7067031813927153,1.0505141371096836,-0.6782211507236198,-0.8466212431902718,0.47932059884248707,-0.3070882352071028,-1.2321122642319005,-0.019721483356757153,-1.022578044014588,-0.034144153359288554,1.7311939331169488,0.0,0.0,0.0,0.0
1278,2025-07-15,000338.XSHE,14.57,-0.008168822328114311,-0.09265260218773391,-0.2626285342774209,-1.3120726934559748,-0.6781394037494217,1.097798790897309,-0.7732043065035981,-0.8120739923346615,1.163567518048655,-0.9866981126456551,-0.22091559053830287,-0.5755287136747926,0.010981468771448233,0.021276595744680993,0.06932052161976654,0.026080988332189303
1279,2025-07-15,000408.XSHE,36.019999999999996,-0.003375120540019129,-0.03815107148906692,-0.33987222082960356,-0.42468053363067776,-0.5096575643085716,-1.3761139773219788,-0.087739495773458,-0.11201020583926367,-1.7946549854648757,-0.017939965684466458,-0.11760763934866057,-0.7231755597052932,0.0,0.0,0.0,0.0
1280,2025-07-16,000001.XSHE,12.38,-0.007217321571772242,-2.3322385361143034,0.5012334723365289,2.196534482097053,2.325060842554995,1.9957037165134606,-1.809821427442462,2.130669161063448,-1.5919763314349256,2.168101563219087,-2.11111426406674,1.7311939331169488,-0.0040387722132472215,-0.0024232633279483995,-0.00888529886914391,-0.012116316639741553
1281,2025-07-16,000002.XSHE,6.56,0.0015267175572518759,1.0961972229705526,-0.6781394037494217,-0.5365521311572992,-0.6444462117951344,-0.6323285839755216,1.5036407456271672,-0.009956397948894614,1.4681154726962813,0.11455175785049299,1.0335060774604452,-0.7826886676660253,0.0,0.0060975609756097615,0.024390243902439046,0.021341463414634276
1282,2025-07-16,000063.XSHE,33.24,-0.013064133016627011,-0.8886866375522586,1.0066789906590792,0.802892582987185,0.8403073153799303,0.7683992919196212,0.371191648502104,0.4380815097513632,-1.0455313664114956,0.6314316408344248,-0.993027031523741,0.39067451156917815,0.03880866425992768,0.03038507821901315,0.019554753309265926,0.04091456077015643
1283,2025-07-16,000100.XSHE,4.42,-0.00896860986547086,0.0135332990490192,0.3327516328956789,-0.2500812963402707,-0.23376970427862723,-0.3255024778270617,0.11953629358542332,-0.2588663466712601,-0.15300459020656032,-0.555995117371905,0.13776573775270143,-0.4957351230921775,0.03167420814479627,0.04977375565610864,0.04751131221719462,0.020361990950226172
1284,2025-07-16,000157.XSHE,6.96,0.0028818443804033964,0.7578647467450734,-1.4363076812332471,-0.9933569758655337,-0.8023987146860987,-0.9925157520628441,-0.8870851260812994,-0.0597383876933677,0.8123815146681657,-0.555995117371905,1.061299439064852,-0.9737862331282036,0.001436781609195359,0.050287356321839116,0.07040229885057481,0.051724137931034475
1285,2025-07-16,000166.XSHE,5.1,-0.0019569471624267466,-0.16691068827123637,1.0066789906590792,0.6790133030663079,0.46122130844161585,1.035204601613934,0.3292490893493239,0.03982559179557847,0.1566475566400499,0.5057041017302253,-0.54833324585323,0.10395839164894925,0.009803921568627638,0.033333333333333215,0.03529411764705892,0.04705882352941182
1286,2025-07-16,000301.XSHE,8.55,0.0,0.17142178795424282,-1.4784281410934597,-1.0552966158259722,-0.6128557112169416,-0.9524949556086971,-0.9290276852340795,-0.20908435692678698,0.575588696491346,-0.5001162111033718,0.836570258092076,-0.9038130549450488,0.0035087719298245723,0.05964912280701751,0.06549707602339172,0.07953216374269001
1287,2025-07-16,000333.XSHE,36.019999999999996,-0.007944117244213098,0.41953227051959424,1.1751608300999294,-0.21911147636005146,-0.5496747100605558,-0.2988219468576304,0.45507676680766423,-1.5531980800275602,-1.081961030746391,-1.3382998051313695,-0.16716714384993475,1.7311939331169488,0.0,0.0,0.0,0.0
1288,2025-07-16,000338.XSHE,14.73,0.008213552361396372,0.05864429587908309,-0.6781394037494217,0.1215565434223607,0.14531630265968717,0.288149734469858,-0.2789180183659878,0.6372094687292555,0.9945298363426422,0.42188574232742543,0.2457627999869684,-0.5613488232273889,0.006788866259334725,0.029192124915139228,0.042769857433808456,0.020366598778003953
1289,2025-07-16,000408.XSHE,36.019999999999996,-0.010648596321393942,0.8706422388202332,0.24851071317525383,-0.7455984160237793,-0.9287607169988702,-0.885793628185119,1.1261577132521463,-1.1549421620717755,-0.13478975803911264,-0.891268554983104,0.504737372936603,-0.7357863392283595,0.0,0.0,0.0,0.0
1290,2025-07-17,000001.XSHE,12.33,-0.0016194331983805323,-2.1160550615592393,0.06252245025498154,1.789202174388291,1.7146357833943513,1.4602100249254302,-0.8225758309017516,1.6297608434039699,0.6843722935716635,1.5154964176240011,-1.52725310041742,1.7311939331169488,0.008921330089213253,-0.008110300081102917,-0.019464720194647178,-0.02838605028386043
1291,2025-07-17,000002.XSHE,6.56,0.0,0.27384241973119566,1.8687265687322263,0.3163096961469179,0.21056930673263963,-1.3436153081062894,-0.6356267784240808,0.48383525038555364,-1.324794072877257,-0.1289784185211916,-1.4044640232095371,-0.7826886676660253,0.001524390243902607,0.021341463414634276,0.038109756097560954,-0.018292682926829174
1292,2025-07-17,000063.XSHE,34.53,0.04068716094032554,-0.5227900740322826,-2.0215592249110705,1.113120381097169,1.293497169929072,0.9049970876914264,0.6107002380937248,1.3751107116220997,1.3436300075627152,1.4080144021896748,1.4196847525717644,0.4776015501309154,-0.00897770055024627,-0.016796988126266954,0.00405444540978861,-0.0069504778453519656
1293,2025-07-17,000100.XSHE,4.56,0.02934537246049659,1.8671074072581522,0.201461228599385,-0.43220943213968166,-0.2707319657991081,-0.9827268989041869,1.2961800971785178,-0.40744021085099247,-0.6498397466483226,0.21496403086865265,0.028075210882427325,-0.4533441977098444,-0.010964912280701733,0.021929824561403688,0.01754385964912286,-0.0350877192982455
1294,2025-07-17,000157.XSHE,6.97,0.0,0.27384241973119566,-0.21535510643382536,0.05070613449683416,-0.15040664766617118,0.6829119127978248,-0.1994123226428489,-0.06790670180849874,0.3704400488140197,-0.1289784185211916,0.6573692315728261,-0.9714201851882317,0.0,0.13199426111908186,0.0817790530846485,0.03012912482065988
1295,2025-07-17,000166.XSHE,5.15,0.009803921568627591,-0.32363195059141303,-0.0764163280894219,-0.04587697883046901,0.4512199429985135,0.4608267379042233,1.4208127988302983,0.016976675452124702,1.1866638851838933,0.2579568370423832,0.3555127501034478,0.12281131461989944,0.003883495145631022,0.029126213592232997,0.04854368932038833,0.013592233009708687
1296,2025-07-17,000301.XSHE,8.58,0.0011668611435238958,0.024894765430108694,0.8266857311492006,-0.9151249987761975,-0.511382602064982,-0.2331894336382816,-1.3834229883347642,-0.7045320312631747,-0.43008717531797197,-0.9028489296483412,-0.3812217131438483,-0.9004958025259919,0.015151515151515138,0.08041958041958042,0.05944055944055937,0.04079254079254069
1297,2025-07-17,000333.XSHE,36.019999999999996,-0.0016597510373442647,0.5725796048925,0.34040000694378847,-1.687789905394623,-1.5943104652614144,-1.3158546612445892,-1.1964739358570933,-1.6806908697603442,-1.513153419731843,-1.8486906654704127,-0.7905186371701237,1.7311939331169488,0.0,0.0,0.0,0.0
1298,2025-07-17,000338.XSHE,14.83,0.006788866259334667,-0.32363195059141303,-0.6321714414670357,0.4370385878060469,-0.030081329533234235,0.7939545002446257,0.6107002380937248,0.18674342997337157,0.6529790690958991,0.17197122469492213,0.805739366532351,-0.553007671830495,0.003371544167228624,0.050573162508428915,0.034389750505731564,-0.004720161834120051
1299,2025-07-17,000408.XSHE,36.019999999999996,0.0021786492374726773,0.27384241973119566,-0.3542938847782288,-0.625375658794288,-1.1130091927296666,-0.42751396167018296,0.2991184839642733,-0.8318570971541097,-0.32021088965279665,-0.5589064802584969,0.8370761622781128,-0.7215992540944824,0.0,0.0,0.0,0.0
1300,2025-07-18,000001.XSHE,12.44,0.00647249190938512,-1.807063480903482,-0.6696222483621319,1.8351537387847254,1.7868585678098947,0.8637004181174555,-1.9905315213102264,2.3921791836020403,0.46811728815828885,1.956858284150373,-0.39147198322542714,1.7311939331169488,-0.007234726688102877,-0.013665594855305496,-0.02813504823151125,-0.03295819935691324
1301,2025-07-18,000002.XSHE,6.57,0.0,-0.8269612539727799,-1.6616552088986238,-1.4813891626334534,-1.9835769422476812,0.17524356309629535,0.6491449210226854,-1.118730563475581,1.0625519397878618,-1.2414884278555556,2.45484478780859,-0.7810628358413519,0.004566210045662045,0.022831050228310446,0.03196347031963476,-0.027397260273972712
1302,2025-07-18,000063.XSHE,34.22,-0.012124711316397278,0.1531409729579222,0.32241071217435985,0.5085365782174541,0.6393347169228064,1.3643963126782992,0.595273973219973,0.6069708376303684,1.434073597056345,1.0106018604799798,0.2704621495731815,0.45671219625144394,0.0008766803039159665,-0.009643483343074188,0.004967855055523218,-0.009351256575102274
1303,2025-07-18,000100.XSHE,4.51,-0.010964912280701716,1.1332431998886243,0.9837660191986877,-0.08107104870133326,0.31147075952649544,-0.3880393182846539,1.3494672424579477,-0.2261263904897451,-0.20062169492498086,-0.030280205557452606,0.4028489761329032,-0.4836234540284095,0.02882483370288247,0.026607538802660757,0.022172949002217335,-0.0177383592017738
1304,2025-07-18,000157.XSHE,6.97,-0.001432664756447088,-0.33691014050742885,-0.6696222483621319,-0.6706786756201206,-0.01639319786981549,1.3643963126782992,-0.3744030872288517,-0.46415416995263464,0.7653346139730753,-0.030280205557452606,0.22909126627326845,-0.9714201851882317,0.04878048780487809,0.06886657101865135,0.06169296987087525,0.020086083213773476
1305,2025-07-18,000166.XSHE,5.17,0.003883495145630985,1.3782687566212999,1.6451213262230153,-0.08107104870133326,0.14753878082834,-1.1390831601259195,1.2147898729511666,-0.10711250075830031,-0.7207520151008573,0.3482223639107046,-0.39147198322542714,0.13035251727193767,0.01934235976789167,0.021276595744680993,0.03675048355899424,0.003868471953578423
1306,2025-07-18,000301.XSHE,8.71,0.012790697674418745,1.0107304215222865,0.5704189523084828,0.5085365782174541,-0.34425715526612644,-0.5758002787449703,-0.1050483482152893,-0.047605555892577915,-0.3492303578323741,-0.25738174723834695,0.005688496453738043,-0.8861213209072293,0.04018369690011481,0.045924225028702415,0.045924225028702415,0.025258323765786406
1307,2025-07-18,000333.XSHE,36.019999999999996,-0.0005524098881368877,-0.8269612539727799,-0.8349610751182138,-1.407688209268605,-0.9999850700587484,-1.6397790546867632,-0.8053706696505516,-1.0592236186098587,-2.0582299812673965,-1.5442904834300815,-1.1857929425837574,1.7311939331169488,0.0,0.0,0.0,0.0
1308,2025-07-18,000338.XSHE,14.88,0.0033715441672286387,0.1531409729579222,0.6530883656865237,0.6559384849471509,0.47540273822465096,0.11265657627618988,-0.15891929601800178,0.36894305816747885,-0.27492602637867747,-0.1816812333447155,-0.7224390496247314,-0.5480030144560167,0.018817204301075252,0.032258064516129004,0.02352150537634401,-0.007392473118279619
1309,2025-07-18,000408.XSHE,36.019999999999996,0.01981633639439343,-0.03062819459158444,-0.338944594849968,0.2137327647580604,-0.01639319786981549,-0.13769137100423198,-0.3744030872288517,-0.34514028022118987,-0.12631736347128422,-0.030280205557452606,-0.671759717582338,-0.6997931633036818,0.0,0.0,0.0,0.0
1310,2025-07-21,000001.XSHE,12.35,-0.0024232633279483956,-1.8181824505487847,0.056274185511309666,2.447210551672088,2.5672447210254177,1.309853948041596,-1.373841997062866,2.14847107912565,0.08534976328068535,2.0346785880534255,-2.7308908939124916,1.7311939331169488,-0.009716599190283337,-0.021052631578947323,-0.012145748987854255,-0.025101214574898778
1311,2025-07-21,000002.XSHE,6.6,0.0060975609756097615,-0.7506257823366542,-0.8441127826696451,-1.0869082286717993,-1.0178321767147323,-1.5768765159619216,0.2789002550428374,-0.9874960239459509,-1.6216455023330214,-0.4978284354401817,-0.010813598425492236,-0.7761855076856217,0.015151515151515138,0.031818181818181746,0.028787878787878807,-0.028787878787878696
1312,2025-07-21,000063.XSHE,34.25,0.000876680303915872,-0.216847448230589,-0.8441127826696451,0.4467659590246046,0.2596090167329075,0.010825239240013183,0.12395566890792768,1.214353218636237,0.6543481851519208,1.2367654162677684,0.5056567741353304,0.4587337358321483,-0.008759124087591164,0.01226277372262774,0.006423357664233631,-0.01109489051094903
1313,2025-07-21,000100.XSHE,4.64,0.02882483370288246,-0.216847448230589,0.506467669601787,0.4467659590246046,0.42444013846808676,0.44383480884054083,0.2789002550428374,0.28023535814682393,0.5476609810510642,0.4735441215162704,0.23020590876955832,-0.444260487741591,0.004310344827586299,0.0,-0.008620689655172376,-0.04525862068965514
1314,2025-07-21,000157.XSHE,7.31,0.0238095238095238,1.9182658881936718,2.3072416059636964,-0.08668593234805759,-0.5645465919429892,0.7325078552408926,1.9316425071485408,-0.7873279109839338,1.0810970015553476,-0.7753634517134538,0.5529998916200725,-0.9288318242236085,0.07934336525307795,0.03146374829001375,0.006839945280437965,-0.02735978112175097
1315,2025-07-21,000166.XSHE,5.27,0.019342359767891615,0.31693088587547624,-0.3939192985791677,-0.08668593234805759,-0.2348843484726305,1.309853948041596,0.2014279619753825,0.1467899495054792,1.2233466070231565,-0.01214215696195564,0.5056567741353304,0.16805853053212846,0.00569259962049351,0.024667931688804767,0.020872865275142427,-0.015180265654648806
1316,2025-07-21,000301.XSHE,9.06,0.03071672354948821,0.7172646364550251,-0.056274185511309666,-0.08668593234805759,-0.7293777136781685,0.3355824164404089,-0.13428530798358848,-0.5871597980219168,0.26316177011544645,-0.5672121895084997,0.7811076395011025,-0.8474207677308236,0.023178807947019875,0.0033112582781456013,0.0055187637969094094,-0.025386313465783683
1317,2025-07-21,000333.XSHE,36.019999999999996,-0.0008314855875831801,-0.6839034905733961,-1.0692095247148836,-0.8868637694070509,-0.39971547020780984,-0.7108573767608661,-1.5804347785760788,-0.6538825023425892,-1.4793958968652126,-1.3304334842599979,0.09248047608667229,1.7311939331169488,0.0,0.0,0.0,0.0
1318,2025-07-21,000338.XSHE,15.16,0.015405224380442091,0.31693088587547624,-0.3939192985791677,-0.48677485087755423,-0.2348843484726305,-0.855193899961042,-0.4183503825642562,-0.12010086777721023,-0.8392726722600725,-0.34171498878646617,0.1957745505988368,-0.5238139765779464,0.02770448548812654,0.01187335092348274,0.00593667546174137,-0.02506596306068609
1319,2025-07-21,000408.XSHE,36.019999999999996,0.007731958762886558,0.41701432352036344,0.7315644116470257,-0.6201378237207198,-0.07005322673745118,-0.9995304231612179,0.6920858180692632,-0.6538825023425892,0.08534976328068535,-0.22029341916690967,-0.12217752250891961,-0.6777242154791709,0.0,0.0,0.0,0.0
1320,2025-07-22,000001.XSHE,12.23,-0.008914100486223616,-1.703953983943613,-1.0901024508244228,1.619709037359982,1.7687487627343907,0.6306134572872071,-0.40713583763283306,1.5415998786715703,0.1422987278102244,1.982203827709098,-2.429833497320963,1.7311939331169488,0.003270645952575535,-0.011447260834014816,-0.0122649223221587,-0.0016353229762877675
1321,2025-07-22,000002.XSHE,6.7,0.01361573373676246,-0.5328515894806488,-0.4412319443813141,0.4052930472888121,1.4246342174553264,1.3554565116403188,-1.7964145252898933,1.5900778622775944,1.6946484857399449,0.5338645823141751,1.5834294489446648,-0.7599273567571777,0.0029850746268655914,0.011940298507462588,0.016417910447761086,-0.03731343283582089
1322,2025-07-22,000063.XSHE,33.95,-0.004690706537672137,-1.2355130261584275,-1.2198765521130446,0.27360938571482984,0.5299363997297591,0.34067623554596244,0.4032767301671189,0.47508423933903743,0.5950674072063928,1.0727815108332162,0.3273700535485523,0.4385181727068147,-0.00176730486008847,0.012960235640647966,0.03357879234167904,0.013843888070692145
1323,2025-07-22,000100.XSHE,4.66,0.008658008658008665,-0.5328515894806488,-0.7007801469585576,0.03950509847219468,0.11699894539488188,0.14738475438513268,-0.677273360232817,0.18421633770289209,0.1261284178317898,0.12967688592489426,-0.2240706566253507,-0.43820456955056186,-0.006437768240343367,-0.010729613733905574,-0.023605150214592308,-0.04291845493562241
1324,2025-07-22,000157.XSHE,7.89,0.06910569105691054,-0.06441063169546311,-0.9603283495358012,-1.365120624983616,-0.8465217813864984,-1.6888843166427503,-0.05981616571856791,-0.5914313999934955,-1.4747322700332346,-0.3418754265292667,0.06313804659022378,-0.856668282305062,-0.055766793409378845,-0.06210392902408102,-0.0633713561470215,-0.09378960709759177
1325,2025-07-22,000166.XSHE,5.3,0.005692599620493406,0.8724712838749084,1.3756054736593908,1.4441308219280056,0.11699894539488188,1.2104879007696965,0.9435517753670869,0.08726037049084363,1.177198566430038,-0.07241696226974614,0.3886412435678749,0.17937041816933083,-0.0037735849056602655,0.01132075471698113,0.015094339622641506,-0.007547169811320753
1326,2025-07-22,000301.XSHE,9.27,0.018681318681318674,0.9895815233212047,0.4671867646390383,-0.5457556196343931,-0.7088759632748726,-0.5049739945326677,1.1365071486527898,-0.8338213180236166,-0.4236621214349862,-0.07241696226974614,0.4499124335871974,-0.8242003354340064,-0.017259978425027023,-0.017259978425027023,-0.01833872707659112,-0.04746494066882412
1327,2025-07-22,000333.XSHE,36.019999999999996,0.008318314154998039,0.6382508049823155,0.5969608659276601,-1.131016337740981,-1.1218134176097498,-1.0123641325798458,0.09454813290999436,-1.0762112360537377,-1.0866448305508045,-1.1502508193078282,-0.2240706566253507,1.7311939331169488,0.0,0.0,0.0,0.0
1328,2025-07-22,000338.XSHE,15.58,0.028382838283828364,1.340912241660094,1.3756054736593908,-0.7798599068770283,-0.984167599498124,-0.915718391999431,1.348758059267063,-1.2701231704778346,-0.8926011108095894,-1.0660450492267282,-0.07089268157704431,-0.4871130442862451,-0.01412066752246477,-0.0224646983311938,-0.04043645699614895,-0.0449293966623876
1329,2025-07-22,000408.XSHE,36.019999999999996,0.0463821892393321,0.22836496692027797,0.5969608659276601,0.03950509847219468,-0.29593850893999535,0.43732197612637735,-0.9860019574899416,-0.10665156393325326,0.1422987278102244,-1.015521587178068,0.13637626591019528,-0.6201874711608225,0.0,0.0,0.0,0.0
1330,2025-07-23,000001.XSHE,12.27,0.005737704918032811,-1.6891641023988537,-2.330575619163389,1.2686421327147228,1.0977232708816882,0.0417432339411368,-1.0081718628311445,2.1911431466425775,1.240453782342823,2.0743174400657574,2.1615673179113504,1.7311939331169488,-0.014669926650366705,-0.005704971475142595,-0.0032599837000814036,-0.005704971475142595
1331,2025-07-23,000002.XSHE,6.72,-0.001485884101040219,-0.10865967910168065,-0.27849645763587666,0.10418800123744097,-0.9445525819214526,-0.2713310206173889,-1.189416242665957,-0.043246246315314,-0.18399075240491636,-0.9155039198699764,-0.9729916868251061,-0.7566758604261212,0.013392857142857206,0.01041666666666674,-0.0029761904761904656,-0.04166666666666652
1332,2025-07-23,000063.XSHE,33.89,0.0,-0.8989118907502671,-0.5716506235683785,1.5137903709204665,1.6082922340824732,1.5027564218809235,-0.2378832485331914,0.8937557571831566,1.4185093491862906,1.0433445573292974,0.46146751873225544,0.4344750935454063,0.023015638831513696,0.01711419297727934,0.02095013278253166,0.019474771318973128
1333,2025-07-23,000100.XSHE,4.63,-0.0021551724137930574,1.787945628854927,1.187274372026632,0.5331974180974922,-1.1998370635218452,-0.2713310206173889,2.344849164112887,-1.268556558582545,-0.24334260801940547,0.07423004755702514,0.24895504383486855,-0.44728844683710556,0.002159827213822796,-0.006479481641468721,-0.02591792656587477,-0.03239740820734327
1334,2025-07-23,000157.XSHE,7.45,-0.0557667934093789,-0.10865967910168065,0.30781187422912687,-0.44739553472548205,-0.17869913712027485,0.2504594036468206,-0.5550609132441132,-0.40363163227626425,-0.18399075240491636,-0.668070428013226,0.003237494734764954,-0.9110867156512547,0.012080536912751683,-0.012080536912751683,-0.01744966442953022,-0.024161073825503476
1335,2025-07-23,000166.XSHE,5.28,-0.003773584905660297,-0.8989118907502671,-0.42507354060212754,-0.9376920111369692,0.8424387892812956,0.4591755733525044,0.28319434349189454,0.3171391396456362,0.29082409251099683,0.3216635394137755,-0.8136073306520659,0.1718292155172926,0.022727272727272707,0.01893939393939381,0.011363636363636243,-0.0037878787878788955
1336,2025-07-23,000301.XSHE,9.11,-0.020430107526881857,0.9976934172063405,0.8941202060941303,-0.9376920111369692,-0.9445525819214526,-0.8974795297344403,0.44178317584735544,-0.9081711726215945,-0.5994537417063404,-0.9155039198699764,0.46146751873225544,-0.8418920694718257,-0.002195389681668436,0.0,0.01317233809001106,-0.020856201975850697
1337,2025-07-23,000333.XSHE,36.019999999999996,0.0041242782513061784,0.4445168690523299,0.7475431231278795,-1.4279884875484563,-0.9445525819214526,-1.2105537842929661,-0.5550609132441132,-0.8360940954294045,-1.608435287152656,-1.1629374117267268,-1.4511447553442265,1.7311939331169488,0.0,0.0,0.0,0.0
1338,2025-07-23,000338.XSHE,15.36,-0.01221864951768497,0.28646642672261263,0.161234791262876,0.7783456563032358,0.07658534448011774,1.6071145067337653,0.3058498909712461,0.028830830876876042,1.0030463598848665,-0.00824778306189165,0.19582692511052183,-0.506297592108127,-0.0013020833333332593,-0.007161458333333259,-0.021484375,-0.03255208333333337
1339,2025-07-23,000408.XSHE,36.019999999999996,-0.0041951865754029085,0.1876849002665393,0.30781187422912687,-0.44739553472548205,0.5871543076809029,-1.2105537842929661,0.1699166060951367,0.028830830876876042,-1.1336204422367426,0.15670787817594195,-0.29477804623461745,-0.6207130179099529,0.0,0.0,0.0,0.0
1340,2025-07-24,000001.XSHE,12.09,-0.014669926650366726,0.674118565587212,-2.0910571306860963,-1.965287708583632,-1.740445150114224,-2.181622003454591,0.557775735418461,1.1181489108474885,1.5717904522665858,0.9687119645335168,2.017992755796409,1.7311939331169488,0.0,-0.0008271298593879317,-0.009098428453267138,0.00992555831265518
1341,2025-07-24,000002.XSHE,6.81,0.01641791044776111,-1.4407632088040412,-0.1617235501344742,0.37172640617264224,0.2774622703080647,0.7566770000063002,-1.0201424634627116,-1.2263568699617613,-0.9633554384859719,-0.6723625806466187,-0.9843514519262022,-0.7420435413223505,-0.004405286343612258,0.0,-0.054331864904551996,-0.04992657856093974
1342,2025-07-24,000063.XSHE,34.67,0.023015638831513755,1.0265988613190875,-0.6156843926172088,-0.9614695653326147,-1.02576960538133,-0.8814897010382672,2.135693934299634,-0.2043928116602936,0.7605437672257673,0.6819222381913572,0.8839064745492995,0.4870356245985891,-0.008076146524372718,0.012114219786559133,-0.010960484568791506,-0.013844822613210406
1343,2025-07-24,000100.XSHE,4.64,0.0021598272138228483,-0.030842025876539076,0.06525687110689309,0.6069962834970994,0.48766095993538644,0.7306743539579738,-0.5430974265916595,0.6372246481173858,0.5450563665117999,0.21987212352898902,-0.15467780406647463,-0.444260487741591,-0.006465517241379226,-0.0193965517241379,-0.051724137931034364,-0.0387931034482758
1344,2025-07-24,000157.XSHE,7.54,0.012080536912751658,-0.030842025876539076,1.5406296091757803,0.9834280872162309,0.90805833919003,0.9386955223445855,0.04403492648040482,-0.3246238773428192,-1.1154641919311254,-0.799824681243134,-1.1134283773576168,-0.9004395835805262,-0.018567639257294433,-0.019893899204244114,-0.04774535809018576,-0.039787798408488007
1345,2025-07-24,000166.XSHE,5.4,0.022727272727272745,0.32163826985533644,-0.7291746032378924,-0.4595604937071063,-0.18497484687204316,-0.257426195878432,0.7045588236864772,0.9979178451649628,1.3689787810063812,1.048375777406339,0.8958442248782165,0.21707643142952163,-0.007407407407407418,-0.0037037037037037646,-0.03333333333333344,-0.0185185185185186
1346,2025-07-24,000301.XSHE,9.09,-0.0010989010989010755,-1.0001628391391968,0.8029432401413368,1.328490573958768,1.4966146701465308,0.9126928762962591,-1.2036213237977316,0.8175712466411743,-0.8239224144945813,0.2836031738272467,-0.9545070761039098,-0.844103515311767,0.002200220022002153,0.0011001100110010764,-0.017601760176017667,-0.022002200220021972
1347,2025-07-24,000333.XSHE,36.019999999999996,-0.0025942108137629403,1.6434393788498693,0.43410005562411497,-0.6791457125432662,-1.02576960538133,-0.6214632405550026,-0.8366636031276916,-1.8876277312156524,-0.9126525206709208,-2.201907787804803,0.036326201196196485,1.7311939331169488,0.0,0.0,0.0,0.0
1348,2025-07-24,000338.XSHE,15.34,-0.0019518542615484294,-1.2645230609381033,0.06525687110689309,0.3560417476843451,0.6558199116372438,0.2366240790397709,-0.1761397059216193,0.5169935824348602,-0.17746021235267906,0.6341239504676639,-0.2800241825201025,-0.5079657554601898,-0.007170795306388533,-0.025423728813559365,-0.03780964797913955,-0.036505867014341664
1349,2025-07-24,000408.XSHE,36.019999999999996,0.025418060200668908,0.10133808502291423,0.6894530295206531,0.41878038163753367,0.15134305653167165,0.36663730928140326,0.3376011030164369,-0.44485494302534484,-0.25351458907525576,-0.16251417826055709,-0.3470807644458157,-0.596542217725501,0.0,0.0,0.0,0.0
1350,2025-07-25,000001.XSHE,12.09,0.0016570008285003788,-2.275218733574789,0.23784277109584204,2.000953711936486,2.192908654315781,1.7912054942260647,-1.8966777780601967,2.1142932734665076,-2.0459356542408473,1.9082796991393143,-2.1330821966448608,1.7311939331169488,0.009098428453267138,0.011579818031431044,-0.00496277915632759,0.00413564929693977
1351,2025-07-25,000002.XSHE,6.78,-0.0044052863436122415,0.9856810800177426,0.039640461849307036,-1.1165542812463267,-1.3195424370125264,-0.4229629455462498,0.6182540823511139,-1.4095288489776716,1.4711864348105044,-1.5165218267530638,0.9635137307970081,-0.7469210367963708,0.001474926253687281,-0.01179941002949858,-0.0575221238938054,-0.04867256637168138
1352,2025-07-25,000063.XSHE,34.39,-0.007217090069284064,-0.3483233891792022,1.2288543173285171,1.0281143381773106,0.7372982921436898,1.2802435465862998,-0.764958440875107,-0.09466984806566454,-0.37315807530178974,0.20819836614237844,-0.9610372864733148,0.46816764298153163,0.0023262576330327356,0.0061064262867112085,-0.014248328002326338,-0.017737714451875553
1353,2025-07-25,000100.XSHE,4.61,-0.006465517241379173,0.837458361218082,0.8324496988354471,0.02579498339512966,-0.21201281362071764,-0.13909519685749155,1.2050715164470862,-0.19985856813862513,0.01286751983799278,0.15892064634536582,0.19768893153719108,-0.4533441977098444,-0.002169197396963307,-0.021691973969631295,-0.03904555314533631,-0.041214750542299394
1354,2025-07-25,000157.XSHE,7.4,-0.019867549668874104,0.39279020481910043,-2.3387872491091133,-1.035484333433062,-0.7815994770793621,-1.4448868408257796,1.2050715164470862,0.01051887200729602,0.44178484777108445,0.10964292654835318,1.0725605228655255,-0.952492136305037,-0.005405405405405461,-0.010810810810810811,-0.03918918918918923,-0.006756756756756799
1355,2025-07-25,000166.XSHE,5.36,-0.009242144177449136,-0.9412142643778443,-0.05946069277396047,0.7922744899932681,0.8005856991946503,0.7692815989465349,-0.3458031308065552,0.9572173526639411,-0.3302663425084805,0.9473641630975679,-0.6014325981252268,0.20199402612544515,0.003731343283581934,-0.003731343283582156,-0.03171641791044777,-0.014925373134328401
1356,2025-07-25,000301.XSHE,9.11,0.0022002200220021533,0.6151242830185912,0.3369439257191095,-0.85860444729503,-0.5284498488755202,-1.0190852177926422,-0.05239441375856897,-0.2524529281751054,0.44178484777108445,-0.7773560297978742,0.7703926944619238,-0.8418920694718257,0.0,0.01317233809001106,-0.01975850713501648,-0.023051591657519133
1357,2025-07-25,000333.XSHE,36.019999999999996,-0.008637236084452913,0.2075118063195248,0.43604508034237704,-0.2690048268349236,-0.4018750347735991,-0.1958687465952432,-0.8068739718819621,-1.1465570487952703,-1.0165340672014271,-1.1223000683769626,-0.20187183329401778,1.7311939331169488,0.0,0.0,0.0,0.0
1358,2025-07-25,000338.XSHE,15.23,-0.011680726800778696,-0.20010067037954166,-0.9513710843833679,-0.1805648837659076,-0.08543799951879665,-0.25264229633299484,-0.031436648255141385,0.32608503222617774,0.6991352445309394,0.3683509554826695,0.3641725835501948,-0.5463348511039539,0.0013131976362441566,-0.013131976362442566,-0.030203545633617934,-0.02101116217990806
1359,2025-07-25,000408.XSHE,36.019999999999996,-0.01794594594594591,0.7262913221183367,0.23784277109584204,-0.3869247509269449,-0.4018750347735991,-0.3661893958084982,0.8697472683922449,-0.30504728821158567,0.6991352445309394,-0.2845788318277479,0.5290954513255766,-0.6120430860730585,0.0,0.0,0.0,0.0
1360,2025-07-28,000001.XSHE,12.2,0.009098428453267115,-2.587238453815459,-2.267522846522187,1.6390826549331572,2.1351488846199156,0.4892512094925635,-1.551735257134788,2.3710290138233265,1.267248396184663,1.9983547625224418,0.8896937584623519,1.7311939331169488,-0.00983606557377048,-0.01803278688524579,-0.013114754098360715,-0.013114754098360715
1361,2025-07-28,000002.XSHE,6.79,0.0014749262536872842,0.6686121846938827,0.4001510905627389,-1.1999026134199666,-1.132936142859547,1.2574969103486549,-1.411939288023546,-0.5253984746540326,1.267248396184663,-1.1722767217541599,2.128169585881721,-0.7452952049716973,0.002945508100147265,-0.05154639175257725,-0.055964653902798256,-0.04565537555228272
1362,2025-07-28,000063.XSHE,34.47,-0.0017376194613380328,0.6686121846938827,0.4001510905627389,0.7607225719067763,0.3921702032975355,0.3275152724702285,0.6151022640894652,0.0808305345621588,0.23974969657547682,0.3187770032840259,0.18199328565128378,0.4735584709695066,0.01798665506237329,-0.005221932114882533,-0.0174064403829417,-0.013635044966637588
1363,2025-07-28,000100.XSHE,4.6,-0.00216919739696327,0.6686121846938827,0.4001510905627389,0.5097625481849531,0.17429786813223797,-0.8046362866861168,1.453878078756918,0.21554809216575688,-0.7143562387759105,0.4730239403569417,-0.28980702955609494,-0.456372156805359,-0.010869565217391242,-0.04347826086956508,-0.036956521739130443,-0.02391304347826073
1364,2025-07-28,000157.XSHE,7.36,-0.00540540540540541,0.4360514248003583,0.8851827154872709,-1.2469576178678086,-0.47931913736365456,-1.9367878458424619,-0.22367355057798763,-0.8621923686630278,-1.7663191931376967,-1.1722767217541599,-1.1523169807945841,-0.9572240648666906,0.0040760869565217295,-0.024456521739130488,-0.03396739130434778,0.0
1365,2025-07-28,000166.XSHE,5.38,0.005607476635514066,-0.7267523746672638,-1.297459596673123,0.7607225719067763,0.8279148736281305,0.9744590205595687,-0.6081124656339035,0.6197007649765511,0.4843922441014736,0.8157949116300878,0.41789344325497313,0.20953522877748337,0.0,-0.029739776951672847,-0.03531598513011147,-0.013011152416356975
1366,2025-07-28,000301.XSHE,9.11,0.004410143329658119,0.20349066490683387,0.27889318433160587,-0.6195575585632508,-0.47931913736365456,-0.8046362866861168,0.47530629497822313,-0.5253984746540326,-0.7632847482811098,-0.349626390698609,-0.643657265961629,-0.8418920694718257,-0.001097694840834218,-0.01975850713501648,-0.03073545554335888,-0.020856201975850697
1367,2025-07-28,000333.XSHE,36.019999999999996,-0.012023217247097907,0.3197710448535961,0.6426669030250048,-0.7450375704241623,-0.9150638076942496,-0.1576925385967766,0.335510325866981,-0.9969099262666259,-0.6898919840233109,-0.8980599447356429,-1.2334076599708523,1.7311939331169488,0.0,0.0,0.0,0.0
1368,2025-07-28,000338.XSHE,15.25,0.0013131976362442267,0.3197710448535961,0.6426669030250048,-0.6195575585632508,-0.9150638076942496,-0.31942847561911164,1.1393371482566232,-0.7274748110594297,-0.20060688897131732,-0.41818058495323823,-0.34878206895701724,-0.5446666877518912,-0.019672131147541072,-0.03213114754098367,-0.030819672131147557,-0.02622950819672132
1369,2025-07-28,000408.XSHE,36.019999999999996,0.015760266370699244,0.029070094986690553,-0.08488053436179309,0.7607225719067763,0.3921702032975355,0.9744590205595687,-0.22367355057798763,0.350265649769355,0.8758203201430683,0.40446974610231246,0.05022093198984793,-0.602847607487034,0.0,0.0,0.0,0.0
1370,2025-07-29,000001.XSHE,12.08,-0.009836065573770428,-1.9716492733142286,-2.1916970163376575,0.48314460699504985,1.0226241353648515,-0.368284617337061,-0.7109559086267301,1.4392717365126046,0.3625619674724733,1.959040477998477,1.9751375096299022,1.7311939331169488,0.012417218543046449,-0.004139072847682224,0.010761589403973648,-0.0008278145695364003
1371,2025-07-29,000002.XSHE,6.81,0.007396449704141985,-0.28080150446894825,-0.03238961107888171,-0.3900082972128715,0.2359901850841965,0.9444130286168197,-1.340120429535341,0.41122049614645845,0.9118982818247056,-0.5804564379254746,0.6679110296266578,-0.7420435413223505,-0.01615271659324513,-0.06167400881057272,-0.052863436123347984,-0.04992657856093974
1372,2025-07-29,000063.XSHE,35.09,0.02812774685027837,0.9269469018491091,0.39947186997287343,0.7159853814504955,1.28483545212507,0.36099185263731715,-0.3334571960815636,0.7539042429351738,0.08789381029635723,0.8464989719746505,-0.4855240997879696,0.5153373460467399,-0.013964092333998313,-0.03391279566828165,-0.01909375890567122,-0.015388999715018725
1373,2025-07-29,000100.XSHE,4.55,-0.008714596949891075,-0.03925182320533678,0.39947186997287343,0.7159853814504955,0.2359901850841965,-0.5870675583293745,-0.7738723607175912,0.06853674935774308,-0.6262433983615446,-0.19348547930849155,-0.6393154503765867,-0.4715117849646415,-0.00879120879120876,-0.02637362637362639,-0.01978021978021971,-0.01758241758241763
1374,2025-07-29,000157.XSHE,7.39,-0.0053835800807537065,1.6515959456399436,1.4791255726022612,-1.6124223631039614,-0.812855081956677,-1.8268375572858173,2.246117339643741,-1.3021982377971184,-1.724916027066009,-0.870684656888212,-0.22600119566967844,-0.9536750766158779,-0.009472259810554773,-0.03788903924221909,-0.03247631935047357,-0.010825439783491264
1375,2025-07-29,000166.XSHE,5.38,0.005607476635514066,-1.0054505482597826,-0.6801818326565144,1.6473484792722783,0.2359901850841965,0.9444130286168197,0.6417478113267833,0.7539042429351738,1.2415000704360448,0.870684656888212,-0.33173274919935264,0.20953522877748337,-0.0074349442379182396,-0.03531598513011147,-0.02230483271375472,-0.009293680297397744
1376,2025-07-29,000301.XSHE,9.1,-0.0021929824561403044,0.23249156821622613,-0.3562857218676981,-0.6810592652821786,-1.5994890322373319,1.4913703810976033,0.044041516463602944,-1.3707349871548615,0.7470973875190359,-1.3543983551594407,0.12964130256649833,-0.8429977087326512,0.014285714285714457,-0.018681318681318726,-0.029670329670329676,-0.03076923076923066
1377,2025-07-29,000333.XSHE,36.019999999999996,-0.00979157924185185,0.32307269869008043,-0.03238961107888171,-0.9139000397376243,-1.3372777154771136,-0.5141399113319367,0.4844566810996306,-1.1651247390816322,-1.2854469755842233,-0.7739419172339662,-1.8696462550855224,1.7311939331169488,0.0,0.0,0.0,0.0
1378,2025-07-29,000338.XSHE,14.95,-0.01579986833443056,-0.28080150446894825,-0.03238961107888171,0.7159853814504955,1.0226241353648515,0.36099185263731715,-0.4907483263087163,0.7539042429351738,0.8020310189542591,0.2902282189627373,0.5141196790380408,-0.5705240563003142,0.005351170568561825,-0.012040133779264162,-0.004682274247491569,-0.008026755852842737
1379,2025-07-29,000408.XSHE,36.019999999999996,0.009881422924901248,0.4438475393218862,1.047264091550506,-0.6810592652821786,-0.2884324484362402,-0.805850499321688,0.2327908727361862,-0.3426837467887154,-0.5163761354910982,-0.19348547930849155,0.2654102292580118,-0.596542217725501,0.0,0.0,0.0,0.0
1380,2025-07-30,000001.XSHE,12.23,0.011579818031430981,-0.7277447883799885,-0.8923835019803658,1.7130396045597636,1.6952386170996216,1.4080126130920594,-0.9345254572547421,1.5752855108716708,1.3176430248769386,1.202049132502805,0.735913636231091,1.7311939331169488,-0.02044153720359776,-0.015535568274734346,-0.0024529844644318732,-0.017988552739165997
1381,2025-07-30,000002.XSHE,6.7,-0.014705882352941124,-1.8125817400023312,-1.317328026732921,-0.6888735776343533,0.12457024981882202,-1.6251211339316514,0.33262770512456924,-0.20448417689199574,-1.5099171143439596,0.46931856562223717,-2.610623603061566,-0.7599273567571777,-0.03880597014925369,-0.0432835820895523,-0.03880597014925369,-0.035820895522388096
1382,2025-07-30,000063.XSHE,34.6,-0.010297482837528588,-0.7277447883799885,-0.9773724069308768,1.0790320640821287,1.0994678570965597,1.0248799292574855,1.1773964800441103,1.1966111092198268,1.2328162207003117,1.331900119038602,0.9667093079064466,0.4823185873647521,-0.008959537572254428,-0.02109826589595387,-0.0014450867052023808,0.026011560693641522
1383,2025-07-30,000100.XSHE,4.51,-0.004415011037527695,-0.00452015396509316,-0.12748335742576655,-0.286522638485085,-0.20039561927375718,-0.1245181222462365,-0.6177371666599143,0.060587904264295035,0.08765436431584785,-0.12428594425569126,0.22816315854530864,-0.4836234540284095,-0.024390243902438935,-0.0177383592017738,-0.006651884700665023,-0.011086474501108556
1384,2025-07-30,000157.XSHE,7.32,-0.004081632653061137,1.622735273468421,1.827261456435987,-0.6766811249328604,-1.1752932265514948,-0.1245181222462365,-0.33614757502006737,-1.4541097023430807,-0.6616490725776902,-1.4598960914810304,-0.06321637694482786,-0.9619561607466344,-0.019125683060109422,-0.02868852459016391,-0.006830601092896238,-0.001366120218579292
1385,2025-07-30,000166.XSHE,5.34,-0.0037313432835821753,-0.5469386297762646,-0.6799112396040883,0.883952820858241,0.8828239443681736,0.6417472454229115,0.49102185042198315,0.8936715878983518,0.865233402601595,0.8032211024285719,0.5974362332258776,0.1944528234734073,-0.022471910112359605,-0.028089887640449285,-0.014981273408239737,0.0074906367041198685
1386,2025-07-30,000301.XSHE,9.23,0.018763796909492265,0.17628600463863064,0.33995561980204414,-0.18898301687314117,-0.20039561927375718,0.45018090350562445,-0.30094887606508647,-0.3559539375527333,0.11592996570805682,-0.38398791732728493,0.08968575554009524,-0.8286232271138886,-0.03250270855904669,-0.04333694474539551,-0.03358613217768147,-0.04658721560130008
1387,2025-07-30,000333.XSHE,36.019999999999996,0.008727477477477341,1.0803167976572496,1.147350216831899,-1.7496169626642426,-1.500259095644074,-1.2739161737499585,-1.744095533219302,-1.3783748220127119,-1.4533659115595416,-1.6082972189505125,-0.41806472214568713,1.7311939331169488,0.0,0.0,0.0,0.0
1388,2025-07-30,000338.XSHE,15.03,0.004679144385026638,0.26668908394049257,0.21247226237627756,0.00609622635074649,-0.09207366290956412,0.5140363508113868,0.29742900616958834,-0.015146976066073759,0.27144577336520626,-0.17993636705674704,0.2512427257128442,-0.5638512355737733,-0.017964071856287345,-0.016633399866932796,-0.01131071190951427,-0.015968063872255467
1389,2025-07-30,000408.XSHE,36.019999999999996,0.004542504866969519,0.6735029407988712,0.46743897722781064,-0.09144339526119735,-0.6336834447305294,-0.8907834899153845,1.6349795664588616,-0.3180864973875489,-0.2657906530867645,-0.0500853805209502,0.22275388499041748,-0.5841941279178549,0.0,0.0,0.0,0.0
1390,2025-07-31,000001.XSHE,11.98,-0.022040816326530578,-2.239430234010176,-2.1317578770285746,1.3645692790698503,2.177389639229883,0.4909661014161705,-1.9657891748674214,2.2371092386725304,0.5695054737583515,2.143316521301366,-0.37705537504351705,1.7311939331169488,0.004173622704507496,0.019198664440734703,0.019198664440734703,-0.0025041736227046085
1391,2025-07-31,000002.XSHE,6.44,-0.034482758620689585,1.5272855341015525,0.8277324511672771,1.1734531335418599,0.6582805886043833,1.755575756579034,-0.8521009730321233,0.4869897662416393,2.1405550565400104,-0.05914003721954293,2.456043118373071,-0.802198314925526,-0.007763975155279601,0.0015527950310558758,0.004658385093167627,-0.0015527950310559868
1392,2025-07-31,000063.XSHE,34.29,-0.00867302688638347,-0.1206526144473288,-0.28207642190616705,0.5236582387466931,0.025318484177091687,-0.8480323569915672,-0.4118056374228195,0.86745052111792,-0.3633052160182586,0.3079360558672753,0.5553567873467523,0.4614290661669906,-0.011373578302712128,0.0037911927675708945,-0.002916302128900594,0.015164771070282912
1393,2025-07-31,000100.XSHE,4.4,-0.022222222222222143,0.5856065920736203,1.012700596679518,1.4410157372810464,0.7848730094898416,-0.1785331277876984,1.504774058758856,-0.19783959253566596,-0.2405669673634415,0.4302947535628814,-0.30533136255195786,-0.5169305021241989,0.006818181818181612,0.013636363636363447,0.013636363636363447,0.0
1394,2025-07-31,000157.XSHE,7.18,-0.020463847203274262,0.7033164598271119,1.1976687421917587,-0.8523780090548364,-0.9874208829065749,-1.5919203894403102,-0.5672039911672796,-0.806576800337715,-1.7870689004141371,-1.3642994793060077,-0.9015372163880435,-0.9797012693189883,-0.00974930362116988,-0.00417827298050133,0.008356545961002881,0.009749303621169991
1395,2025-07-31,000166.XSHE,5.22,-0.018796992481203107,0.2324769888131458,-0.32831845828422723,-0.6994850926324443,-0.22786635759382498,-0.9968099634813159,0.8831806437810155,-0.3500238944861782,-0.21601931763247806,0.6750121489540936,0.5553567873467523,0.14920560756117826,-0.005747126436781436,0.00766283524904221,0.015325670498084198,0.028735632183908066
1396,2025-07-31,000301.XSHE,8.93,-0.028291621327529902,-0.09122514750895594,-0.004624203637806002,-0.8523780090548364,-0.9874208829065749,-0.2529219310325727,0.4687850337957883,-0.8826689513129712,-0.5351387641350026,-0.46700236287156316,-0.37705537504351705,-0.8617952493495863,0.0,-0.01119820828667406,-0.004479283314669513,-0.03359462486002229
1397,2025-07-31,000333.XSHE,36.019999999999996,-0.025157232704402475,-0.002942746693837291,0.6427643056550365,-0.6994850926324443,-0.4810511993647416,0.34218849492642184,-0.15280838118205253,-0.6543924983872027,0.07855247913908303,-0.9564371536539874,-0.44877938753507624,1.7311939331169488,0.0,0.0,0.0,0.0
1398,2025-07-31,000338.XSHE,14.76,-0.01731025299600531,0.2324769888131458,-0.09710827639392636,-0.6994850926324443,-0.9874208829065749,1.086076527375165,0.41698558254763485,-0.9587611022882273,0.5695054737583515,-0.8136853396757804,-0.19774534381461908,-0.5872061917758121,0.0006775067750677266,0.008130081300813163,0.0013550135501354532,0.02777777777777768
1399,2025-07-31,000408.XSHE,36.019999999999996,-0.03315881326352537,-0.8269118209682781,-0.8369808584428893,-0.6994850926324443,0.025318484177091687,0.1934108884366732,0.6759828387884018,0.25871331331587083,-0.21601931763247806,0.10400489304126515,-0.9592526326898451,-0.6419937292699133,0.0,0.0,0.0,0.0
1400,2025-08-01,000001.XSHE,12.03,0.003336113427856476,-1.3865371279199816,-2.112848288889619,0.47493893866900005,0.5913804980161248,-0.6416666595550152,-1.23895077764307,1.9485933834461306,1.6958789897425488,1.8909503830338965,2.691484302218915,1.7311939331169488,0.0008312551953448821,0.01413133832086455,0.009143807148794814,-0.016625103906899308
1401,2025-08-01,000002.XSHE,6.39,-0.007763975155279613,0.5594798937220979,0.8885810560750733,-1.0545254400955768,-0.7573820413188967,-0.6416666595550152,-0.18983923205821238,-0.5069511241485868,-1.0128166188740222,-1.4940842532613503,0.22781904573456166,-0.8103273067306028,0.003129890453834161,0.007824726134585402,0.009389671361502483,0.021909233176838905
1402,2025-08-01,000063.XSHE,33.9,-0.009640666082383825,-1.3865371279199816,-0.849088564693959,1.1189239402540851,1.2138862854015193,2.4035310468077697,-1.188993084996172,1.4733267045568303,1.7547636768863875,1.097218123488804,0.18302513198030068,0.4351488842995442,-0.0008849557522123686,0.019174041297935096,-0.003539823008849474,0.03864306784660765
1403,2025-08-01,000100.XSHE,4.43,0.006818181818181672,-0.9973337235915658,-0.533148633645044,0.47493893866900005,1.2138862854015193,0.22838982797720903,-1.23895077764307,0.3643711204817967,0.16487712400274784,0.3735210633153376,-0.26491400556230904,-0.5078467921559454,0.0,0.011286681715575675,-0.0022573363431150906,0.013544018058690765
1404,2025-08-01,000157.XSHE,7.11,-0.01249999999999998,0.5594798937220979,0.4146711595017009,-0.8130310645011699,-1.6911407223969885,-0.6416666595550152,-0.03996615411751842,-0.9030066898896703,-0.8950472445863452,-1.0271829241171784,-0.472085856675766,-0.9879823534497447,0.0,0.02250351617440205,0.033755274261603185,0.029535864978903037
1405,2025-08-01,000166.XSHE,5.19,-0.001923076923076882,-0.4135286170989419,-0.1382237198339003,-1.457016066086255,0.3838785688876599,0.6634180717433211,0.03497038485282855,-0.11089555840750338,-0.18843099886028317,-0.0933802658288344,-0.4440896605793529,0.1378937199239759,0.0,0.01348747591522148,0.01734104046242768,0.061657032755298546
1406,2025-08-01,000301.XSHE,8.93,0.0011210762331838326,0.5108294681810459,0.37517866812058653,0.7969314394615425,0.3838785688876599,0.33714688891873706,0.5595261576452574,-0.34852889785215346,-0.011776937428767658,0.1867605316576688,-0.6232653155963968,-0.8617952493495863,-0.01119820828667406,-0.0011198208286673506,-0.0033594624860021627,-0.0011198208286673506
1407,2025-08-01,000333.XSHE,36.019999999999996,0.008457568807339295,1.6297892556252416,1.4414759354106745,1.4409164410466275,-0.44612914762619954,-0.4241525376719592,0.5595261576452574,-1.0614289161861037,-1.0128166188740222,-0.8404223924595096,-0.6232653155963968,1.7311939331169488,0.0,0.0,0.0,0.0
1408,2025-08-01,000338.XSHE,14.77,-0.004045853000674342,0.5594798937220979,-0.05923873707167156,-0.8130310645011699,-1.276136864140059,-0.2066384157889031,1.583658856906666,-0.7445844635932368,-0.30620037314796017,0.0933802658288344,-0.04094443679100417,-0.5863721100997806,0.0006770480704130222,0.0060934326337169775,0.009478672985782088,0.022342586323629066
1409,2025-08-01,000408.XSHE,36.019999999999996,0.0038409399005874764,0.3648781915578899,0.5726411250261584,-0.16904606291608493,0.3838785688876599,-1.0766949033211275,1.1590184694080332,-0.11089555840750338,-0.18843099886028317,-0.1867605316576688,-0.6337638891325518,-0.6391036404454219,0.0,0.0,0.0,0.0
1410,2025-08-04,000001.XSHE,12.04,0.004170141784820595,-2.417388141980693,-1.672836084857575,2.0332657432566696,2.3945695519964474,0.49125386076713473,-0.547143754715282,2.0959718833706837,-1.4347410963984641,1.8307338854669535,-2.518324113483543,1.7311939331169488,0.014119601328903775,0.014119601328903775,0.0,-0.0174418604651162
1411,2025-08-04,000002.XSHE,6.41,0.006279434850863428,0.814774276266473,1.4637315742503783,-0.26139137621847275,-0.471517556570729,-0.347472242981632,-0.2725156152829011,-0.4356795487905354,0.8012190538329085,-0.7448789350141322,1.0092252911014885,-0.8070756430812561,0.006240249609984483,0.009360374414976613,0.010920436817472678,0.014040561622464809
1412,2025-08-04,000063.XSHE,33.87,0.008035714285714167,0.814774276266473,0.41820902121439374,0.11772588699915944,0.45302667199932795,-1.905106435657913,1.8188832927021537,0.32970344232797266,-0.7825860525809805,1.0404890428193476,0.31690251076237025,0.4331273447188398,0.016238559196929625,0.00944788898730442,0.0038382049010925456,0.0634780041334515
1413,2025-08-04,000100.XSHE,4.43,0.004535147392290152,0.006733671704681596,-0.9758210495002521,0.4369825297087444,0.6379355177133393,0.1317998163033776,-0.46264278873608783,1.1539620481479045,1.03413156948201,0.7770740952701458,0.778451030988449,-0.5078467921559454,0.006772009029345494,0.006772009029345494,0.013544018058690765,0.02934537246049662
1414,2025-08-04,000157.XSHE,7.11,0.004237288135593255,0.6801008421728412,0.7667165388930552,0.11772588699915944,-0.6564264022847404,1.2101619496946492,0.21336493909746518,-0.9655600811033486,0.6148890413136274,-0.803415590025066,0.03255565455166094,-0.9879823534497447,0.005625879043600568,0.0182841068917019,0.035161744022503605,0.029535864978903037
1415,2025-08-04,000166.XSHE,5.19,0.003868471953578426,0.2760805398919454,0.06970150353573228,-0.5207873984200105,-0.10169986514270628,0.9705259200521443,0.4457425955402491,-0.14130147528341688,0.055899003755784285,0.19170754516080812,0.6465800252095694,0.1378937199239759,0.01348747591522148,0.021194605009633882,0.02312138728323676,0.06936416184971095
1416,2025-08-04,000301.XSHE,8.83,-0.006749156355455623,0.6801008421728412,0.24395526237506301,0.11772588699915944,-0.8413352479987518,0.011981801482125196,-0.04013795884011722,-0.906684466401925,0.009316500625964019,-0.39365900494852957,0.11909600209405073,-0.8728524785492923,0.0,0.00679501698754259,0.010192525481313774,0.005662514156285381
1417,2025-08-04,000333.XSHE,36.019999999999996,0.005562687205819435,-0.80130693285711,-0.8015672906609213,-1.7978139692583504,-1.0262440937127633,-0.7069262874453891,-1.9836601763615824,-1.083311310506196,-1.621071108917745,-1.5643921051672052,-0.6721300325792273,1.7311939331169488,0.0,0.0,0.0,0.0
1418,2025-08-04,000338.XSHE,14.78,0.0006770480704129849,0.2760805398919454,1.1152240565717166,0.596610851063537,-0.471517556570729,1.0903439348733968,0.9527483914154139,-0.14130147528341688,1.267044085131111,-0.34975651369032923,0.08612825064933081,-0.584703946747718,0.006765899864682012,0.0,0.0047361299052774974,0.01556156968876854
1419,2025-08-04,000408.XSHE,36.019999999999996,0.017423908248786923,-0.32994991352939823,-0.6273135318215907,-0.8400440411295955,0.08320898057130513,-0.946562317087894,-0.12463892481931135,0.09420098352227789,0.055899003755784285,0.016097580128006807,0.2015153807058505,-0.5928640597547491,0.0,0.0,0.0,0.0
1420,2025-08-05,000001.XSHE,12.21,0.014119601328903797,-1.6752442454465737,-0.9863523146619163,1.030910552587051,1.2148509743125475,1.222870610471727,-0.39526600027260406,1.7845288512396928,1.5535990577072545,1.2524081616361822,2.151822201913858,1.7311939331169488,-0.0008190008190009923,-0.005733005733005725,-0.01146601146601156,-0.03276003276003281
1421,2025-08-05,000002.XSHE,6.45,0.006240249609984405,1.875964754117592,1.7408891083664237,1.0658566730137307,0.19027786344654354,-0.8835093884269416,1.771674508836088,0.1882759797179492,-0.9657507656018068,1.2066580918047236,-1.1691587949932192,-0.8005724831008525,-0.0015503875968991832,0.0,0.0031007751937983663,0.01240310077519391
1422,2025-08-05,000063.XSHE,34.42,0.01444149720011795,-0.4400411151633858,0.2863603494179757,0.8911260708803322,1.1416671806792615,1.4569128325715792,0.6882042542817419,0.7203602702251971,1.3275035607436207,0.8635325680687832,0.763949546490005,0.4701891825622364,0.0037768739105170646,-0.018593840790238292,0.0037768739105170646,0.04648460197559534
1423,2025-08-05,000100.XSHE,4.46,0.006772009029345429,-1.0576426803049797,-1.1681684095304723,0.5183674529957488,1.1416671806792615,0.4037228331222449,-0.47552305616551854,0.9659376350746961,0.4231215728890859,0.29165669517554926,0.1691469798797822,-0.4987629148694018,0.004484304932735439,-0.008968609865470878,0.0022421524663676085,0.011210762331838486
1424,2025-08-05,000157.XSHE,7.15,0.0028050490883591113,-0.13124033259258874,-0.6227201249248043,-1.3454256364271682,-0.7611114537861744,0.988828388371875,-0.47552305616551854,-1.1623995269542953,0.06782864908909012,-1.1265954695996707,-0.4566348870747231,-0.9832502575698009,0.016783216783216703,0.027972027972027913,0.022377622377622197,0.01538461538461533
1425,2025-08-05,000166.XSHE,5.26,0.009596928982725494,0.7951620151198023,1.1045327763264778,0.8911260708803322,0.5561968316129735,-0.0643616110774593,0.949039685933714,0.5566420269921977,0.5200196430163576,0.8864076029845125,0.3674145020831898,0.16428801286525435,0.0,0.0038022813688214363,0.013307984790874583,0.041825095057034245
1426,2025-08-05,000301.XSHE,8.83,-0.00563063063063071,0.02316005869280976,0.14999827826655873,-0.41352909171570973,-0.3220086919864584,-0.12287216660242233,-0.39526600027260406,-0.3028787499810488,-0.4812604149654489,-0.5775946316221663,-0.8221906311372559,-0.8728524785492923,0.010192525481313774,0.007927519818799578,-0.0011325028312570984,0.0011325028312569874
1427,2025-08-05,000333.XSHE,36.019999999999996,0.0036790717418990395,-0.36284091952068653,-1.0772603620961942,-1.53180494536946,-1.492949390119034,-1.4686149436765719,-1.9201500622379797,-1.0805404053377956,-1.5471391863654362,-1.1723455394311295,-0.8221906311372559,1.7311939331169488,0.0,0.0,0.0,0.0
1428,2025-08-05,000338.XSHE,14.88,0.0026954177897574746,0.7179618194771031,0.8318086340236438,-0.5067187461868555,-0.4683762792530304,-1.0005304994768678,0.16653339097779757,-0.7531039188717968,-0.9011520521836257,-0.6347822189114897,-0.6734899894847002,-0.5763627953508239,-0.0013440860215054862,0.002016129032258007,-0.0033602150537634934,0.0
1429,2025-08-05,000408.XSHE,36.019999999999996,0.01443965517241383,0.25476064562090756,-0.2590879351876923,-0.5999084006580014,-1.2002142155858901,-0.5324460552771635,0.08627633508488304,-0.9168221621047962,0.0032299356709090533,-0.9893452601052947,0.49133170346031957,-0.5671171212777764,0.0,0.0,0.0,0.0
1430,2025-08-06,000001.XSHE,12.2,-0.000819000819000947,-0.9975593204622933,-1.834730401461872,1.4298358430857425,1.1811134793069826,0.9854120905037467,-1.828108434400724,2.180222608160987,2.2481103175778543,1.615030231817921,2.7090508511084535,1.7311939331169488,0.0008196721311477528,-0.013114754098360715,-0.015573770491803196,-0.031147540983606503
1431,2025-08-06,000002.XSHE,6.44,0.0015552099533438063,-0.6664192970723205,-0.9738598318609936,-0.3899552299324752,-0.7472350583370706,1.0351803779029258,-0.44879238592270027,-0.5920432082506129,-0.3211586167968363,-0.5002579303145377,-0.6874813169317373,-0.802198314925526,0.004658385093167627,0.006211180124223503,0.0031055900621117516,0.017080745341614856
1432,2025-08-06,000063.XSHE,34.55,0.005822416302765523,0.6581407964875712,0.747881307340763,1.4298358430857425,0.6990263448959692,1.582631539293896,1.9186903838530123,0.39469547216707523,0.9634758503905089,1.0283079678687719,0.21966702608520802,0.4789492989574815,-0.010419681620839394,-0.01591895803183785,0.02749638205499294,0.04254703328509413
1433,2025-08-06,000100.XSHE,4.48,0.002237136465324536,0.6581407964875712,0.747881307340763,1.0832089720346534,-0.024104356720550658,0.08958291731852246,0.601134755456094,-0.07518008993658575,-0.16903085094570333,0.11734445278982983,-0.286648328156808,-0.4927071639966629,-0.0044642857142858094,0.0022321428571427937,-0.0044642857142858094,0.029017857142857206
1434,2025-08-06,000157.XSHE,7.27,0.016783216783216672,0.9892808198775439,0.747881307340763,0.043328358881386135,-0.7472350583370706,-0.40809995667326876,0.601134755456094,-0.639030764460979,-0.5239956379316802,-0.5002579303145377,-0.42641246240069786,-0.96905413724826,-0.004126547455295615,0.012379642365887289,0.005502063273727709,0.00687757909215958
1435,2025-08-06,000166.XSHE,5.26,0.0038167938931296893,-1.990979390632212,-1.0814686530611033,-1.3431791253229701,1.422157046512489,-0.2090268070765523,-0.24292431898568181,0.9585461466914683,0.6254141484991023,0.8584673125150709,0.05089524133786935,0.16428801286525435,0.0076045627376426506,0.009505703422053147,0.02281368821292773,0.05323193916349811
1436,2025-08-06,000301.XSHE,8.92,0.010192525481313688,-0.33527927368234756,0.15603279074015922,-0.1299850766441584,-0.024104356720550658,0.039814629919343335,0.1070513948072496,-0.21614275856768403,-0.33806170189140666,-0.6237784069354112,-0.413227166717312,-0.8629008886104118,-0.0033632286995515237,0.0,-0.013452914798206206,0.03811659192825112
1437,2025-08-06,000333.XSHE,36.019999999999996,0.004511490201607122,1.2376358374200236,1.0707077709410922,-0.8232388187463365,-1.7114093271590969,-0.40809995667326876,-0.881115326490439,-1.4848067762475687,-0.7944449994448056,-1.9207434114545832,-0.03349065103579999,1.7311939331169488,0.0,0.0,0.0,0.0
1438,2025-08-06,000338.XSHE,14.86,-0.001344086021505467,0.16143076140261178,-0.3282069046603348,-0.9965522542718811,-0.7472350583370706,-0.90578283066506,0.3952666885190754,-0.3571054271987823,-0.6930264888773836,-0.06793626214148044,-0.3921306936238947,-0.5780309587028868,-0.0053835800807536804,-0.0006729475100941684,-0.004710632570659512,0.01211305518169592
1439,2025-08-06,000408.XSHE,36.019999999999996,0.02704429301533211,0.28560827017385165,0.747881307340763,-0.30329851216970294,0.6990263448959692,-1.8016120038502845,-0.22233751229197996,-0.16915520235731793,-0.9972820205796495,-0.006176023831043681,-0.7402224996652806,-0.5355901724701109,0.0,0.0,0.0,0.0
1440,2025-08-07,000001.XSHE,12.21,0.0024630541871922115,-1.9028235144618484,-1.442518439501466,1.4112629561206362,1.7540650461275693,0.62229469703615,0.8416717577570128,1.4958586293840175,1.0180217493199288,1.6994978756289834,-1.636966825253779,1.7311939331169488,-0.005733005733005725,-0.01146601146601156,-0.02129402129402147,-0.025389025389025432
1441,2025-08-07,000002.XSHE,6.47,0.006220839813374812,-0.33348453346238577,-0.6627787424736465,0.5479435447609462,1.0706630801038408,0.8268046913672792,-1.4291142162501769,0.9616234046040113,0.8614030186553244,0.22949971312553794,1.404200552852563,-0.7973208194515057,-0.0030911901081915882,0.0,-0.0061823802163832875,0.01391035548686248
1442,2025-08-07,000063.XSHE,34.19,-0.010133178922987882,-0.07192803662914204,0.37687418689677943,1.5522130640977285,0.6150617694213554,1.0897461126501593,1.6315103574116872,0.8159228887549187,0.9005577013214755,1.0694986631275067,-0.13977673141681077,0.45469065667073955,-0.011991810470897812,0.010529394559812832,0.018133957297455483,0.05352442234571497
1443,2025-08-07,000100.XSHE,4.46,-0.004464285714285817,-0.8565975271288733,-1.1826052071588595,-0.1391882316273786,0.3113275622996984,0.33013756227739416,0.34802263297284103,0.3302545025912766,0.4894335333268888,0.7094991131266629,0.4216695537720524,-0.4987629148694018,-0.008968609865470878,0.0022421524663676085,-0.013452914798206206,0.03363228699551568
1444,2025-08-07,000157.XSHE,7.24,-0.0068587105624142415,1.7589674412035643,1.4165271162672055,-1.407739203421209,-1.8148118875519004,-2.0655509427444043,-1.2316545663365082,-1.8066863965287485,-1.7228060373106489,-1.570498036878681,0.20527879802217808,-0.9726032928173627,0.015193370165745845,0.00966850828729271,0.0013812154696133394,0.012430939226519389
1445,2025-08-07,000166.XSHE,5.3,0.003787878787878707,-0.33348453346238577,0.11696095455417292,-0.9848888794899322,-0.4480079555044441,0.271706135325643,0.4467524579296754,-0.5439485925032791,0.07830936533230222,-0.5504993118762903,-0.701223016605674,0.17937041816933083,-0.0037735849056602655,0.005660377358490676,0.013207547169811429,0.04150943396226414
1446,2025-08-07,000301.XSHE,8.89,-0.006703910614524997,-0.0065389124208311,0.7667440354106893,-0.1391882316273786,0.007593355178041398,0.1548432814221406,-0.7380054415523366,0.18455398674218398,-0.019577341333075555,-0.7904990118768529,-0.04620235055200023,-0.8662181410294687,0.0011248593925758943,-0.007874015748031482,-0.02924634420697414,0.052868391451068586
1447,2025-08-07,000333.XSHE,36.019999999999996,-0.00042217844075430815,0.5819632054539674,0.37687418689677943,-1.1258389874670245,-0.5998750590652726,-1.4812366732268925,-0.836735266509171,-0.9324833014341927,-1.7228060373106489,-0.8504989368769935,-1.0755205400649162,1.7311939331169488,0.0,0.0,0.0,0.0
1448,2025-08-07,000338.XSHE,14.78,-0.006720430107526977,0.9742979507038331,1.156613883924599,0.14271198432680596,-0.2961408519436156,-0.020450999433112918,0.6195296516041354,-0.7382159469687359,-0.27408277866305775,-0.35549955562583324,0.0005848398804050326,-0.584703946747718,0.00879566982408675,0.003382949932341006,0.026387009472259804,0.025710419485791558
1449,2025-08-07,000408.XSHE,36.019999999999996,0.005375232582179142,0.18962846020410173,-0.9226919748162531,0.14271198432680596,-0.5998750590652726,0.271706135325643,0.34802263297284103,0.23312082535854817,0.3915468266615111,0.4094994881259598,1.5679557193659817,-0.5245556985578556,0.0,0.0,0.0,0.0
1450,2025-08-08,000001.XSHE,12.14,-0.0065466448445171905,-1.7683202313581494,-1.3640430253413018,0.377263612627995,2.0643078434018336,-0.18464233104436487,0.06287824839645065,2.1119940014456744,0.6661385588957696,2.1931793446132195,-1.361648056478252,1.7311939331169488,-0.008237232289950658,-0.010708401976935789,-0.025535420098846795,-0.027182866556836882
1451,2025-08-08,000002.XSHE,6.45,-0.0015479876160990381,-1.2185833718685692,-1.3640430253413018,-0.697621540669644,0.990390468221689,1.7213430216716585,-1.766307159500296,1.0043048398482926,1.6622336002352383,0.06735291653322747,2.0681350746953493,-0.8005724831008525,0.0046511627906977715,0.0015503875968991832,0.01240310077519391,0.01705426356589146
1452,2025-08-08,000063.XSHE,33.78,-0.011124121779859353,-0.11910965288940903,-0.5808604270592148,-1.477440181297343,-0.44149936535183715,-0.6611386692233707,1.0346329963415974,-0.10338432174908897,0.23034697830975212,-0.20626830688300915,0.3773969114407572,0.42706255865843656,0.006512729425695696,0.05091770278271168,0.0423327412670218,0.0663114268798104
1453,2025-08-08,000100.XSHE,4.42,-0.006741573033707921,1.5301009255793312,0.9855047695049598,0.8830919200621781,-0.44149936535183715,0.8874744298583983,0.9774709523448241,-0.5464599863880416,0.10583509814231855,-0.2694116661329099,-0.20228474453224585,-0.5108745839331698,0.015837104072398356,0.009049773755656076,0.015837104072398356,0.08144796380090513
1454,2025-08-08,000157.XSHE,7.35,0.01800554016620497,0.06413596694045101,0.4633830373169016,-0.4657835664289768,-0.9187959765430126,-0.18464233104436487,-0.8517144555519227,-1.1372275392399784,-0.7034921229459997,-1.5322788511309249,-0.1358628881186726,-0.9584071724958217,0.0013605442176871652,-0.0054421768707483276,-0.004081632653061162,0.0013605442176871652
1455,2025-08-08,000166.XSHE,5.28,-0.0018903591682419257,-0.30235527271926904,-0.7766560766297366,-0.8030024380517655,-0.9187959765430126,0.05360583804513808,0.891727886349664,-0.3987680981750574,0.16809103822603533,0.6566909361989678,0.1841696927830895,0.1718292155172926,0.005681818181818121,0.01893939393939381,0.043560606060605966,0.07196969696969702
1456,2025-08-08,000301.XSHE,8.9,0.0,0.7971184462598911,0.9855047695049598,1.3889202274963612,0.27444555143492594,-0.7207007114957464,0.23436438038677065,0.26584539878337154,-0.7657480630297165,0.4041174991993648,-0.39551196318991355,-0.8651123344503531,0.0022471910112358273,-0.011235955056179692,0.0022471910112358273,0.06629213483146068
1457,2025-08-08,000333.XSHE,36.019999999999996,0.002536997885834991,-0.3939780826341991,-0.3197995609651857,-0.8030024380517655,-0.9187959765430126,-1.8523795146708855,-1.3090108075261093,-0.6941518746010258,-2.073122804787769,-1.0271319771317189,-1.361648056478252,1.7311939331169488,0.0,0.0,0.0,0.0
1458,2025-08-08,000338.XSHE,14.91,0.008113590263691751,0.4306272066001711,1.2465656355989891,1.3889202274963612,0.7517421626261013,0.8874744298583983,-0.022864817598709355,0.48738323110284787,0.541626678728336,-0.2694116661329099,0.03924927878983875,-0.5738605503227298,-0.004024144869215318,-0.008048289738430636,0.012743125419181656,0.019450033534540445
1459,2025-08-08,000408.XSHE,36.019999999999996,0.007849617847552212,0.9803640660897511,0.7244439034109307,0.20865417681660064,-0.44149936535183715,0.05360583804513808,0.7488227763577306,-0.9895356510269943,0.16809103822603533,-0.016838229133306865,0.788004751088301,-0.5203521611562634,0.0,0.0,0.0,0.0
1460,2025-08-11,000001.XSHE,12.04,-0.008237232289950693,-1.919844449190377,-1.2250431894745402,1.591224209570858,1.650105442687576,1.2167422416365505,0.9059811386790669,1.44633889545766,0.38089249169336337,1.870031575562706,-2.215383437401342,1.7311939331169488,0.002491694352159568,-0.007475083056478371,-0.0174418604651162,0.012458471760797396
1461,2025-08-11,000002.XSHE,6.48,0.0,-0.002995077143822784,0.2648742031296303,0.6807884961528607,1.0771521639766122,0.4717980120631523,-1.9523255523647498,0.9552979124319111,0.19732984509415208,0.07540449901462525,0.4144076534569769,-0.7956949876268324,-0.0015432098765433278,-0.007716049382716195,0.0030864197530864335,0.1049382716049383
1462,2025-08-11,000063.XSHE,34.0,0.006214856466410206,-0.602010505908371,-0.7284040586064834,1.047680500067576,0.6760848688789374,0.6491656857711043,1.1611870932365507,0.8213776443339796,0.9315804314909971,0.9953393869930531,0.02640568923197905,0.4418874611140853,0.016176470588235237,0.0238235294117648,0.059411764705882275,0.059411764705882275
1463,2025-08-11,000100.XSHE,4.49,0.015837104072398255,0.23661109436199654,-0.7284040586064834,-0.6916593703429263,-0.8135936557695687,-0.5569344954429692,-0.2169250613738611,-0.6963853941092437,-0.37630342552838303,-0.6484786915257771,0.19885100666531141,-0.48967920490114836,-0.0044543429844099425,-0.020044543429844075,0.015590200445434244,0.055679287305122394
1464,2025-08-11,000157.XSHE,7.36,-0.00540540540540541,0.5960203516207255,0.2648742031296303,-1.126494337945552,-1.3865469344805326,-1.0535639818252347,-1.0335841159578087,-1.053506109037061,-0.8122647112015098,-1.251714683642779,0.4305744019663518,-0.9572240648666906,-0.006793478260869623,-0.014945652173913082,-0.005434782608695676,0.016304347826086918
1465,2025-08-11,000166.XSHE,5.31,0.007590132827324485,-0.7218135916612807,0.2648742031296303,0.8302630162662633,0.6760848688789374,1.358636380602912,0.70181637503308,0.8213776443339796,1.4822683712886306,0.618316891919927,-0.14603962820135333,0.18314093583620494,0.0037664783427495685,0.011299435028248705,0.04519774011299438,0.07344632768361592
1466,2025-08-11,000301.XSHE,8.92,-0.002237136465324337,0.26656186580022395,0.2648742031296303,-1.126494337945552,-0.46982168854299033,-0.6988286344093307,-0.012760297727874183,-0.6517453047432665,-0.6516473954271998,-0.7088022907374772,0.2850736653819776,-0.8629008886104118,-0.011210762331838486,-0.032511210762331766,-0.004484304932735328,0.07735426008968593
1467,2025-08-11,000333.XSHE,36.019999999999996,0.006492589978828624,1.9138542949027317,2.416977103557876,-1.0177855960448956,-1.1573656229961469,-1.3373522597579581,1.0080635205020605,-1.5891871814287868,-1.7300779441975662,-1.251714683642779,-0.6633755805013505,1.7311939331169488,0.0,0.0,0.0,0.0
1468,2025-08-11,000338.XSHE,14.85,-0.004024144869215325,-0.2426012486496421,-0.3973113046944454,-0.36553314464095715,-0.24064037705860478,-0.8407227733756923,0.0638014886393709,-0.24998450044947215,-0.5369207413026928,0.04524269940877514,-0.10292829884302022,-0.5788650403789181,-0.0013468013468013185,0.02154882154882154,0.01077441077441077,0.03569023569023577
1469,2025-08-11,000408.XSHE,36.019999999999996,-0.027960854803275387,0.4762172658678158,-0.3973113046944454,0.1780105648623249,-0.011459065574219237,0.7910598247374658,-0.6252545886658349,0.19641639321029944,1.1151430780902083,0.2563752966497258,1.7724145282444692,-0.523504772377885,0.0,0.0,0.0,0.0
1470,2025-08-12,000001.XSHE,12.07,0.002491694352159563,-1.814389476571554,-2.372139211929429,0.3846521226896744,1.199506477462162,-0.9862000493729342,-2.233666621504148,1.7817636444329306,1.2019745089031402,2.1817491959034743,2.4588637116098377,1.7311939331169488,-0.004971002485501308,-0.01988400994200501,-0.02154101077050541,0.0024855012427504874
1471,2025-08-12,000002.XSHE,6.47,0.0015479876160990381,0.20159883073017262,0.3544575833917537,1.4899743143266695,0.9773756483025025,0.9663436725399219,-0.07837426742119816,0.8727005605385783,1.4460302467514936,0.02988697528634896,0.7516487913021395,-0.7973208194515057,-0.0015455950540957941,0.009273570324574987,0.009273570324574987,0.08037094281298307
1472,2025-08-12,000063.XSHE,34.55,0.01617647058823521,-0.05039970768254321,1.2269685578945322,-0.8533087319437601,-0.3554093266554553,-1.5157034315865898,1.6850467495557606,-0.2787793457276014,-1.6656804108150116,0.6276264810133282,-0.6520612542841904,0.4789492989574815,0.02749638205499294,0.019102749638205685,0.04254703328509413,0.04254703328509413
1473,2025-08-12,000100.XSHE,4.47,-0.004454342984409903,-0.302398246095259,-0.5180533911110247,-0.14590252929608324,-0.3554093266554553,0.7346859428214475,0.11756140113179728,0.08484588783013958,0.7443700004374777,-0.1295102262408455,-0.2726801608824796,-0.4957351230921775,-0.0022371364653243075,0.004474272930648837,0.008948545861297452,0.06935123042505609
1474,2025-08-12,000157.XSHE,7.31,-0.006793478260869661,1.2095929843810358,0.7907130706431429,-0.14590252929608324,-0.1332784974957957,0.46993425171461956,-0.27430993597419356,-0.8848214016571696,-0.14033204926280315,-0.7670990323496234,0.15886583286196637,-0.9631391010574752,0.0,0.001367989056087593,-0.0068399452804377425,0.023255813953488413
1475,2025-08-12,000166.XSHE,5.33,0.0037664783427496166,-1.5623909381588381,-0.6271172629238719,-1.560714934591437,0.7552448191428428,0.9994376339282754,0.4849407796686637,0.6908879437597079,0.22575155750972686,0.18928417681354343,-1.0314423476859012,0.19068213848824317,0.009380863039399667,0.03377110694183849,0.028142589118199002,0.06003752345215774
1476,2025-08-12,000301.XSHE,8.82,-0.010101010101010085,0.8945948113651411,0.29992564748533007,0.2078005720277552,-0.7996709849747745,0.3044644447728521,0.11756140113179728,-0.9454256072501265,-0.23185295095593567,-0.8467976331132205,-0.19680394220213746,-0.8739582851284078,-0.0022675736961450532,0.011337868480725488,0.0022675736961450532,0.11111111111111116
1477,2025-08-12,000333.XSHE,36.019999999999996,0.0025245441795232375,0.8315951767619622,0.1363298397660591,-1.2070118332675985,-2.132455959932732,0.3375584061612056,-0.6661812730801845,-1.6120718687726516,-0.62844352495951,-1.5640850399855957,-0.7279374729645325,1.7311939331169488,0.0,0.0,0.0,0.0
1478,2025-08-12,000338.XSHE,14.83,-0.0006738544474393387,0.3275980999365305,0.5725853270174484,1.2689098759992705,0.7552448191428428,0.3375584061612056,0.5339246968069126,0.44847112138788053,0.2867654919718152,0.1693595266226441,-0.007113395501282076,-0.5805332037309809,-0.0026972353337829658,0.018206338503034436,0.003371544167228624,0.03169251517194871
1479,2025-08-12,000408.XSHE,36.019999999999996,0.006403635612476808,0.2645984653333516,0.1363298397660591,0.5615036733515937,0.08885233166386393,-1.648079277140004,0.3134970696847927,-0.15757093454168772,-1.2385828695803933,0.10958557604994619,-0.4813397622534205,-0.5221911564824943,0.0,0.0,0.0,0.0
1480,2025-08-13,000001.XSHE,12.01,-0.008257638315441755,-1.0578865910587634,-1.3375841213365733,1.1851202796731564,1.8920672682870543,0.08651247010927106,-1.2870306814534285,2.3953023472859303,0.04205791155690332,2.3675028151233724,-0.8540281365193689,1.7311939331169488,-0.004995836802664466,-0.014987510407993287,-0.01582014987510405,-0.016652789342214813
1481,2025-08-13,000002.XSHE,6.46,-0.0030864197530864907,2.010304126211366,1.493281743926016,1.1359451643340213,-0.0437111250099319,2.2493242228410426,-0.34299839676876204,0.13144951905837426,2.649648428084909,-0.9306382556208506,2.7369386759152152,-0.7989466512761793,-0.004643962848297267,0.006191950464396356,0.01393188854489158,0.04334365325077405
1482,2025-08-13,000063.XSHE,35.5,0.02749638205499285,-1.5692517106037849,-1.4791274145997029,-1.5031193588662302,0.268511196489582,-0.34604988043708323,-0.2171274254774732,-0.08763301270558277,-0.5046949386828398,-0.035793779062340374,-0.5723836806421466,0.5429654440590425,-0.01943661971830979,0.01464788732394351,0.01464788732394351,0.01464788732394351
1483,2025-08-13,000100.XSHE,4.46,0.0,-0.29083891174123105,0.21939210455785066,-1.2408520770575096,-0.23104451790964023,-1.1390808564387327,0.28635645968768214,-0.5257980762334968,-0.6729265849104531,0.7056487872289967,-0.24379848211872063,-0.4987629148694018,-0.013452914798206206,0.022421524663676973,0.03363228699551568,0.04484304932735439
1484,2025-08-13,000157.XSHE,7.31,0.0,0.8597326072350674,1.0686518641366276,-0.191782949822627,-0.23104451790964023,0.08651247010927106,-1.224095195807784,-0.8179081185854395,-0.5467528502397432,-1.032906195798966,-0.305408206841863,-0.9631391010574752,-0.008207934336525224,0.001367989056087593,0.001367989056087593,-0.002735978112175075
1485,2025-08-13,000166.XSHE,5.38,0.005607476635514066,-0.03515635196872027,-0.7714109482840557,-0.45405023163134767,-1.729711661107307,0.23069992029138917,2.2688242575254813,-1.2560731821133537,0.04205791155690332,-0.41929855473027333,0.1317274590509091,0.19068213848824317,-0.0018587360594795044,0.03159851301115246,0.029739776951672958,0.013011152416356975
1486,2025-08-13,000301.XSHE,8.8,-0.002267573696145076,0.25248652777535435,0.7855652776103685,1.3818207410296968,0.268511196489582,0.6632622708377435,-0.28006291112311765,0.423559561410317,0.29440538089832324,-0.5215664949083888,-0.14991699682631318,-0.876169730968349,-0.01931818181818179,0.009090909090909038,0.05227272727272725,0.10568181818181821
1487,2025-08-13,000333.XSHE,36.019999999999996,-0.002236823710331282,-0.3227992317127949,-0.13446612859997303,-0.45405023163134767,0.268511196489582,-1.0669871313476738,0.5380984022702598,0.20447702964635997,-0.8832161426949696,0.29657702651653484,-0.43156145270353546,1.7311939331169488,0.0,0.0,0.0,0.0
1488,2025-08-13,000338.XSHE,14.79,-0.004040404040404074,-0.35475955168435874,-0.3467810684946672,-0.191782949822627,0.7680669108888042,0.15860619520033012,-0.028320968540539945,0.20447702964635997,-0.12617373467070994,0.1943090863384194,-0.2672688534418225,-0.5838696977533965,0.025693035835023803,0.014874915483434892,0.01690331304935766,0.0047329276538201626
1489,2025-08-13,000408.XSHE,36.019999999999996,0.005930470347648245,0.5081690875478652,0.5024786910841096,0.33275161379481427,-1.2301559467080847,-0.9227996811655557,0.28635645968768214,-0.6718530974094682,-0.29440538089832324,-0.6238344350865043,-0.04430032587235482,-0.509317687244008,0.0,0.0,0.0,0.0
1490,2025-08-14,000001.XSHE,11.95,-0.005823627287853601,-0.7891030346527549,-0.41105415366029247,1.6669468836615446,2.033784108130527,1.2332712062653117,1.2034686341692067,1.4572897034304113,0.5423022620534179,1.4376999740122123,-1.0769375186788195,1.7311939331169488,-0.010041841004184038,-0.01171548117154797,-0.004184100418409997,-0.010041841004184038
1491,2025-08-14,000002.XSHE,6.43,-0.0046439628482972525,-0.615673796267534,1.1548664317122503,-0.5612900674257992,-0.39829740765814486,-1.8124593031348508,-0.6278966786969775,-0.5383618012672857,-1.8251086281290154,-0.6440895883574711,-2.264710864063603,-0.8038239794319093,0.015552099533437058,0.015552099533437058,0.020217729393467998,0.05287713841368591
1492,2025-08-14,000063.XSHE,34.81,-0.017221908526256335,-1.8296784649640803,-1.5854945926896993,1.7233579457143888,0.9763573621354523,1.432991239668601,1.5657167180328475,1.921394704522899,1.4507273710769097,1.59872237110158,0.7461564533071271,0.4964695317479725,0.011490950876184902,0.03476012640045956,0.03476012640045956,0.03476012640045956
1493,2025-08-14,000100.XSHE,4.4,-0.01565995525727056,0.25147239565857027,0.17616606585441105,-0.30744028818800057,-0.2925547330586374,-0.2646290442593584,-0.6480215722449576,-0.3991303009395394,0.03303364032812698,-0.2760383950103448,0.525175365793679,-0.5169305021241989,0.020454545454545503,0.02499999999999991,0.04772727272727262,0.06818181818181812
1494,2025-08-14,000157.XSHE,7.25,-0.009562841530054683,-0.09538608111187148,-0.21531408048872464,0.48231458055181753,-0.43354496585798064,0.3345310559505097,-0.6480215722449576,-0.027846300065549244,0.37713406041278297,-0.18402559667356316,0.5631564902100529,-0.9714201851882317,0.009655172413793212,0.0013793103448276334,0.011034482758620623,0.008275862068965356
1495,2025-08-14,000166.XSHE,5.37,-0.0018587360594795144,0.25147239565857027,-0.6067942268318602,-0.5330845363993771,0.9763573621354523,0.3345310559505097,1.344342889005067,0.2506167005899434,0.9827507997617777,0.7361023866942527,0.635665909550403,0.18691162082136906,0.02607076350093096,0.020484171322160183,0.027932960893854553,0.02607076350093096
1496,2025-08-14,000301.XSHE,8.63,-0.019318181818181807,1.205333206777285,0.37190613902597885,-0.5330845363993771,-0.9975058970553539,-0.31455905261018074,-0.5675219980530374,-0.6311828014857832,-0.1596625949192804,-0.7821087858626435,0.7461564533071271,-0.8949671042669939,0.03360370799536483,0.024333719582850355,0.08458864426419455,0.13673232908458854
1497,2025-08-14,000333.XSHE,36.019999999999996,0.007428170988086912,1.638906302740337,1.9378267243985214,-0.7587287846107538,-0.9975058970553539,-1.2632292112758052,-1.2920181657803191,-1.2345193029060173,-1.3846600904206556,-1.6102239708936779,-0.5797300717735613,1.7311939331169488,0.0,0.0,0.0,0.0
1498,2025-08-14,000338.XSHE,15.17,0.003970880211780311,-0.44224455788231315,-0.8025343000034281,0.031026084129064324,-0.15156450025929405,0.38446106430133203,-0.24552370128535664,0.06497470015294829,0.322077993199238,0.04600639916839079,0.44230745797613596,-0.551339341160142,-0.004614370468029039,-0.01911667765326297,-0.0006591957811470373,-0.024390243902438935
1499,2025-08-14,000408.XSHE,36.019999999999996,-0.013617886178861822,0.42490163404379117,-0.019574007317156784,-1.210017281033507,-0.7155254314566672,-0.06490901085606904,-0.08452455290151625,-0.8632353020320271,-0.33859481336330155,-0.32204479417873555,0.2627603243714594,-0.5274456200640568,0.0,0.0,0.0,0.0
1500,2025-08-15,000001.XSHE,11.83,-0.012520868113522567,-1.9177285303027163,-1.32582220872072,1.9602153331792431,2.38177022955006,1.4562594492598429,1.0606117657183727,1.7334985575816162,0.07533588842471803,1.851613590879412,-2.524368733092093,1.7311939331169488,0.0,-0.0008453085376162184,-0.0016906170752324368,-0.002535925612848655
1501,2025-08-15,000002.XSHE,6.53,0.015552099533437098,-0.036577928370896504,-0.5372290734221505,0.6337538295241162,0.22771446639109091,0.5403730031844699,0.31750798082014975,0.2957627870755364,-0.06163845416567843,0.3017444370322005,-0.22678714785331083,-0.7875659958217556,-0.004594180704441064,0.003062787136294043,0.004594180704440953,0.039816232771822335
1502,2025-08-15,000063.XSHE,35.21,0.014697406340057579,-0.6636281290148364,-0.34008078959750815,-0.5453230626137745,0.10462556563914985,-0.009158864460753749,1.195721544790777,0.008215632974320462,0.5205025018435065,0.5623419053781918,0.5918913480363702,0.5234236716878471,0.023004828173814218,0.023004828173814218,0.023004828173814218,0.023004828173814218
1503,2025-08-15,000100.XSHE,4.49,0.018140589569161012,0.38145553872506344,0.4485123457010614,-0.3488102472574594,-0.14155223586473226,0.5403730031844699,-0.4255958040780732,0.09037196271752501,0.503380709019707,-0.13715656228736386,0.38061947812935576,-0.48967920490114836,0.015590200445434244,0.026726057906458767,0.06458797327394206,0.03340757238307335
1504,2025-08-15,000157.XSHE,7.32,0.011049723756906087,0.8517431892080184,0.8428089133503462,-0.9383486933264047,-1.1262634418802606,-1.5966953709913998,-0.4255958040780732,-1.2241293131737478,-1.225920366184048,-0.7955080612667104,0.047206058432348534,-0.9619561607466344,0.0,0.0,0.005464480874316946,-0.019125683060109422
1505,2025-08-15,000166.XSHE,5.51,0.027985074626865572,-0.036577928370896504,-0.4386549315098293,0.6337538295241162,0.10462556563914985,0.8456684852095941,1.195721544790777,0.33684095194713864,1.4450793143286826,0.5760575616069282,0.8031632179433847,0.23970003938563633,0.007259528130671544,0.005444646098003769,0.02722323049001818,-0.014519056261342977
1506,2025-08-15,000301.XSHE,8.92,0.03600464576074338,0.5904722722730434,0.34993820378874024,-0.9383486933264047,-0.5108189381205555,-0.7723975695235644,0.1148433122115435,-0.7722694995861228,-0.7978755455890594,-0.5211949366919827,0.010893705792080424,-0.8629008886104118,-0.004484304932735328,0.03811659192825112,0.06390134529147984,0.10201793721973096
1507,2025-08-15,000333.XSHE,36.019999999999996,-0.0004173622704507671,1.5310475732389532,1.7792632615173976,-0.8400922856482471,-0.8800856403763786,-0.8639862141311017,-1.5064740366573066,-1.3062856429169525,-1.3628947087744445,-1.78303530973573,-0.3588320665451949,1.7311939331169488,0.0,0.0,0.0,0.0
1508,2025-08-15,000338.XSHE,15.1,0.0006626905235254995,0.38145553872506344,0.6456606295257038,-0.6435794702919321,-0.7569967396244376,-0.9861044069411512,-0.020266466860860675,-0.4847223454849069,-0.541048653232066,-0.6309201865218738,0.14293862448396447,-0.5580123292049732,-0.00596026490066226,-0.003973509933774877,0.0066225165562914245,-0.021854304635761546
1509,2025-08-15,000408.XSHE,36.019999999999996,0.004327220276117883,-1.0816615961107963,-1.4243963506330413,1.0267794602367464,0.5969811686469141,0.8456684852095941,-1.5064740366573066,1.3227169088655935,1.4450793143286826,0.5760575616069282,1.1332755146730948,-0.5216657770516541,0.0,0.0,0.0,0.0
1510,2025-08-18,000001.XSHE,11.83,0.0016934801016087698,-1.7747654091368914,-2.3145502494313788,0.19033289844969536,0.4575614006687675,-0.3056373006636339,-0.692733841443429,1.4213190319840718,1.2421740835731154,1.483364219074678,2.481601645637417,1.7311939331169488,-0.0016906170752324368,0.00591715976331364,0.030431107354184306,-0.01606086221470837
1511,2025-08-18,000002.XSHE,6.5,-0.004594180704441079,1.249897443527485,0.6172133998483676,0.214425670405353,-0.05084015562986305,-0.5377668961043686,0.009155072794406572,-0.3844551479956915,-1.1158512954131377,-0.060328209866673616,-0.8832819416675551,-0.7924434912957756,0.004615384615384688,0.009230769230769154,0.10153846153846158,0.0476923076923077
1512,2025-08-18,000063.XSHE,36.019999999999996,0.08067700987306063,-1.2410013763137662,-0.9258200997725514,0.4794461619175871,1.0676432682271242,1.087140271980774,1.687585085102274,0.8388112319905998,1.0737436993598117,1.447877036800164,0.29240027558357956,0.732318214392303,0.0,0.0,0.0,0.0
1513,2025-08-18,000100.XSHE,4.56,0.011086474501108608,0.18236937788123453,-0.3086066999241838,0.8649305132081094,1.0676432682271242,-0.9246495551722596,-0.814801478702183,0.7223096719919053,-0.6316139407998892,0.5074667065255477,-0.3562519822101499,-0.46848382586912696,-0.010964912280701733,0.010964912280701844,0.03947368421052655,0.006578947368421018
1514,2025-08-18,000157.XSHE,7.32,-0.0027247956403269173,1.4278187878018602,0.6172133998483676,-1.0624912432445022,-1.982766069564659,-0.3056373006636339,0.6500101684028651,-1.8407246479793717,-0.863205719093182,-1.1959180426511162,-0.624834557702866,-0.9619561607466344,-0.00819672131147553,0.001366120218579292,0.021857923497267784,-0.012295081967213073
1515,2025-08-18,000166.XSHE,5.55,0.0,0.18236937788123453,0.9258200997725514,1.2504148644986317,0.25420077814931524,0.3133749538449917,0.5889763497734881,0.6058081119932109,0.23159177829329272,0.2945436128784647,0.29240027558357956,0.2547824446897124,-0.012612612612612484,-0.005405405405405461,0.027027027027027195,-0.028828828828828867
1516,2025-08-18,000301.XSHE,8.88,-0.007821229050279163,0.36029072215560964,-0.1543033499620919,0.09396181062706478,-0.35588108940904134,1.4353346651418757,0.10070580073847207,-0.1514520279983027,0.800044325013193,-0.2732513035137566,0.29240027558357956,-0.8673239476085842,-0.0045045045045045695,0.054054054054053946,0.08220720720720709,0.1114864864864864
1517,2025-08-18,000333.XSHE,36.019999999999996,-0.006540495407737251,-0.2624339828047032,0.3086066999241838,-2.218944297116069,-1.3726842020063024,-1.2341556824265723,-1.791342576772215,-1.2582168479858997,-1.3684968717330934,-1.6217642299452821,-0.6805781111070147,1.7311939331169488,0.0,0.0,0.0,0.0
1518,2025-08-18,000338.XSHE,15.01,-0.009894459102902398,-0.5293159992162658,0.3086066999241838,0.4794461619175871,0.6609220231882197,1.3966463992350866,0.8331116242909961,0.3728049919958221,1.0737436993598117,-0.45068721488632574,0.0896964450230391,-0.5655192316075459,-0.008660892738174497,0.009993337774816702,0.02465023317788151,-0.03797468354430378
1519,2025-08-18,000408.XSHE,36.019999999999996,-0.015576962492313958,0.4047710582242034,0.9258200997725514,-0.29152254066345756,0.25420077814931524,-0.9246495551722596,-0.570666204184675,-0.32620436799634434,-0.4421297585599225,-0.13130257441570128,-0.9035523247236092,-0.5411073257670936,0.0,0.0,0.0,0.0
1520,2025-08-19,000001.XSHE,11.81,-0.0033755274261602656,-2.241716682187648,-2.218079298942559,0.7247759931124608,0.5936644768550631,0.22619850878784495,-1.245909711531488,2.0061317650802075,1.5326474337819251,1.6369713698791453,2.7105700271095126,1.7311939331169488,0.0008467400508043177,0.0,0.024555461473327655,-0.006773920406435208
1521,2025-08-19,000002.XSHE,6.53,-0.0015290519877675516,-0.2585234088462849,-0.34891135039545873,1.207959988520768,0.3831451588213528,0.5638082233965687,0.7146588700662851,0.4760312662902188,0.5108824779273083,0.15406789363568427,0.48589028092748393,-0.7875659958217556,0.003062787136294043,0.004594180704440953,0.07044410413476254,0.029096477794793074
1522,2025-08-19,000063.XSHE,36.019999999999996,0.0010593220338982825,-0.2585234088462849,-0.34891135039545873,0.4026533295069227,1.9409881122708093,1.4415934813792506,1.157367904620621,0.7593832105105871,0.8940443363727897,0.905148875109645,-0.2826354495717623,0.6979517068837491,0.0,0.0,0.0,0.0
1523,2025-08-19,000100.XSHE,4.51,-0.0087912087912088,0.024789915916767016,0.14953343588376805,0.4026533295069227,-0.4168282497067465,0.9014179380052925,1.0308796090336678,-0.48736534405903353,0.3618750885318434,-0.15406789363568427,-0.3635328948874724,-0.4836234540284095,0.022172949002217335,0.05986696230598687,0.05986696230598687,-0.022172949002217224
1524,2025-08-19,000157.XSHE,7.26,-0.006839945280437733,0.37893157187058185,0.14953343588376805,0.4026533295069227,-0.9220746129876511,0.09115462294435543,0.01897324433804301,-0.48736534405903353,-0.3405883186182056,-0.3851697340892107,-0.3888133465486318,-0.9702372448773908,0.008264462809917328,0.01377410468319562,0.030303030303030498,-0.0027548209366390353
1525,2025-08-19,000166.XSHE,5.48,-0.0090415913200723,-0.4001800712278108,0.02492223931396136,-0.4563404401078457,0.7620799312820314,-1.12424034964705,0.588170574479332,0.5327016551342925,0.1702941593091028,0.6162715745427371,-0.3635328948874724,0.228388319066724,0.010948905109488871,0.03284671532846706,0.031021897810219023,-0.023722627737226443
1526,2025-08-19,000301.XSHE,8.84,-0.0045045045045046085,0.8393157246105412,0.8972006153026082,-1.9595795369336901,-0.5852437041337147,-1.0904793781861777,-1.1826655637380115,-0.9973988436556966,-1.3410665045591845,-1.1555092022676319,-0.5253277855188927,-0.8717468392884666,0.04751131221719462,0.07352941176470584,0.10859728506787336,0.11764705882352944
1527,2025-08-19,000333.XSHE,36.019999999999996,-0.007011273027220112,1.6538415333043155,1.6448677947214483,-1.315334209722614,-1.427320976268556,-1.2592842354905396,-0.9929331203575819,-1.5074323432523595,-1.7029415930910279,-1.848814723628211,-0.5253277855188927,1.7311939331169488,0.0,0.0,0.0,0.0
1528,2025-08-19,000338.XSHE,14.88,-0.009320905459387404,0.30810324067981887,0.3987558290233814,-0.2415919977041536,0.42524902242809487,-0.7866306350383264,-0.9929331203575819,0.07933854438170315,-0.5960295575818598,0.3851697340892107,-0.16128928159819708,-0.5763626280325339,0.010752688172043001,0.021505376344086002,0.02822580645161299,-0.02352150537634423
1529,2025-08-19,000408.XSHE,36.019999999999996,0.002920926350928449,-0.04603841527399596,-0.34891135039545873,0.8321502143143068,-0.7536591585606829,1.036461823848782,0.9043913134467148,-0.37402456637088616,0.5108824779273083,-0.15406789363568427,-0.5860008695056752,-0.5397937098717029,0.0,0.0,0.0,0.0
1530,2025-08-20,000001.XSHE,11.82,0.0008467400508043849,-1.0302811260851743,-0.6403901726740253,2.322700611945803,2.1415168872807935,0.9046918512016418,-0.4739862925146278,1.7907558197669509,-0.6953045490445281,2.1510812413776823,-2.2482103418502173,1.7311939331169488,0.006768189509306355,0.03130287648054142,-0.0008460236886632666,-0.02622673434856182
1531,2025-08-20,000002.XSHE,6.55,0.004601226993865069,0.4592819477729089,0.8056521527189352,-1.049987947865911,-0.12829363840852687,0.18414081927113057,0.09479725850292557,0.11647192323687496,1.1185334049846756,-0.6792888130666366,1.924881913012698,-0.7843144994906988,0.0015267175572519776,0.09312977099236641,0.02900763358778624,0.004580152671755711
1532,2025-08-20,000063.XSHE,36.019999999999996,0.04829396325459308,0.4592819477729089,-0.02065774750561365,-0.562114759968619,0.26645601823309406,-0.5364102126593805,-1.5167561360468091,0.771626491444296,-0.15115316283576696,0.20378664391999096,0.37290545459260555,0.8421563137325061,0.0,0.0,0.0,0.0
1533,2025-08-20,000100.XSHE,4.61,0.024444444444444515,1.452323997011631,1.631962052943484,0.11666532754065678,-0.9177929516917688,-0.056042858039039765,1.7063506530526602,-1.7034018773392945,-0.36276759080584076,-1.403863547004382,-0.04095493431941911,-0.4533441977098444,0.0,0.02819956616052055,0.010845986984815648,-0.06507592190889389
1534,2025-08-20,000157.XSHE,7.32,0.006877579092159658,0.7075424600825895,0.599074677662798,-0.901504803723257,-1.5099174366542,-1.6572673734401753,0.18959451700585114,-1.1210422611549202,-1.5417622609248232,-0.7698606548088547,-0.06251016290858706,-0.9619561607466344,0.001366120218579292,0.021857923497267784,-0.004098360655737765,-0.021857923497267784
1535,2025-08-20,000166.XSHE,5.54,0.014652014652014666,-1.0302811260851743,-0.6403901726740253,0.4560553712952947,-0.7204181233709583,-0.8566551157396075,-0.2369931462573139,-0.10191293283226538,0.27207569310438057,-0.1358577626133273,-0.178908397290094,0.2510119270228383,-0.0036101083032491488,0.028880866425992746,-0.016245487364620947,-0.05956678700361007
1536,2025-08-20,000301.XSHE,9.26,0.04869762174405433,-1.775062663014216,-2.0864324980669857,0.7954454150499326,0.46383084655390455,1.7053041089022096,0.4739862925146278,0.5532416353751556,1.6929154237605901,0.8604324965510729,0.028021797165918336,-0.8253061420131219,0.010799136069114423,0.03779697624190059,0.050755939524838034,0.04211663066954641
1537,2025-08-20,000333.XSHE,36.019999999999996,0.0001393534002228387,0.7075424600825895,0.39249720260666077,-0.562114759968619,-0.12829363840852687,0.42432449658130095,1.3271616190409579,-0.6842725490166396,0.27207569310438057,-0.49814512958220014,0.23495199162193067,1.7311939331169488,0.0,0.0,0.0,0.0
1538,2025-08-20,000338.XSHE,15.04,0.012113055181695809,-0.2854995891561327,-0.02065774750561365,-0.3924197380913001,0.661205674874715,0.7445693996615281,-0.42658766326316505,0.4804466833521088,0.5743820187759145,-0.22642960435554552,-0.07544330006208783,-0.5630169865794518,0.007978723404255428,0.022606382978723527,-0.01196808510638292,-0.03656914893617014
1539,2025-08-20,000408.XSHE,36.019999999999996,0.007697108383607186,0.3351516916180686,-0.02065774750561365,-0.22272471621398113,-0.12829363840852687,-0.8566551157396075,-1.1375671020351068,-0.10191293283226538,-1.1789946701189824,0.49814512958220014,0.0452659800372527,-0.5298101621394181,0.0,0.0,0.0,0.0
1540,2025-08-21,000001.XSHE,11.9,0.00847457627118641,-1.8531219100214,-1.4045098433422103,2.1157471271032073,2.4595681000223903,1.4735356461617541,0.4777277168412437,1.8851668472695178,-1.4896905994842624,1.8091389705366114,-2.733787943979352,1.7311939331169488,-0.007563025210084007,0.01680672268907557,-0.00588235294117645,-0.03361344537815125
1541,2025-08-21,000002.XSHE,6.56,0.0015267175572518759,-0.06841381048233101,-0.06048128511999951,-0.34636491429894717,0.04822682549063511,-0.26857546260091075,-0.3288255713322843,0.4588892983485011,0.49656353316142077,0.0014346859401559375,0.5683484808040696,-0.7826886676660253,0.0,0.06554878048780499,0.03201219512195119,-0.004573170731707266
1542,2025-08-21,000063.XSHE,36.019999999999996,-0.02228348265563976,-1.0202581302365012,-1.6733155549866525,0.3630571993254024,0.5993905453836076,0.6024800917804216,0.8499830806136413,1.2650461738255974,1.4187529518897737,1.3787331884898364,0.31433798658996026,1.0187058885091125,0.0,0.0,0.0,0.0
1543,2025-08-21,000100.XSHE,4.61,0.0,-0.06841381048233101,0.20832442652444266,-1.306171303320126,-0.9163096843220669,-0.5589273140613549,0.6018128380987096,-1.0914123852613,-0.24828176658071038,-0.45766481490973754,0.17578680792771878,-0.4533441977098444,0.03687635574837311,0.03687635574837311,0.019522776572667988,-0.06724511930585697
1544,2025-08-21,000157.XSHE,7.33,-0.0013623978201634586,1.9542553689952809,1.6867558405688747,1.0307486003836137,-0.3651459644290943,0.021776388859533362,1.098153323128573,-0.5953158465061635,0.07093764759448869,-0.5150522525159742,0.4384567508082182,-0.9607732204357935,0.004092769440654953,0.02046384720327432,-0.0027285129604366354,-0.034106412005457054
1545,2025-08-21,000166.XSHE,5.52,-0.0142857142857143,-0.30637489042087357,-0.3292869967644417,-0.6384799022619146,0.18601775546387825,-1.1396310169822432,0.35364259558377786,0.5209013656928931,0.21281294278346605,0.5179216243962861,0.4528891652522017,0.24347072437080045,0.025362318840579823,0.023550724637681375,-0.0018115942028985588,-0.05253623188405787
1546,2025-08-21,000301.XSHE,9.36,0.0064516129032256685,0.5264888893640254,0.7459358498133271,0.3630571993254024,-0.9163096843220669,0.23954027745486647,0.29160003495504494,-0.7813520485393396,0.6739076521476425,-0.572439690122211,0.49907289147294887,-0.8142487454951259,0.013888888888889062,0.047008547008547064,0.04807692307692313,0.03205128205128216
1547,2025-08-21,000333.XSHE,36.019999999999996,-0.002372975991066467,0.5264888893640254,0.8131372777244376,-0.8054027525264675,-0.7785187543488238,-1.7203347199031316,-2.376230072080471,-0.9673882505725158,-1.347815304295285,-1.6054135670344714,0.2681542603692131,1.7311939331169488,0.0,0.0,0.0,0.0
1548,2025-08-21,000338.XSHE,15.16,0.007978723404255386,0.16954726945621157,-0.06048128511999951,-0.4715570519973618,-0.3651459644290943,1.328359720431532,-0.3288255713322843,-0.2232434424398113,1.135002361511819,-0.3859305179019417,0.4297973021418281,-0.553007671830495,0.0026385224274405594,0.00923482849604218,-0.0237467018469657,-0.05408970976253302
1549,2025-08-21,000408.XSHE,36.019999999999996,-0.009068425391591195,0.13980213446389372,0.07392157070222158,-0.304634201732809,0.04822682549063511,0.021776388859533362,-0.6390383744759489,-0.47129171181737944,-0.9221894187283529,-0.1707276268785541,-0.4130557013868074,-0.539531020156283,0.0,0.0,0.0,0.0
1550,2025-08-22,000001.XSHE,11.81,-0.0075630252100840215,-0.6614994515874764,-0.43963793088412095,1.4958739113831656,1.4942618516875619,0.7575872930485172,-0.23964533067780167,1.3762473673391844,0.548884900395117,1.2203134213573552,-1.1665110855308876,1.7311939331169488,0.03217612193056718,0.0,-0.0008467400508044287,-0.02794242167654526
1551,2025-08-22,000002.XSHE,6.56,0.0,-0.39755952077950574,-0.2906081238047579,-0.701855531881201,-0.74986766916189,-1.217551006685117,-0.1976022902080119,-0.5105433782064716,-1.2239110511915958,-0.2521133630929258,-2.012858030641603,-0.7826886676660253,0.09146341463414642,0.027439024390244038,0.035060975609756184,0.004573170731707377
1552,2025-08-22,000063.XSHE,36.019999999999996,0.07011494252873557,-1.453319244011388,-1.184786966280936,1.5903999089429233,1.1111177871522897,1.5151745860970345,1.9465927737512658,1.3022555733962176,1.7080207148941216,1.4533593872415722,1.0607177173920481,1.2875733298354306,0.0,0.0,0.0,0.0
1553,2025-08-22,000100.XSHE,4.78,0.03913043478260883,0.13032034083643548,0.007451490353968125,-0.4891720373717462,0.23535992535738157,-0.2705668903744704,-0.23964533067780167,0.04439507636578011,-0.013636891935282407,-0.16736937549866504,0.4370936525736261,-0.4018695623592579,-0.008368200836820106,-0.025104602510460317,-0.029288702928870425,-0.08368200836820094
1554,2025-08-22,000157.XSHE,7.36,0.005464480874316944,1.9778998564922299,1.6467793682269614,-0.30012004225223077,-1.2972163327837074,0.32468026844936454,0.7693876405971527,-1.287457214607624,0.07159368266023264,-0.7605772886584905,0.7656099010047591,-0.9572240648666906,0.016304347826086918,-0.009510869565217406,-0.024456521739130488,-0.03396739130434778
1555,2025-08-22,000166.XSHE,5.66,0.029090909090909115,-0.6614994515874764,-1.035757159201573,0.6451399333453463,0.8921783217035626,0.4329070245991527,0.706323079892468,1.0062883976243497,0.548884900395117,1.1461624322123771,0.7934502610412958,0.2962591429350677,0.007067137809187329,-0.03710247349823326,-0.04063604240282692,-0.07243816254416968
1556,2025-08-22,000301.XSHE,9.49,0.011727078891257934,-0.06763460726954246,-0.5141528344238024,-0.30012004225223077,-0.20251900554007243,0.9469841163106465,-0.44986053302675044,-0.214576202434604,0.49774655563780784,-0.37922934448431694,0.08073704410595642,-0.7998742638763633,0.01264488935721797,0.025289778714436162,0.035827186512118026,0.04952581664910438
1557,2025-08-22,000333.XSHE,36.019999999999996,0.0016778523489933523,1.0541100986643326,1.0506601399095092,-1.6234840080888386,-1.5161557982324345,-1.6234013422468225,-1.9213669494693923,-1.4354408024935577,-1.8375711882793042,-1.6927611521953592,-0.8101544770632177,1.7311939331169488,0.0,0.0,0.0,0.0
1558,2025-08-22,000338.XSHE,15.2,0.0026385224274405768,-0.5955144688854836,-0.5886677379634839,0.17250994554655774,0.23535992535738157,0.0,-0.21862381044290677,0.2663704581946808,0.2420548318512627,0.0656765903855521,0.30345992439825,-0.548837096132048,0.011842105263158098,-0.022368421052631593,-0.02828947368421053,-0.044736842105263186
1559,2025-08-22,000408.XSHE,36.019999999999996,-0.00891561268919759,0.6746964481278749,1.3487197540682354,-0.4891720373717462,-0.20251900554007243,-0.8658140491983054,-0.15555924973822213,-0.5475392751779551,-0.5420664544274757,-0.6334613072670993,0.5484550927197729,-0.5471500258132066,0.0,0.0,0.0,0.0
1560,2025-08-25,000001.XSHE,12.19,0.026958719460825637,-1.2614179341031146,-1.3148899316041185,1.45152899254027,1.5530926277831385,1.3448273147648042,-0.2350085176507459,1.8499085596021871,1.4672124333805374,-0.8748391874444462,1.6766274956478542,1.7311939331169488,-0.007383100902379036,-0.029532403609515923,-0.04511894995898269,-0.05988515176374065
1561,2025-08-25,000002.XSHE,7.16,0.07507507507507508,0.15278435438085775,0.06362370636794117,-0.1612809991711411,-1.2220258607321874,-0.9303411742007773,0.826320271739719,-1.1838095773568362,-1.0143307943243887,1.4360567793899404,-0.07628411645251616,-0.6851901249006747,-0.023743016759776525,-0.0544692737430168,-0.04888268156424591,-0.05586592178770955
1562,2025-08-25,000063.XSHE,36.019999999999996,-0.036569987389659414,-1.2614179341031146,-0.7846923785379416,0.7142444249007677,0.968857156516754,1.0745102665708737,2.115076658856712,0.6628014625312649,1.0329423685321755,0.22558746342907116,-1.6993504239528592,1.2397296686977943,0.0,0.0,0.0,0.0
1563,2025-08-25,000100.XSHE,4.74,-0.016597510373443997,-0.6553312390385551,-0.7846923785379416,1.2672078506303943,0.48199426379476706,0.9844045838395635,-0.007580919924217714,0.6628014625312649,0.8623362716274618,-0.7647965223570945,1.1572462772477445,-0.4139812314230259,0.00843881856540074,-0.008438818565400852,-0.03164556962025322,-0.07383966244725748
1564,2025-08-25,000157.XSHE,7.48,0.013550135501355086,1.1124216215664102,1.23005832311353,-0.9446458522881122,-0.3943589431048095,-0.27707497439877876,-1.2205281077990346,-0.722156817384811,-0.45598356809078017,-0.10454053183298408,-0.4820506933276019,-0.9430279445451495,0.0,-0.022727272727272818,-0.03342245989304815,-0.03743315508021394
1565,2025-08-25,000166.XSHE,5.7,0.0017574692442881873,-0.9583745865708349,-1.1028109103776478,0.1612809991711411,0.968857156516754,0.6239818529143228,0.6557495734448228,0.7947022510947007,0.7227494650690598,-0.7647965223570945,-0.6605879871526397,0.3113415482391438,-0.00877192982456132,-0.03333333333333344,-0.05438596491228076,-0.08070175438596494
1566,2025-08-25,000301.XSHE,9.61,0.010515247108307008,1.061914396977697,1.23005832311353,0.1612809991711411,-0.19961378601601473,-0.5023391812270541,0.06822827931795834,-0.35942964883536255,-0.5645510843028707,0.7758007888658298,0.37817444964757985,-0.7866054215184263,0.019771071800208206,0.020811654526534884,0.027055150884495394,0.06971904266389184
1567,2025-08-25,000333.XSHE,36.019999999999996,0.019394446769917684,1.41546496909869,1.3360978337267653,-1.5897698489726766,-1.5628298856375782,-1.8088715808310514,-1.0689097093146827,-1.38166076020199,-1.6967551819432434,1.6561421095646438,0.6378650588476348,1.7311939331169488,0.0,0.0,0.0,0.0
1568,2025-08-25,000338.XSHE,15.38,0.01384311140408707,0.20329157896957104,0.06362370636794117,0.06912042821620333,-0.004868628927219939,-0.05181076757050334,-0.367674616324554,0.0032975197140858834,-0.08375208393504123,-0.3796471945513634,-0.07628411645251616,-0.5338231240086129,-0.005201560468140465,-0.03771131339401823,-0.06111833550065027,-0.070221066319896
1569,2025-08-25,000408.XSHE,36.019999999999996,0.011784163737854049,0.19066477282239272,0.06362370636794117,-1.1289669941979876,-0.5891041001936043,-0.45728633986139905,-0.7656729123459783,-0.3264544516945036,-0.2698678260129107,-1.2049671827065014,-0.8553559440526808,-0.5161484564363813,0.0,0.0,0.0,0.0
1570,2025-08-26,000001.XSHE,12.1,-0.007383100902378988,-2.1275114546672254,-1.877951295070348,1.3622922481189108,1.836740838427439,0.8305715152816706,-1.3945990601417158,1.958325606530494,0.9945181961073221,-0.9550137093996038,1.2260077204545383,1.7311939331169488,-0.023966942148760273,-0.024793388429751984,-0.03057851239669418,-0.04876033057851237
1571,2025-08-26,000002.XSHE,6.99,0.0014326647564469608,0.8255012899812894,1.0655460326261224,0.3187735271044251,0.6753356244335079,-1.362510575630606,1.7014656509783999,0.0268263781716506,-0.7814071540843245,1.2756752468622445,-0.5365403766048403,-0.7128275927372217,-0.03576537911301858,-0.028612303290414864,-0.0386266094420602,-0.01859799713876964
1572,2025-08-26,000063.XSHE,36.019999999999996,0.0002221728504777853,-1.3221443424903576,-1.5247316157467716,0.5617847361077984,0.976440679913416,1.950443221279429,-0.4082421610238029,0.8852704796644698,2.1311104202299758,-2.070358187530528,-0.22550247712377353,1.1844736399914786,0.0,0.0,0.0,0.0
1573,2025-08-26,000100.XSHE,4.78,0.012711864406779768,0.02013417780442169,0.12362688776325177,0.7905011681109735,0.28820055310219767,0.3639583044492713,0.9069003711334145,0.134131890858253,0.31966656303449636,0.16033076873132035,0.39657332183836014,-0.4018695623592579,-0.025104602510460317,-0.029288702928870425,-0.07740585774058584,-0.08368200836820094
1574,2025-08-26,000157.XSHE,7.48,0.0,0.6241595119370724,0.5945864601946871,-2.182812447930301,-1.432399763925848,-0.6625907593820071,0.030138683028602897,-1.3681452867541806,-0.8524441680919903,-0.11850535080141071,-2.013970399139908,-0.9430279445451495,-0.02540106951871668,-0.0401069518716578,-0.03208556149732622,-0.03475935828877019
1575,2025-08-26,000166.XSHE,5.65,-0.001766784452296782,0.6912734379518114,0.5357165136407576,0.10435187210144854,-0.5720996054118253,0.45728094661575114,0.6329123436006608,-0.6170066979479638,-0.14207402801533173,0.7180030077967825,-0.018143877469728974,0.2924884579499036,-0.03539823008849563,-0.038938053097345215,-0.053097345132743445,-0.07610619469026558
1576,2025-08-26,000301.XSHE,9.8,0.01977107180020825,0.5570455859223334,0.5945864601946871,-0.5817974239080764,-1.088279700520239,-0.709252080465247,0.030138683028602897,-1.0998815050376747,-0.6748516330728257,-0.6761775898668728,-0.6402196764318626,-0.7655966023798401,-0.0071428571428571175,0.003061224489795844,0.008163265306122547,0.05306122448979589
1577,2025-08-26,000333.XSHE,36.019999999999996,0.0038324664659184385,0.8926152159960283,0.9478061395182636,-0.8105138559112514,-0.7441596371146298,-1.0358813280479264,-1.2850038491286144,-0.5097011852613614,-1.1365922241226538,0.7180030077967825,0.39657332183836014,1.7311939331169488,0.0,0.0,0.0,0.0
1578,2025-08-26,000338.XSHE,15.3,-0.0019569471624265727,0.08724810381916066,-0.2295927915603247,-0.12436455990172643,0.11614052139939306,-0.2893001907160877,0.6329123436006608,-0.18778464720155422,-0.28414805603066345,0.7877120376799653,-0.12182317729675125,-0.540495944735154,-0.028758169934640643,-0.03464052287581709,-0.05032679738562096,-0.06666666666666676
1579,2025-08-26,000408.XSHE,36.019999999999996,0.02032436871279002,-0.2483215262545342,-0.2295927915603247,0.5617847361077984,-0.05591951030341152,0.45728094661575114,-0.8466230050762086,0.7779649669778674,0.42622208404599515,0.16033076873132035,1.5370456199356053,-0.4953932918255512,0.0,0.0,0.0,0.0
1580,2025-08-27,000001.XSHE,11.81,-0.020729684908789386,-2.3861933951209653,-2.7221251326019993,1.1669544642874814,1.3756378415951693,1.0469350282874643,-1.19417592015725,1.8568114240444478,1.2089802761213986,-1.4538780787569183,1.1097949417074493,1.7311939331169488,0.0016934801016088574,-0.014394580863674844,-0.025402201524132195,-0.023708721422523338
1581,2025-08-27,000002.XSHE,6.74,-0.03021582733812949,1.0355178884487208,0.44747262453731496,0.6717289571361019,0.582000625290264,0.46147794010039545,0.5808085170157952,0.7618857685882623,0.6626827053789199,1.8022030351257634,1.713391696158967,-0.7534708785797056,0.004451038575667532,0.010385756676557722,-0.023738872403560873,0.017804154302670572
1582,2025-08-27,000063.XSHE,36.019999999999996,-0.02649006622516547,-0.4052026520016734,0.07457877075621917,0.6590308672091435,1.044955668134792,0.6336712013318863,0.23421392277490477,0.39691055010286713,0.4014099541542561,-0.8480955459415357,-0.31688829608704666,1.122479201788912,0.0,0.0,0.0,0.0
1583,2025-08-27,000100.XSHE,4.66,-0.02510460251046027,-0.4052026520016734,0.44747262453731496,0.4558614283778083,0.38359132121403766,0.4270392878540973,0.23421392277490477,0.4881543547242159,0.1638892712227436,-0.3180358297280759,-0.20714343164131618,-0.43820456955056186,0.008583690987124415,-0.015021459227467893,-0.07510729613733913,-0.0622317596566524
1584,2025-08-27,000157.XSHE,7.29,-0.022788203753351197,0.8554278208924215,0.44747262453731496,-1.169494082272873,-1.468228850164075,-1.4326479334460038,0.9063973782723893,-1.519209346945457,-1.0712182800211214,0.8935292359026895,-1.0439480230400109,-0.9655051489974471,0.00274348422496562,-0.008230452674897082,-0.017832647462277085,-0.021947873799725626
1585,2025-08-27,000166.XSHE,5.45,-0.03197158081705146,-0.2251125844453741,-0.11186815613432874,1.268539183703149,0.9126827987506412,1.597953464228235,0.8223744463352037,0.5793981593455647,1.5890133688118189,-0.9238183625434585,0.012346297250144755,0.21707643142952163,0.011009174311926495,-0.011009174311926717,-0.044036697247706424,-0.044036697247706424
1586,2025-08-27,000301.XSHE,9.73,-0.003073770491803213,-0.13506755066722445,-0.20509161957960273,-1.3726635211042082,-0.41004589509086775,-0.7783135407663386,-0.1438892709424303,-0.6523932030426438,-0.8812017336759115,0.5906379694949981,-0.5363780249785076,-0.7733367464787791,0.008221993833504637,0.014388489208633004,-0.008221993833504637,0.027749229188078095
1587,2025-08-27,000333.XSHE,36.019999999999996,-0.01593354214898545,0.9004503377814964,0.354249161092041,-1.169494082272873,-1.335955980779924,-1.1571387154756185,-2.286474035340662,-1.0629903238387133,-1.3562430995389365,0.28774670308730677,1.1097949417074493,1.7311939331169488,0.0,0.0,0.0,0.0
1588,2025-08-27,000338.XSHE,14.86,-0.02939255388634886,0.4052026520016734,0.6339195514278628,0.049522550715137933,-0.5423187644750186,-0.7438748885200405,0.5282941845550543,-0.5155274961106207,-0.7861934605033065,0.5906379694949981,-0.48150559275564236,-0.5780309587028868,-0.004037685060565233,-0.02826379542395696,-0.024899057873485786,-0.04508748317631228
1589,2025-08-27,000408.XSHE,36.019999999999996,-0.037401970641463896,0.36018013511259855,0.6339195514278628,-0.5599857657788676,-0.5423187644750186,-0.05510184359407712,0.31823685471209034,-0.3330398868679231,0.0688809980501386,-0.6209270961357671,-1.359464508321486,-0.5453110304869757,0.0,0.0,0.0,0.0
1590,2025-08-28,000001.XSHE,11.83,-0.0008445945945945766,-1.5000438829754297,-1.6645310683786059,1.161082949432893,0.9559391077548426,0.6662157095110472,-0.771078652217604,1.469424839875298,1.1721276521398454,-2.059572599541635,2.6121930453381115,1.7311939331169488,-0.002535925612848655,-0.008453085376162295,-0.02789518174133554,-0.019442096365173356
1591,2025-08-28,000002.XSHE,6.77,0.0029629629629629,0.6396918193372189,1.006938547537675,0.47173218783711246,1.3715648067786872,0.3687979820507583,0.19387626272750316,0.45893211331348854,-0.030577243099300315,1.046132114052894,-1.153919308376517,-0.7485935504239756,0.002954209748892156,-0.00738552437223039,-0.03545051698670598,0.00886262924667669
1592,2025-08-28,000063.XSHE,36.019999999999996,0.07772727272727277,-0.2518647232930514,-0.6370427545646516,0.7826158646352095,0.837188908033744,0.5472486185269316,1.920171752766915,0.6273475677404569,0.5605827901538392,1.2095902568736587,-0.5408312507950658,1.3461984796307265,0.0,0.0,0.0,0.0
1593,2025-08-28,000100.XSHE,4.7,0.00858369098712447,-0.9651099573972675,-0.6370427545646516,0.7826158646352095,0.7184387083126456,0.8446663459872206,-0.1336772405107442,1.0483862038078775,0.7236614200167741,-0.47947721894090983,-0.19049521789137944,-0.4260929004867939,-0.01276595744680864,-0.0617021276595745,-0.08510638297872353,-0.057446808510638436
1594,2025-08-28,000157.XSHE,7.31,0.002743484224965648,1.085470090652354,1.006938547537675,-1.1637862857528762,-1.5378150863882247,-1.5941590191871489,-1.2668353057673838,-1.4778456125966466,-1.5186697405985823,-0.47947721894090983,-0.2999752281737814,-0.9631391010574752,-0.017783857729138153,-0.009575923392612817,-0.03146374829001364,-0.017783857729138153
1595,2025-08-28,000166.XSHE,5.51,0.011009174311926533,-0.2518647232930514,-0.08904898719720936,0.7826158646352095,-0.11281268973504352,1.0231169824633939,1.4244150992171354,0.12210120445955198,1.0090490222769104,1.046132114052894,-0.5408312507950658,0.23970003938563633,-0.014519056261342977,-0.029038112522686066,-0.05081669691470048,-0.029038112522686066
1596,2025-08-28,000301.XSHE,9.81,0.011340206185567135,0.2830692022851108,0.253447117407442,-0.5149855689568478,-0.46906328889833887,-0.7613893822983397,-0.2044996195892842,-0.42524902242809487,-0.7032765912839073,-0.04358883808553724,0.1598408150123069,-0.7644907958007245,0.0020387359836899765,0.007135575942915473,-0.015290519877675823,0.029561671763506547
1597,2025-08-28,000333.XSHE,36.019999999999996,0.010794353722668158,1.8878709790195973,1.691930756746978,-1.9207204553482429,-1.5378150863882247,-1.7131261101712645,-0.9835457894532239,-1.6462610670236149,-1.6817483704615173,0.39229954276983525,-0.19049521789137944,1.7311939331169488,0.0,0.0,0.0,0.0
1598,2025-08-28,000338.XSHE,14.8,-0.004707464694014694,-0.3410203775560784,-0.3630458708809305,-0.5149855689568478,-0.11281268973504352,0.07138025459046934,-0.04514926666256923,-0.21472970439438452,0.11211655803076782,0.0653832571283059,-0.10291120966545785,-0.5830356160773651,-0.002027027027027062,-0.018243243243243334,-0.031081081081081097,-0.03648648648648656
1599,2025-08-28,000408.XSHE,36.019999999999996,0.021948160535116997,-0.5861984267794027,-0.5685435336437213,0.13381514783918091,-0.11281268973504352,0.5472486185269316,-0.1336772405107442,0.037893477246067855,0.35673450282517033,-0.6974214093685961,0.2474248232382285,-0.5174620723317719,0.0,0.0,0.0,0.0
1600,2025-08-29,000001.XSHE,11.8,0.0,-1.0987474024369441,-0.8086611367941261,1.5365194375181155,1.5149090016509315,1.2187364879351819,-0.02817247315710518,1.3278414346552272,1.0708110949908916,-0.4100251692945628,0.5057822111476734,1.7311939331169488,-0.013559322033898313,-0.02457627118644079,-0.027118644067796627,-0.027118644067796627
1601,2025-08-29,000002.XSHE,6.79,-0.014513788098693707,0.3422327974803597,0.9883636116372653,-1.3157022728448533,-1.2620478866212679,-1.531334483217258,-1.33964967184993,-1.0922053047643714,-1.7118408661419016,-2.3992561886444217,-2.1384287407489775,-0.7453422214112088,0.002945508100147265,-0.030927835051546393,-0.02945508100147276,0.02209131075110471
1602,2025-08-29,000063.XSHE,36.019999999999996,-0.014530470613749766,-1.45899245241627,-0.6452952505730906,0.9640304920689173,1.1085250667818294,0.3482104251243377,1.2930193714519629,1.3278414346552272,0.517194474451383,-0.8565872348628986,0.2598090993433338,1.212765155023935,0.0,0.0,0.0,0.0
1603,2025-08-29,000100.XSHE,4.64,-0.012765957446808616,0.3422327974803597,0.6616318391951941,0.4733256816838905,0.3860647381256473,0.3482104251243377,0.04954469417283999,0.1178180649454278,0.3423681732283803,0.8484679245798378,0.5057822111476734,-0.444260487741591,-0.010775862068965525,-0.07112068965517249,-0.05603448275862066,-0.049568965517241326
1604,2025-08-29,000157.XSHE,7.18,-0.017783857729138153,1.5130292099131692,1.6418271565214078,-0.1809473988294787,-0.8782408370226712,-0.6014543706693105,0.982150702132182,-1.0285198642533293,-0.5609010497571337,0.5236955132574119,-1.0469230571172203,-0.9797012693189883,0.0069637883008357715,-0.0027855153203342198,-0.00974930362116988,-0.012534818941504211
1605,2025-08-29,000166.XSHE,5.43,-0.016304347826086932,-0.7385023524576182,-1.2987587954572328,0.800462221940575,0.47637227920767006,0.8230428230211618,0.7684284919748329,0.5636161485227222,0.48805675758088257,0.5236955132574119,0.751755322952013,0.20953522877748337,-0.007366482504604033,-0.04051565377532229,-0.03314917127071815,-0.029465930018416242
1606,2025-08-29,000301.XSHE,9.83,0.0,0.5223553224700227,0.4165830098636407,-0.6716522092145056,-0.1557805083664892,-0.38382285496659946,0.2826961961626755,-0.48719361990947185,-0.32779931479313007,0.8484679245798378,-0.2321371242653454,-0.7622793499607832,0.004069175991861629,-0.01831129196337744,0.01322482197355046,0.021363173957273496
1607,2025-08-29,000333.XSHE,36.019999999999996,0.0028751369112814036,1.332906684923506,0.4982659529741585,-1.489493559856217,-1.6007011656788535,-1.5511191664629589,-1.9711016564057344,-1.4743179478306236,-1.493307989613148,0.1989231019349859,0.5057822111476734,1.7311939331169488,0.0,0.0,0.0,0.0
1608,2025-08-29,000338.XSHE,14.77,-0.0027008777852802783,-0.7385023524576182,-1.2987587954572328,0.39154154661971935,0.3860647381256473,1.139597754952378,-0.08646034865456406,0.6909870295448064,1.1873619624728933,0.1989231019349859,1.305194824511777,-0.5863719427814906,-0.022342586323628955,-0.018957345971563955,-0.016926201760325,-0.05280974949221395
1609,2025-08-29,000408.XSHE,36.019999999999996,0.0633946830265849,-0.018012252498966298,-0.15519759190998383,-0.5080839390861633,0.02483457379755629,0.18993295915872968,0.04954469417283999,0.05413262443438573,0.48805675758088257,0.5236955132574119,-0.4166169581186001,-0.43286477364106024,0.0,0.0,0.0,0.0
1610,2025-09-01,000001.XSHE,11.64,-0.013559322033898317,-1.566482147095545,0.19541630622763878,1.7091749669761966,1.3734545889668246,0.8381730684887424,0.9774139173797124,1.4169165132014525,0.5057346505557576,-1.1823654817522244,1.2002426419450427,1.7311939331169488,0.0077319587628865705,-0.012027491408934776,-0.015463917525773141,-0.019759450171821347
1611,2025-09-01,000002.XSHE,6.81,0.007396449704141985,0.01982888793791829,-0.45597138119782354,-0.5227888374011329,0.17582257261356385,-0.12557993709064783,0.013766393202531112,0.16071934373993005,-0.2090081104009876,-0.33915713501925937,-0.04138767730844975,-0.7420907250801523,-0.013215859030836996,-0.041116005873715,-0.007342143906020504,0.023494860499265746
1612,2025-09-01,000063.XSHE,36.019999999999996,0.03515203795557478,-1.0377118020843905,-0.8902298394814651,0.45088664772991693,1.2205653953898126,1.305447253012083,0.8397499853544007,0.825764904043089,1.3287717692332217,-1.6508145632705384,-0.13450995125246168,1.3852709813659723,0.0,0.0,0.0,0.0
1613,2025-09-01,000100.XSHE,4.59,-0.0192307692307692,-1.0377118020843905,-1.7587467560487482,-0.7474831801236829,0.2013041048763992,0.37089888396540166,0.9774139173797124,0.08682539259513464,0.6194437261625125,0.1105539832383221,-0.12416303192534925,-0.45940011590087354,-0.039215686274509776,-0.0631808278867102,-0.04357298474945537,-0.03703703703703698
1614,2025-09-01,000157.XSHE,7.23,-0.009589041095890328,0.2842140604434955,-0.021712922914182,-0.5078092145529629,-0.410252669431649,-0.33001239281960937,0.7020860533290891,-0.5782201677080243,-0.4472556973865693,0.5602651014959035,1.2830179965619422,-0.9737862331282036,0.0013831258644536604,-0.020746887966805017,-0.004149377593360981,-0.016597510373444035
1615,2025-09-01,000166.XSHE,5.39,-0.012820512820512872,-0.24455628456765896,0.19541630622763878,0.6905606133006369,0.6090086210817646,1.188628706881248,0.5644221213037776,0.6040830506087027,0.679005622908908,-0.18925342893339883,-1.1071203680010309,0.1944528234734073,-0.007421150278293154,-0.029684601113172393,-0.027829313543599188,-0.02226345083487946
1616,2025-09-01,000301.XSHE,9.87,-0.004036326942482434,0.01982888793791829,0.19541630622763878,-0.028461283411523,0.09937797582505783,-0.2716031197541918,-0.1238975388227805,0.4008746849605152,0.03465419447063006,-0.18925342893339883,1.2002426419450427,-0.757856458280901,0.0010131712259373593,-0.02127659574468077,0.041540020263424626,0.014184397163120588
1617,2025-09-01,000333.XSHE,36.019999999999996,-0.012880719173487293,1.2095621642130159,-0.45597138119782354,-1.945853007977283,-2.0410707342531103,-2.082290584782137,-1.7758647231265197,-2.2777810440383193,-2.3532363932712235,1.9843503093115782,-1.4485687057957413,1.7311939331169488,0.0,0.0,0.0,0.0
1618,2025-09-01,000338.XSHE,14.44,-0.01701837985023826,1.0773695779602273,1.7153209102203841,0.21121268215919697,-0.410252669431649,-0.680468031212115,-1.2252089950252734,-0.4304322654184334,-0.4905734404748569,0.3354095423671128,0.20693838654224875,-0.6138976420002666,0.006232686980609303,-0.006925207756232621,-0.00969529085872567,-0.03808864265927969
1619,2025-09-01,000408.XSHE,36.019999999999996,0.014590132463044692,1.27565845733941,1.2810624519367426,0.6905606133006369,-0.8179571856370144,-0.21319384668877422,-0.9498811309746501,-0.20875041198404712,0.33246367820260725,0.5602651014959035,-1.0346919327112436,-0.409745066954869,0.0,0.0,0.0,0.0
1620,2025-09-02,000001.XSHE,11.73,0.011206896551724205,-2.461323419737375,-1.858079389152531,1.1673453693580005,2.17341904164852,0.9370654828727182,1.0234754096909022,1.9825178186755943,0.8176836783684985,-1.1777432580541394,0.9671343069916859,1.7311939331169488,-0.018755328218243883,-0.021312872975277064,-0.018755328218243883,-0.02813299232736577
1621,2025-09-02,000002.XSHE,6.72,-0.011764705882352951,1.1450112611965075,1.5960425522207637,0.3201672973451255,0.17249357473400953,-2.0000054335940103,0.943097759715177,0.03180509869533039,-1.8200056066911743,-0.9526071513771236,0.8756074009672361,-0.7567222075924723,-0.02083333333333326,-0.019345238095238027,0.02083333333333348,0.04761904761904767
1622,2025-09-02,000063.XSHE,36.019999999999996,-0.05937893411665964,0.18332201294747238,0.16675071441112463,1.2113546198521759,0.7934704437764438,-0.1818186757812736,-0.26256698992070265,0.6255002743414977,0.41188532682085655,-1.3465953380619013,0.4751771871102684,1.1716602380191299,0.0,0.0,0.0,0.0
1623,2025-09-02,000100.XSHE,4.41,-0.03711790393013099,0.66416663707199,0.16675071441112463,1.0353176178754746,0.37948586441482096,1.0303058294272174,-0.7984179897588713,0.6255002743414977,1.1930471535500673,0.3419254620157179,0.4789908081946205,-0.5139025430286843,-0.02267573696145142,-0.006802721088435382,-0.006802721088435382,-0.0113378684807256
1624,2025-09-02,000157.XSHE,7.24,-0.0068587105624142415,0.9045889491342488,1.1196119396175508,-1.4292004097983437,-1.5524421726060857,1.1235461759817167,-2.4059709892733774,-1.8340940247640525,0.6553643377494417,1.3831799553969164,-2.541397090612222,-0.9726032928173627,-0.011049723756906049,-0.017955801104972413,-0.002762430939226568,-0.006906077348066253
1625,2025-09-02,000166.XSHE,5.35,-0.00925925925925939,-0.057100299114786424,-0.07146459189048192,0.15513260799196804,-0.17249357473400953,0.5641040966547209,0.1929063599417407,0.03180509869533039,0.8176836783684985,-0.38976688468458376,-0.1273749442173593,0.17937041816933083,-0.0261682242990654,-0.01869158878504662,-0.024299065420560706,-0.013084112149532645
1626,2025-09-02,000301.XSHE,9.88,-0.0020202020202019773,0.18332201294747238,0.16675071441112463,-0.37297839793813586,-0.31048843452121716,0.004662017327725032,0.05894360998219854,-0.20143229173709246,-0.22724707686667955,0.17307338200795597,-0.2532244400009777,-0.7567506517017852,-0.02327935222672073,0.00809716599190291,0.04453441295546545,0.0010121457489877805
1627,2025-09-02,000333.XSHE,36.019999999999996,0.026169491525423822,0.06311085691634298,0.16675071441112463,-1.6052374117750452,-0.8624678736700476,-0.7412607551082695,0.38045420988509976,-0.901144463034361,-0.9678290684411262,1.6083160620739323,-0.37526031470024407,1.7311939331169488,0.0,0.0,0.0,0.0
1628,2025-09-02,000338.XSHE,14.53,0.0013783597518952154,-0.537944923239304,-1.2625411233985147,-0.46099689892648654,-0.31048843452121716,0.19114271043672365,0.4876244098527335,-0.1378220943464317,0.24956598620179973,0.2997124420137774,0.11288318409682137,-0.606390572279404,-0.002752924982794114,-0.0006882312456985007,-0.01720578114246385,-0.05092911218169305
1629,2025-09-02,000408.XSHE,36.019999999999996,0.00772564537403423,-0.08715308812256878,-0.1905722450412852,-0.020904393984733264,-0.31048843452121716,-0.9277414482172681,0.38045420988509976,-0.22263569086731272,-1.130148409060183,0.06050532866944802,0.3874639021701707,-0.3926678929965007,0.0,0.0,0.0,0.0
1630,2025-09-03,000001.XSHE,11.51,-0.018755328218243873,-1.9270241618207107,-0.6238502938920436,2.3087429579029957,2.270388836649313,1.0129363265079967,0.4194069417053574,2.347972659014019,0.5409650999256825,-0.7705747246528271,0.5035663942245743,1.7311939331169488,-0.0008688097306689402,-0.004344048653344812,0.0017376194613378804,-0.009556907037358786
1631,2025-09-03,000002.XSHE,6.58,-0.025185185185185175,1.0868943708412024,0.6238502938920436,0.7335151644336879,0.8872396196712768,2.2568932187107995,1.5601938231439296,0.5479485235804982,2.3562842271930733,1.83158393158221,-0.4682284016474111,-0.7794825145915792,-0.0075987841945288626,0.027355623100303816,0.042553191489361764,0.0714285714285714
1632,2025-09-03,000063.XSHE,36.019999999999996,-0.019634091923248605,-0.7214567487559455,-0.6238502938920436,0.2084392332772519,0.11132664429335412,-1.001089118010827,-0.788485050406072,0.23029720556281805,-0.8144731817673027,-1.2238539744486079,1.9060429746307348,1.1116875067155578,0.0,0.0,0.0,0.0
1633,2025-09-03,000100.XSHE,4.31,-0.027088036117381517,0.4841106643088199,1.2477005877840872,-0.04614303637435344,-0.15855612975114072,-0.764144948067436,0.15098649901392866,-0.19323788512742204,-0.6874008428585853,-0.5187529192107267,0.5035663942245743,-0.5441817993472494,-0.002320185614849146,0.018561484918793614,0.013921113689095321,0.013921113689095321
1634,2025-09-03,000157.XSHE,7.16,-0.012413793103448256,0.18271881104262855,0.0,-0.04614303637435344,-0.9682044518846252,-0.290256608180654,-0.9226952717517863,-0.2991216577999821,-0.3303880811626651,0.421381821106448,-0.11484847587578007,-0.98206731725896,-0.011173184357541888,0.005586592178770999,-0.0041899441340782495,0.0516759776536313
1635,2025-09-03,000166.XSHE,5.21,-0.029795158286778426,-0.4200648954897541,-1.2477005877840872,-1.3190543846323801,-0.15855612975114072,-0.290256608180654,0.18453905435035725,-0.7226567484902222,-0.42720510128359257,-0.720210363564407,0.16122959113330668,0.12658199960506358,0.0038387715930903177,0.0057581573896352545,0.0,0.02303262955854124
1636,2025-09-03,000301.XSHE,9.65,-0.021298174442190575,-0.4200648954897541,0.0,-0.8098898453291694,0.11132664429335412,-0.6456728630957406,0.8220376057425005,-0.5903020326495222,-0.7600136079492809,-0.5859054006619535,-0.20319345731868782,-0.7821825298385439,0.0010362694300518616,0.06528497409326417,0.03626943005181338,0.021761658031087983
1637,2025-09-03,000333.XSHE,36.019999999999996,-0.01209412383331126,0.6348065909419155,-0.1559625734730109,-0.8098898453291694,-0.6983216778401304,0.3021038166778235,0.15098649901392866,-0.7226567484902222,0.15369701944197245,1.4958215243260762,-1.616713160405212,1.7311939331169488,0.0,0.0,0.0,0.0
1638,2025-09-03,000338.XSHE,14.49,-0.00275292498279416,1.5389821507404895,1.8715508816761308,-0.1734341712001561,-1.2380872259291202,-0.764144948067436,-1.9963770425175014,-1.1461918391804622,-0.7660646717068389,-0.015109308326525999,-1.263333234633581,-0.6097270663018196,-0.010351966873705987,-0.013112491373360902,-0.020703933747412084,-0.03864734299516914
1639,2025-09-03,000408.XSHE,36.019999999999996,-0.02091743119266056,-0.43890188631889104,-1.0917380143110764,-0.04614303637435344,-0.15855612975114072,0.183631731706128,0.4194069417053574,0.5479485235804982,0.7345991401675375,0.08561941385031414,0.591911375667482,-0.395820504218122,0.0,0.0,0.0,0.0
1640,2025-09-04,000001.XSHE,11.5,-0.0017361111111110742,-2.1505606320279536,-2.28173466293713,1.2180194937955298,1.457568000986607,0.8227066442691177,1.8846587025989825,1.99283542929426,1.2434325073934451,-1.1686522424153014,1.502468817840863,1.7311939331169488,-0.0017391304347825765,0.0008695652173913437,0.008695652173912993,-0.02869565217391301
1641,2025-09-04,000002.XSHE,6.53,-0.009104704097116785,-0.45274960674272696,-0.39240022865797775,-1.729813472650912,-1.736306104760938,-1.218595555797114,-2.0386097428639847,-1.3317784779667754,-1.20477657452111,1.302506684277847,-2.04882111523754,-0.7876111717600761,0.009188361408882129,0.050535987748851374,0.04594180704441042,0.03675344563552829
1642,2025-09-04,000063.XSHE,36.019999999999996,-0.06991573673422896,-1.0186866151711358,-0.9737339007438707,0.7664365712760748,1.457568000986607,-0.1670156345508735,0.7921029329763839,1.0650361993609478,0.29850970384747644,-1.6491553670500803,1.1853893595302911,0.902793800602552,0.0,0.0,0.0,0.0
1643,2025-09-04,000100.XSHE,4.3,-0.00692840646651276,1.2450614185424995,0.7702671155138081,0.3650295290365593,-0.2845451476029631,-0.2907309194033724,-0.30045283664621464,-0.32666264553902047,-0.24911601184393722,0.4101437385275435,0.25366356664845735,-0.5472095911244738,0.018604651162790642,0.018604651162790642,0.03023255813953485,0.027906976744185963
1644,2025-09-04,000157.XSHE,7.08,-0.011173184357541908,0.5376401580069885,0.7702671155138081,0.46538128959643815,0.41230011183286486,0.32784550485912206,0.2954866740570209,0.21455357192207833,0.04080348469857589,-0.10468103786686243,0.13658807434916936,-0.9915313417005573,0.004237288135593209,0.0197740112994349,0.01412429378531077,0.04943502824858759
1645,2025-09-04,000166.XSHE,5.23,0.0038387715930903,0.11318740168568187,0.47960027947086165,0.9671400923958325,0.29615923526022686,2.0598594927941063,0.17133260932718017,0.3691867769109637,1.5870407995919793,-0.6195058142612684,0.10244105576187701,0.1341232022571018,0.003824091778202643,-0.0019120458891014325,0.022944550669215857,-0.01147227533460815
1646,2025-09-04,000301.XSHE,9.66,0.0052029136316337895,-0.02829685042142034,-0.2470668106365045,-1.039895118801745,0.06387748211495088,-1.1567379133708646,0.19616342227314834,-0.3073334949154098,-0.8933815597161886,0.06692722093127286,0.09756291024940668,-0.7810767232594282,0.031055900621118182,0.06832298136645965,0.04554865424430643,-0.0010351966873706209
1647,2025-09-04,000333.XSHE,36.019999999999996,-0.005164878823996829,0.9620929143282951,0.6249336974923348,-1.2405986399215025,-1.097531283611429,-0.9093073436658669,-0.4990993402139598,-1.2544618754723327,-1.5054338301948273,1.6114015501144907,-0.9951416845439481,1.7311939331169488,0.0,0.0,0.0,0.0
1648,2025-09-04,000338.XSHE,14.34,-0.0110344827586207,0.5376401580069885,0.47960027947086165,0.06397424735692271,-0.4006860241756011,0.45156078971162095,-0.3997760884300872,-0.40397924803346313,0.47031384994674347,0.22137465384959465,-0.2146384025486947,-0.623072875073192,0.012552301255230214,-0.004184100418410108,-0.00557880055788007,-0.036262203626220346
1649,2025-09-04,000408.XSHE,36.019999999999996,-0.033146067415730264,0.25467165379278406,0.7702671155138081,0.16432600791680158,-0.16840427103032513,0.08041493515412428,-0.10180633307846944,-0.017396235561249713,0.21260763079784292,-0.07035938610723538,-0.019512582049881336,-0.4428483213733452,0.0,0.0,0.0,0.0
1650,2025-09-05,000001.XSHE,11.48,-0.0008703220191470659,-1.036713749003975,-0.8637265847922588,1.2382528750507695,1.2635064360281667,0.1888904752773031,1.0820956307301528,1.6071652250021524,0.28287582474452655,-1.3600732297406155,2.1249474772539343,1.7311939331169488,-0.0017421602787456303,0.00435540069686402,0.0,-0.023519163763066175
1651,2025-09-05,000002.XSHE,6.59,0.009188361408882023,-0.46076166622398895,1.6849748129553903,-0.42391799780614275,0.13978053847600108,-1.4301707413852944,-1.257570597875583,-0.09955890774349618,-1.5142176501030538,-0.3849263857756459,-0.12093197025022391,-0.777856850085196,0.025796661608497695,0.04097116843702597,0.05311077389984842,0.05918057663125964
1652,2025-09-05,000063.XSHE,36.019999999999996,0.01234567901234563,-1.036713749003975,-0.014159452209709163,1.3928734213630405,1.4279541283528738,1.4031863877742512,0.44400484111040667,1.6071652250021524,1.5696834980921766,-1.5140437840508738,0.7356694856888621,0.9688311506482377,0.0,0.0,0.0,0.0
1653,2025-09-05,000100.XSHE,4.38,0.018604651162790715,-1.036713749003975,-0.014159452209709163,-0.46257313438421044,-0.7646817693098883,0.1888904752773031,-0.4067828783825882,-0.5059217964924602,0.39935410552168454,0.915269406177647,-0.6392118427511835,-0.5229862529969378,0.0022831050228309113,-0.0022831050228310223,0.006849315068493178,0.004566210045662267
1654,2025-09-05,000157.XSHE,7.11,0.004237288135593255,1.2670945821159696,-0.5805375405980756,-0.874894591216933,-1.2032089488424407,-0.48571836499877924,0.01861098136390924,-0.9122846852414241,-0.3383416727336494,1.1205634785913248,-0.12093197025022391,-0.9879823534497447,0.012658227848101333,0.002812939521800173,-0.002812939521800395,0.06329113924050622
1655,2025-09-05,000166.XSHE,5.25,0.003824091778202595,0.11519041655599724,0.5522186361786573,-0.25641240596784926,-0.545418179543612,0.32381224333251957,-0.3801957621484321,-0.4246492187426673,0.10538511117933341,-0.5217891007180978,-1.3230533411899497,0.14166440490914003,-0.0019047619047618536,-0.007619047619047636,0.003809523809523707,-0.024761904761904763
1656,2025-09-05,000301.XSHE,9.96,0.031055900621118085,-0.38876765587649065,-1.5716991952777168,-0.46257313438421044,0.002740794872078443,0.32381224333251957,0.550353306047031,-0.16051334105584078,0.3327950879347371,0.43624990387906537,-0.408865232750757,-0.7479048683420206,0.032128514056224855,0.00401606425702794,0.008032128514056103,-0.0381526104417671
1657,2025-09-05,000333.XSHE,36.019999999999996,0.0053092646668435285,1.8430466648959558,1.401785768761207,-1.6995375048823778,-1.422472538608717,-1.8349360455509438,-1.895661387495329,-1.4811927294899738,-1.7582673812551943,1.4627202659474545,-1.0999050627520366,1.7311939331169488,0.0,0.0,0.0,0.0
1658,2025-09-05,000338.XSHE,14.52,0.012552301255230106,0.11519041655599724,-0.014159452209709163,0.7743912361139569,0.9894269488203215,0.9984210836086019,1.1884440956667772,0.5506217142548462,0.8153479654401059,-0.04276959841951621,0.512521207250949,-0.6072248212737255,-0.015151515151515027,-0.022727272727272707,-0.03650137741046833,-0.046143250688705284
1659,2025-09-05,000408.XSHE,36.019999999999996,0.047975436576472845,0.6191484889884851,-0.5805375405980756,0.7743912361139569,0.11237258975521655,0.32381224333251957,0.6567017709836553,-0.18083148549328898,0.10538511117933341,-0.11120095589074215,0.3397612497506291,-0.3895151144565888,0.0,0.0,0.0,0.0
1660,2025-09-08,000001.XSHE,11.46,-0.0008718395815169823,-2.0461407270621343,-2.30928707512097,0.9813377642950525,1.6598888678476147,1.1950178663883257,2.173578465314462,1.9291358666277745,1.9736608048690498,-1.2987642970650424,1.8182073050401366,1.7311939331169488,0.004363001745200545,0.012216404886561838,-0.0043630017452007674,-0.027923211169284534
1661,2025-09-08,000002.XSHE,6.76,0.005952380952380958,0.6890602448461172,1.0481870411896603,0.11827197810722129,1.258597053642697,0.07966785775922171,1.1184432879773445,0.14767382697150638,-0.44111498303857016,0.09468295425646107,0.7145031901595423,-0.7502193822486488,0.01479289940828421,0.010355029585798814,0.031065088757396442,0.035502958579881616
1662,2025-09-08,000063.XSHE,36.019999999999996,-0.001194743130227103,-0.573340203726922,-0.262046760297415,0.21416817657253587,0.3465702031769745,0.3983392887961085,-0.5697729957620434,0.24143498695341523,0.252236480816093,-1.2273054636639396,0.4167935275930663,0.9674834018216711,0.0,0.0,0.0,0.0
1663,2025-09-08,000100.XSHE,4.39,0.0022831050228310015,0.05786002055959761,0.06551169007435383,-0.041555019334969676,-0.3830512771956034,0.8763464353514387,-0.6752865134957552,-0.32113197293803786,0.5690263737841719,0.5948947880641803,-1.4348153493447726,-0.5199584612197135,-0.002277904328018221,0.009111617312072884,0.006833712984054774,-0.004555808656036331
1664,2025-09-08,000157.XSHE,7.2,0.008403361344537886,0.8994603196082904,0.8844078160037759,-0.9365862050112391,-1.1126727575681814,-1.0356821508698821,-1.202854102164314,-0.9774600928113998,-0.7997450505496029,1.0236477884707966,-0.6796493760054186,-0.9773352213790164,0.002777777777777768,-0.002777777777777879,-0.012499999999999956,0.047222222222222276
1665,2025-09-08,000166.XSHE,5.24,0.0019120458891012976,0.2682600953217708,0.18834610896376713,0.7256145683875469,-0.09120268504657224,0.557675004314552,-0.46425947802833173,0.33519614693532407,0.6347752194945279,-0.33407004615015534,-0.26576033292519585,0.1378937199239759,-0.003816793893129833,0.02099236641221358,0.005725190839694472,-0.01526717557251911
1666,2025-09-08,000301.XSHE,10.28,0.02697302697302693,-0.31034011027420544,-0.2211019540009439,-0.041555019334969676,0.054721611027943345,-0.8763464353514387,-0.46425947802833173,-0.11016936297874297,-0.6503158557533393,-0.6199053797545663,-0.04066278317981153,-0.7125214002663818,0.0038910505836575737,-0.017509727626459082,-0.026264591439688623,-0.0768482490272373
1667,2025-09-08,000333.XSHE,36.019999999999996,0.004725029531434564,1.53066054389481,1.1300766537826026,-2.3430637825025196,-1.6963699418662437,-1.5136892974252125,-0.35874596029461997,-1.8213105326485794,-1.469187843236864,1.9526126226851324,-1.202456588317279,1.7311939331169488,0.0,0.0,0.0,0.0
1668,2025-09-08,000338.XSHE,14.3,-0.015151515151515074,0.2682600953217708,0.06551169007435383,0.34202977452628863,-0.3830512771956034,-0.8763464353514387,-0.042205407093484734,-0.22737081295612904,-0.7041103658799941,-0.2804759210993283,-0.273021544207305,-0.6264092017773175,-0.0013986013986014845,-0.002797202797202858,-0.02867132867132871,-0.04055944055944061
1669,2025-09-08,000408.XSHE,36.019999999999996,-0.0072555777253764855,-0.7837402784890951,-0.5896052106691838,0.9813377642950525,0.3465702031769745,1.1950178663883257,0.485362181575074,0.8040019468448684,0.6347752194945279,0.09468295425646107,0.9468619511870359,-0.38636250323496735,0.0,0.0,0.0,0.0
1670,2025-09-09,000001.XSHE,11.51,0.003487358326067929,-2.0390237466733763,-1.478034710648541,1.9092578463957146,2.151348097221553,1.3080561665454704,1.2227500170910377,1.8475187916573794,1.0114197539962355,-1.2649950167891346,0.4010649909332325,1.7311939331169488,0.0017376194613378804,-0.0026064291920069316,-0.009556907037358786,-0.019982623805386623
1671,2025-09-09,000002.XSHE,6.86,0.010309278350515505,0.37272477089728384,0.17471975812778276,0.6637921544816642,0.5635224393590466,1.5009848046790206,0.9309875401278833,0.713268766082601,1.8247534083122745,1.1521929133811861,1.347398115607152,-0.7339620679116554,0.0,0.011661807580174877,0.026239067055393583,-0.014577259475218707
1672,2025-09-09,000063.XSHE,36.019999999999996,-0.02797035620368161,-0.2850248248038052,-0.20305269187823408,0.6501057183067845,-0.339358817072575,0.5363416140112697,-0.26258622926683883,-0.07198125162301479,0.8540003370318409,-0.7278421434179522,-1.0465993724072278,0.890664395800036,0.0,0.0,0.0,0.0
1673,2025-09-09,000100.XSHE,4.38,0.0,0.8112245013646765,0.3636059831307912,-0.6637921544816642,-0.339358817072575,-0.15820148326951117,-0.05039533692999934,-0.5954812634267587,-0.3200861478276024,0.8299011893584767,-0.6804585801226756,-0.5229862529969378,-0.0022831050228310223,0.006849315068493178,-0.004566210045662045,-0.013698630136986245
1674,2025-09-09,000157.XSHE,7.22,0.0027777777777777185,1.3593491644489173,1.4969233331488416,-1.2112496014768512,-1.0865708913608134,-0.3897158490297714,-1.5357315832878757,-1.3807312811323744,-0.5627744156477108,1.1521929133811861,-1.7169186690512541,-0.9749693407573347,-0.012465373961218829,-0.018005540166204925,-0.0041551246537395725,0.05540166204986163
1675,2025-09-09,000166.XSHE,5.22,0.0,-0.7235245552711979,-1.1474838168932762,-0.2258261968855146,-0.21482347135786856,0.38199870350442944,0.5331296169963092,-0.15923125359030543,-0.03804302576639537,-0.5666962814065974,-0.13406385932880532,0.13035251727193767,-0.0019157088122604415,0.00957854406130254,0.011494252873563315,-0.019157088122605304
1676,2025-09-09,000301.XSHE,10.32,-0.0028985507246376196,0.537162169822556,0.741378433136808,-0.4448091756835894,-0.5884295085019877,-1.6244591330844929,-1.005254352445777,-0.573668762934936,-1.3433123580961677,-0.5666962814065974,0.4010649909332325,-0.7080985085864994,-0.03100775193798455,-0.027131782945736593,-0.04166666666666663,-0.09883720930232553
1677,2025-09-09,000333.XSHE,36.019999999999996,0.002090410243010146,0.8660369676731006,1.3080371081458333,-1.4302325802749258,-1.0865708913608134,-1.3157733120708126,-1.3235406909510363,-1.1189812752305024,-1.2973983614815525,1.2596234880554227,-0.5002046516133575,1.7311939331169488,0.0,0.0,0.0,0.0
1678,2025-09-09,000338.XSHE,14.28,-0.001398601398601493,-0.7235245552711979,-0.5808251418842509,0.32163125010967236,1.0305299857891956,-0.003858572762670991,0.9044636785857784,1.0622687739517636,-0.09051616475452692,-1.1307067984463388,1.3023346334798225,-0.6280775324476702,-0.006302521008403339,-0.020308123249299648,-0.03431372549019607,-0.03431372549019607
1679,2025-09-09,000408.XSHE,36.019999999999996,-0.0030886627906977055,-0.17539989218695703,-0.6752682543857551,0.4311227395087097,-0.09028812564316216,-0.23537293852293126,0.5861773400805191,0.27701875624614775,-0.03804302576639537,-0.13697398270965155,0.62638240156988,-0.3826843452642155,0.0,0.0,0.0,0.0
1680,2025-09-10,000001.XSHE,11.53,0.0026086956521738573,-1.7497526089729192,-1.8674864608695925,1.3569250735396612,1.6109130011939892,0.8145096537133331,2.0570024804829026,1.7368366245397693,1.2884215484197148,-1.5589342718196872,2.0563074878300016,1.7311939331169488,0.006071118820468291,-0.010407632263659927,-0.011274934952298254,-0.026886383347788256
1681,2025-09-10,000002.XSHE,6.86,0.007342143906020663,-0.3675422894970045,-0.38428421757966347,-0.3508147751102539,0.11323878239685636,0.7005922196275522,-0.9465852122576189,0.4172289098056429,0.6681748511498302,1.149474107401931,0.2442357552595022,-0.7339620679116554,-0.004373177842565634,0.0160349854227404,0.027696793002915276,-0.00291545189504383
1682,2025-09-10,000063.XSHE,36.019999999999996,0.008343558282208672,-0.6188532566744436,-0.9236304878669103,1.409878247141209,0.5881110956739961,1.2701793900564564,0.23664630306440476,0.8053488259039154,1.100468003792477,-0.6845662123859366,-1.1049698282304892,0.919640075320615,0.0,0.0,0.0,0.0
1683,2025-09-10,000100.XSHE,4.37,0.0,0.3863906120353125,0.42473518785120695,-1.1318740857330833,-0.1424616939831419,-0.267705970101585,-0.3701390894084279,-0.5918828720498656,-0.1917126155197825,0.46704050003900344,-0.4648357922680845,-0.5260142120924524,0.013729977116704761,0.011441647597253857,0.0,0.016018306636155666
1684,2025-09-10,000157.XSHE,7.13,-0.011095700416088776,1.3916344807450685,1.2337545932820775,-0.8141550441237968,-1.3113781574345624,-1.0081692916591605,-1.0982815603758271,-1.290498721026756,-0.8918395692562432,0.2964320981982716,-1.3314787948018016,-0.9856163055097729,0.007012622720897532,-0.0028050490883589907,0.056100981767180924,0.08976157082748948
1685,2025-09-10,000166.XSHE,5.21,-0.0019157088122604958,-0.995819707440602,-0.5191207851514752,0.7744401639226359,1.1725693273997064,0.8145096537133331,1.2378422006445784,0.8829728091235699,0.5366073699107639,-1.409651920209047,-0.1398446663179406,0.12658199960506358,0.026871401151631336,0.011516314779270509,0.02303262955854124,-0.007677543186180413
1686,2025-09-10,000301.XSHE,10.0,-0.03567984570877524,0.07225190306351371,0.4921534716371128,0.13900208070406286,0.14976742187971326,0.07404633215575754,0.23664630306440476,-0.10673297692702494,-0.02255442535526852,0.46704050003900344,-0.4648357922680845,-0.7434819766621382,0.010000000000000009,0.0009999999999998899,-0.014000000000000012,-0.07599999999999996
1687,2025-09-10,000333.XSHE,36.019999999999996,0.00026136957658141966,1.1717373844648094,1.503427728425701,-1.5554994745454653,-1.45749271536599,-2.0334261984311883,-0.855567403386694,-1.2128747378071014,-2.01956083701967,1.4906909110833948,0.16545002775643702,1.7311939331169488,0.0,0.0,0.0,0.0
1688,2025-09-10,000338.XSHE,14.19,-0.013212795549374219,-0.24188680590828504,-0.11461108243603998,0.24490842790715836,0.14976742187971326,0.18796376624153838,-0.12742493241929484,0.26198094336633393,0.19829098958173585,-0.002132605023009179,1.1108787577932193,-0.6355844348502429,0.0049330514446794815,-0.0211416490486257,-0.018322762508809043,-0.026779422128259234
1689,2025-09-10,000408.XSHE,36.019999999999996,-0.008103130755064416,0.9518402881845502,0.15506205270758347,-0.07281061370212817,-0.8730344836402797,-0.552499555316037,-0.3701390894084279,-0.9023788049284835,-0.6662953157035579,-0.21539310732392403,-0.07090715475275856,-0.409745066954869,0.0,0.0,0.0,0.0
1690,2025-09-11,000001.XSHE,11.6,0.006071118820468368,-1.9300053366494274,-1.8883601243022063,1.095575535124665,1.738541060000474,0.23374992262703478,1.4087838721499866,1.705940886627606,0.5272277227722773,-1.542639750059763,1.2011117112823284,1.7311939331169488,-0.010344827586206806,-0.01724137931034475,-0.03706896551724137,-0.037931034482758585
1691,2025-09-11,000002.XSHE,6.83,0.0014662756598240157,0.7429144778548712,0.3292869967644417,1.3169039260589406,0.15804918727277031,0.6328351563805089,1.1097495596653197,0.606697688304985,0.7351485148514852,-0.3871043567565698,1.5858094124047823,-0.7388392287490955,0.016105417276720324,0.030746705710102518,-0.008784773060029338,-0.004392386530014725
1692,2025-09-11,000063.XSHE,36.019999999999996,0.06216610004856732,-0.5149301407353869,-0.7459358498133271,0.7635829487232513,0.8354028470132147,2.0581395626429164,-0.850586488845275,0.35302618099976485,1.1806930693069309,-1.1574612856253654,-0.513998872888612,1.0982105204047652,0.0,0.0,0.0,0.0
1693,2025-09-11,000100.XSHE,4.43,0.01605504587155949,-0.5149301407353869,-0.7459358498133271,0.7635829487232513,1.1364489180089679,0.1197255701260422,1.674592149914135,1.0294835338136854,0.32673267326732675,-0.6182114354172085,1.2011117112823284,-0.5078467921559454,-0.004514672686230181,-0.015801354401805745,-0.0022573363431150906,0.009029345372460584
1694,2025-09-11,000157.XSHE,7.18,0.009845288326300898,0.27122274588352446,0.3292869967644417,-1.5603651560866438,-1.2719196499570566,-0.9064936023828911,-0.9834906277273492,-1.0844456937298164,-1.0173267326732673,1.2691630403113408,-0.8078651723571532,-0.9797012693189883,-0.012534818941504211,0.001392757660167332,0.03481894150417819,0.052924791086351064
1695,2025-09-11,000166.XSHE,5.35,0.026871401151631415,0.11399216855974215,0.06048128511999951,0.3209261668546998,0.08278766952383207,0.23374992262703478,-0.15283975971438535,0.09935467369454465,0.7648514851485149,-0.07896158520905154,0.009617442528061333,0.17937041816933083,-0.014953271028037451,-0.013084112149532645,-0.03364485981308407,-0.03925233644859816
1696,2025-09-11,000301.XSHE,10.1,0.013039117352056068,0.1926074572216333,0.4636898525866628,-1.2283725696852303,-0.6698275079655506,-0.10832313487594299,-0.5847782110811266,-1.1478635705561215,-0.5940594059405941,0.691395343659744,-1.192562873479607,-0.7324245801441424,-0.005940594059405946,-0.0207920792079207,-0.04455445544554448,-0.09306930693069304
1697,2025-09-11,000333.XSHE,36.019999999999996,0.0015702695629416978,2.000759096445129,1.9421212666310947,-0.7857157878166788,-1.2719196499570566,-1.5906397173888465,-0.7176823499632008,-1.4226743701367768,-1.849009900990099,1.577305811858859,-1.021586117425183,1.7311939331169488,0.0,0.0,0.0,0.0
1698,2025-09-11,000338.XSHE,14.26,0.007062146892655342,-0.20046898608782238,0.3292869967644417,-0.3430590059481274,-0.36878143696979754,-0.9064936023828911,-0.45187407219905235,-0.0697596645089355,-0.8391089108910892,-0.1367383548742112,0.004274418901360584,-0.6297456957997329,-0.018934081346423492,-0.03295932678821889,-0.030855539971949453,-0.05469845722300137
1699,2025-09-11,000408.XSHE,36.019999999999996,0.01745265503156327,-0.16116134175687682,-0.07392157070222158,-0.3430590059481274,-0.36878143696979754,0.23374992262703478,-0.45187407219905235,-0.0697596645089355,0.7648514851485149,0.3832525721122258,-0.46591166024830527,-0.3845233405904464,0.0,0.0,0.0,0.0
1700,2025-09-12,000001.XSHE,11.48,-0.008635578583765081,-1.5731331978355394,-1.6761579817645906,1.5111022779111616,1.4711958326185235,1.0928636381186365,2.1152852805666233,1.6722508737237762,1.724770866634617,-1.0465081341720006,1.7596235254168549,1.7311939331169488,-0.0060975609756097615,-0.006968641114982632,-0.023519163763066175,-0.027874564459930307
1701,2025-09-12,000002.XSHE,6.94,0.016105417276720397,0.12050916836421315,0.6613412445057568,1.1009225064911936,0.8144119787709683,1.6962852787976381,0.2417468892076141,0.5729203372681965,1.1570385208036043,0.9689890131222227,-0.6944508275384026,-0.7209562499057186,0.004322766570605152,0.015850144092218965,0.0057636887608070175,-0.02017291066282434
1702,2025-09-12,000063.XSHE,36.019999999999996,0.024401580292818897,-0.4006115596972492,-0.47890228050416883,0.3297845362216542,0.4203416664624352,0.15420775261796715,0.18131016690571058,0.3192286750092165,0.27137606130722414,-1.2945693215312897,0.4999523814797146,1.121121413864941,0.0,0.0,0.0,0.0
1703,2025-09-12,000100.XSHE,4.41,-0.0045146726862301525,-0.4006115596972492,-0.706950985506154,0.06726948251287476,-0.499155728924142,0.020114054689300102,-0.6648039453209388,-0.18815464950874344,0.11808832793285065,0.22480545104435568,-0.7466651754736209,-0.5139025430286843,0.0022675736961450532,-0.009070294784580546,-0.0022675736961450532,-0.013605442176870874
1704,2025-09-12,000157.XSHE,7.09,-0.013908205841446527,1.3581708975101865,1.5735360645136975,-0.8515332054678533,-1.024582812002186,-1.7231040183833715,-1.7526649467552022,-1.1183574111250034,-1.636204620684979,0.6589125289231115,-0.48559343579752967,-0.9903484013897165,0.0028208744710860323,0.06205923836389293,0.06629055007052176,0.07334273624823706
1705,2025-09-12,000166.XSHE,5.27,-0.01310861423220979,-1.0520124697740771,-0.7924692498818984,-0.7202756786134635,1.0771255203099903,0.2883014505466342,0.7252406676228423,0.7420481121075164,0.4530504119731482,-0.8914698920724449,0.3041485767226462,0.14920560756117826,0.0,0.011385199240986799,-0.028462998102466663,-0.024667931688804545
1706,2025-09-12,000301.XSHE,10.04,-0.015686274509803935,0.9673303514640895,0.5188108038795162,-1.507820839739802,-1.6813666658497413,-0.7174012839183687,-0.5439305007171318,-1.5200358763683885,-0.7675741315635293,0.7209278257629337,-1.5820947424371128,-0.7390589176639659,-0.0029880478087648266,-0.017928286852589626,-0.04581673306772904,-0.07071713147410352
1707,2025-09-12,000333.XSHE,36.019999999999996,-0.017915522427095654,1.3581708975101865,1.1744508307602235,-0.3265030980502944,-0.6305124996936531,0.020114054689300102,-0.06043672230190353,-0.8646657488660234,-0.45532134135647234,1.7131725752000897,-0.537807783732748,1.7311939331169488,0.0,0.0,0.0,0.0
1708,2025-09-12,000338.XSHE,13.99,-0.018934081346423534,0.2507893503795787,0.2052438345017866,-0.7202756786134635,-0.367798958154631,-1.1196823777043698,0.06043672230190353,-0.44184631176772343,-0.9549258056877635,-0.5348819352434669,0.29762178323074395,-0.6522667376440306,-0.0071479628305932685,-0.0042887776983560055,-0.010007147962830643,-0.04002859185132246
1709,2025-09-12,000408.XSHE,36.019999999999996,0.0009041591320073104,-0.628601878224139,-0.47890228050416883,1.1173296973479925,0.4203416664624352,0.2883014505466342,-0.30218361150951767,0.8266119995271765,0.08970171064130002,-0.5193781110335114,1.185265698129454,-0.36981087602572926,0.0,0.0,0.0,0.0
1710,2025-09-15,000001.XSHE,11.41,-0.00436300174520076,-1.2410176967392808,-1.402936905326787,1.0048743985497814,1.5082543157840065,0.6270068279570061,1.6263687948038341,1.7674540303686568,0.7674811011623085,-1.1314775668660126,2.1801581454159495,1.7311939331169488,-0.0008764241893075564,-0.02103418054338302,-0.0236634531113058,-0.024539877300613466
1711,2025-09-15,000002.XSHE,6.97,0.007225433526011535,-1.1011847168249955,-0.766684340552734,-1.24484440417361,-0.4052026520016734,-0.15285241079548906,-1.0478617738333427,-0.35275969789157263,-0.3906340934059654,0.6418323040117148,-0.982547094549161,-0.7160789217499883,0.010043041606886627,-0.028694404591104727,0.004304160688665792,-0.022955523672883782
1712,2025-09-15,000063.XSHE,36.019999999999996,-0.02158600318109511,-0.6816857770821401,-0.5121833146431128,1.1762815454239446,0.8329165624478841,1.5004491753598008,-0.010915226810763947,0.5976809389147371,1.1719022802178962,-1.3432160589111144,-0.52395483475422,1.0523885661661234,0.0,0.0,0.0,0.0
1713,2025-09-15,000100.XSHE,4.42,-0.0022573363431150763,0.7166440220607113,0.5058207889953722,0.3192458110531289,-0.5177589442243604,0.06550817605520959,-0.774981103564243,-0.5720921525391826,0.0919139043308154,0.006616827876409431,-0.8560388849505566,-0.5108745839331698,-0.013574660633484115,0.0,-0.011312217194570096,-0.020361990950226172
1714,2025-09-15,000157.XSHE,7.11,0.0028208744710861017,0.9613517369107104,0.887572327859804,-0.6234934967547685,-0.29264635977898634,-0.8703229104477845,0.7531506499427152,-0.4989813343233126,-0.8502036150600424,0.906505419068092,0.535551420634092,-0.9879823534497447,0.011251758087201136,0.04500703234880432,0.06047819971870605,0.09142053445850906
1715,2025-09-15,000166.XSHE,5.27,0.0,-1.2410176967392808,-1.4347495335654898,0.490652957927292,0.9454728546705712,1.3756716971594016,1.2443358564270945,0.9632350299940869,1.5027923358088315,-0.7344678942814468,-0.007379645559918621,0.14920560756117826,0.00189753320683117,-0.018975332068311146,-0.020872865275142205,0.009487666034155628
1716,2025-09-15,000301.XSHE,10.01,-0.0019940179461614732,0.3321033272964272,0.8239470713823988,0.490652957927292,-0.06753377533361224,-0.3712129976461877,-0.6658288354566032,0.031072097741744728,-0.2573589321262831,0.006616827876409431,0.6620596302326964,-0.7423758354464426,-0.011988011988011915,-0.035964035964035856,-0.051948051948051854,-0.06193806193806184
1717,2025-09-15,000333.XSHE,36.019999999999996,-0.0004014452027298426,1.5556419015464222,1.5238248926338571,-1.9947506717480736,-2.093547035341979,-1.8685427360509783,-1.4298947122100822,-1.888086880424842,-1.953170467029827,2.0181325023048764,-1.193394110546835,1.7311939331169488,0.0,0.0,0.0,0.0
1718,2025-09-15,000338.XSHE,13.89,-0.008565310492505298,0.22722859236071336,0.25131976308575094,0.062135090741884114,0.38269139355713594,-0.18404678034558888,0.2073893094045158,0.37834848426712714,-0.11489238041351924,-0.16542069691023575,0.324704404636418,-0.6614418033986659,-0.00719942404607643,-0.005039596832253412,-0.012239020878329732,-0.021598272138228958
1719,2025-09-15,000408.XSHE,36.019999999999996,0.003416651681352234,0.47193630721071234,0.1240692501309403,0.3192458110531289,-0.29264635977898634,-0.12165804124538926,0.09823704129687592,-0.42587051610744264,0.032169866515785385,-0.20512166416869235,-0.1391590305584649,-0.35772547593350335,0.0,0.0,0.0,0.0
1720,2025-09-16,000001.XSHE,11.4,-0.001751313485113798,-1.765862344527958,-1.7427697161773603,1.1231583911335055,2.008768440020926,1.1307750559355567,1.1557325856662493,1.5997432922246844,1.2879139034451745,-1.4057758441918649,1.0583235652179073,1.7311939331169488,0.0,-0.016666666666666607,-0.010526315789473717,-0.026315789473684292
1721,2025-09-16,000002.XSHE,7.04,0.012949640287769763,-0.6584906615093057,-0.8610986961888137,-0.9080855077249617,-0.08035073760083702,0.1634453620673813,2.0803186541992487,-0.1341720180575542,-0.05143891249630314,0.5122168806284966,0.5611245748470783,-0.704698935568725,0.0014204545454545858,-0.008522727272727182,-0.03977272727272729,-0.021306818181818232
1722,2025-09-16,000063.XSHE,36.019999999999996,0.02617558489691905,-0.6584906615093057,-0.625986424191868,-0.0716909611361812,-0.08035073760083702,0.4636511291299185,-0.012165606164907887,0.27866496058107404,0.35619020539892926,-1.157565020979818,-0.08700982331489518,1.1359461490022997,0.0,0.0,0.0,0.0
1723,2025-09-16,000100.XSHE,4.36,-0.013574660633484075,0.29068506679239625,0.07935039179896927,-0.0716909611361812,-0.24105221280251107,0.19680155840766322,-0.20681530480343407,-0.3818742052407311,0.0698792773534684,0.06092447478841155,-0.0781312699154161,-0.5290421711879669,0.002293577981651307,0.00917431192660545,-0.00917431192660556,-0.01146788990825709
1724,2025-09-16,000157.XSHE,7.19,0.012676056338028275,1.4771547271695238,1.6075801597791168,-0.9080855077249617,-0.8838581136092073,-0.7371719391202303,-1.180063797996065,-1.2901155582457133,-0.8861080586627312,0.5122168806284966,-1.9958988042028993,-0.9785183290081474,0.04728789986091786,0.05146036161335177,0.05980528511821981,0.08762169680111254
1725,2025-09-16,000166.XSHE,5.28,0.003802281368821381,-0.6584906615093057,-0.21453994819721292,0.6452186502256307,0.8838581136092073,0.8639254852133015,-0.42579621577177607,0.8566367306751536,0.822052054422052,-1.1124357803958096,0.21486099226739386,0.15297612522805198,0.009469696969697017,-0.030303030303030276,-0.030303030303030276,0.0037878787878786735
1726,2025-09-16,000301.XSHE,9.89,-0.014940239043824561,0.2115870894339211,0.2850736297962968,-0.0716909611361812,-0.40175368800418515,-0.7371719391202303,-0.49878985276122334,-0.030962773397897117,-0.45421530279754463,-0.029334006379605464,0.49009614765124565,-0.7556446778043796,-0.0030333670374116384,-0.03134479271991919,-0.05965621840242663,-0.03842264914054605
1727,2025-09-16,000333.XSHE,36.019999999999996,-0.00897401553710155,1.3189587724525733,1.1373556157852251,-1.505510183859805,-1.6873654896175776,-2.2048445780926342,-0.5961147020804864,-1.5378177454288902,-2.0507626812205384,1.7758356169807348,-0.6463586874820778,1.7311939331169488,0.0,0.0,0.0,0.0
1728,2025-09-16,000338.XSHE,13.79,-0.005050505050505071,0.6861749535847721,0.7846872077898066,-0.0716909611361812,-0.08035073760083702,-0.0033356196340282385,-0.8880892500382758,-0.46444160096845677,-0.22613710587997415,-0.029334006379605464,-0.9304723962654087,-0.6697829547955597,0.010152284263959421,0.00435097897026826,0.0,-0.00870195794053652
1729,2025-09-16,000408.XSHE,36.019999999999996,-0.03174321688242595,-0.24322628037731106,-0.4496522201941587,1.8400680024953173,0.5624551632058592,0.8639254852133015,0.5717834897506707,1.1043389178583305,1.132626620437467,0.8732508053005646,1.413465701197071,-0.389777971490299,0.0,0.0,0.0,0.0
1730,2025-09-17,000001.XSHE,11.4,0.0,-0.9052522329998256,-0.4986597716656409,1.3443300479578575,1.6608928789358357,1.3310024178073425,1.7826486415900147,1.499954879691114,1.2443631553250334,-0.7745073705855255,2.0532682294645106,1.7311939331169488,-0.02017543859649129,-0.02280701754385961,-0.015789473684210464,-0.021052631578947434
1731,2025-09-17,000002.XSHE,7.05,0.0028449502133712054,-2.276846525423804,-2.405300075093091,-0.16945336738964592,0.9368576741157224,0.4436674726024475,0.7938142641286814,0.6728323585464911,-0.4296679953364465,-0.015418982875362681,0.015673803278355082,-0.7030731037440515,-0.039716312056737646,-0.007092198581560294,-0.029787234042553234,-0.03687943262411342
1732,2025-09-17,000063.XSHE,36.019999999999996,-0.0018095453517303392,0.19202320093935699,-0.3519951329404524,1.1183922247716631,0.6516316843381019,1.77466989040979,0.5740732913594961,0.9909564051405768,1.780053123536707,-1.2014945886724921,-0.04310295901547633,1.1244907022722117,0.0,0.0,0.0,0.0
1733,2025-09-17,000100.XSHE,4.37,0.006912442396313422,1.0149797763937438,0.8213219768610555,0.21464093202688483,-0.5770341177808782,0.07394457876707458,-0.41476108610183704,-0.6632886371486687,-0.11160207671076533,0.31668218674783355,-0.4545402950722962,-0.5260142120924524,0.011441647597253857,0.0,0.016018306636155666,0.03203661327231111
1734,2025-09-17,000157.XSHE,7.53,0.04293628808864273,1.0149797763937438,0.8213219768610555,-1.2313611363647603,-1.4546525478658638,-0.887334945204895,-1.952947895486133,-1.4904111582932915,-0.8983967175216608,1.099492086573939,-1.8651825901242505,-0.937112908354365,-0.013280212483399834,0.0013280212483399723,0.031872509960159334,0.04249667994687911
1735,2025-09-17,000166.XSHE,5.33,0.011385199240986812,-0.4937739452726321,-0.20533049421526392,-0.5083601021689378,0.4761079983211048,0.0,0.43673518337875544,0.29108350263358834,0.17298321890168625,-1.0591655159768365,0.5969106748506879,0.1718292155172926,-0.03001876172607887,-0.031894934333958735,-0.03001876172607887,0.009380863039399667
1736,2025-09-17,000301.XSHE,9.86,0.003051881993896171,0.05486377169695918,0.5279926994106785,-0.5083601021689378,-0.48927227477237956,-0.7394457876707458,-0.3048905997172444,-0.39288319754369583,-0.8035349523175104,0.17435311405217802,-0.24555625136089565,-0.7589619302234363,-0.02129817444219062,-0.03752535496957399,-0.06288032454361048,0.0010141987829614951
1737,2025-09-17,000333.XSHE,36.019999999999996,-0.000811359026369199,0.46634205942415263,-0.20533049421526392,-1.5928616534626716,-1.2791288618488668,-1.4788915753414915,0.02472085943653329,-1.4267863489744743,-1.5233683471019468,1.953466522747872,-0.4545402950722962,1.7311939331169488,0.0,0.0,0.0,0.0
1738,2025-09-17,000338.XSHE,13.93,0.010152284263959433,0.46634205942415263,0.8213219768610555,0.21464093202688483,-0.401510431763881,0.07394457876707458,-0.7443725452556148,-0.09066535327931446,0.039060726848767865,0.2810999185739197,-0.24555625136089565,-0.6581054766945403,-0.007896625987078187,-0.015075376884422065,-0.008614501076812608,0.005743000717875146
1739,2025-09-17,000408.XSHE,36.019999999999996,-0.0012836970474967959,0.46634205942415263,0.6746573381358669,1.1183922247716631,0.4761079983211048,-0.5915566301365967,-0.19502011333265187,0.6092075492276741,0.5301098643761353,-0.7745073705855255,0.6426259344125569,-0.39371881917647106,0.0,0.0,0.0,0.0
1740,2025-09-18,000001.XSHE,11.17,-0.021034180543383015,-2.3540472822782292,-2.203370839275234,-0.9833147155713583,-0.9776552322576433,-1.488920020896556,1.745621844053007,0.8141333427600055,-0.0409145903943354,-1.6872958363167665,1.6662031099035373,1.7311939331169488,0.0035810205908684,0.009847806624887934,-0.0008952551477170445,0.001790510295434089
1741,2025-09-18,000002.XSHE,6.77,-0.03008595988538694,1.341595221380152,1.265161320616102,1.5873872587006135,1.3500953207367454,1.2205531540451837,-0.2644881581898495,1.7370375369818738,2.0288823354367462,0.5734215438145606,0.18895086813339082,-0.7485935504239756,0.03101920236336797,-0.001477104874446078,0.004431314623338345,-0.002954209748892156
1742,2025-09-18,000063.XSHE,36.019999999999996,-0.001128668171557498,-0.5062260304490387,-1.0092859973454298,-1.6281112503722488,-1.443205342856521,-1.6953560723206886,1.2378045803284958,-1.5590488709533705,-0.2334538393088546,-1.5930992788112945,1.3870711456155735,1.1325768605950293,0.0,0.0,0.0,0.0
1743,2025-09-18,000100.XSHE,4.42,0.009132420091324209,-0.1982558218108402,-0.09950707016081702,0.40808833320951104,0.6517701548384288,0.6270495062008027,0.6453511059832329,0.5504464301251859,0.21179317380597107,0.24373359254540866,-0.2576602747273511,-0.5108745839331698,-0.004524886877827927,-0.02262443438914019,0.011312217194570096,-0.013574660633484115
1744,2025-09-18,000157.XSHE,7.43,-0.01719576719576718,0.4176845954655567,0.5828271252276426,0.9510748888313136,1.0009327377875872,1.1947486476171671,-1.6398265807770669,-0.10877085146186297,-0.618532337137893,0.9266586344600803,-1.5974937033095769,-0.9489429807359342,0.01749663526244949,0.025572005383580176,0.01749663526244949,0.05114401076716013
1745,2025-09-18,000166.XSHE,5.17,-0.024528301886792434,-0.044270717491740975,-0.1563682531098553,-0.6778847780340943,-1.0940427599073628,-0.2503037123517607,0.01057952632759398,-0.8998315893663217,1.4993994009218183,-0.46274058874563095,0.43372812912437436,0.1114995943009871,-0.009671179883945835,-0.009671179883945835,-0.005802707930367523,0.042553191489361764
1746,2025-09-18,000301.XSHE,9.65,-0.022289766970617922,1.0336250127419535,1.0092859973454298,0.5438349721149617,0.41899509953898995,0.5238314804887364,-0.8781006851903004,-0.47134035633473986,-0.8953075074525144,0.9502077738364484,-1.0821731538548747,-0.7821821952019637,-0.007253886010362698,-0.03626943005181338,-0.050777202072538885,0.02797927461139893
1747,2025-09-18,000333.XSHE,36.019999999999996,-0.011466342911102042,0.3406920433060071,0.24166002753341276,-0.7457580974868196,-0.7448801769582044,-0.2503037123517607,0.05289763163796991,-0.7679881330489119,-0.42599308822337384,1.1150517494710244,0.017177351648490075,1.7311939331169488,0.0,0.0,0.0,0.0
1748,2025-09-18,000338.XSHE,13.82,-0.007896625987078208,-0.044270717491740975,0.24166002753341276,0.6795816110204123,0.8845452101378677,0.36900444192063697,-0.28564721084503747,0.9459767990774153,-0.7148019615951526,0.020016768469912783,-0.3950790879152717,-0.6672807097674657,0.0021707670043413785,-0.0021707670043416005,-0.02460202604920403,0.01013024602026058
1749,2025-09-18,000408.XSHE,36.019999999999996,-0.018934471876740227,0.013473696627921238,0.12793766163533615,-0.1348982224122916,-0.04655501105988782,-0.2503037123517607,-0.6241920533280448,-0.24061430777927276,-0.8110715860524123,-0.08595435872374317,-0.36072438461829154,-0.43654293161181207,0.0,0.0,0.0,0.0
1750,2025-09-19,000001.XSHE,11.21,0.0035810205908684803,-1.830653763354894,-1.8001836419350932,1.078562202902353,1.5944936361097648,0.7128190461325715,2.05469148906536,1.9055767937308523,0.9230835791579236,-1.3119849093576383,2.212692532178345,1.7311939331169488,-0.006244424620874267,0.000892060660124816,-0.004460303300624524,-0.004460303300624524
1751,2025-09-19,000002.XSHE,6.98,0.03407407407407414,-0.1647020448933566,0.030048588863863503,0.2557415532655064,0.5408634800900964,-0.030992132440546584,0.40076025947714455,0.2728390674225685,-0.5176265778332615,0.1514483228700776,0.24210121853350836,-0.7144532572436051,0.002865329512893977,-0.02005730659025795,-0.025787965616045905,-0.05873925501432664
1752,2025-09-19,000063.XSHE,36.019999999999996,-0.004773812230052304,-0.7705026697884612,-0.8440921780848919,1.3454229541359248,1.1027995633005863,1.580598754467876,0.27353478027805106,1.04624114830544,1.3758781999265817,-1.5842515572139575,-0.4968705240833054,1.100905850739608,0.0,0.0,0.0,0.0
1753,2025-09-19,000100.XSHE,4.4,-0.0045248868778279576,-0.1647020448933566,-0.18848660287332533,-0.4336487207545543,-0.3020406447256383,-0.7128190461325715,0.019083821879864068,-0.32869588437522024,-0.3889917423876199,-0.46115163480664073,0.4110090454173515,-0.5169305021241989,-0.006818181818181834,0.009090909090909038,-0.011363636363636576,-0.025000000000000022
1754,2025-09-19,000157.XSHE,7.56,0.025780189959294368,0.44109858000174795,0.4671189723382412,-0.6115558882436022,-1.0044607487387507,-1.27067743006241,-0.23536713651832292,-0.4146294489177615,-0.9704211986019196,-0.12081832498624166,0.24210121853350836,-0.9335639201035522,-0.002645502645502562,0.02777777777777768,0.006613756613756738,0.03703703703703698
1755,2025-09-19,000166.XSHE,5.12,-0.009671179883945807,0.36537350188985984,0.030048588863863503,0.6337942841797333,-0.44252466552826075,1.2086931651813169,-1.189558230511524,-0.24276231983267899,1.417041347269187,0.28758164679823717,-0.25758443599786096,0.09264650401174689,0.0078125,0.009765625,0.00390625,0.041015625
1756,2025-09-19,000301.XSHE,9.58,-0.002083333333333289,-0.4676023573409089,-0.4070217946105142,-1.3231845581997939,0.1194114176822291,-0.4028977217271056,0.6552112178753315,-0.1353453641545024,-0.20375757934589617,0.28758164679823717,0.4110090454173515,-0.7899223393009028,-0.009394572025052228,-0.035490605427974886,-0.02609603340292277,0.0041753653444676075
1757,2025-09-19,000333.XSHE,36.019999999999996,0.012885538039753223,1.8798750641276212,1.8875977186299684,-1.412138141944318,-1.144944769541373,-1.1467089003002238,-0.9987200117128838,-1.5317657879707978,-1.5467052613983938,1.9892481959002326,-1.390674441343642,1.7311939331169488,0.0,0.0,0.0,0.0
1758,2025-09-19,000338.XSHE,13.85,0.006540697674418595,0.9333115877290203,1.0134569516812133,-0.5226023044990783,-1.2854287903439956,-0.6508347812514783,-1.253170970111071,-1.1020979652580916,-0.5176265778332615,0.6108982911276163,-1.165464005498518,-0.6647782974210815,-0.009386281588447565,-0.002888086642599208,-0.030324909747292406,0.005776173285198638
1759,2025-09-19,000408.XSHE,36.019999999999996,0.012329286798179033,-0.22149585347727266,-0.18848660287332533,0.989608619157829,0.8218315216953413,0.7128190461325715,0.27353478027805106,0.5306397610501923,0.42912581104666014,0.1514483228700776,-0.20831965315674003,-0.42261853619335527,0.0,0.0,0.0,0.0
1760,2025-09-22,000001.XSHE,11.14,-0.005357142857142744,-1.7784963885794485,-1.8515187142995688,2.4734404334185234,2.0905749441534742,0.5632807082174927,0.5110337881474383,1.955722808625595,-0.2707270151823208,-2.3414039304891423,1.5069873642510174,1.7311939331169488,0.012567324955116588,0.0017953321364452268,-0.0008976660682226134,0.017055655296229766
1761,2025-09-22,000002.XSHE,7.0,0.014492753623188354,0.7176388936373213,0.6704137001833853,0.2917139857054551,-0.9756016406049547,1.4526713001398495,0.7835851418260721,-0.2738496621743398,1.8090301875427925,0.6015806771497055,0.5162344258160925,-0.7112017609125483,-0.034285714285714364,-0.02857142857142858,-0.027142857142857246,-0.06714285714285706
1762,2025-09-22,000063.XSHE,36.019999999999996,0.021093218416874567,-0.8798876869814113,-0.0021016103454024916,0.12011752352577561,0.9756016406049547,1.1562077694990638,0.23848243446880454,0.5985917394430259,0.8050094689858411,0.7746974187755201,-0.16816727507645435,1.184463433575784,0.0,0.0,0.0,0.0
1763,2025-09-22,000100.XSHE,4.37,-0.006818181818181874,0.5179480710599798,0.3341560449189914,-1.056543931420598,-0.5110294307930715,-0.9190369449864352,-0.9879986570850474,-0.7585393297395431,-0.6920571381481843,-0.9564699974826255,-0.5788082956119824,-0.5260142120924524,-0.011441647597253968,0.022883295194507935,-0.009153318077803174,-0.03203661327231111
1764,2025-09-22,000157.XSHE,7.54,-0.0026455026455025894,-1.079578509558753,-1.515261059035175,-0.6643234464384735,0.2322861049059416,0.5632807082174927,1.8737905565406072,0.6955296729560666,0.5898621721522088,0.5150223063367982,1.5591322557475924,-0.9359299680435241,0.010610079575596787,0.0026525198938991412,0.02917771883289122,0.049071618037135334
1765,2025-09-22,000166.XSHE,5.16,0.007812500000000007,-0.3806606305380574,-0.25429485179369793,0.5123380085079002,0.7897727566802014,0.5632807082174927,0.7154473034064136,0.889405539982148,0.5898621721522088,-0.43711977260518187,0.47060764575658937,0.10772890931582296,-0.007751937984496138,-0.00387596899224818,0.03100775193798455,0.03682170542635643
1766,2025-09-22,000301.XSHE,9.49,-0.012486992715920835,0.21841183719396734,0.27110773455691756,-0.27210296145634894,-0.5110294307930715,-0.17787811838447123,-0.7154473034064136,-0.34655311230912034,-0.08247313045289244,0.2553471938980764,-0.9959674275845826,-0.7998739292397833,-0.02002107481559534,-0.03477344573234986,-0.010537407797681753,0.004214963119072657
1767,2025-09-22,000333.XSHE,36.019999999999996,-0.020715630885122495,1.16694324443634,1.0907357692638777,-0.07599271896528667,-0.882687198642578,-1.2155004756272207,-1.396825687602998,-0.9524151967656243,-1.4181792649616933,0.8612557895884274,-0.9959674275845826,1.7311939331169488,0.0,0.0,0.0,0.0
1768,2025-09-22,000338.XSHE,13.72,-0.009386281588447582,1.216865950080675,1.1748001830799761,-0.6643234464384735,-0.6968583147178248,-1.3637322409476136,-0.7154473034064136,-1.2432289973047461,-1.3464634993504827,0.1255096376787155,-1.2045469935708826,-0.6756216938460695,0.005102040816326481,-0.017492711370262426,-0.009475218658892226,0.03425655976676367
1769,2025-09-22,000408.XSHE,36.019999999999996,-0.01204595997034838,0.28081521924938657,0.08196280347069598,-0.6643234464384735,-0.5110294307930715,-0.6225734143456496,-0.306620272888463,-0.5646634627134618,0.016136047262522404,0.6015806771497055,-0.10950427214280747,-0.424194841804166,0.0,0.0,0.0,0.0
1770,2025-09-23,000001.XSHE,11.28,0.013477088948786933,-1.7857103868009598,-1.5435598141017168,2.266939747153241,2.3617913429501396,0.9049976270319153,1.2168323899880253,2.272284802417881,0.5351427795803325,-1.2397716140256272,2.2904681799917657,1.7311939331169488,-0.005319148936170137,-0.010638297872340385,-0.015957446808510634,0.010638297872340496
1771,2025-09-23,000002.XSHE,6.76,-0.02593659942363121,-0.372452372514957,-0.46351796166902876,-0.3579378548136696,0.28222663846574,0.44997088718346623,1.9734121143329117,-0.0896666765150463,0.6876051099450996,-0.5562834347771957,-0.0058880930076909985,-0.7502193822486488,0.01183431952662728,0.00591715976331364,0.019230769230769162,-0.03994082840236679
1772,2025-09-23,000063.XSHE,36.019999999999996,-0.03397734843437711,-0.8435383772769579,-1.0035388878853728,-0.7556465823844136,-0.6832855457591599,-0.10617290596463819,-0.044133817253451654,-0.002186992110123073,0.6571126438721462,-1.2397716140256272,-0.07212913934421379,1.0820380364408404,0.0,0.0,0.0,0.0
1773,2025-09-23,000100.XSHE,4.32,-0.009174311926605512,-0.372452372514957,-0.28351098626358073,0.198854363785372,-0.08912420162076,-1.0162263856615363,-0.17023043797759937,-0.002186992110123073,-0.9513649414761466,-0.7841128278600061,0.40627841753067306,-0.5411538402517349,0.0277777777777779,0.006944444444444198,-0.0023148148148149916,-0.01851851851851849
1774,2025-09-23,000157.XSHE,7.62,0.010610079575596827,1.511891646533047,1.876572718601796,-0.11931261827122319,-0.53474520972456,0.5005294138332939,-1.3051000244949287,-1.1394228893741252,-0.19667640617054952,1.5321526684819007,-1.6545541351611472,-0.9264657762836366,0.019685039370078705,-0.001312335958005173,0.026246719160105014,0.06824146981627299
1775,2025-09-23,000166.XSHE,5.12,-0.0038910505836575048,0.9230341405805457,0.8865343538718317,0.5170213458419671,-0.38620487368996,0.29829530723398323,-0.9898584726845595,-0.0896666765150463,0.7790825081639599,0.35503413755404634,-0.7639800677478963,0.09264650401174689,0.009765625,0.00390625,0.03515625,0.056640625
1776,2025-09-23,000301.XSHE,9.3,-0.02002107481559531,0.21640513343754425,0.031501220695953375,0.198854363785372,-0.08912420162076,1.3094658402305366,0.3341560449189915,0.019682928991107736,0.9086754889740118,0.5069203996092534,-0.3002927433922367,-0.8208829156966595,-0.006451612903225823,0.003225806451612856,0.022580645161290214,0.026881720430107503
1777,2025-09-23,000333.XSHE,36.019999999999996,0.0038466822365707774,1.1585771429615461,0.8865343538718317,-1.5510640375259015,-1.2774468898975597,-2.1285139719577453,-0.5485203001500425,-1.4018619425888947,-2.270164099131382,1.3802664064266936,-0.3002927433922367,1.7311939331169488,0.0,0.0,0.0,0.0
1778,2025-09-23,000338.XSHE,13.79,0.003639010189228452,0.098633632247044,0.0765029645473154,-0.596563091356116,-0.38620487368996,-0.5106411191632596,-0.6746169208741902,-0.26462604532489276,-0.4406161347541768,0.44996305133855075,0.17075469722303646,-0.6697829547955597,0.0014503263234229014,-0.026105873821609782,-0.00870195794053652,0.041334300217549025
1779,2025-09-23,000408.XSHE,36.019999999999996,-0.012012012012012022,-0.5343881866518948,-0.46351796166902876,0.198854363785372,0.80211781458684,0.29829530723398323,0.20805942419484377,0.6976504831292627,0.2912030509967051,-0.40439717272198866,0.2296356272999456,-0.442322774624215,0.0,0.0,0.0,0.0
1780,2025-09-24,000001.XSHE,11.22,-0.004436557231588193,-1.8263708716072082,-1.10914382860187,2.2630382843047148,2.2184930925264825,1.4870034271854526,1.0581903868839666,2.0936249914533245,0.23269451629113388,-1.2425472490808018,1.7964936940214171,1.7311939331169488,-0.005347593582887722,-0.008021390374331583,-0.005347593582887722,0.02852049910873422
1781,2025-09-24,000002.XSHE,6.84,0.01937406855439641,1.1048416383796693,0.8386209435770237,0.3139119288292124,-0.6996515458205547,-0.25728211790012223,-0.01533609256353575,-0.5023738498435646,0.19921329092550313,-0.8712112895853898,-0.18540326379580452,-0.737213564242712,-0.005847953216374324,-0.004385964912280715,-0.007309941520467822,-0.0643274853801169
1782,2025-09-24,000063.XSHE,36.019999999999996,0.0254197761194029,-1.3754151008399964,-1.541980444641624,0.5396002436737443,0.6715248505111858,0.9637177636597802,1.3035678679005387,1.1321439391211434,1.3710561787225797,-1.1568543353510914,0.765587615156814,1.1137090462962622,0.0,0.0,0.0,0.0
1783,2025-09-24,000100.XSHE,4.44,0.03255813953488385,-0.47350355930557253,-0.6763072125621158,0.5396002436737443,0.8121583270580309,0.6148606546426653,1.1808791273922528,0.7475515181882709,0.5423958509232184,-0.7569540712791092,0.26212185571131,-0.504818833060431,0.006756756756756577,-0.024774774774774855,0.015765765765765716,-0.05405405405405406
1784,2025-09-24,000157.XSHE,7.77,0.01834862385321097,0.20293009684524535,-0.2434705965223617,-0.44522149382966747,-0.5941764384104208,0.6148606546426653,-1.3955844232817531,-0.11778142891069215,0.634469220678703,1.642447513152784,-1.2083178226692093,-0.9075377274004418,-0.027027027027026973,-0.0012870012870012104,0.01029601029601035,0.038610038610038755
1785,2025-09-24,000166.XSHE,5.17,0.013725490196078488,-0.2480256739219666,-0.45988890454223874,-0.11694758132853021,-0.03164253222304018,-0.4317106724086797,0.5060910545966797,-0.3100776393771284,0.5005443192161799,1.1854186399276616,0.5258420154208597,0.1114995943009871,-0.005802707930367523,0.029013539651837617,0.04061895551257244,0.04835589941972929
1786,2025-09-24,000301.XSHE,9.24,-0.003236245954692488,0.3720385108829498,0.3516797505323002,-0.9376323625813734,0.108990944323805,0.22239640699841087,0.07668046281767875,-0.7667811392349144,0.04017747043875701,0.49987533008997775,-1.272249982598797,-0.827517253216483,-0.008658008658008698,0.016233766233766378,0.06818181818181812,0.006493506493506551
1787,2025-09-24,000333.XSHE,36.019999999999996,0.008076659822039745,0.7102553389583588,0.9468300975869621,-1.101769318831942,-1.0160768680509564,-2.001567662985697,-0.9048294612486092,-0.8869662707764371,-2.311878611496804,0.38561811178369715,0.5178504954296612,1.7311939331169488,0.0,0.0,0.0,0.0
1788,2025-09-24,000338.XSHE,13.81,0.0021770682148041466,0.31566903953704833,0.18936601951739243,-0.9376323625813734,-0.734809914957266,-0.7805677814257947,-0.6594519802320372,-0.5023738498435646,-0.6378173432152658,-0.18566797974770602,0.00639321599295887,-0.6681147914434971,-0.02389572773352644,-0.015930485155684293,0.014482259232440287,0.0347574221578566
1789,2025-09-24,000408.XSHE,36.019999999999996,0.020729366602687108,1.2175805810714724,1.7042941756565317,-0.11694758132853021,-0.734809914957266,-0.4317106724086797,-1.1502069422651813,-0.8869662707764371,-0.5708548924840043,0.49987533008997775,-1.2083178226692093,-0.42787299977491783,0.0,0.0,0.0,0.0
1790,2025-09-25,000001.XSHE,11.16,-0.002680965147453026,-1.9510296642550364,-1.9457833447025144,1.5592863489356887,1.832879993646137,1.2946978295646896,2.0228037902547746,1.9947974244667608,1.3724518524194294,-1.0374928803721188,1.5199329605503609,1.7311939331169488,0.0,-0.005376344086021501,0.0026881720430107503,0.021505376344086002
1791,2025-09-25,000002.XSHE,6.8,-0.004392386530014678,1.707150956223157,1.1837982586651659,-0.7455217143135952,-0.16808069810728768,-1.3131058555774575,-1.064060162557718,-0.5845026864183105,-1.089066918310218,-0.6044196272222326,-0.8242422522387529,-0.7437163895865355,0.0,0.013235294117647012,-0.007352941176470562,-0.07058823529411762
1792,2025-09-25,000063.XSHE,36.019999999999996,0.040909090909090846,-0.7316361240956387,-0.993301987155829,1.0442454409470219,1.1125341446149042,0.9265373093093277,0.7154261161224247,0.996358671866088,1.1656015355513918,-1.5458832210263331,0.30058375712376534,1.2370237973106768,0.0,0.0,0.0,0.0
1793,2025-09-25,000100.XSHE,4.47,0.009029345372460505,0.0812929026772932,1.1837982586651659,0.4261963513606218,-0.48823440878783564,-0.05522407803830429,-0.8824799300393361,-0.0020800807345847643,0.033096050698886006,-0.22783418970059238,0.31003607653017307,-0.4957351230921775,-0.02684563758389269,-0.03579418344519014,-0.02460850111856816,-0.08053691275167774
1794,2025-09-25,000157.XSHE,7.56,-0.024516129032258114,0.28452515937052614,0.6395231972099173,-0.19185273822577836,-0.48823440878783564,-0.05522407803830429,-0.301423185980514,-0.4180962276515317,-0.11687042903044124,0.9772392103686564,-0.521768031233706,-0.9335639201035522,0.006613756613756738,0.03439153439153442,0.033068783068783025,0.025132275132275117
1795,2025-09-25,000166.XSHE,5.14,-0.0038759689922481513,-0.12193935401593978,0.5034544318461052,0.22017998816515508,-0.32815755344756165,0.8038171358908737,-0.8824799300393361,-0.2516897688847529,0.379570331452849,0.14875124782104787,-1.1928827090886538,0.10018770666378511,0.0,0.031128404669260812,0.048638132295719894,0.03307392996108938
1796,2025-09-25,000301.XSHE,9.16,-0.0065075921908894245,-0.02032322566932329,-0.8572332217920168,-0.19185273822577836,0.15207301257326028,-0.4540646416482798,0.7154261161224247,0.018720726611262582,-0.2771794246031704,-0.3031512772049204,1.217458739545314,-0.8363632038945377,0.018558951965065518,0.03820960698689957,0.08296943231441056,-0.013100436681222849
1797,2025-09-25,000333.XSHE,36.019999999999996,-0.006315211422295551,0.6909896727569921,0.09524813575466852,-2.1490081885827124,-1.7688492515100276,-1.8960266793151141,-0.8824799300393361,-1.8325511271691513,-2.019893344216387,1.881044260420593,-1.5048092495001084,1.7311939331169488,0.0,0.0,0.0,0.0
1798,2025-09-25,000338.XSHE,13.48,-0.019636363636363605,-0.7316361240956387,0.09524813575466852,0.014163624969688355,0.6323035785940823,0.43565661563551167,0.5701619301077192,0.2475296074155834,0.5036805215736716,0.7136294041035082,0.61251029753522,-0.6964744050200142,-0.0037091988130564246,0.014094955489614147,0.035608308605341366,0.041543026706231334
1799,2025-09-25,000408.XSHE,36.019999999999996,-0.007871133077063878,0.7926058011036086,0.09524813575466852,0.014163624969688355,-0.48823440878783564,0.31293644221705763,-0.010894813951102908,-0.16848653950136355,0.04860982446398883,-0.001882927187608228,0.08318041077638788,-0.40054958836884436,0.0,0.0,0.0,0.0
1800,2025-09-26,000001.XSHE,11.16,0.000896860986547066,-1.9490295928187824,-2.0216581484503635,1.715369241460069,1.9661299439814246,1.2394320683989628,2.177556839530509,2.033783060127979,0.9573579189293265,-1.1826028067466403,1.6603556847229854,1.7311939331169488,-0.0026881720430107503,0.0,0.0,0.023297491039426577
1801,2025-09-26,000002.XSHE,6.8,0.0059171597633136145,0.6641944422455068,0.6185670454213797,0.047118531502615114,-0.4258975843045815,-1.100921355552836,-0.4908562316037003,-0.2195009415419882,-0.9964337523550133,-0.12481854310921604,1.477899016072108,-0.7437163895865355,0.0014705882352941124,-0.0014705882352941124,-0.033823529411764586,-0.0676470588235294
1802,2025-09-26,000063.XSHE,36.019999999999996,-0.019620811287477967,-0.7875966883457649,-0.8901330653624735,1.1041018057504677,0.9743136517652755,1.2394320683989628,0.9915954745819718,0.9459907834597191,1.4330637171550786,-1.4364710300196224,0.19309997432217857,1.1474015957323878,0.0,0.0,0.0,0.0
1803,2025-09-26,000100.XSHE,4.35,-0.022471910112359668,-0.20688023610925618,-0.2866530210489321,0.4928343700408662,-0.19252904495960535,0.6185219763301182,0.596275019599126,0.16899630012524752,0.6048259434584565,0.38291790343674764,0.2007023355159651,-0.5320701302834814,-0.0045977011494251485,0.0367816091954023,-0.013793103448275779,-0.05287356321839065
1804,2025-09-26,000157.XSHE,7.61,0.006613756613756708,0.6641944422455068,0.3168270232646092,-0.5259446894751363,-0.5425818539770697,-0.4800112634839914,0.06918107962199808,-0.8410965282095653,-0.4018015045728229,0.4675406445277416,-0.4683054495372525,-0.9276488839127677,0.019710906701708275,0.03153745072273306,0.030223390275952555,0.02759526938239154
1805,2025-09-26,000166.XSHE,5.14,0.0019493177387913815,-0.6424175752866377,-0.6638280487448955,0.2890785581376657,0.274208033730347,0.6662842911046447,-0.3261393753608478,0.40209464512558896,0.5496100918786817,-0.6325549896551798,-1.0080730942960985,0.10018770666378511,0.035019455252918386,0.04669260700389111,0.03696498054474717,0.029182879377432025
1806,2025-09-26,000301.XSHE,9.33,0.018558951965065493,0.3012466595976889,0.6185670454213797,-1.239090031136338,-0.4258975843045815,-0.5038924208712546,-0.9850068003322576,-0.7439722177927564,-0.737343987249916,0.5521633856187356,-1.0156754554898852,-0.8175656632776026,0.00643086816720273,0.05787781350482302,0.03108252947481227,-0.024651661307609873
1807,2025-09-26,000333.XSHE,36.019999999999996,0.015982364287682512,1.6804482336593969,1.3729171008133065,-1.4428458430395386,-1.8261088203744387,-1.8173560771707336,-0.9850068003322576,-1.5403915632105896,-1.82891889925008,2.0753727252566265,-0.285848780886375,1.7311939331169488,0.0,0.0,0.0,0.0
1808,2025-09-26,000338.XSHE,13.43,-0.0029695619896066014,0.5190153291863796,0.9203070675781504,0.2890785581376657,-0.07584477528711725,-0.14567506006230585,-0.3261393753608478,0.09129685179180039,-0.12996961987239306,-0.3152197105639524,0.4439778937171352,-0.7006449807184613,0.011913626209977712,0.043186895011169124,0.03723008190618016,0.04765450483991063
1809,2025-09-26,000408.XSHE,36.019999999999996,-0.003913529631009947,-0.243175014374038,0.015087001107838546,-0.7297005013783368,0.274208033730347,0.2841857729084327,-0.7214598303436938,-0.29720038987543534,0.5496100918786817,0.21367242125475974,-1.1981321241407628,-0.4205166838334141,0.0,0.0,0.0,0.0
1810,2025-09-29,000001.XSHE,11.13,-0.0026881720430106952,-1.3182710404834768,-1.5512379684377944,0.41117395200458545,1.4350338093223816,-0.07058640856485665,1.7451225648929944,1.6224269164439502,0.7599115930007975,-1.720122847007225,1.6084454348645916,1.7311939331169488,-0.0026954177897574594,0.005390835579514697,0.017969451931715952,0.026954177897573928
1811,2025-09-29,000002.XSHE,6.81,0.004424778761061852,-1.775309754410576,-1.4341634047821117,-1.1374032698308663,-0.47834460310746046,-0.33064159801432846,-0.37822047984372875,-0.5787604789653857,-0.5086022472839983,0.2747296917397094,-1.119327524847289,-0.7420907250801523,0.011747430249632984,-0.008810572687224627,-0.041116005873715,-0.06020558002936849
1812,2025-09-29,000063.XSHE,36.019999999999996,0.015533543448896842,-0.40419361262927833,-0.7317160228480162,1.692755101109787,0.9566892062149209,2.4556640032300123,-0.5109294201397739,1.167008834635122,1.9566227630807935,-0.39022115450926875,-0.402111358716148,1.190528052317897,0.0,0.0,0.0,0.0
1813,2025-09-29,000100.XSHE,4.33,-0.002304147465437739,0.5098838152249201,-0.26341776822528584,-1.3830396567426966,-0.7972410051791008,-0.14488789126470575,-0.5109294201397739,-1.1100815744090184,-0.3590133510239988,0.6247038213444348,-0.8998515395831147,-0.5381258811562203,-0.004618937644341958,0.006928406466512715,-0.023094688221708903,-0.03926096997690531
1814,2025-09-29,000157.XSHE,7.76,0.023746701846965663,1.1954418861155691,1.1414769956429052,0.15485772218354518,-0.47834460310746046,-0.21918937396455485,0.6834510425246328,-0.275148424426167,-0.10172044945679966,0.13474003989781924,0.51106550854372,-0.9087206677112827,0.0077319587628865705,0.006443298969072142,0.019329896907216648,0.023195876288659933
1815,2025-09-29,000166.XSHE,5.32,0.035019455252918406,-0.40419361262927833,0.6731787410201749,0.3257352087309054,0.47834460310746046,0.07801655683484153,-0.842701770879887,-0.1233423971565576,0.18549023136239937,-0.9851771748373018,-0.7705174768381549,0.16805853053212846,-0.00375939849624074,0.013157894736842035,0.005639097744360777,0.003759398496240518
1816,2025-09-29,000301.XSHE,9.39,0.006430868167202625,0.5098838152249201,0.6146414591923336,0.3257352087309054,0.15944820103582016,0.0037150741349924413,-0.5109294201397739,0.275148424426167,0.04786844680319984,0.5547089954234896,0.4797117963631237,-0.810931325757779,0.012779552715654896,0.056443024494142735,0.014909478168263934,-0.030883919062832943
1817,2025-09-29,000333.XSHE,36.019999999999996,-0.009329367225527282,1.2525717253564563,1.2585515592985879,-1.2121621701953365,-1.9133784124298419,-1.5566160625618384,-1.4398920022120905,-1.5654996562178465,-2.016458321584793,1.744621036079556,-0.8998515395831147,1.7311939331169488,0.0,0.0,0.0,0.0
1818,2025-09-29,000338.XSHE,13.59,0.011160714285714312,0.5098838152249201,0.4390296137088097,-0.1868972509111752,-0.31889640207164033,0.30092100493438884,0.5507421022285877,-0.275148424426167,0.23335867816559921,0.6072051148641985,-0.02194759852641752,-0.6872993392653791,0.005886681383370229,0.027225901398086894,0.04415011037527594,0.04635761589403975
1819,2025-09-29,000408.XSHE,36.019999999999996,0.022710349962769896,-0.07569703699417578,-0.14634320456960323,1.009245154920346,0.9566892062149209,-0.5163953047639512,1.2142868037088137,0.8633967800959033,-0.19745734306319934,-0.8451875229954117,1.5143842983228024,-0.3808453499379848,0.0,0.0,0.0,0.0
1820,2025-09-30,000001.XSHE,11.1,-0.0026954177897575145,-1.6420810151320016,-1.2293221927480835,2.1829565521033842,2.2446512977396966,1.8508557286312568,1.4526102284273625,2.0569954588970534,1.3453446193417293,-0.784020319296184,1.4109256618900166,1.7311939331169488,0.00540540540540535,0.00540540540540535,0.027027027027027195,0.037837837837837895
1821,2025-09-30,000002.XSHE,6.89,0.013235294117647038,1.3251290327451264,1.060591695704229,-1.1281050638386616,-1.3305732651626119,0.20669454837506415,-1.6222581383166894,-1.5623513896021608,0.08725462840376219,0.6006456384106804,-1.9673470496776284,-0.7290849070742154,-0.014513788098693747,-0.046444121915819925,-0.05805515239477499,-0.07402031930333819
1822,2025-09-30,000063.XSHE,36.019999999999996,0.009287925696594465,-1.102588279154342,-1.3498439763508367,0.7764879010837541,0.7703318903573014,0.5355267844263026,0.7457439372218333,1.0918362992972628,1.0206762345835443,-1.0834075533949654,0.342795319262011,1.226242141334727,0.0,0.0,0.0,0.0
1823,2025-09-30,000100.XSHE,4.31,-0.002314814814814971,-0.023602807199022587,0.5785045612932158,-0.39556930809927093,-0.11425975407213564,-0.4039938900058074,-0.667988645189225,-0.3559024401024227,-0.3084349655202759,-0.14782244683627335,-0.7087748630151726,-0.5441817993472494,0.04640371229698381,-0.004640371229698292,-0.016241299303944134,-0.03712296983758678
1824,2025-09-30,000157.XSHE,7.82,0.007731958762886662,-0.1584759911934375,-0.8677568419398237,-0.16115786626266593,0.18060412740434342,0.7234309193127247,1.4526102284273625,0.04624720973082331,1.0206762345835443,0.8251860639847666,1.2122037376801549,-0.9016226912096572,0.0038363171355497716,0.002557544757033181,0.04092071611253201,0.019181585677749302
1825,2025-09-30,000166.XSHE,5.3,0.0018903591682419257,-0.5630955431766822,-0.3856697075288105,0.07325357557393906,0.18060412740434342,-1.7193228342107616,-0.667988645189225,0.2071070696641217,-0.9273340739655662,-1.644758617330181,0.6243180452259814,0.16051732788009024,0.015094339622641506,0.005660377358490676,0.020754716981132182,0.007547169811320753
1826,2025-09-30,000301.XSHE,9.51,0.012779552715654868,-0.4619406551808711,-0.5061914911315638,-0.16115786626266593,-0.11425975407213564,0.5825028181479082,-0.10249561222480172,0.14678462218913482,0.7061537368490525,0.30125840431189893,-0.7087748630151726,-0.7976624833998419,0.03785488958990535,0.011566771819137678,0.004206098843323014,-0.039957939011566634
1827,2025-09-30,000333.XSHE,36.019999999999996,-0.014063353358820333,1.122819256753504,0.5785045612932158,-1.4504207963639935,-0.9988513985015729,-0.7798021597786514,0.038877646016304106,-0.6776221599690196,-1.414336651102844,1.7981945748058064,0.0861128338242733,1.7311939331169488,0.0,0.0,0.0,0.0
1828,2025-09-30,000338.XSHE,13.67,0.006627393225331359,1.1902558487507116,1.542678830115242,0.19045929649224155,-0.11425975407213564,-0.7798021597786514,0.18025090425740992,-0.5971922300023703,-1.2520024587237513,-0.16653414896744717,0.0861128338242733,-0.6797922695445165,0.024871982443306573,0.019019751280175523,0.050475493782004444,0.043891733723482096
1829,2025-09-30,000408.XSHE,36.019999999999996,0.02338033196501878,0.3135801527870147,0.5785045612932158,0.07325357557393906,-0.7039875170250938,-0.21608975511938538,-0.8093619034303309,-0.3559024401024227,-0.27799730444919607,0.30125840431189893,-0.3775716559987368,-0.31674035882439305,0.0,0.0,0.0,0.0
1830,2025-10-09,000001.XSHE,11.16,0.0063119927862939846,-2.3998479094335363,-2.4006280540865603,0.7737888656744251,1.600480697021511,-0.004778851632316855,2.0090321994520974,1.9352856429135668,0.886771162176826,-1.4794173224838363,2.5377501916130436,1.7311939331169488,0.0026881720430107503,0.015232974910394326,0.034050179211469356,0.04211469534050183
1831,2025-10-09,000002.XSHE,6.79,-0.0014705882352940864,1.072272470172431,1.188350764315274,-0.3971552836300871,-1.211174581529792,-0.4348754985408353,-1.1467484678288522,-1.4662816655363777,-0.4993641213861486,-0.07803169946362536,-1.189015824042475,-0.7453422214112088,-0.00589101620029453,-0.038291605301914555,-0.05743740795287178,-0.06038291605301915
1832,2025-10-09,000063.XSHE,36.019999999999996,0.08936355710549246,-0.15318178145320444,-0.08773059333871147,1.3049387890702862,0.7353559959288023,-0.004778851632316855,-0.8356151626039697,0.6983520762044962,0.24701641591699164,-1.4157179759829175,0.1641551697372073,1.5186935976021991,0.0,0.0,0.0,0.0
1833,2025-10-09,000100.XSHE,4.51,0.04157043879907615,0.25530296908867406,0.2312897460747849,0.33921165562326594,0.302793645382448,0.37752927895303284,0.05333713803855123,-0.12627030160155095,0.29144382885170234,-0.014332352962706678,-0.30169058221973255,-0.4836234540284095,-0.03325942350332578,-0.06208425720620825,-0.0687361419068735,-0.0709534368070952
1834,2025-10-09,000157.XSHE,7.85,-0.0012722646310433427,0.6637877196305525,0.5503100854882813,-1.5922426112707748,-1.427455756802969,-0.9605491780956912,-0.48003424234696135,-1.053970476633354,-1.1035769372982145,1.0367068643024513,-0.7157756950703458,-0.8980735356405545,-0.005095541401273884,0.007643312101910826,0.028025477707006363,0.008917197452229297
1835,2025-10-09,000166.XSHE,5.38,0.011278195488721731,-0.3574241567241437,-0.48650601760558193,0.33921165562326594,0.08651247010927085,1.9067618012944316,-0.7022723175075917,-0.02319250437579504,1.171106604958975,-0.20543039246546269,-0.5309162696906078,0.19068213848824317,0.0018587360594795044,-0.005576208178438735,0.0074349442379182396,0.003717472118959231
1836,2025-10-09,000301.XSHE,9.87,0.030271398747390307,0.4084847505418785,0.311044830928159,0.53235708231267,0.08651247010927085,0.2819522463066954,0.23112759816705541,-0.10050085229511196,0.3269857591994709,0.5589617655455613,-0.06507051773366787,-0.7578561236443208,0.005065856129685908,-0.03444782168186422,-0.05775075987841927,-0.05167173252279633
1837,2025-10-09,000333.XSHE,36.019999999999996,0.0038942976356050223,0.6637877196305525,0.7098202551950294,-1.688815324615477,-0.5623310557102607,-1.342857308681041,1.2978703589380807,-0.6416592877303304,-1.8144155442535859,1.8010990223134753,-0.06507051773366787,1.7311939331169488,0.0,0.0,0.0,0.0
1838,2025-10-09,000338.XSHE,14.01,0.02188183807439817,0.5616665319950829,0.5503100854882813,-0.3367973377896483,-0.7786122309834378,-0.9605491780956912,-0.6578247024754655,-0.22934809882730683,-0.6770737731249915,0.12899117666436033,0.4081696112384615,-0.6505984069736779,-0.0035688793718771095,0.012847965738757905,0.019985724482512346,0.012134189864382527
1839,2025-10-09,000408.XSHE,36.019999999999996,0.01896376566203856,-0.7148483134482874,-0.566261102458956,0.725502509002074,1.1679183464751568,1.1421455401237322,0.23112759816705541,1.007585467881764,1.171106604958975,-0.33282908546730006,-0.2425355660982164,-0.24081299197057568,0.0,0.0,0.0,0.0
1840,2025-10-10,000001.XSHE,11.19,0.00539083557951471,-0.9925472096699254,-1.5005183895519822,1.3966718202105952,1.55364076347403,0.6767585054763542,1.9770832278349033,1.7036668466510925,0.7321778865557477,-0.9331226333620599,2.124244339934585,1.7311939331169488,-0.002680965147452974,0.018766756032171594,0.018766756032171594,0.033065236818588195
1841,2025-10-10,000002.XSHE,6.75,0.004464285714285751,0.04444241237328035,-0.2629774497152959,-1.043437017095769,-0.6462045653387557,-1.922200013653371,-1.6369398768095436,-0.5243529302545076,-1.7380143216698178,-0.6336609410122331,0.1701916830214652,-0.7518450467550323,-0.026666666666666616,-0.03851851851851851,-0.0637037037037037,-0.057777777777777706
1842,2025-10-10,000063.XSHE,36.019999999999996,0.01940795922368167,-1.7332540825579295,-1.5005183895519822,0.6994978666944911,1.4161504304232306,1.2943328070517341,0.7865814992461443,1.2426972376361407,1.4748500537346758,-1.5679814211436924,1.1078217885563895,1.6548113768549777,0.0,0.0,0.0,0.0
1843,2025-10-10,000100.XSHE,4.36,-0.028953229398663672,1.229573408994087,0.9745634901213905,0.3276717581525689,0.041247099915239706,0.1621132541635373,0.44643814822078465,-0.44752466208534897,-0.02260306595761953,-0.1066083624765383,-0.39711392705008564,-0.5290421711879669,-0.016055045871559703,-0.02752293577981657,-0.05733944954128445,-0.041284403669724856
1844,2025-10-10,000157.XSHE,7.81,0.0,0.04444241237328035,0.04640778524387572,-0.9737196217441587,-0.7836948983895549,-0.45546104741184285,-0.06377687831725494,-0.831666002931142,-0.4302655055504008,0.5162719576111011,-1.0904874504708701,-0.9028056315204981,0.003841229193341844,0.04225352112676073,-0.007682458386683688,0.016645326504481472
1845,2025-10-10,000166.XSHE,5.39,0.00936329588014978,0.04444241237328035,0.20110040272346152,1.2572370295073745,0.7286987651692352,1.2943328070517341,0.27636647270810477,0.8585558967903476,1.1196590172577972,-0.25034997480445503,-0.1370988557672915,0.1944528234734073,-0.011131725417439675,0.0037105751391466324,-0.014842300556586308,0.007421150278293043
1846,2025-10-10,000301.XSHE,9.92,0.014314928425357932,-0.39998171135952215,-0.5723626846744675,-0.6018935132022365,-0.3712238992371576,0.213577779294819,-0.7440635803679744,-0.42831759504305933,0.1872825465059906,0.5162719576111011,-0.9013855804470198,-0.7523274253853227,-0.030241935483870996,-0.03729838709677413,-0.08870967741935487,-0.08064516129032262
1847,2025-10-10,000333.XSHE,36.019999999999996,0.005138888888888952,1.8221389073044902,1.593333960039734,-1.531458784557042,-1.6086368966943492,-1.073035348987223,-0.7440635803679744,-1.5231204164535697,-1.334388143855183,2.145343563994158,-0.9013855804470198,1.7311939331169488,0.0,0.0,0.0,0.0
1848,2025-10-10,000338.XSHE,13.96,-0.0035688793718771546,-0.10369896220432047,0.665178255162219,0.3276717581525689,0.1787374329660388,-0.24960294688671614,-0.5739919048552945,0.24392975143707862,-0.07507446907352207,0.08504712062735076,0.3592935530453155,-0.6556030643481562,-0.0021489971346705383,0.02865329512893977,0.005730659025787732,0.017191977077363862
1849,2025-10-10,000408.XSHE,36.019999999999996,-0.009463722397476346,0.04444241237328035,0.3557930202030473,0.14175870388160783,-0.5087142322879566,0.05918420390097395,0.27636647270810477,-0.29386812574703175,0.08637600205233188,0.22878873295526758,-0.3340799703754689,-0.2544746976736125,0.0,0.0,0.0,0.0
1850,2025-10-13,000001.XSHE,11.16,0.0063119927862939846,-1.8110194626293787,-1.6184569765905508,1.6149011710814436,1.4334554477024897,0.7880371241066267,1.208746229171484,1.7563540661948356,1.0546094367366246,-1.581909146640018,1.3703878118399386,1.7311939331169488,0.015232974910394326,0.034050179211469356,0.023297491039426577,0.032258064516129004
1851,2025-10-13,000002.XSHE,6.57,0.007668711656441827,0.6554383174963829,0.45648786519220663,-0.4206885403657542,-1.1467643581619917,0.41820020665586327,-0.5133031932098083,-0.46626731055791376,0.8021458066146905,1.3199369312728813,-0.26271683439418514,-0.7811081790979627,-0.0060882800608828,-0.025875190258751846,-0.03500761035007616,-0.03805175038051756
1852,2025-10-13,000063.XSHE,36.019999999999996,0.051528213166144254,-0.8061662929485127,0.12449669050696545,1.6752149403095087,1.7201465372429876,1.3570169971078014,0.016558167522897044,1.1765397939984663,1.0087069585326365,-0.7758407916642126,-0.34259695295998466,1.7311939331169488,0.0,0.0,0.0,0.0
1853,2025-10-13,000100.XSHE,4.29,0.00941176470588236,-0.07536398772606494,-0.8714768335487582,-1.2198459826376171,-0.5733821790809959,-0.008534698095017614,0.016558167522897044,-0.7561744466560985,-0.0642634694855832,0.5944754117946565,-1.4697941816107114,-0.5502375502199883,-0.013986013986013845,-0.020979020979020935,-0.03962703962703962,-0.020979020979020935
1854,2025-10-13,000157.XSHE,7.84,0.028871391076115454,-0.07536398772606494,-0.20749448417827573,-0.2548256749885751,0.0,-0.23612664729548746,0.4139541880724261,-0.07972446242700079,-0.0470500401590877,0.3123514875531246,0.5893377636410099,-0.8992566432696854,0.008928571428571397,0.029336734693877542,-0.0025510204081632404,0.007653061224489832
1855,2025-10-13,000166.XSHE,5.33,0.011385199240986812,-0.7148160047957068,-0.7884790398774478,0.46893955574820634,0.4300366343107469,1.0156290733070967,1.0431645539425138,0.8866326579002816,0.8709995239206725,-0.6146271206690516,0.5272087825342769,0.1718292155172926,0.0037523452157597337,0.016885553470919357,-0.007504690431519689,0.030018761726078758
1856,2025-10-13,000301.XSHE,9.62,0.001040582726326721,1.06651461418401,1.5354591829192406,-0.4960807519008356,-0.28669108954049793,-1.0326984694971317,-0.5133031932098083,-0.7320155186479164,-1.2347766636872772,-0.2921997786787294,-0.6177395835755163,-0.7854994476210204,-0.009355509355509328,-0.033264033264033155,-0.05405405405405406,-0.053014553014553045
1857,2025-10-13,000333.XSHE,36.019999999999996,0.006062314958409595,1.660291487177249,1.5354591829192406,-0.6167082903569658,-1.4334554477024897,-1.0326984694971317,-1.7054912548583956,-1.5292601429179242,-1.4241243862787278,1.440847184519252,-1.4697941816107114,1.7311939331169488,0.0,0.0,0.0,0.0
1858,2025-10-13,000338.XSHE,13.93,0.015306122448979524,0.381387453037965,-0.04149889683565515,0.22768447883594586,-0.14334554477024897,0.446649200305922,1.208746229171484,-0.27299588649245726,0.36607226367680434,0.534020285171471,0.5183332138047436,-0.6581054766945403,0.01866475233309406,0.025843503230437825,0.01005025125628145,0.017229002153625217
1859,2025-10-13,000408.XSHE,36.019999999999996,0.02927927927927924,-0.2809021360698784,-0.12449669050696545,-0.9785909057253567,0.0,-1.7154743170985411,-1.1756298941256902,0.016911249605727444,-1.332319429870752,-0.9370544626593738,1.15737416233114,-0.2613054668659858,0.0,0.0,0.0,0.0
1860,2025-10-14,000001.XSHE,11.33,0.016143497757847507,-1.5270524417643336,-1.7726368436062547,1.760386406385105,1.5766994402494856,0.5557140084177696,1.5727608068837076,1.8802770523623884,1.143211358876192,-1.2132730060867205,1.9761068435465456,1.7311939331169488,0.0061782877316858276,0.0061782877316858276,0.008826125330979595,0.012356575463371655
1861,2025-10-14,000002.XSHE,6.53,-0.0060882800608828055,0.5661035531774321,0.9847982464479192,0.29760114033444474,-1.4219313970348122,-1.7931802539666177,-0.14635735721369805,-1.1530551107041327,-1.5956268567100713,0.10074107992777824,-0.3514093001225959,-0.7876111717600761,-0.006125574272588086,-0.03215926493108723,-0.019908116385911168,-0.039816232771822446
1862,2025-10-14,000063.XSHE,36.019999999999996,-0.07226021068194413,-0.7659048072400552,-0.19695964928958384,0.3480420115775709,1.0608059628672408,0.7848744242601489,1.2939848883814256,0.6358330880274055,0.9809098349895987,-1.0964717539965427,1.6053015755600402,1.5335183327395574,0.0,0.0,0.0,0.0
1863,2025-10-14,000100.XSHE,4.23,-0.013986013986013894,-0.3853309899779159,-0.19695964928958384,0.8860779715042506,0.544912485484996,0.6702942163389592,-0.47159592879969375,0.6358330880274055,0.5599402574087472,0.04234045388268941,-0.21449658578911698,-0.5684049701564954,0.0023640661938533203,-0.028368794326241176,-0.01654846335697402,-0.007092198581560294
1864,2025-10-14,000157.XSHE,7.91,0.0050825921219822155,1.1369642790706407,0.5908789478687515,-0.4590119283124485,-0.8737945773161772,-0.017187031188178485,-0.6574465411345484,-0.686388624078514,0.007100691670038489,1.0935517226942886,-0.8990601574565115,-0.8909755591389289,0.029077117572692934,-0.020227560050568916,0.0037926675094817064,-0.02149178255372941
1865,2025-10-14,000166.XSHE,5.35,0.0018726591760299227,-0.004757172715776723,0.7878385971583354,-0.9970478882391282,0.2869657467938736,-1.0484089024788852,-1.098841745429828,-0.21972213745289546,-0.8044069277629284,-1.4176751972445314,-0.756442746692471,0.17937041816933083,0.011214953271028172,-0.00747663551401867,-0.0018691588785045843,0.01495327102803734
1866,2025-10-14,000301.XSHE,9.53,-0.023565573770491847,-0.004757172715776723,-0.5908789478687515,-1.5350838481658078,-0.3579010999339324,0.3838436965359852,0.4576571328745796,-0.5891664393648435,0.1744741381780879,0.9183498445590219,-0.21449658578911698,-0.7954510375599009,0.0020986358866736943,-0.05141657922350473,-0.04512067156348376,-0.04826862539349408
1867,2025-10-14,000333.XSHE,36.019999999999996,0.008385744234800959,1.9456836407526865,1.5756771943166707,-0.8625388982574582,-1.2607146853528608,-1.2775693183212644,-1.2149983781391123,-1.386388354016942,-1.5347637852525988,1.5023561050099103,-0.9446977289010045,1.7311939331169488,0.0,0.0,0.0,0.0
1868,2025-10-14,000338.XSHE,14.19,0.015021459227467745,-0.6707613529245203,-0.9847982464479192,0.7515689815225807,0.6738858548305572,0.9567447361419333,0.9222836637117163,0.7136108357983418,0.8997590730463021,0.08614092341650603,-0.03194630001114509,-0.6355844348502429,0.011980267794221344,-0.010570824524312905,0.0021141649048626032,-0.004228329809725095
1869,2025-10-14,000408.XSHE,36.019999999999996,-0.07964601769911515,-0.29018753566238115,-0.19695964928958384,-0.1899939483491087,-0.22892773058837115,0.7848744242601489,-0.6574465411345484,0.16916660140178674,0.16940221555663187,-0.016060172162399425,-0.168859014344624,-0.3482674749503486,0.0,0.0,0.0,0.0
1870,2025-10-15,000001.XSHE,11.4,0.005291005291005335,-2.052327041473476,-1.7733160840498239,1.9652242162313784,2.1343728333221934,1.0710361826935297,0.6172998681831939,2.24179387585687,-0.6575559637242263,-1.7027973131273149,1.512967531971691,1.7311939331169488,0.012280701754385781,0.0017543859649122862,0.010526315789473717,-0.0008771929824561431
1871,2025-10-15,000002.XSHE,6.49,-0.004601226993864933,2.006501557293845,1.6191146854367957,-1.0826496871531572,-1.3800563299794102,1.6482413110912402,1.031342462696312,-1.8045298593141907,2.6195837907589725,0.549399533894785,-1.8598900233792128,-0.7941141644221896,-0.013867488443759624,-0.023112480739599484,-0.016949152542372947,-0.027734976887519358
1872,2025-10-15,000063.XSHE,36.019999999999996,-0.012345679012345729,0.43534209970649485,-0.23130209791954226,-0.428198235506171,-1.3800563299794102,-0.9812487182761077,0.46673892472387835,-0.6297907103935604,-0.7426764768276861,1.300131816235485,0.7299827423366598,1.5469953190503498,0.0,0.0,0.0,0.0
1873,2025-10-15,000100.XSHE,4.24,0.002364066193853377,-0.08837771948928855,0.38550349653257043,1.0676907968297975,-0.35144291633016034,0.044893732208711,-1.6411142837065402,0.15336872222019346,-0.17875307751726552,0.822393091109585,-0.7998490774117858,-0.5653771783792708,-0.009433962264150941,-0.028301886792452824,-0.021226415094339535,0.004716981132075304
1874,2025-10-15,000157.XSHE,8.14,0.02648171500630528,-0.35023762908718026,-0.848107692371655,-0.428198235506171,0.16286379049446453,0.814500570072325,0.31617798126456276,0.022842150117901156,0.36389019351729013,1.231883426931785,-0.31801228379022817,-0.8625833184958466,-0.008599508599508643,-0.039312039312039304,-0.020884520884520974,-0.04176904176904184
1875,2025-10-15,000166.XSHE,5.41,0.00932835820895519,-0.08837771948928855,0.38550349653257043,-1.0265538484405583,-0.008571778447077082,-1.494319943518517,-0.09786461324855521,0.022842150117901156,-0.6575559637242263,0.276405976679985,0.3686051471204916,0.20199402612544515,0.001848428835489857,-0.022181146025878062,-0.012939001848428888,0.020332717190387983
1876,2025-10-15,000301.XSHE,9.55,0.002098635886673804,-0.25204016298797083,-0.5397048951455986,-1.0265538484405583,-0.008571778447077082,-0.9812487182761077,-0.2860657925726997,-0.33610592316340265,-0.6469158995862939,-0.5425746949644149,-0.4143796425145397,-0.7932394244016695,-0.02617801047120416,-0.047120418848167644,-0.043979057591623016,-0.039790575916230475
1877,2025-10-15,000333.XSHE,36.019999999999996,0.0015203870076019273,-0.2193076742882344,0.07710069930651409,0.3197462806618133,-0.008571778447077082,0.3014293448299157,-0.587187679491331,-0.10768442198439114,0.1936491673103707,-0.40607791635701496,-0.02891020761729353,1.7311939331169488,0.0,0.0,0.0,0.0
1878,2025-10-15,000338.XSHE,14.36,0.007719298245613996,0.5662720545054407,1.3107118882107394,0.4693351838954101,0.16286379049446453,0.044893732208711,-1.339992396787909,0.022842150117901156,-0.31707391131038754,-0.4402021110088649,-0.4143796425145397,-0.621404544402839,-0.004874651810584996,-0.020194986072423315,-0.0062674094707521055,-0.011142061281337101
1879,2025-10-15,000408.XSHE,36.019999999999996,0.003491620111731769,0.04255223530965731,-0.38550349653257043,0.17015737742821643,0.6771704973190895,-0.4681774930336984,1.5206655289390876,0.414421866424778,0.0234081411034513,-1.0885618093940148,1.2238654557987565,-0.312799511138221,0.0,0.0,0.0,0.0
1880,2025-10-16,000001.XSHE,11.54,0.014059753954305655,-1.6725826375105575,-1.781082485395346,1.7998636546489046,1.848918638817548,1.0862066235556591,0.6203719910259222,1.9944114398337136,0.6190981626850163,-1.491724865296456,1.4682010291609457,1.7311939331169488,-0.0121317157712304,-0.009532062391681029,0.0077989601386483365,-0.013864818024263315
1881,2025-10-16,000002.XSHE,6.4,-0.010819165378670696,1.2703780150006871,0.5527497368468315,0.741120328384843,-0.7413538503471329,0.25403219421866213,0.8815812504052579,-0.557547565238632,0.5829991444526538,-0.09402695062345633,0.4395251488570984,-0.8087456469345097,-0.012499999999999956,0.0,-0.0031250000000000444,-0.020312500000000067
1882,2025-10-16,000063.XSHE,36.019999999999996,0.07181114858163072,-0.2992009996719766,1.0440828362662373,-1.3763663241432798,-0.29475514531873964,-0.14015569336202066,-1.4693020840087632,-0.002773868483774328,0.11371190743194172,-1.4663121759387652,0.7083836175728767,1.7311939331169488,0.0,0.0,0.0,0.0
1883,2025-10-16,000100.XSHE,4.2,-0.007092198581560342,-0.2992009996719766,-0.675583011701683,0.5782367397288336,1.4916396747948335,0.9986093152043962,0.75097662071559,0.884864046323998,0.953014081334369,-0.5006299803465107,-0.02805479673555947,-0.5774888474430389,-0.021428571428571352,-0.00952380952380949,-0.0023809523809523725,0.021428571428571352
1884,2025-10-16,000157.XSHE,8.07,-0.004932182490752053,0.3874898192473138,0.5527497368468315,0.2524695624168146,0.2411633007153323,-0.8409341601721234,-0.1632557871120848,-0.3356380865366889,-1.1136547124683822,0.21092532166883451,1.187653061805351,-0.8720473429374441,-0.039653035935563796,-0.01610904584882278,-0.0185873605947956,-0.028500619578686548
1885,2025-10-16,000166.XSHE,5.42,0.005565862708719898,-0.6915957533401426,-0.675583011701683,-0.07329761489520428,0.2411633007153323,1.6117904736632362,0.5550696761810883,0.5519998282710833,1.4854746002617154,0.3125760790995981,-1.138557167518122,0.20576454379231926,-0.02029520295202958,-0.014760147601476037,-0.0036900369003689537,0.0
1886,2025-10-16,000301.XSHE,9.3,-0.026178010471204185,-0.2992009996719766,-0.675583011701683,-0.7248319695192421,-0.29475514531873964,0.16643488586739927,-0.1632557871120848,-0.1969446623479745,0.12273666199003234,0.7191791088226526,-1.1502466661579385,-0.8208827483783694,-0.027956989247312047,-0.021505376344086113,0.006451612903225712,-0.009677419354838679
1887,2025-10-16,000333.XSHE,36.019999999999996,-0.00027495188342034675,1.5156247360432908,1.1669161111210888,-0.3990647922072232,-1.0093130733641689,-1.1913233935771748,0.09795347226725087,-1.556140219397376,-1.8356350771156316,1.8373374405610523,-0.7761827096838121,1.7311939331169488,0.0,0.0,0.0,0.0
1888,2025-10-16,000338.XSHE,14.29,-0.006258692628651017,0.8779832613325212,1.0440828362662373,0.5782367397288336,-1.1879525553755261,-0.7533368518208605,-1.9917206027674346,-1.0013665226425181,-0.6804664936800325,0.5667029726765072,-1.1502466661579385,-0.6272434507716388,-0.017494751574527623,-0.004898530440867632,-0.007697690692792136,0.01049685094471653
1889,2025-10-16,000408.XSHE,36.019999999999996,-0.018615170494084905,-0.7896944417571841,-0.5527497368468315,-1.3763663241432798,-0.29475514531873964,-1.1913233935771748,0.8815812504052579,0.21913561021816874,-0.24727827489168294,-0.09402695062345633,0.4395251488570984,-0.34143653843968524,0.0,0.0,0.0,0.0
1890,2025-10-17,000001.XSHE,11.4,-0.008695652173913012,-1.8402961059421306,-2.102146142614251,1.4673416772821948,1.7298857174031401,1.791329327481039,1.4762610259603468,2.2320374353195183,1.612397825757456,-0.9880345026529517,1.3206311671125632,1.7311939331169488,0.0017543859649122862,0.010526315789473717,0.01403508771929829,-0.007017543859649145
1891,2025-10-17,000002.XSHE,6.32,-0.010954616588419312,1.9346702652212142,1.1583254255221385,0.9259923206149773,-0.22699857830176948,-0.30314804003525275,1.1182126427983226,-0.12556812207882476,-0.34987736976826556,0.12055960972062664,1.574720857754711,-0.8217514649404466,0.0031645569620253333,0.009493670886075778,0.006329113924050667,-0.007911392405063444
1892,2025-10-17,000063.XSHE,36.019999999999996,-0.08932584269662915,0.8021803538722108,1.1583254255221385,0.840516106404364,0.712305883636587,-1.2952688983324434,-0.39660743981024243,0.18194564627748086,-0.3128533094753274,-1.7086206756957776,0.907735419819073,1.4277236471973433,0.0,0.0,0.0,0.0
1893,2025-10-17,000100.XSHE,4.11,-0.021428571428571394,0.04718707963954181,0.4719103585460564,0.1567063927194577,0.08610290901101603,0.9094441201057583,-0.06610123996837375,-0.023063532626722883,0.7701004540931133,0.2868487265766634,0.10100065203025362,-0.6047399773477993,0.0024330900243307862,0.009732360097323589,0.01703163017031617,0.04866180048661772
1894,2025-10-17,000157.XSHE,7.75,-0.03606965174129343,0.4246837167558763,0.8151178920340973,-0.7550398921937507,-0.38354932195816227,-0.633854992800983,-1.3881260393358485,-0.740595658791436,-1.2014307565058429,0.6471418130980764,-0.6612684198961899,-0.9099037753404137,0.00903225806451613,0.028387096774193488,0.024516129032258194,0.029677419354838808
1895,2025-10-17,000166.XSHE,5.31,-0.018484288354898435,-0.33030955747679264,-0.9009197754061077,0.1567063927194577,0.24265365266740876,0.2480302145742977,-0.3690652564900867,0.48945941463378645,0.1314354140399303,-0.8771750914155938,-0.09591885821741095,0.16428801286525435,-0.0037664783427494575,0.005649717514124353,0.02259887005649719,0.024482109227872195
1896,2025-10-17,000301.XSHE,9.04,-0.025862068965517265,-0.6134320353140436,-0.21450470843002561,-1.210913034650355,-0.38354932195816227,-0.35826586549620776,-0.6169449063714881,-0.6124649219763086,-0.3776454149879692,0.23141902095798447,-0.7120863580246194,-0.8496318789341847,0.006637168141592875,0.009955752212389646,0.008849557522123908,0.023230088495575396
1897,2025-10-17,000333.XSHE,36.019999999999996,0.0013840830449826202,0.23593539819770903,-0.3003065918020359,-1.7807544627211103,-2.1056075021784824,-1.0747975964886234,-0.5067761730908653,-1.663136963860353,-1.497623238849348,1.9220250423276912,-1.5251733680794926,1.7311939331169488,0.0,0.0,0.0,0.0
1898,2025-10-17,000338.XSHE,14.04,-0.018181818181818292,0.04718707963954181,0.12870282505801536,0.04273810710530664,-0.38354932195816227,-0.4133836909571628,-0.7271136396521111,0.07944105682537898,-0.09070894771769857,0.13441703612529637,-0.10227110048346465,-0.6480961619455837,0.002136752136752129,0.01638176638176647,0.01139601139601143,0.06552706552706566
1899,2025-10-17,000408.XSHE,36.019999999999996,-0.04630122405534858,-0.7078061945931271,-0.21450470843002561,0.1567063927194577,0.712305883636587,1.1299154219495784,1.4762610259603468,0.18194564627748086,1.316205343413951,0.23141902095798447,-0.8073699920154249,-0.4123722987456503,0.0,0.0,0.0,0.0
1900,2025-10-20,000001.XSHE,11.42,0.0008764241893076062,1.4247566084473173,1.387997986618792,1.6102297089374686,1.5905483901149526,1.2976738654893663,-1.4761167983999524,1.60751124304485,-0.13739689849401535,0.7767198991237819,-1.2230517634920466,1.7311939331169488,0.0008756567425569628,0.01838879159369533,0.008756567425569184,0.0008756567425569628
1901,2025-10-20,000002.XSHE,6.34,0.0015797788309636315,-0.8512124146314642,-0.8766303073381845,-0.6342611321338834,-0.9263063218124601,-0.8061154098168549,0.15824802232407223,-0.7118449633437286,-0.36429085930982047,-0.47743333248893016,0.49894320507891876,-0.81850013592768,0.009463722397476504,0.006309148264984188,-0.003154574132492094,-0.006309148264984188
1902,2025-10-20,000063.XSHE,36.019999999999996,-0.00816326530612242,1.7889116521399222,1.7045589309353586,1.6812953820056908,1.6424423017010847,1.8236211843159216,-1.1648092135001382,1.4101192254798645,1.1231251060382355,0.9477407943436972,-1.5350424249325727,1.425702107616639,0.0,0.0,0.0,0.0
1903,2025-10-20,000100.XSHE,4.12,-0.004830917874396033,-0.5780961318620105,-0.5357185211511127,-0.5928061561774204,-0.32952633857193964,-0.4419980352446244,0.5992671009321424,-0.26771292382251144,0.09579967234445105,-0.9904960181486759,0.6343810115957362,-0.6017121855705748,0.009708737864077666,0.016990291262136026,0.01941747572815533,0.05339805825242716
1904,2025-10-20,000157.XSHE,7.82,-0.006353240152477741,-1.1243286974009181,-1.1201387260432356,-0.9244459638291241,-0.9176573365481048,-1.0893178122619231,1.0143438807985614,-0.41575693699625055,-0.3390804192191754,-1.2755308435152015,1.5050526249181342,-0.9016226912096572,0.01534526854219953,0.012787723785166127,0.010230179028132946,0.03452685421994883
1905,2025-10-20,000166.XSHE,5.29,-0.011214953271027965,0.3322914773695021,0.5600693630216178,0.6863759590505798,0.6737559520932834,0.8526415187899732,-0.07523266635078844,0.7685951683936618,0.8710207051317852,0.32066417853734114,-0.3693098759842505,0.15674681021321613,0.009451795841209698,0.020793950850661602,0.03780718336483946,0.02835538752362954
1906,2025-10-20,000301.XSHE,9.1,-0.0010976948408342247,-0.7829333439391009,-0.974033674820205,-1.1139544253443834,-1.090637041835212,-0.9982884686188656,0.28795951603232817,-1.2423360105496268,-0.5848822101029644,-0.8194751229287607,0.6343810115957362,-0.8429973740960711,0.0,0.02857142857142847,0.001098901098901095,0.024175824175824312
1907,2025-10-20,000333.XSHE,36.019999999999996,-0.003029051356188887,0.5598883796773803,0.5357185211511127,-0.2374777908363093,-0.2949303975145181,-0.361083063117462,-1.3723476034333477,-1.1559770028649459,-2.2550738661081966,1.9453626831265363,-1.0682656989013979,1.7311939331169488,0.0,0.0,0.0,0.0
1908,2025-10-20,000338.XSHE,14.07,-0.0049504950495049705,-0.6236155123235861,-0.5357185211511127,-0.4506748100409759,-0.46791010280162554,-0.3206255770538808,0.9105746858319567,-0.3170609282137578,0.7197580645879152,-0.2921606960006886,0.7117740438910605,-0.6455937495991994,0.010660980810234477,0.00781805259417201,0.007107320540156392,0.09879175550817343
1909,2025-10-20,000408.XSHE,36.019999999999996,0.004800590841949873,-0.14566201747704202,-0.14610505122303075,-0.024280771631642595,0.12022089517453964,0.04349179751834977,1.118113075765166,0.3244631288724448,0.8710207051317852,-0.1353915420490996,0.21113786623068156,-0.3947697453564416,0.0,0.0,0.0,0.0
1910,2025-10-21,000001.XSHE,11.43,0.002631578947368365,-1.7532989895957107,-1.796534926117503,1.1851081919828104,1.452400110121322,1.0203842530975262,1.926212376049707,1.7572241434223417,1.45993249920588,-0.7802168059162271,1.8889501335763086,1.7311939331169488,0.007874015748031482,0.01137357830271224,0.0034995625546807574,0.013998250218722585
1911,2025-10-21,000002.XSHE,6.4,0.011058451816745701,-0.7162274985224623,0.0432899982196989,-0.37151377647096856,-0.1946515611502803,-1.0423280004759676,-0.5645794895318107,-0.5461878419972125,-1.0745163181109534,-0.21215404975136637,-0.5135949029314189,-0.8087456469345097,-0.0031250000000000444,-0.006249999999999978,-0.020312500000000067,-0.026562499999999933
1912,2025-10-21,000063.XSHE,36.019999999999996,0.04849600982197677,-0.19769175298583802,-0.8225099661742783,1.9322867368406242,1.9015960204681226,1.9859091377489488,1.2620012118946355,1.7572241434223417,1.8198542247419982,-0.9772998029530154,0.9065535402585301,1.603598761946651,0.0,0.0,0.0,0.0
1913,2025-10-21,000100.XSHE,4.16,0.0072639225181598665,-0.19769175298583802,-0.38960998397728974,-0.7243480893204918,-0.8934007550230811,-0.07680311582454498,-0.7306322805705786,-0.4763874788026805,-0.0809823882456266,0.48343299861376926,-0.7172004144998703,-0.5896005165068068,-0.0024038461538461453,0.004807692307692291,0.009615384615384581,0.02163461538461542
1914,2025-10-21,000157.XSHE,7.94,0.011464968152866338,1.8764512291606588,1.7748899270076532,-0.22622905941528257,-0.7935794416126811,0.23040934747363495,-0.7306322805705786,-1.104590747553468,0.0802325513174264,0.9935301674148687,-1.4909013584599857,-0.8874265708881162,0.0037783375314861534,0.0,-0.02518891687657432,0.010075566750629594
1915,2025-10-21,000166.XSHE,5.34,0.007547169811320762,0.3208439925507862,1.1255399537121704,0.27188997048992675,0.40427631931212055,-0.7351155371777877,-1.0627378626481143,0.15181578994810696,-0.69959785401083,-1.3250933271355834,0.4280805880726692,0.1755997331841667,0.0,0.016853932584269593,0.016853932584269593,0.016853932584269593
1916,2025-10-21,000301.XSHE,9.1,0.0,1.1958730631438397,0.5844149759659347,0.10585029385485696,-0.5939368147918809,0.12069061058142783,0.0996316746232607,-0.5985381143931113,0.053988258830417774,0.5298054685047783,-0.391431595990348,-0.8429973740960711,0.003296703296703507,0.00219780219780219,-0.003296703296703174,0.003296703296703507
1917,2025-10-21,000333.XSHE,36.019999999999996,0.0001380452788515339,-0.5217765939462282,-0.1731599928787954,-1.7205861491309105,-1.0930433818438814,-1.4373154532879133,0.0996316746232607,-0.8253892947753402,-1.3594543508270471,1.9673520351260583,0.4229904502834579,1.7311939331169488,0.0,0.0,0.0,0.0
1918,2025-10-21,000338.XSHE,14.22,0.008510638297872412,0.06157611978247408,-0.38960998397728974,-0.22622905941528257,0.10481237908092013,-0.38401557912272494,0.5977900477395642,0.012215063559043077,-0.21970221996267222,-0.46720263415191604,0.4229904502834579,-0.6330821898221485,0.0035161744022502717,-0.0014064697609001975,-0.006329113924050667,0.10900140646976086
1919,2025-10-21,000408.XSHE,36.019999999999996,0.00722935116573285,-0.06805781660168198,0.0432899982196989,-0.22622905941528257,-0.29447287456068044,0.3181843369874006,-0.8966850716093464,-0.1273856628300208,0.02024559706140668,-0.21215404975136637,-0.9564368905928008,-0.3595646385780243,0.0,0.0,0.0,0.0
1920,2025-10-22,000001.XSHE,11.52,0.010526315789473615,1.573839245956311,1.770361121263893,1.8931273152331338,1.891418911248029,1.8184802203337183,-1.0915817857838657,1.8277216235202196,1.21605699249257,1.0695224309688782,-1.5160691202250278,1.7311939331169488,0.00954861111111116,0.0,-0.011284722222222099,0.0
1921,2025-10-22,000002.XSHE,6.38,0.0031446540880502474,-1.1765594362974363,-0.9289729484653194,-0.6724039445602185,-0.5821181113280561,-0.9535932862725595,0.9099954017593285,-0.1887512388625756,-0.7743714441671314,-1.3308665575270104,1.2826371993245436,-0.8119971432655665,0.0,-0.00940438871473348,-0.010971786833855801,-0.025078369905956133
1922,2025-10-22,000063.XSHE,36.019999999999996,-0.004981071926678621,0.3514398316213121,1.1960347234491668,1.38337469890818,1.5194584567253095,1.5362327360247154,-0.9265032548524682,1.546353317141225,1.2918828376986538,0.23151680776617148,-1.519165034295326,1.5159980999490663,0.0,0.0,0.0,0.0
1923,2025-10-22,000100.XSHE,4.15,-0.0024038461538461024,-0.5653597291299369,-0.5269444699950112,-0.38734491569429047,-0.48912799769737625,-0.4193391195448042,-0.5963461929896733,-0.23564595659240803,0.026539045822129324,-0.7627271519658534,0.2671773842667345,-0.5926283082840313,0.009638554216867545,0.012048192771084265,0.026506024096385472,0.033734939759036076
1924,2025-10-22,000157.XSHE,7.97,0.0063131313131312905,-0.8709595827136867,-1.0438382280282645,-1.031242957367916,-0.9726765885769116,-0.9636735535693095,1.5496747091184935,-0.6576984161609,-0.37628575683519117,-0.4218435086291592,0.9854294485759166,-0.8838774153190133,-0.006273525721455453,-0.008782936010037545,-0.021329987452948562,0.026348808030112858
1925,2025-10-22,000166.XSHE,5.34,0.0,0.8098396119969367,0.6504246455251772,0.7394766572345545,0.5151652295139666,0.6491692139107065,-0.18364986566117963,0.3739853738954137,0.7611019212560667,0.03266801581976649,-0.22507295291067902,0.1755997331841667,0.011235955056179803,0.028089887640449396,0.033707865168539186,0.014981273408239737
1926,2025-10-22,000301.XSHE,9.13,0.005506607929515497,-1.0619594912035302,-1.086912707864369,-0.9775847872284473,-0.8982844976723677,-0.7519879403375574,0.9718998508586025,-0.8804483253776041,-0.030330338082433572,-0.5354713897413906,0.8615928857639886,-0.8396802889953044,0.025191675794085322,-0.0021905805038336945,0.004381161007666945,0.0
1927,2025-10-22,000333.XSHE,36.019999999999996,0.0147892190739462,1.4210393191644362,0.5642756858529683,-0.25319949034561845,-0.48912799769737625,-0.4798207233253048,-1.4217388476466608,-1.2673297466487217,-2.044454351369036,2.191597756952164,-0.8225843684782312,1.7311939331169488,0.0,0.0,0.0,0.0
1928,2025-10-22,000338.XSHE,14.27,0.004929577464788753,-0.3361598389421247,-0.5269444699950112,-0.46783217090349366,-0.5263240431496482,-0.2782153773903028,0.5592035235301089,-0.47011954524157024,0.3819726952256474,-0.052552895014407075,0.36624663451627687,-0.6289116141237017,-0.00630693763139456,-0.00700770847932719,-0.004905395935529078,0.14856341976173804
1929,2025-10-22,000408.XSHE,36.019999999999996,0.03183897529734679,-0.1451599304522811,-0.06748335174323031,-0.22637040527588403,0.03161663863443117,-0.15725216982930157,0.22904646166731402,-0.04806708567307825,-0.45211160204127504,-0.4218435086291592,0.31980792346180387,-0.34196208518881566,0.0,0.0,0.0,0.0
1930,2025-10-23,000001.XSHE,11.63,0.009548611111111216,-0.4672470712210533,0.5656480358334348,1.603498065215387,1.8301002328206202,1.7990780367550447,1.7583675413521018,1.5216694480602817,1.4409024934458454,-0.46848811643409083,0.9729064346528764,1.7311939331169488,-0.006018916595012969,-0.013757523645743786,-0.021496130696474602,-0.010318142734307867
1931,2025-10-23,000002.XSHE,6.38,-0.004680187207488338,-1.5914505508506553,-1.8021809513762919,0.031071894393486624,-0.4629331558198732,-1.2621804027496122,-0.6863247149046824,-0.22106968651565068,-1.4749453874871958,-0.42920190121949203,0.24277027356253766,-0.8119971432655665,-0.0031347962382444194,-0.017241379310344862,-0.017241379310344862,-0.031347962382445194
1932,2025-10-23,000063.XSHE,36.019999999999996,-0.031356783919598036,0.09485466859374778,-0.4867204029264437,1.0762174330834922,0.7917454907947366,0.7629597956919301,0.8891436280163564,1.1343940848211855,0.9080571954073201,-1.607788357657456,1.3562279192253042,1.3980741769226261,0.0,0.0,0.0,0.0
1933,2025-10-23,000100.XSHE,4.19,0.012077294685990511,-1.5914505508506553,-1.5390888416863222,-0.5809502679024625,-0.16007968939565712,0.5745746609531819,-0.5595628942098861,-0.02743200489610263,0.39371347021735476,0.5529534791454782,-0.9741233282546935,-0.5805166392202633,-0.0023866348448688957,0.0023866348448686736,0.02386634844868718,0.02386634844868718
1934,2025-10-23,000157.XSHE,7.92,0.002531645569620199,0.7974818433622491,0.5656480358334348,-0.8822534862635452,-0.679257060408599,0.1036118241063116,-0.26982158976463766,-0.8665286252474775,0.019981698676444615,0.5922396943600771,-1.3148535367635183,-0.889792618828088,0.002525252525252597,-0.022727272727272707,-0.010101010101010055,0.06439393939393945
1935,2025-10-23,000166.XSHE,5.4,0.011235955056179869,-0.4672470712210533,0.17100987129848033,0.7749142147224094,0.7052159289592462,0.19780439147568565,0.5994023235711079,0.8116646154552721,0.6120320298303616,-1.1363537750822705,1.1736938789527196,0.1982233411402814,0.005555555555555536,0.005555555555555536,0.0037037037037035425,0.014814814814814836
1936,2025-10-23,000301.XSHE,9.36,0.026315789473684237,0.8677445608390992,1.091832255213374,0.17230777800024413,-0.3331388130666378,0.19780439147568565,0.01991971468061086,-0.26947910692053767,0.05328452980385245,0.7493845552184722,-0.39001439938242255,-0.8142484108585459,-0.02564102564102566,-0.030982905982905873,-0.016025641025640858,-0.019230769230769162
1937,2025-10-23,000333.XSHE,36.019999999999996,0.014725934005999431,0.5164309734548486,0.30255592614346516,-1.8614889459370638,-1.8041413642699735,-1.6860469559117954,-1.7185281119908804,-1.9638088210915832,-1.8153743279006982,1.8690416888345385,-1.3635292808362076,1.7311939331169488,0.0,0.0,0.0,0.0
1938,2025-10-23,000338.XSHE,14.18,-0.00421348314606745,0.6569564084085489,1.091832255213374,-0.2043212449511092,0.5321568052882656,-0.13186959431712356,0.67183764968242,-0.0919778987692853,-0.2760434669005139,-0.0854475180917524,-0.000608446800908581,-0.6364185165262741,0.0014104372355430161,-0.0035260930888574293,0.01833568406205921,0.27150916784203116
1939,2025-10-23,000408.XSHE,36.019999999999996,0.02639087018544943,1.1839267894849248,0.03946381645349554,-0.12899544036083854,-0.41966837490212805,-0.5557361474793068,-0.7044335464325104,-0.02743200489610263,0.13839176490722802,-0.036339749073503895,0.29753048564431306,-0.31069782609657015,0.0,0.0,0.0,0.0
1940,2025-10-24,000001.XSHE,11.56,-0.003448275862068892,-1.271623489105366,-0.9542196377442964,1.2677158386275535,1.5771756199135096,0.7783463119758837,1.1050220622926663,1.7876963088119064,1.030522142203967,-1.2967516936062435,1.7577359694821413,1.7311939331169488,-0.0034602076124568004,-0.014705882352941124,-0.02076124567474047,-0.0008650519031141446
1941,2025-10-24,000002.XSHE,6.36,0.0,0.12193649895530909,-0.7807251581544243,0.6019879680633634,-0.27502350667530945,-0.9004398511093558,0.9562690923686535,0.26006161969491615,-0.6283117360956931,0.15471699173407827,1.4372110124941897,-0.8152486395966231,-0.0062893081761006275,-0.007861635220125951,-0.014150943396226578,-0.028301886792452935
1942,2025-10-24,000063.XSHE,36.019999999999996,0.02151639344262304,-1.6200134861205346,-1.1277141173341685,0.7011389275090938,1.2404121423519063,1.5414309315600834,0.17000339419887175,0.9147622007450548,1.3941021703244405,-0.9617973816046309,-0.07955887325236657,1.5099334812069531,0.0,0.0,0.0,0.0
1943,2025-10-24,000100.XSHE,4.18,-0.002386634844868896,-0.22645349805985965,-0.4337361989746802,-0.4320148947278255,0.6791396797492337,0.7783463119758837,1.1050220622926663,0.3328061287004871,0.6953468037804055,-0.5470920429359675,0.2924790232515057,-0.5835445983157779,0.004784688995215447,0.019138755980861344,0.031100478468899517,0.028708133971291794
1944,2025-10-24,000157.XSHE,7.94,0.0025252525252525836,0.6445214944780622,0.4337361989746802,-1.3385379525173609,-1.0046777080587836,-0.9004398511093558,-0.5950118796960511,-1.049339542405361,-0.7873779983984003,0.7927252050704836,-0.943831525130593,-0.8874265708881162,-0.005037783375314908,-0.017632241813602123,0.005037783375314797,0.061712846347606876
1945,2025-10-24,000166.XSHE,5.43,0.005555555555555437,-0.9232334920901971,-0.8674723979493604,0.2478773986143261,0.6791396797492337,1.0835801598095636,0.9987699409183715,0.6965286737283419,1.2123121562642036,-0.483291221602327,0.1150455649188897,0.20953522877748337,0.011049723756906271,0.016574585635359185,0.0018416206261511192,0.0018416206261511192
1946,2025-10-24,000301.XSHE,9.12,-0.02459893048128347,0.12193649895530909,0.6939779183594883,-1.6784840991884367,-1.116932200579318,-0.5188975413172559,-1.360027153590974,-1.1038979241595395,-0.554459542883722,0.9203268477377646,-1.3559350412579592,-0.84078592825613,-0.0010964912280702066,0.005482456140351033,0.014254385964912464,0.037280701754386136
1947,2025-10-24,000333.XSHE,36.019999999999996,-0.0037624294544477445,0.8187164929856465,0.08674723979493604,-0.7719610413989013,-1.2291866930998525,-1.5109075467767155,-0.2550050912983076,-1.2675730694220742,-1.5145380546393474,1.685936703741451,-0.07383521330615316,1.7311939331169488,0.0,0.0,0.0,0.0
1948,2025-10-24,000338.XSHE,14.2,-0.0021082220660577048,1.2542039892546075,1.8216920356936568,0.9277696919564777,-0.44340524545611115,-0.21366369348357592,-0.8500169709943587,-0.6128724883719354,-0.2420079562176901,0.7289243837368431,-0.9896208047003003,-0.6647782974210815,-0.0021126760563380254,0.0,0.05352112676056353,0.2866197183098591
1949,2025-10-24,000408.XSHE,36.019999999999996,-0.003598971722365053,1.0800089907470232,1.1277141173341685,0.47450816306170995,-0.10664176789450769,-0.13735523152515594,-1.275025456491538,0.041828092678203255,-0.6055879843381635,-0.9936977922714512,-0.15969011249935444,-0.2951969577490124,0.0,0.0,0.0,0.0
1950,2025-10-27,000001.XSHE,11.52,-0.0017331022530328922,-1.8377098006213297,-2.30425364927323,1.1316274838702238,1.2648635872326275,0.17858486506203122,1.1112102654741296,2.3108753133654822,0.01854682007542444,-1.4710710132744236,1.5838295868606538,1.7311939331169488,-0.004340277777777679,-0.012152777777777679,-0.0078125,0.00954861111111116
1951,2025-10-27,000002.XSHE,6.32,-0.00784929356357925,1.682410380850513,1.3181538343004067,-1.697441225805336,-0.34804971192307194,-0.9326098508794964,-0.6678209477233685,-0.9782232921608482,1.0639130425084369,-1.4224405665546078,-2.211860421592664,-0.8217514649404466,-0.007911392405063444,-0.007911392405063444,-0.0031645569620254443,-0.009493670886076
1952,2025-10-27,000063.XSHE,36.019999999999996,0.01623762376237624,0.025883236628469433,0.9156641139033359,0.6264366428567311,1.7742046290712692,1.607263785558281,0.01642182658336156,0.7230346072493226,1.6371783902942822,0.13373372847949305,-0.6899170848698362,1.608989589934626,0.0,0.0,0.0,0.0
1953,2025-10-27,000100.XSHE,4.2,0.0,0.44001502268398035,-0.6942947676849471,0.22228397004593686,0.4159618508348909,-0.6944966974634548,0.6732948899178224,-0.18430293910276851,-0.613731137041317,0.03647283503986174,0.48362958441041676,-0.5774888474430389,0.0,0.021428571428571352,0.033333333333333215,0.05476190476190457
1954,2025-10-27,000157.XSHE,7.9,-0.007537688442211006,0.025883236628469433,0.5131743935062651,1.4347419884783195,0.2461815035553436,1.2897795810035588,1.3301679532522832,-0.07088574580875712,0.8278626051848534,1.3494948964748843,0.20857958379785746,-0.8921584994497698,-0.020253164556962022,-0.0075949367088608,0.02405063291139231,0.051898734177215244
1955,2025-10-27,000166.XSHE,5.49,0.0036563071297989877,-0.3882485494270415,-0.09056018708934095,0.6264366428567311,0.07640115627579631,1.1310374787261979,1.0838405545018606,0.15594864077926565,0.5580906768150438,0.9118208759965435,-0.3208916673813192,0.23215883673359808,-0.010928961748634003,-0.012750455373406244,-0.00910746812386154,0.0018214936247722413
1956,2025-10-27,000301.XSHE,9.11,-0.0043715846994536525,-1.0094462285103079,-0.392427477387144,-0.5860213755756517,-0.09337919100375099,-0.5754401207554339,-0.20253586119479206,0.2977201323967799,-0.4451236818101859,-0.6443534190375574,0.6303229180704484,-0.8418917348352456,-0.004390779363336872,0.010976948408342624,0.023051591657519355,0.10208562019758505
1957,2025-10-27,000333.XSHE,36.019999999999996,0.0018850141376060398,1.0612127017672468,0.3119295333077298,0.02020763364053973,-1.2818416219605822,-0.9326098508794964,-0.8594089245292529,-0.8648060988668368,-0.6558830008490998,-0.012157611679953913,-0.17649041705972554,1.7311939331169488,0.0,0.0,0.0,0.0
1958,2025-10-27,000338.XSHE,14.17,-0.0028149190710767716,-0.3882485494270415,0.11068467310919443,-0.7880977119810488,-0.7725005801219401,-0.9326098508794964,-1.406803143974637,-0.2977201323967799,-0.7907689650340046,-0.1823641751993087,0.5569762512404326,-0.6672807097674657,-0.0028228652081861982,0.019054340155257643,0.09103740296400864,0.29287226534932964
1959,2025-10-27,000408.XSHE,36.019999999999996,0.011550874808900964,0.3882485494270415,0.3119295333077298,-0.990174048386446,-1.2818416219605822,-0.13889933949269095,-1.0783666123074065,-1.0916404854548596,-1.6000847501434337,1.3008644497550688,-0.06417833347626384,-0.25762730889523394,0.0,0.0,0.0,0.0
1960,2025-10-28,000001.XSHE,11.47,-0.005203816131829898,-1.6516391883988728,-0.2951960296401018,2.020330092725552,1.8215648691668427,1.6701991973848929,2.058320200304089,1.8282588314173933,1.2917939392691145,-0.6719980024171847,1.7825417873314813,1.7311939331169488,-0.006974716652136004,-0.013077593722755076,0.01046207497820384,0.017436791630339954
1961,2025-10-28,000002.XSHE,6.27,-0.007911392405063403,1.571071423111123,-0.6641910666902291,-0.09046254146532323,-0.9497047608476702,-0.4961679624030435,-1.0445206986617765,-0.4071668139837863,0.5765149031289625,-1.1024593562787264,-1.7405996276295639,-0.8298801221089434,0.006379585326953707,0.0,-0.006379585326953596,0.0015948963317384823
1962,2025-10-28,000063.XSHE,36.019999999999996,-0.0200396825396825,-0.6848260049458741,-1.0331861037403562,0.5729294292803805,1.2610833709616605,1.530433574172768,1.0752418956812406,0.550872748331005,1.2345716163779024,-0.05022049128384653,0.1527892960569841,1.47893626210567,0.0,0.0,0.0,0.0
1963,2025-10-28,000100.XSHE,4.2,0.0,-0.040283882643874946,-1.0331861037403562,-0.1507709024422054,0.38922326264248774,-0.6359335856151684,0.46081795529196024,0.7637704288454029,-0.503556441442667,-1.580749749458217,1.111467232100806,-0.5774888474430389,0.014285714285714235,0.026190476190476097,0.011904761904761862,0.04761904761904767
1964,2025-10-28,000157.XSHE,7.74,-0.01651842439644217,-0.040283882643874946,0.4427940444601528,-0.8744712341647913,-0.23353395758549267,-0.7058163972212309,0.3379331672141042,-0.8329621750125824,-0.5393203932496746,-0.0023914519658974455,-0.49431831077259564,-0.9110867156512547,0.007751937984496138,0.03100775193798455,0.036175710594315236,0.06459948320413433
1965,2025-10-28,000166.XSHE,5.43,-0.009124087591241005,-0.040283882643874946,0.6272915629852165,1.0553963170954377,0.762877594779276,0.8316054581121434,-0.43009675827249627,1.0831169496170001,0.8340153561394171,-0.33719472719154103,-0.1318182162060255,0.20953522877748337,0.016574585635359185,0.0018416206261511192,0.0,0.0018416206261511192
1966,2025-10-28,000301.XSHE,9.07,-0.0032967032967032264,-1.0070970660968737,-0.2951960296401018,-0.5126210683034983,-0.731739733767877,-0.21663671597879364,-0.5222603493308883,-0.2741057636622875,-0.017166696867363686,1.1933345309828296,0.05692150245260192,-0.846314626515128,0.011025358324145529,0.019845644983461863,0.006615214994487362,0.11576626240352805
1967,2025-10-28,000333.XSHE,36.019999999999996,-0.0025627191799298316,0.8459615355213739,-0.4796935481651654,-0.753854512211027,-0.9808426218590691,-1.1251132668576058,-0.1536059850973201,-1.2587575360413783,-1.4548775595090693,1.5281378062084732,0.2486570896613663,1.7311939331169488,0.0,0.0,0.0,0.0
1968,2025-10-28,000338.XSHE,14.13,-0.002822865208186249,1.2488003619601233,2.2877692297107894,0.09046254146532323,-0.6071882897222809,-0.006988281160606222,-1.1366842897201686,-0.8329621750125824,0.03290283566244695,0.9781038540520587,-1.0934920207999843,-0.6706170364715912,0.004953998584571684,0.05874026893135165,0.11606510969568284,0.2951167728237791
1969,2025-10-28,000408.XSHE,36.019999999999996,-0.03742414025623734,-0.20141941321937473,0.4427940444601528,-1.3569381219798486,-0.731739733767877,-0.8455820204333558,-0.6451451374087444,-0.6200644944981843,-1.4548775595090693,0.04543758735205163,0.10785126780492996,-0.3230457485859262,0.0,0.0,0.0,0.0
1970,2025-10-29,000001.XSHE,11.39,-0.006108202443281001,-0.8419956398116799,-0.37814977697339636,1.6920980162473251,2.151603532818608,0.7899942055303147,0.7532595515573137,1.6292555541087146,-0.15336811842559422,-1.6234547289316286,2.0872798257688108,1.7311939331169488,-0.0008779631255486642,0.0035118525021948788,0.0114135206321333,0.025460930640913038
1971,2025-10-29,000002.XSHE,6.31,0.007987220447284317,1.0291057819920533,0.7983161958327256,0.9820057064608325,-0.1902778634465436,0.7500955082813089,0.11094520526813148,0.07264196738064332,0.5605869156245862,0.9506257674905767,-0.704661784739049,-0.8233772967651201,-0.006339144215530945,-0.0015847860538826808,-0.01426307448494446,-0.007923930269413626
1972,2025-10-29,000063.XSHE,36.019999999999996,0.0165016501650165,-0.010395007898909592,0.7983161958327256,0.930047732574016,1.309989906035819,1.9071577285024768,1.1814691157501018,1.0844407987538895,1.8430616990110211,-1.0882498732398829,-0.14627346263747698,1.2639779372505515,0.0,0.0,0.0,0.0
1973,2025-10-29,000100.XSHE,4.26,0.016706443914081,-0.8419956398116799,-1.2184826146920549,-0.732607431804113,-0.30005355389647254,-0.1675745284458243,-0.14208771902760697,-0.031132271734561432,0.09122758768418979,0.23701929323491586,-0.34049548771628463,-0.5593212601882419,0.007042253521126751,0.018779342723004744,0.007042253521126751,0.030516431924882514
1974,2025-10-29,000157.XSHE,7.8,0.007751937984496074,0.40540530805747554,0.1260499256577988,-0.1783890436780701,-0.007318379363328606,-1.1251432624219633,0.7143314093579693,-0.13490651084976618,-1.3168503961369993,-0.476587181020745,1.1404474535096236,-0.9039887391496292,0.00512820512820511,0.03717948717948727,0.04871794871794877,0.04102564102564088
1975,2025-10-29,000166.XSHE,5.52,0.018450184501844952,-0.010395007898909592,0.2941164932015305,0.0987201503849514,-0.5927887284296165,-0.9655484734259401,0.675403267158625,0.07264196738064332,-0.15336811842559422,-0.272699616947699,0.14809429412259087,0.24347072437080045,-0.018115942028985477,-0.014492753623188248,-0.018115942028985477,-0.023550724637681153
1976,2025-10-29,000301.XSHE,9.17,0.013259668508287206,-0.8419956398116799,-0.5462163445171281,-1.286825819930156,-0.15368596662990058,0.19151374679522784,0.0914811341684593,-0.6278341466469888,-0.0938718655880792,1.5622884597097144,-0.14627346263747698,-0.835257397315422,0.004362050163577047,0.016357688113413316,-0.004362050163576825,0.08396946564885499
1977,2025-10-29,000333.XSHE,36.019999999999996,0.002032795771784679,0.197505150079283,0.21008320942966463,-1.4253804169616668,-1.0318914902293326,-1.2847380514179867,-1.1542194162105608,-1.4839716193474282,-1.4226215122925816,0.8486819854540537,-0.2433844751768808,1.7311939331169488,0.0,0.0,0.0,0.0
1978,2025-10-29,000338.XSHE,14.2,0.004243281471004153,2.068606571883016,1.6386490335513841,0.0987201503849514,-1.0318914902293326,-0.40696671193985906,-2.1663511133935143,-1.3801973802322234,-0.470681466892341,-0.6804747450937909,-1.6029386507285346,-0.6647782974210815,0.016901408450704203,0.08873239436619729,0.15422535211267618,0.26056338028169
1979,2025-10-29,000408.XSHE,36.019999999999996,0.04049844236760118,-1.1538458767789688,-1.72268231732325,-0.1783890436780701,-0.15368596662990058,0.3112098385422452,-0.06423143462891821,0.7990616411870767,1.115885275441393,0.5428506393444847,-0.19179424976532253,-0.24238929758138641,0.0,0.0,0.0,0.0
1980,2025-10-30,000001.XSHE,11.38,0.0,-0.9435657278123606,-0.4316745080073976,1.8043058892946708,1.6850903767821601,1.9885832515768955,2.2682171238851523,1.9206274612251732,2.1152540918032847,-1.1684810230173146,-1.4303825748997707,1.7311939331169488,-0.005272407732864748,0.018453427065026284,0.011423550087873435,0.028119507908611396
1981,2025-10-30,000002.XSHE,6.27,-0.00633914421553091,-1.1935169139878203,-0.49610353905327786,-0.21543950916951288,0.2167543638184522,-0.16465975968471103,0.8631268701509871,-0.4166440524350905,-0.821457899729431,0.989182244452889,2.0695876663231068,-0.8298801221089434,0.0,-0.006379585326953596,-0.014354066985645897,0.0015948963317384823
1982,2025-10-30,000063.XSHE,36.019999999999996,-0.017101512826134646,0.05623901688947835,1.050193206047848,-0.3500892024004585,0.28667512634053355,0.29976520352857666,-0.5054675328368361,0.3709148271678245,0.6674345435301626,-1.3204291404447936,-0.3251288145135989,1.1716602380191299,0.0,0.0,0.0,0.0
1983,2025-10-30,000100.XSHE,4.29,0.00941176470588236,1.0560437615913172,0.01932870931376412,-0.3500892024004585,-1.111740124101093,-0.37576201569075085,-0.7244426373148878,-0.5182645530290151,-0.035938783113162606,0.685286009597931,-0.5461795665908332,-0.5502375502199883,0.004662004662004504,-0.009324009324009341,0.0,0.030303030303030276
1984,2025-10-30,000157.XSHE,7.84,0.0012771392081736637,-0.9435657278123606,-1.5269680357873618,-1.157987361786132,0.006992076252208232,-0.20688021088591899,-0.21350072686610047,-0.6198850536229396,-0.3491196073850082,0.320610527771981,-0.28828702250072646,-0.8992566432696854,0.017857142857143016,0.022959183673469274,0.07525510204081631,0.039540816326530726
1985,2025-10-30,000166.XSHE,5.42,-0.016333938294010864,0.30619020306493805,0.9213351439560876,0.7271083434471062,0.9858827515613467,0.6375288131382404,0.187953631343661,0.8028019546920038,0.8009214522361952,-0.8341951646768604,-0.3205235905119898,0.20576454379231926,0.0036900369003691758,0.0018450184501843658,0.011070110701107083,0.0018450184501843658
1986,2025-10-30,000301.XSHE,9.21,0.004362050163576982,1.7434095235738314,1.050193206047848,0.32315926375426945,-0.8320570740127676,-0.9668483325076624,-1.0164094432856234,-0.696100429068383,-0.5904228654305285,0.13827278685900604,-0.17776164646210932,-0.8308343383172496,0.004343105320304019,-0.008686210640608039,-0.0032573289902281255,0.10423452768729624
1987,2025-10-30,000333.XSHE,36.019999999999996,0.01080642982574628,-0.9435657278123606,-1.5269680357873618,-1.5619364414789687,-1.6711062242777435,-1.726816454129406,-0.21350072686610047,-1.5344695589682602,-1.4991606670062114,1.8097020785612763,0.043289105615125056,1.7311939331169488,0.0,0.0,0.0,0.0
1988,2025-10-30,000338.XSHE,14.44,0.017618040873854827,0.05623901688947835,0.01932870931376412,-0.21543950916951288,-0.13284944879195443,-0.12243930848350305,-1.0164094432856234,-0.21340305124724152,-0.10268223746617887,-0.028870142311221012,-0.39881239853934364,-0.644759667923168,0.03601108033241007,0.09210526315789469,0.2486149584487536,0.24653739612188375
1989,2025-10-30,000408.XSHE,36.019999999999996,-0.013342228152101471,0.8060925754158575,0.9213351439560876,0.9964077299089974,0.5663581764288589,0.6375288131382404,0.37043288507537075,0.9044224552859284,-0.18482802743912197,-0.5910781767928938,1.37419884208014,-0.26787371366122914,0.0,0.0,0.0,0.0
1990,2025-10-31,000001.XSHE,11.32,-0.005272407732864718,-1.0145197208490095,1.5591703945459934,1.6113479400586235,2.327533362457952,1.855735919330906,2.1596220991960684,1.9869478867006118,0.761447910440722,1.7471193222307364,2.5597793648396907,1.7311939331169488,0.009717314487632356,0.0176678445229681,0.020318021201413572,0.03798586572438167
1991,2025-10-31,000002.XSHE,6.27,0.004807692307692205,-1.7264633846027002,-1.4831133021291156,-1.1354117063885194,-1.1390056880113384,0.9885696018865574,-1.4172520025974198,-0.4536289567767752,1.646423690129697,-0.3578437166014761,-1.1362499524504932,-0.8298801221089434,0.004784688995215447,-0.00797448165869219,-0.014354066985645897,0.0
1992,2025-10-31,000063.XSHE,36.019999999999996,-0.026651735722284384,0.40936760665837224,-0.08873327448635737,-0.8189647425121205,-0.20069436607980104,-0.4567075938540236,-1.012322858998157,0.1565152540925715,0.5955149517490392,1.3261267144642939,0.029611644278625254,1.0793427061059981,0.0,0.0,0.0,0.0
1993,2025-10-31,000100.XSHE,4.31,-0.011467889908257043,0.40936760665837224,-0.5957805572655422,-0.8189647425121205,-0.5134648067236468,-1.6129293504464883,-0.47241733419913995,-1.0903011768143545,-1.202092100744191,-0.117276512163509,-0.3176662781513249,-0.5441817993472494,0.006960556844547661,-0.004640371229698292,-0.002320185614849146,0.011600928074246175
1994,2025-10-31,000157.XSHE,7.98,0.01785714285714293,1.833254934165754,0.16479036690323504,0.5987176556541468,-0.09643755253185245,-0.9191962964910095,0.3374409529993857,0.07693122658787412,-0.8610076856557318,-0.38791461715622205,-0.044805053384935505,-0.8826944750081724,0.013784461152882121,0.025062656641603898,0.05639097744360888,0.010025062656641603
1995,2025-10-31,000166.XSHE,5.44,-0.014492753623188259,0.40936760665837224,0.7985994703772161,0.6999806840945945,0.5291033287558391,0.005781108782962324,0.26995276239950855,0.8197154832983832,0.17146405731473882,0.48414149893140895,0.22805617138145393,0.21330591376264751,0.0,-0.003676470588235392,0.0,-0.009191176470588314
1996,2025-10-31,000301.XSHE,9.25,0.00872410032715377,-0.30257605709531865,-0.3422569158759498,0.5987176556541468,0.21633288811199333,0.8151363383976876,0.47241733419913995,0.07693122658787412,0.6600444356846936,-0.3578437166014761,-0.16883288282420342,-0.8264114466373674,0.00756756756756749,-0.01297297297297284,0.022702702702702693,0.09297297297297291
1997,2025-10-31,000333.XSHE,36.019999999999996,0.015923993041616454,0.40936760665837224,-0.9760660193499309,-0.7177017140716728,-0.8262352473674925,-0.22546324253553063,0.06748819059987714,-1.408637286833144,-1.5984875020632108,-1.801246943229279,-0.7641664641326895,1.7311939331169488,0.0,0.0,0.0,0.0
1998,2025-10-31,000338.XSHE,14.96,0.020463847203274262,0.40936760665837224,1.4324085738511971,1.0037697694159373,0.5291033287558391,-0.4567075938540236,0.3374409529993857,0.6074914099525234,-0.34477181417049646,-0.5382691199299514,0.20325060549360036,-0.6013859149049257,0.03342245989304815,0.09558823529411753,0.22125668449197855,0.1383689839572193
1999,2025-10-31,000408.XSHE,36.019999999999996,-0.02296521445457615,-0.8365338049105868,-0.469018736570746,-1.0214907993930158,-0.8262352473674925,0.005781108782962324,-0.7423700965986485,-0.7719650667955648,0.17146405731473882,0.0030070900554745785,-0.5889771550497236,-0.30281596340593625,0.0,0.0,0.0,0.0
2000,2025-11-03,000001.XSHE,11.43,0.007936507936507924,0.2362438834858642,1.054073711014193,1.690730413957612,1.668724711202976,1.5183544914081444,0.2683549332776734,1.7998646042651816,0.376990996711671,1.2194397889281858,1.329626105774623,1.7311939331169488,0.013998250218722585,0.006999125109361293,0.017497812773403343,0.0209973753280841
2001,2025-11-03,000002.XSHE,6.3,0.0031847133757961104,-0.9091810061425692,-1.0801002223972596,-0.858783702327676,-0.5173775305476476,-0.07110751061691031,1.1628713775365849,0.6708783627478179,1.9236207268108338,0.12147676058288447,-1.2275334478386972,-0.8250029612715033,-0.01111111111111096,-0.01904761904761909,-0.006349206349206327,-0.006349206349206327
2002,2025-11-03,000063.XSHE,36.019999999999996,-0.007883143983306362,2.240737440335623,1.8869220752723208,1.3552680302358637,1.4501144870279137,1.1000750171910247,-1.5206779552401495,0.1280965158644701,-0.7566182940996472,1.1493570424380601,1.6705807129230656,1.0341947099397844,0.0,0.0,0.0,0.0
2003,2025-11-03,000100.XSHE,4.34,0.002309468822170851,0.2362438834858642,-0.4034109264375306,-0.6127779542650604,-0.9545979788977723,-0.7403546693643018,-0.9072952506054673,-1.4134039292842377,-0.9807038515856055,-1.0932908452459595,-0.5921180436075085,-0.5350979220607057,-0.020737327188940058,-0.011520737327188946,0.02073732718894017,-0.00691244239631339
2004,2025-11-03,000157.XSHE,8.09,0.007471980074719864,-1.1955372285496777,-1.1321532451633924,-0.7022345899241934,-0.5173775305476476,-0.6566987745208779,1.7506964694781553,0.5840332672464823,1.1503058617612525,-0.22893697186774362,-0.9175747140673857,-0.8696812949974722,-0.008652657601977753,0.04202719406674915,0.027194066749073098,-0.023485784919653807
2005,2025-11-03,000166.XSHE,5.44,0.003690036900369089,0.9521344395036352,0.897914642715794,0.8632565341106327,0.5028035156026435,1.016419122347601,-0.9584104759916908,0.3234979807424753,0.376990996711671,1.055913380451226,0.6787127648548688,0.21330591376264751,-0.0018382352941177516,0.007352941176470562,0.011029411764705843,-0.022058823529411797
2006,2025-11-03,000301.XSHE,9.32,0.0053937432578210045,-0.6228247837354609,-0.8198351085665946,-1.3284310395381238,-1.3918184272478973,-1.7860533549071012,0.06389403173277938,-1.1528686427802308,-1.147669561084947,-1.1867345072327937,-0.9330726507559512,-0.8186713025384281,-0.020386266094420513,-0.015021459227467893,0.07725321888411996,0.1051502145922747
2007,2025-11-03,000333.XSHE,36.019999999999996,-0.01304175997892234,-0.40805761693012965,0.1951988353729987,0.01341849534886997,-0.15302715692254362,0.26351606875678546,-0.49837344751567925,-1.0660235472788953,-0.8884333279149168,-1.420343662199879,0.05879529731224565,1.7311939331169488,0.0,0.0,0.0,0.0
2008,2025-11-03,000338.XSHE,15.46,0.02724252491694353,-0.33646856132835257,-0.4034109264375306,-0.43386468294679464,-0.5173775305476476,-0.32207519514718214,0.31947015866389694,-0.37126278326820994,0.13093626692316782,-0.20557605637103507,-0.48363248678754955,-0.5596804925570361,0.020051746442431906,0.16623544631306597,0.184993531694696,0.14489003880983176
2009,2025-11-03,000408.XSHE,36.019999999999996,-0.01804928844151335,-0.19329045012479837,-0.1951988353729987,0.01341849534886997,0.4299334408776227,-0.32207519514718214,0.31947015866389694,0.4971881717451466,-0.18541981423347914,0.5886950705170553,0.41621646219228925,-0.3369703113226731,0.0,0.0,0.0,0.0
2010,2025-11-04,000001.XSHE,11.59,0.014886164623467594,-1.64041765088374,-0.628906913945897,1.6000284904986422,2.641496842309059,1.004280802647863,1.3498345737122832,2.227604657164001,0.3247370041508405,1.70918257946256,2.7693687906122033,1.7311939331169488,-0.006039689387402958,-0.003451251078515849,0.00690250215703192,0.0
2011,2025-11-04,000002.XSHE,6.23,-0.007961783439490418,-0.8759511728019972,-2.0264778338256684,-0.5980937168956586,-0.49248246212541774,1.6548270715695557,0.8413352479987518,0.012041106254940545,0.8794479009209595,-0.21547834233126523,-0.47311637385699545,-0.8363831147710569,-0.0016051364365972098,-0.008025682182985716,0.008025682182985605,-0.01605136436597121
2012,2025-11-04,000063.XSHE,36.019999999999996,-0.02042253521126771,1.4174482614432318,0.7686640059338743,1.2421946427832908,0.1471051510244755,0.6790076681870166,-1.7011613805689048,0.5659319939822056,1.9773132174451533,1.2907780312465111,-0.5462551369653232,0.9627665319061245,0.0,0.0,0.0,0.0
2013,2025-11-04,000100.XSHE,4.25,-0.018475750577367223,0.3981596240009078,0.41927127596393143,-0.3936172324868864,0.019187628394496843,-1.272631138578061,0.14792707657120907,-0.1806165938241082,-0.7211241658011547,-0.4665210712608946,-0.058663382909804586,-0.5623492192837563,0.009411764705882453,0.0117647058823529,0.03529411764705892,-0.0023529411764705577
2014,2025-11-04,000157.XSHE,8.02,-0.007425742574257487,0.14333746464032682,-0.10481781899098279,-1.211523170121975,-0.6203999847553964,-0.9473580041172148,0.33283592228522046,-1.2402339442588761,-1.2469438700311635,-0.7384840276013264,-0.47311637385699545,-0.8779623791282286,0.01995012468827939,0.05112219451371569,0.02743142144638422,-0.026184538653366562
2015,2025-11-04,000166.XSHE,5.43,0.0,0.6529817833614888,0.9433603709188457,0.9354799161701327,0.4029401962844328,-1.4352677058084842,-0.6841627291418422,0.7826719065711354,0.3247370041508405,0.7886925733872523,-0.009904207504252723,0.20953522877748337,-0.0018416206261510082,0.0018416206261511192,0.0018416206261511192,-0.025782688766114115
2016,2025-11-04,000301.XSHE,9.13,-0.020386266094420548,-0.3663068540808352,0.3319230934714458,-0.1891407480781142,-0.23664741686546045,0.231757108303353,-0.17566340342831085,-0.2769454438636325,0.16872456443424452,-0.6338828905473142,-0.3024592599375639,-0.8396802889953044,0.0,0.03614457831325302,0.10843373493975883,0.10514786418400868
2017,2025-11-04,000333.XSHE,36.019999999999996,0.0005358338914935304,-1.2581844118428687,-1.2403441913932969,-1.4159996545307472,-0.6203999847553964,0.3537345337261703,1.2573801508552773,-1.0475762441798275,-1.1544920539028103,-1.5962133514442267,-0.20494090912646018,1.7311939331169488,0.0,0.0,0.0,0.0
2018,2025-11-04,000338.XSHE,15.77,0.016108247422680414,0.9078039427220698,0.7686640059338743,0.015335736330657948,-0.6203999847553964,-0.1341751679650991,-0.2218906148568137,-0.3732742939031569,0.23228518802248735,-0.17363788750966033,-0.6681530754792029,-0.5338231240086129,0.039315155358275344,0.1585288522511097,0.16043119847812304,0.10462904248573257
2019,2025-11-04,000408.XSHE,36.019999999999996,-0.04222340994120799,0.6211290134414161,0.7686640059338743,0.015335736330657948,-0.6203999847553964,-0.1341751679650991,-1.1464348434268707,-0.46960314394268127,-0.7846847893893976,0.03556438659836416,-0.03276007097560516,-0.4123722987456503,0.0,0.0,0.0,0.0
2020,2025-11-05,000001.XSHE,11.52,-0.006039689387402958,-0.7245994191754529,0.7509705740771959,1.7733086948915,2.0291274377494792,1.8505040480592878,1.3918324123326133,2.247973693779911,0.3072024251519884,2.5435652195243637,2.084124127286426,1.7311939331169488,-0.0008680555555555802,0.00954861111111116,0.01388888888888884,0.02430555555555558
2021,2025-11-05,000002.XSHE,6.22,0.0032258064516128343,-0.058301102692277805,-1.4512891739497717,-0.8985750595810893,-0.6934992508764043,0.2855957621740549,0.8540300891747257,-0.007354330514001907,2.4917530040105724,-0.4213267541543425,-1.622278148623442,-0.8380087792774401,-0.006430868167202619,0.006430868167202508,0.006430868167202508,-0.025723472668810365
2022,2025-11-05,000063.XSHE,36.019999999999996,0.004153432689958507,1.0521960914463473,1.896145643051219,1.2142684016480043,1.1044617699142736,1.381031562293718,-1.3186912963831405,0.5564776755594762,-0.3072024251519884,0.2028610297780167,0.9206794666869159,0.9203138660747529,0.0,0.0,0.0,0.0
2023,2025-11-05,000100.XSHE,4.29,0.01658767772511855,-1.8350966133140778,-0.7465660545811419,-0.3641983086865714,-0.12842578719933415,0.1291049335855316,0.40227613772209997,-0.2034698108873856,0.0,-0.5773737001374323,-0.043317537809821054,-0.5502375502199883,0.0,0.03263403263403264,0.023310023310023187,-0.023310023310023187
2024,2025-11-05,000157.XSHE,8.18,0.009876543209876552,1.2742955302740722,-0.04184293521251239,-0.8903538787980967,-1.1558320847940073,-0.183876723591515,-1.3186912963831405,-1.282104952940996,0.08874736726612999,-0.1872563351797078,-0.8909700762466071,-0.8578512226159031,0.030562347188264116,0.01589242053789741,-0.007334963325183463,-0.03911980440097795
2025,2025-11-05,000166.XSHE,5.42,0.0037037037037036245,0.38589777496317224,0.6188349891955779,0.8854211703283011,0.6934992508764043,-0.4968583807685616,0.23017939431157589,0.777107590979533,0.3072024251519884,0.5149549217441963,0.28909522236146756,0.20576454379231926,0.011070110701107083,0.014760147601476037,-0.005535055350553542,-0.023985239852398532
2026,2025-11-05,000301.XSHE,9.13,0.0032967032967034216,-0.1415883922526747,-0.8566790419824903,-1.2849705563817408,-1.0530914550345398,-1.3966806451525706,-0.07098990665684118,-0.8898739921942286,-0.4778704391253153,-0.10923286218816289,-0.44221285001536736,-0.8396802889953044,0.005476451259583737,0.09967141292442472,0.08871851040525724,0.1117196056955092
2027,2025-11-05,000333.XSHE,36.019999999999996,0.012612370857372839,-1.168798296830903,-0.87870163946276,-0.3641983086865714,-0.33390704671826876,-0.027385895002991687,1.2627598547747203,-0.39958529126076936,-0.5666178063914453,-0.5773737001374323,0.0896475662586944,1.7311939331169488,0.0,0.0,0.0,0.0
2028,2025-11-05,000338.XSHE,16.39,0.04862444017914266,0.38589777496317224,0.48669940431395986,-0.23265941615869007,-0.33390704671826876,-1.0445762808283932,-0.8024010661515683,-0.595700771634153,-1.276596744520485,-1.1235380110782467,-0.2926271079382875,-0.4821083869117666,0.10006101281269064,0.11775472849298341,0.09212934716290411,0.04942037827943868
2029,2025-11-05,000408.XSHE,36.019999999999996,0.012441093308199883,0.8300966526186222,0.22242823455072372,0.1619572614249539,-0.12842578719933415,-0.4968583807685616,-0.6303043227410443,-0.2034698108873856,-0.5666178063914453,-0.2652798081712527,-0.09214066195997907,-0.4136859146410408,0.0,0.0,0.0,0.0
2030,2025-11-06,000001.XSHE,11.51,0.0008695652173912858,0.21401291250192653,1.1442928700077017,2.0474249942887575,1.770371629435669,1.3143347939951584,0.07854836495606328,1.3433902796602328,0.5421531086028453,1.1590033650080087,2.2271554429340314,1.7311939331169488,0.0034752389226759828,0.013900955690703709,0.01650738488271064,0.02953953084274552
2031,2025-11-06,000002.XSHE,6.18,-0.003225806451612978,-1.284077475011559,-0.3928169553757781,0.1519773348554624,0.6191633642490302,1.3563263209598597,1.163263881015984,1.0696944671657882,1.0534173367548407,-0.25441537280663606,0.3980783140273329,-0.8445117719395537,0.0,0.016181229773462924,0.016181229773462924,0.003236245954692629
2032,2025-11-06,000063.XSHE,36.019999999999996,0.02898550724637688,2.354142037521192,1.8843827859330808,0.33981449029479793,-0.12756632127743836,-0.7012585003105157,-2.33400855869445,-0.23036064218282437,0.14805359940234875,1.0176614912265443,0.032262888245993264,1.0213915143831305,0.0,0.0,0.0,0.0
2033,2025-11-06,000100.XSHE,4.29,0.0,-0.21401291250192653,-1.0759768777684358,-0.7530562322613362,-0.3764762164529279,-0.5332923924517096,0.9575419727977232,-0.5724804078008803,-0.549609045263395,-0.18374443591590384,-0.21161406227489984,-0.5502375502199883,0.002331002331002363,0.025641025641025772,0.030303030303030276,-0.030303030303030276
2034,2025-11-06,000157.XSHE,8.43,0.028048780487804934,-0.6420387375057796,-0.8482569036375499,-0.7530562322613362,-0.7498410592161622,-0.7012585003105157,0.20946230654950201,-0.846176220295325,-0.48037534770114565,-0.7667796652644447,-0.8213064385771326,-0.8282760416619799,0.0,-0.022538552787663035,-0.033214709371292894,-0.07473309608540923
2035,2025-11-06,000166.XSHE,5.48,0.009208103130755195,0.21401291250192653,-0.2789569683103352,-0.07001203066375236,0.8680732594245196,1.1463686861363522,0.28427027317432413,0.7047667171731952,1.2238387461388391,1.0176614912265443,0.35743215560718405,0.228388319066724,-0.007299270072992692,-0.007299270072992692,-0.009124087591241059,-0.02919708029197088
2036,2025-11-06,000301.XSHE,9.18,0.0054764512595836725,-0.3210193687528898,-0.3928169553757781,-0.7530562322613362,-0.9987509543916517,-1.5410890396045467,-0.0897695599497865,-0.846176220295325,-1.007616582982891,-0.8904538048232262,-1.1058295475181745,-0.8341515907363065,0.030501089324618924,0.10239651416121998,0.10784313725490202,0.09586056644880192
2037,2025-11-06,000333.XSHE,36.019999999999996,0.014310321982244578,-0.8560516500077061,-0.9621168907029929,-1.4361004338589198,-1.6210256923303756,-0.5332923924517096,0.6583101062984348,-1.7584955952768073,-1.8437466227731336,-1.9328501239615268,-1.1058295475181745,1.7311939331169488,0.0,0.0,0.0,0.0
2038,2025-11-06,000338.XSHE,18.03,0.007262569832402378,0.6420387375057796,0.9735028894095373,0.886249851572865,-0.003111373689693622,0.39052120077172436,-0.8378492261980077,0.5223028421768987,1.0534173367548407,0.5229649329914186,-0.4148448543756441,-0.34531430713049827,0.01331114808652245,0.014975041597337757,-0.0016638935108154174,-0.048807542983915875
2039,2025-11-06,000408.XSHE,36.019999999999996,0.03470555658113338,-0.10700645625096326,-0.05123699417944925,0.33981449029479793,0.6191633642490302,-0.19736017673409723,-0.0897695599497865,0.6135347796750469,-0.1395325289331487,0.31095212231922187,0.6444956494494853,-0.35115739645655003,0.0,0.0,0.0,0.0
2040,2025-11-07,000001.XSHE,11.55,0.0026041666666667654,-1.4962204430930017,-1.8376394270315215,-1.3967048932731516,-0.7419158934233108,-1.5893492151931405,1.8184034398787872,1.7262634579508063,1.5828431302276706,1.1273679036487394,-1.2971194959224288,1.7311939331169488,0.006926406926407003,0.011255411255411074,0.017316017316017174,0.012121212121211977
2041,2025-11-07,000002.XSHE,6.18,0.0016207455429497223,-0.14751469157254946,0.7915554914001836,1.2000027872218018,1.616111364743801,1.3485387280426648,-0.11785948221436582,0.2425328825220141,-0.5047809879499887,-0.049554633127417105,1.3411617719260283,-0.8445117719395537,0.012944983818770295,0.012944983818770295,0.014563106796116498,-0.01941747572815533
2042,2025-11-07,000063.XSHE,36.019999999999996,-0.007847800237812088,1.0326028410078463,-0.8866540310030324,-1.3727168315595726,-1.6621216527080371,-1.3003766306125697,-0.5177398682988213,0.8987983293462876,1.6073074753625651,1.4370843606950963,-1.67158522426221,0.9620925738336962,0.0,0.0,0.0,0.0
2043,2025-11-07,000100.XSHE,4.3,0.007025761124121839,0.35824996524762015,0.45591358691954037,0.5463281055267674,0.7534184654143697,0.577945169161142,-0.4335545238599886,-0.21399960222530656,-0.29683405430338594,-0.29732779876450266,0.47308212895653584,-0.5472095911244738,0.03023255813953485,0.020930232558139528,0.013953488372093092,-0.05813953488372092
2044,2025-11-07,000157.XSHE,8.43,0.00596658711217171,1.3697792788879593,1.46283930036147,1.3139460803613032,0.7534184654143697,1.0114040460319986,-1.527964001564814,-0.7846652081594574,-1.0266870174944036,-0.7309308386294024,0.9666960435862473,-0.8282760416619799,-0.014234875444839812,-0.03677342823250307,-0.04389086595492275,-0.09371293001186243
2045,2025-11-07,000166.XSHE,5.44,-0.003663003663003585,-0.7375734578627473,-0.7747733961761514,-0.653074980152195,-0.6268901735127199,-1.0114040460319986,0.6187622816254206,0.9273316096429951,0.539031071138841,0.9415380294209251,-0.48010336136290677,0.21330591376264751,0.011029411764705843,-0.009191176470588314,-0.009191176470588314,-0.05514705882352955
2046,2025-11-07,000301.XSHE,9.46,0.032751091703056845,0.8640146220677897,0.9593764436405051,1.0260893397983524,0.7534184654143697,0.5297830717310469,-0.812388573834736,-0.32813272341213673,-1.0389191900618509,-0.42121438158304547,1.0858442298761775,-0.80319101434055,0.061310782241014605,0.05073995771670181,0.0687103594080336,0.038054968287526414
2047,2025-11-07,000333.XSHE,36.019999999999996,-0.013934106003385953,-1.4962204430930017,-0.5230419678156689,-0.41319436301640255,-0.5118644536021291,-0.1444862922902855,0.8292256427225024,-1.811863298840929,-1.0266870174944036,-1.9697966668148303,-0.27584932772302617,1.7311939331169488,0.0,0.0,0.0,0.0
2048,2025-11-07,000338.XSHE,18.27,0.014436424208772792,0.35824996524762015,0.23215231726577823,-0.22128986930776856,-0.7419158934233108,0.04816209743009517,-0.6861105571764868,-0.4422658445989669,-0.1133514657916776,-0.23538450735523128,-0.2588281582530361,-0.32529567763258493,0.002736726874657869,-0.02025177887246854,-0.0678708264915161,-0.08812260536398464
2049,2025-11-07,000408.XSHE,36.019999999999996,0.01360057265569073,-0.10536763683753533,0.12027168243889715,-0.02938537559913458,0.40834130568259736,0.5297830717310469,0.8292256427225024,-0.21399960222530656,0.2780780563666336,0.19821853250966848,0.11670139317861926,-0.3353938383935723,0.0,0.0,0.0,0.0
2050,2025-11-10,000001.XSHE,11.63,0.009548611111111216,-0.7540145486285339,-1.1800414242287527,-1.2936179162831198,-1.0232213522368332,-1.0760033604382035,1.3520776285817833,1.4665343473302836,1.1921408688134034,1.1687366843909726,-1.411622266105587,1.7311939331169488,0.0034393809114359186,0.006018916595012858,0.0034393809114359186,-0.00257953568357705
2051,2025-11-10,000002.XSHE,6.26,0.01458670988654779,0.07068886393392507,0.5267516581968745,1.010085222303258,1.1611837817519117,0.40473520897216825,-0.7707033724447788,0.03576913042268987,-0.34876827495002627,0.23905977635269895,1.6409775478242392,-0.8315059539336168,0.0031948881789138905,0.0031948881789138905,0.0,-0.03514376996805113
2052,2025-11-10,000063.XSHE,36.019999999999996,0.010074358359318823,-1.578717961190993,-1.7097358291194644,-1.6480337837579473,-0.2184405133988745,-0.41789732958914927,1.466822547556192,1.549078494459568,1.3778754531063166,1.1952988817634946,-0.952091111320452,0.9883727557011426,0.0,0.0,0.0,0.0
2053,2025-11-10,000100.XSHE,4.43,0.03023255813953486,-1.2252736415213676,-0.7680568870915323,0.30125348735360324,1.6210585468021739,1.5564207629580127,0.5488631957609219,0.4760045817788726,0.7071672320485739,-0.18593538160765474,0.42650235303495354,-0.5078467921559454,-0.006772009029345272,-0.0022573363431150906,-0.02708803611738153,-0.08126410835214437
2054,2025-11-10,000157.XSHE,8.31,-0.01773049645390075,1.0132070497195924,1.3507207324713153,1.1872931560406716,0.9312463992267807,-0.2862761234193385,-0.8280758319319832,-0.7346429094506299,-1.0091579079914959,-0.15937318423513264,1.312741008692,-0.842472161983521,-0.008423586040914643,-0.019253910950661868,-0.04933814681107096,-0.07220216606498198
2055,2025-11-10,000166.XSHE,5.5,0.01102941176470581,0.42413318360355035,0.026484720244535603,-0.8505980819395856,-0.4483778959240055,0.37182990742971556,-0.06310970543592484,-0.1843485952554015,0.0914914804109536,0.026562197372522106,-1.0833857269733478,0.23592952171876222,-0.010909090909090868,-0.01272727272727281,-0.032727272727272716,-0.07090909090909081
2056,2025-11-10,000301.XSHE,10.04,0.05573080967402727,1.2488365961660093,1.0564460630875865,1.010085222303258,-0.2184405133988745,0.10858749509009394,-1.2105588951800124,-1.1748783608068127,-0.909411557167524,-0.9296769080382737,0.4921496608614014,-0.7390585830273858,0.007968127490039834,0.01294820717131473,0.02589641434262968,-0.03486055776892427
2057,2025-11-10,000333.XSHE,36.019999999999996,0.014119820533122105,-0.16494068251249178,0.11476712105965425,-0.31897428072734463,-1.1381900434993988,-1.4708669789476359,0.39586997046171024,-1.2849372236458585,-1.5594826021927208,-2.2046623819193347,-0.033028801750181636,1.7311939331169488,0.0,0.0,0.0,0.0
2058,2025-11-10,000338.XSHE,18.32,-0.016639828234031064,-0.2827554557357002,-0.29721741607756613,0.12404555361618956,0.4713716341765186,1.4906101598731074,0.39586997046171024,0.4760045817788726,0.8069135828725459,0.39843296058783156,-0.2627943791427492,-0.32112526925242796,-0.0010917030567685337,-0.017467248908296984,-0.033842794759825434,-0.09388646288209601
2059,2025-11-10,000408.XSHE,36.019999999999996,-0.005622913371990743,1.2488365961660093,0.8798812614573491,0.47846142109101697,-1.1381900434993988,-0.6811397419287709,-1.2870555078296182,-0.6245840466115843,-0.34876827495002627,0.4515573553328758,-0.12944828512027695,-0.3367074542889628,0.0,0.0,0.0,0.0
2060,2025-11-11,000001.XSHE,11.67,0.004302925989673039,-2.178153529737249,-2.265646406395759,-0.846730721457514,0.2590859690269237,-0.7636720399603293,2.149181299815575,1.3159557499758094,0.8519498684763642,2.4312159120100403,0.5686233805101524,1.7311939331169488,0.0008568980291345785,0.006855184233076184,-0.006855184233076295,0.011139674378749076
2061,2025-11-11,000002.XSHE,6.28,0.006410256410256416,1.2634196149619388,0.9850636549546778,1.3632116307336515,1.43674946460385,1.614978576309549,0.46975310403669995,1.4301384614704566,2.2202005982752926,-0.04502251688907486,-1.1309600366456216,-0.8282544576025601,-0.0031847133757962887,-0.0015923566878981443,-0.023885350318471388,-0.03821656050955413
2062,2025-11-11,000063.XSHE,36.019999999999996,-0.03537735849056604,-0.5479346717218445,-0.8865572894592101,-1.0950388509171955,-0.9185775265500024,-1.7652091415476463,-0.3577912243181082,-0.4253306003175609,-0.5697481554553351,-0.9454728546705712,-0.9575331573440118,0.9068368797639608,0.0,0.0,0.0,0.0
2063,2025-11-11,000100.XSHE,4.4,-0.006772009029345228,0.1766070429516688,0.29551909648640334,-0.10180633307846941,0.023553269911538523,0.4047879118915406,-0.1630749117640357,-0.3967849224438991,-0.07268832002056805,0.18009006755629925,0.15239887018628945,-0.5169305021241989,-0.002272727272727426,-0.00909090909090915,-0.036363636363636376,-0.07045454545454555
2064,2025-11-11,000157.XSHE,8.24,-0.007228915662650662,-0.5479346717218445,0.29551909648640334,0.09684017048927579,0.9656840663730795,1.072479312949752,0.2263577133441093,0.4024940580186315,-0.5163008613225645,-0.04502251688907486,1.5744992804594877,-0.8507532461142775,-0.01456310679611661,-0.021844660194174748,-0.05218446601941751,-0.058252427184466105
2065,2025-11-11,000166.XSHE,5.44,-0.010909090909090839,0.35774247162004713,-0.14775954824320167,0.1961634222731484,-0.4475121283192319,0.4047879118915406,-0.40647030245662635,0.28831134652398427,0.8519498684763642,0.4052026520016733,-0.5413086470201488,0.21330591376264751,-0.009191176470588314,-0.009191176470588314,-0.02757352941176472,-0.06066176470588236
2066,2025-11-11,000301.XSHE,10.12,0.013013013013012914,-0.3667992430534662,0.8373041067114761,1.4873656954634922,1.2797276651935932,0.07094221136243493,0.9078648072833629,0.630859481007926,-0.9599134026245608,-1.1705854391159454,1.6785554080404537,-0.730212799667621,-0.017786561264822143,-0.0009881422924901129,-0.0029644268774703386,-0.046442687747035416
2067,2025-11-11,000333.XSHE,36.019999999999996,-0.0013012361743655735,0.26717475728585793,-0.19701273099093558,-1.2936853544849407,-1.5466647241910296,-0.7636720399603293,-0.5525075368721807,-1.5386120373903713,-0.6873322025474305,-0.7203602702251971,-0.8187916539027241,1.7311939331169488,0.0,0.0,0.0,0.0
2068,2025-11-11,000338.XSHE,18.3,-0.02243589743589734,1.2634196149619388,1.0835700204501457,0.8914261847602566,-0.1334685294987183,-0.6802106148280529,-1.3313727870884708,-0.3967849224438991,-0.6018165319349975,0.18009006755629925,-0.09039876083596396,-0.32279343260449084,-0.021857923497267895,-0.06939890710382512,-0.04808743169398899,-0.0781420765027322
2069,2025-11-11,000408.XSHE,36.019999999999996,-0.020034843205574887,0.31245861445295253,0.0,-0.6977458437817051,-0.9185775265500024,0.4047879118915406,-0.9419401619803258,-1.310246614401077,-0.5163008613225645,-0.27013510133444896,-0.435084683447913,-0.34564007584127726,0.0,0.0,0.0,0.0
2070,2025-11-12,000001.XSHE,11.68,-0.001709401709401673,-0.8112878477348976,0.7502135546611376,1.8804054032415527,1.5770627797917458,0.6095835310668583,0.7033047883150937,1.4363258059735657,0.387369225258045,1.4440066170443544,1.9914588949943042,1.7311939331169488,0.001712328767123239,-0.0008561643835616195,0.010273972602739878,0.0008561643835616195
2071,2025-11-12,000002.XSHE,6.26,-0.007923930269413602,-0.8112878477348976,-0.22408976308059952,-0.945074218209485,0.5098774400830456,0.2824899290309831,1.408885643906288,-0.02361671728805563,0.14190753796581848,0.047988135309631114,0.6239334735389879,-0.8315059539336168,0.0031948881789138905,0.0,-0.03194888178913746,-0.0591054313099042
2072,2025-11-12,000063.XSHE,36.019999999999996,-0.00922693266832929,-1.4235805630065186,-1.9778357350157265,0.1266594313064259,1.5770627797917458,0.9664129151059948,1.5226890077113195,1.3289770910278582,1.3001798748760125,1.269504306827514,0.9395162631055993,0.8279963341616215,0.0,0.0,0.0,0.0
2073,2025-11-12,000100.XSHE,4.39,-0.006787330316742138,-0.19899513246327674,-0.8086717537256419,0.5163807584031208,0.03557284465695665,0.906941351099472,0.24809133309496828,0.14814122662507628,0.7977504836997363,0.1352392904180513,-0.7435919479163281,-0.5199584612197135,0.006833712984054774,-0.018223234624145768,-0.04555808656036431,-0.07061503416856485
2074,2025-11-12,000157.XSHE,8.12,-0.014563106796116625,1.3317366557157753,1.1399348817578323,-1.0425045499836587,-1.38734094162131,-1.1745633891288245,-0.8444209594333325,-1.483559240549677,-1.0240354766722577,-1.348030346425092,-1.409822281445841,-0.8649493664358187,0.003694581280788256,-0.027093596059113212,-0.03201970443349744,-0.01970443349753681
2075,2025-11-12,000166.XSHE,5.39,-0.007366482504604059,0.41329758280834406,-0.029229099532252098,1.100962749048163,0.2727251423700011,1.3232422991451314,-0.2526434676471696,0.8351730022776039,0.8782925998424981,0.7459973761769928,0.0979621575946356,0.1944528234734073,0.007421150278293043,-0.01298701298701288,-0.01855287569573283,-0.051948051948051854
2076,2025-11-12,000301.XSHE,9.94,-0.017786561264822108,-0.6582146689169923,0.06820123224192162,0.5163807584031208,-0.4387317507691323,0.2527541470277217,-0.6168142318232699,-0.1094956892446216,0.34518049775469356,-0.7372722606661506,-0.8838509655014888,-0.7501159795453817,0.023138832997988024,0.03621730382293764,0.021126760563380476,-0.044265593561368166
2077,2025-11-12,000333.XSHE,36.019999999999996,0.02918566775244293,1.6378830133515856,1.5296562088545274,-0.4579225593386164,-0.794460197338699,-1.4124496451549156,0.24809133309496828,-1.311801296636545,-2.0672476476642205,-1.5225326566419324,0.2382211751797962,1.7311939331169488,0.0,0.0,0.0,0.0
2078,2025-11-12,000338.XSHE,17.9,-0.0038953811908736943,-0.19899513246327674,-0.41895042662894694,-1.0425045499836587,-0.794460197338699,-0.6987908770766423,-1.2085917236094328,-0.7106484929405834,-0.41038125844169127,-0.17013975246141938,-0.3578796495571364,-0.35615787087377654,0.005586592178770999,-0.011173184357541888,-0.03910614525139666,-0.05586592178770955
2079,2025-11-12,000408.XSHE,36.019999999999996,-0.006257822277847334,0.7194439404441545,-0.029229099532252098,-0.6527832228869638,-0.5573078996256545,-1.055620261115779,-1.2085917236094328,-0.1094956892446216,-0.3490158366186346,0.1352392904180513,-0.4959471199925289,-0.3637681759796163,0.0,0.0,0.0,0.0
2080,2025-11-13,000001.XSHE,11.7,0.0017123287671232511,-0.9534354136216477,0.06613000712661082,2.1176748911269363,1.9689790271333183,1.2445254600725841,1.7721436452189279,1.994031974390262,1.5157011132967422,1.6756540565020723,1.7413206513363866,1.7311939331169488,0.004273504273504258,-0.009401709401709368,0.012820512820512775,0.0008547008547010737
2081,2025-11-13,000002.XSHE,6.28,0.006410256410256416,-1.4223380760585236,-1.5209901639120489,-1.0682076884445608,-0.42867071070430174,-0.5165954739923935,1.233411977072374,0.22155910826558464,-0.49963554704241636,-0.3313080263806379,1.2958017755765319,-0.8282544576025601,-0.0015923566878981443,-0.023885350318471388,-0.01273885350318471,-0.12898089171974525
2082,2025-11-13,000063.XSHE,36.019999999999996,0.019454269833249195,-0.3282318637058132,-1.2564701354056056,-0.3560692294815203,0.5885140265601431,-0.1643712871793979,0.042531447485254274,0.6125457699107341,0.3316908253474865,1.1978059415299984,0.44526574003499114,0.8697750419205645,0.0,0.0,0.0,0.0
2083,2025-11-13,000100.XSHE,4.42,0.002267573696145076,0.9221752361258561,0.5951700641394974,-0.6559170016764847,-0.719294921351286,-0.868819660805389,-1.4318920653368938,-1.0295982089988933,-0.8229291363051564,-0.20388186238808487,-0.44577201148471823,-0.5108745839331698,-0.013574660633484115,-0.040723981900452455,-0.05882352941176461,-0.07918552036199089
2084,2025-11-13,000157.XSHE,8.15,0.004932182490752272,1.4692283423022114,1.7855101924184922,0.8433218592983375,-1.0099191319982703,0.7748932109885901,-1.3184748720428825,-0.9253350992268535,0.03778756238135922,-0.7454430593564352,-1.4583149109389335,-0.8614003781850057,-0.01104294478527601,-0.04171779141104304,-0.042944785276073705,-0.04049079754601226
2085,2025-11-13,000166.XSHE,5.43,0.0074211502782931425,-0.9534354136216477,-0.9919501068991623,0.6933979732008553,0.7338261318836351,1.8315657714275766,-0.07088574580875712,0.8471377668978237,1.7844126680086299,0.6881012855597863,-0.6887823073537299,0.20953522877748337,-0.007366482504604033,-0.025782688766114115,-0.02025782688766109,-0.05893186003683226
2086,2025-11-13,000301.XSHE,10.17,0.02313883299798797,0.4532725736889801,0.3306500356330541,0.2436263149084086,-0.2833586053808096,-0.10566725604389865,-0.3544287290437856,-0.09123022105053485,-0.17634195777967637,-0.07645569839553182,-0.364768579528381,-0.724684101408623,-0.005899705014749346,-0.007866273352999054,-0.010816125860373615,-0.058013765978367715
2087,2025-11-13,000333.XSHE,36.019999999999996,0.004954897725829,1.1566265673442941,0.5951700641394974,-0.805840887773967,-1.4458554479687464,-0.5165954739923935,0.042531447485254274,-1.238124428542973,-1.0370586564661919,-1.7329958302987212,-1.0127960351790788,1.7311939331169488,0.0,0.0,0.0,0.0
2088,2025-11-13,000338.XSHE,18.0,0.00558659217877103,-0.6408336386637304,0.3306500356330541,-0.05622145728655584,0.5885140265601431,-0.22307531831489716,0.4962002206612998,0.22155910826558464,0.03778756238135922,0.24210971158585073,0.3237605921004853,-0.34781671947688264,-0.053888888888888875,-0.03222222222222215,-0.047222222222222276,-0.05666666666666664
2089,2025-11-13,000408.XSHE,36.019999999999996,0.055476275419193706,0.2969716862100214,0.06613000712661082,-0.9557647738714492,0.007265605266174606,-1.4558599721603815,-0.4111373256907913,-0.6125457699107341,-1.171414433822136,-0.7135865183582969,0.16428508543644643,-0.26761085662751877,0.0,0.0,0.0,0.0
2090,2025-11-14,000001.XSHE,11.75,0.00685518423307627,-1.5210750672999656,-1.8486497543234601,1.1597308349002067,2.0280120885009914,1.0745881317372223,1.883891217306,2.1995940409538743,2.366444554692685,1.776495228877017,0.2075661722652957,1.7311939331169488,-0.006808510638297904,0.004255319148936287,-0.005106382978723456,-0.01191489361702136
2091,2025-11-14,000002.XSHE,6.27,0.0031999999999999316,1.1435819849043538,0.2441612883068721,0.15357166306897713,-0.3249301136272306,-0.8897127542340443,-0.2601427932850471,-0.7514141133693358,-0.8224756762239036,0.08298214129168145,-0.1925613887280454,-0.8298801221089434,-0.0015948963317383713,-0.03349282296650713,-0.03349282296650713,-0.14194577352472082
2092,2025-11-14,000063.XSHE,36.019999999999996,-0.009713574097135755,-0.4108012955481659,0.2441612883068721,0.7360848678133731,1.2436980211249171,-0.08088297765764041,-1.060582157239038,0.7514141133693358,0.5461025895444659,0.8958684233326425,1.4879743674439871,0.8300178737423256,0.0,0.0,0.0,0.0
2093,2025-11-14,000100.XSHE,4.36,-0.009090909090909097,-1.0769655585992457,-0.10464055213151663,0.17122357836426183,0.3473390869808327,1.421229464555681,0.3115996095392321,0.3415518697133345,0.6324691791317901,-0.8653851877561065,-0.11253587652937717,-0.5290421711879669,-0.01146788990825709,-0.03899082568807333,-0.07110091743119273,-0.061926605504587284
2094,2025-11-14,000157.XSHE,8.06,-0.007389162561576198,-1.0769655585992457,-1.325446993665877,-2.088221579432183,-1.2212890477713152,0.8434939098582498,0.3115996095392321,-1.079303908294137,0.02790305202052015,-0.42507178498391923,-1.3129185595094004,-0.8732304505665751,-0.01985111662531014,-0.02481389578163773,-0.052109181141439254,-0.021091811414392203
2095,2025-11-14,000166.XSHE,5.39,-0.0036968576709797527,0.3663903446780939,0.33136174841646926,0.17122357836426183,0.12324935344481162,-1.698542530810448,-0.317317033567475,0.12295867309680042,-0.18469163004058578,0.6249063293189888,1.0078212942519778,0.1944528234734073,-0.01298701298701288,-0.01855287569573283,-0.04638218923933213,-0.05009276437847854
2096,2025-11-14,000301.XSHE,10.11,0.0,1.1435819849043538,0.7673640489644552,1.3009461572624845,-0.5490198471632518,-0.7741656432945581,-0.8890594363917542,0.013662074788533379,-1.0018524392129617,-0.45894204673562594,0.687719245457305,-0.7313184389284466,0.018793273986152492,0.003956478733926794,-0.028684470820969254,-0.04945598417408503
2097,2025-11-14,000333.XSHE,36.019999999999996,-0.0034177215189872914,-0.07771916402262599,-0.3662419324603082,-0.6760683558094049,-0.997199314235294,0.6123996879792772,1.4550844151877904,-0.8607107116776029,-0.7161783351933506,-1.6613363389212141,-1.552995096105405,1.7311939331169488,0.0,0.0,0.0,0.0
2098,2025-11-14,000338.XSHE,17.03,-0.035673839184597905,1.1435819849043538,1.639368650060427,-0.2524223887225716,-0.5490198471632518,-0.6586185323550717,-0.8318851961093263,-0.9700073099858699,-0.6630296646780741,-0.5944230937424528,-0.8327654863173911,-0.4287253191445676,0.039342337052260534,0.00998238402818541,-0.02172636523781568,0.01644157369348198
2099,2025-11-14,000408.XSHE,36.019999999999996,0.013144417890064923,0.3663903446780939,0.4185622085260664,-0.6760683558094049,-0.1008403800912095,0.15021124422133214,-0.6031882349796146,0.23225527140506746,-0.18469163004058578,0.6249063293189888,0.6126953277710535,-0.26288193979508656,0.0,0.0,0.0,0.0
2100,2025-11-17,000001.XSHE,11.67,-0.006808510638297878,-1.7059070508674645,-1.3060223663679738,1.8923158873726111,2.2209966312574925,0.20207699092025852,1.8926922869088565,1.719575465870369,0.39561696802180013,1.3281062798806271,2.4674610334857925,1.7311939331169488,-0.006855184233076295,0.015424164524421524,-0.005998286203941716,0.0017137960582689349
2101,2025-11-17,000002.XSHE,6.26,0.0015999999999999658,-0.7121747882262229,-0.5736733758812596,-0.9808338892664319,-0.9725932960408626,-1.4243963506330413,-0.7062284652644987,-0.30659097453502704,-0.16126322156900366,-0.47024440101903275,-0.7744872908262429,-0.8315059539336168,-0.02076677316293929,-0.009584664536741117,-0.03514376996805113,-0.1693290734824281
2102,2025-11-17,000063.XSHE,36.019999999999996,-0.009600808489135812,-0.7121747882262229,-1.0619060362057355,0.5052780641675558,-0.029032635702712344,1.3849666938681129,0.7909758810962385,1.1597136862846675,1.404962311655132,1.4739184972508699,0.6418978994071707,0.7922822451447915,0.0,0.0,0.0,0.0
2103,2025-11-17,000100.XSHE,4.31,-0.011467889908257043,0.9440456495091794,1.3792572654166453,-1.0799080194953645,-0.31935899272983553,0.39922527474490094,-0.7909758810962385,-0.30659097453502704,0.08817269668521054,-0.3730362561055376,-0.4282597998802974,-0.5441817993472494,-0.016241299303944134,-0.03480278422273775,-0.0556844547563804,-0.02552204176334094
2104,2025-11-17,000157.XSHE,7.9,-0.01985111662531019,0.28155747441501844,0.891024605092169,0.9015745850832858,-0.029032635702712344,0.00492870709561613,-0.3389896633269594,0.013330042371088133,0.024363508294597602,-0.9319830893581347,-0.7744872908262429,-0.8921584994497698,-0.0113924050632912,-0.012658227848101333,-0.024050632911392422,-0.0012658227848102444
2105,2025-11-17,000166.XSHE,5.32,-0.011152416356877252,-0.04968661313206204,0.28073377968657376,-0.28731497766390435,0.6967832568650956,0.00492870709561613,0.7344776038750787,0.5465317372146135,-0.3468899514326049,0.5018370481159186,0.45304654070938216,0.16805853053212846,-0.005639097744360999,0.0,-0.03947368421052633,-0.03195488721804507
2106,2025-11-17,000301.XSHE,10.3,0.02182539682539689,0.44717951818855867,-1.0619060362057355,-0.6836114985796343,-0.9000117067840818,1.1878184100434706,-0.11299655444231979,-0.6265119914411422,0.7030612393583897,0.015796323548442924,-0.8059625172758743,-0.7103096197898604,-0.020388349514563142,-0.023300970873786464,-0.059223300970873916,-0.06601941747572826
2107,2025-11-17,000333.XSHE,36.019999999999996,-0.010161310809094336,-0.04968661313206204,0.15867561460545476,-1.0799080194953645,-1.1903380638112049,-1.572257563501523,-0.11299655444231979,-1.9061960590656029,-2.388783979932219,-1.8676114841505251,-0.1764579882832461,1.7311939331169488,0.0,0.0,0.0,0.0
2108,2025-11-17,000338.XSHE,17.7,0.029069767441860465,-0.3809307006791425,-0.08544071555678333,0.7034263246254208,0.551620078351534,0.5963735585695433,0.3389896633269594,0.1199703813397932,0.6276503803513017,0.30742075828892834,-0.14498276183361467,-0.3728400063492743,-0.01581920903954792,-0.031073446327683607,-0.0621468926553671,-0.018644067796610098
2109,2025-11-17,000408.XSHE,36.019999999999996,0.0005011693952556154,1.9377779121504206,1.3792572654166453,0.10898154325182573,-0.029032635702712344,-0.7836644282029535,-1.694948316634797,-0.4132313135037321,-0.3468899514326049,0.015796323548442924,-0.45776782467682686,-0.24843199762749935,0.0,0.0,0.0,0.0
2110,2025-11-18,000001.XSHE,11.59,-0.005150214592274721,-1.5057987216601927,-1.0515960834219962,1.6336569959199196,1.4917091264845241,1.2298415624574572,1.4163151205175204,1.1555894846710169,0.970996734241274,0.9839124471874565,1.2196546662748144,1.7311939331169488,0.018119068162208984,0.008628127696289845,0.018119068162208984,0.004314063848144922
2111,2025-11-18,000002.XSHE,6.13,-0.020766773162939282,0.5458978333999238,0.7195131097097869,-2.044209539397177,-1.3288714830476172,-2.3671880770420692,-1.263199972353464,-1.495995689457828,-2.3037845641297925,-1.126009211989146,1.7307723891767797,-0.8526404291080503,-0.011419249592169667,-0.011419249592169667,-0.014681892332789492,-0.15171288743882538
2112,2025-11-18,000063.XSHE,36.019999999999996,0.009984639016897095,-1.2126992137944617,-1.494373381704942,0.0940849578802048,1.3753965240295905,0.9557821613527313,0.1635548173570601,1.2093378327952502,1.085373286941734,1.457568329859755,0.4018663096316701,0.8091285198628542,0.0,0.0,0.0,0.0
2113,2025-11-18,000100.XSHE,4.24,-0.013953488372092933,0.8389973412656547,0.05534716228536822,-0.13399978849604927,-0.4856051152493481,-0.07194059278999053,0.4419459958371623,-0.3493642628075167,-0.07946160503400383,0.1657795589353045,-0.5522201064519983,-0.5653771783792708,-0.011792452830188593,-0.044811320754717054,-0.03537735849056611,-0.01650943396226423
2114,2025-11-18,000157.XSHE,7.81,-0.01264222503160563,1.1320968491313856,1.1622904079927328,0.0940849578802048,-1.0671681275240166,0.27063365859091676,-1.7851834320036557,-0.707686583635739,0.007825764132136722,-0.5447042650731433,-1.4722320076755355,-0.9028056315204981,0.006402048655569814,-0.0217669654289373,-0.006402048655569814,0.023047375160051287
2115,2025-11-18,000166.XSHE,5.29,-0.0018867924528301486,-0.3334006901972689,-0.6088187851390504,0.8923815701970941,0.4448957043901213,0.27063365859091676,-0.11483636112304219,0.7972671638427946,0.585728346197619,0.9408528214899748,0.3337172799114081,0.15674681021321613,0.0,-0.02835538752362954,-0.03402646502835538,-0.03780718336483935
2116,2025-11-18,000301.XSHE,10.09,-0.01752677702044788,-0.04030118233153799,-0.16604148685610468,-0.13399978849604927,-0.3692925127944144,0.20211880831473533,0.09395702273703452,-0.13437087031058337,0.14327168180373412,-0.4370552008294391,-0.6203691361722603,-0.7335298847683877,0.005946481665014991,-0.026759167492566904,-0.043607532210108935,-0.036669970267591556
2117,2025-11-18,000333.XSHE,36.019999999999996,-0.011367990803423177,1.4984712339635493,1.715762030846415,-1.0463387740010657,-0.9508555250690828,-0.6885742452756237,-0.6716187180832468,-1.4243312252921836,-0.9553452059770003,-1.7288439717538897,-1.1655613739343564,1.7311939331169488,0.0,0.0,0.0,0.0
2118,2025-11-18,000338.XSHE,17.42,-0.01022727272727271,-0.7730499519958653,-0.6088187851390504,0.32216970425645886,0.6775209092999886,0.47617820941946115,0.7203371743172646,0.7972671638427946,0.5375697976921622,0.46719693881767627,0.163344705610753,-0.39619512986960337,-0.012629161882893314,-0.04362801377726755,-0.03157290470723306,-0.017795637198622427
2119,2025-11-18,000408.XSHE,36.019999999999996,-0.03366666666666672,-0.1502134977811871,0.2767358114268411,0.32216970425645886,0.21227049948025398,-0.27748514361853494,0.9987283527973668,0.15228698635199447,0.007825764132136722,-0.178697446644549,-0.03897272637127487,-0.29940066246889463,0.0,0.0,0.0,0.0
2120,2025-11-19,000001.XSHE,11.8,0.018998272884283303,-0.18530962159397127,-1.5253067363548636,0.1435233724923252,0.1213958158033649,0.47944773424235715,0.6868268403429165,1.4501297490139446,1.8281045556608706,0.7741282669317138,-1.3142599450344967,1.7311939331169488,0.004237288135593209,-0.016949152542372947,-0.009322033898305215,-0.021186440677966045
2121,2025-11-19,000002.XSHE,6.06,-0.009803921568627532,-1.9294001777725238,-1.2634515026458741,-1.1299938763832362,0.5883027996624605,-1.0645364946737081,2.0743558107326465,-0.15918191454797218,-1.3577591386318448,-0.3108568457868172,2.422885304639621,-0.8640205826076038,0.02310231023102327,-0.0033003300330032292,-0.028052805280528004,-0.1732673267326732
2122,2025-11-19,000063.XSHE,36.019999999999996,0.0020402958428971767,-0.18530962159397127,-0.21603056780991634,0.8712475147069318,1.5221167673806515,-0.17065088845914403,-0.3711639995792528,0.8029065799727388,0.4665783484715851,1.4802296894945672,0.49324821493860604,0.7983468638869042,0.0,0.0,0.0,0.0
2123,2025-11-19,000100.XSHE,4.19,-0.011792452830188637,1.5587809345845813,1.0932456007350309,0.5478145626115511,-1.0925623422302835,-0.8207495111606452,-1.5505636244105236,-0.5790023485206461,-0.40253818299509314,-0.17308095845747995,-0.38608007910236286,-0.5805166392202633,-0.007159904534606243,-0.02863961813842486,-0.026252983293556187,0.03579952267303099
2124,2025-11-19,000157.XSHE,7.86,0.006402048655569874,0.9774174158583971,1.0932456007350309,-0.09905134157921035,-0.9057995486866453,0.15439842289160655,-0.23241110254027977,-1.208732999479657,-0.4967148969311109,-0.8102944373556648,-0.5570605807214402,-0.8968905953297136,-0.007633587786259555,-0.019083969465648942,0.012722646310432628,0.025445292620865256
2125,2025-11-19,000166.XSHE,5.29,0.003795066413662327,-0.7666731403201554,-0.87066865208239,1.0329639907546222,0.7750655932060986,2.4297436023468606,-0.09365820550130677,1.2402195320276075,1.3114780106404302,1.1357899711712243,0.15128721170045145,0.15674681021321613,0.005671077504725952,-0.03402646502835538,-0.03402646502835538,-0.04914933837429103
2126,2025-11-19,000301.XSHE,10.15,0.0059464816650149155,0.759406096336078,0.9623179838805361,-0.422484293674591,-0.3455111680557306,-0.5769625276475823,-0.7874226906961719,-0.6489724208494251,-0.547839398782092,-0.5175206767808231,-0.23952536342886807,-0.7268955472485642,-0.00886699507389166,-0.0453201970443351,-0.0640394088669951,-0.05123152709359602
2127,2025-11-19,000333.XSHE,36.019999999999996,0.0002584647195659115,0.2507130174506669,0.6349989417442994,-1.3927831499607333,-1.46608792931756,-0.33317554413451933,0.7388591767325313,-1.3486731441372148,-0.9272370177814778,-1.8866685571161121,-0.7280410823405175,1.7311939331169488,0.0,0.0,0.0,0.0
2128,2025-11-19,000338.XSHE,17.2,-0.012629161882893364,0.2507130174506669,0.569535133317052,-1.0693501978653523,-0.3455111680557306,-0.5769625276475823,-0.6486697936571989,-0.2991220592055302,-0.32450604859096416,-0.20752493028981428,-0.11739643370095572,-0.41454542869716376,-0.0029069767441860517,-0.0348837209302324,-0.01744186046511631,-0.006976744186046546
2129,2025-11-19,000408.XSHE,36.019999999999996,0.024323398424117754,-0.730337920399769,-0.4778858015189058,1.518113418897693,1.148591180293375,0.47944773424235715,0.18384758857663927,0.7504290257261546,0.45043376893969633,0.5157984781892064,0.27494275304996274,-0.25079653970286064,0.0,0.0,0.0,0.0
2130,2025-11-20,000001.XSHE,11.85,0.005089058524173071,-2.1977600018204524,-2.2158506408810847,-1.4437103011919483,-0.976332416394744,-1.7858971334958156,1.718610056724126,2.0479121162882654,1.7093806546028252,1.1994632288188878,-1.3992453759548795,1.7311939331169488,-0.013502109704641385,-0.00421940928270037,-0.01181434599156106,-0.030379746835442978
2131,2025-11-20,000002.XSHE,6.2,0.023102310231023198,-0.20733584922834455,0.558090548895534,1.3815037532052217,1.8030080390355492,1.3467421006689757,-0.10461104693103376,0.7911738580360524,-0.16263101368226748,-0.6034877623076242,1.3620987231925394,-0.8412602756084969,-0.022580645161290436,-0.02580645161290329,-0.11774193548387102,-0.19838709677419364
2132,2025-11-20,000063.XSHE,36.019999999999996,-0.014336016096579484,-0.20733584922834455,-0.8949262647969808,-0.47605288806508883,-1.047597556277572,-0.9661410722190478,-0.6426107168620645,0.7626116248939567,1.6508802899689161,1.3997911167218335,-1.2940513150349777,0.7916082870723632,0.0,0.0,0.0,0.0
2133,2025-11-20,000100.XSHE,4.16,-0.009523809523809532,-0.20733584922834455,0.558090548895534,-0.061342568153577644,0.5202355211446447,0.3513240262614719,0.7920550696206842,-0.5798133327845437,-0.8002849881918772,-0.30299593045320555,0.7046358424431538,-0.5896005165068068,-0.02644230769230782,-0.016826923076923128,-0.021634615384615308,0.04807692307692313
2134,2025-11-20,000157.XSHE,7.8,-0.008894536213468906,-0.5390732079936958,0.6241367676997392,1.8739722581001412,1.375417199738581,1.2589110941036077,-1.3599436101034388,-0.008568669942628645,-0.34983218051077675,-0.2779549444653373,1.3620987231925394,-0.9039887391496292,-0.02051282051282055,-0.00512820512820511,0.002564102564102555,0.0525641025641026
2135,2025-11-20,000166.XSHE,5.32,-0.023853211009174292,0.12440150953700674,-0.696787608384365,-0.7525264346727629,-0.7625369967462599,-0.7319250547113998,0.2540553996896534,0.10568026262575438,0.5861736536317695,0.7988074530129963,-0.7680810104354695,0.16805853053212846,-0.03383458646616555,-0.03947368421052633,-0.03947368421052633,-0.048872180451127956
2136,2025-11-20,000301.XSHE,10.06,-0.004945598417408401,1.036679246141723,0.9873909711228679,-0.47605288806508883,-0.04988559791797957,0.8490330634652238,0.07472217637930982,-1.3795558607632248,-0.8353852069722227,-0.7036517062590971,0.3890536596834488,-0.7368471371874445,-0.02385685884691846,-0.040755467196819106,-0.04771371769383703,-0.06759443339960236
2137,2025-11-20,000333.XSHE,36.019999999999996,0.0056774193548386805,1.5342852842897499,0.8883216429165601,-0.47605288806508883,-0.47747643721494776,-0.14638501094227996,1.0311660340344757,-0.9225601304896928,-1.0986368478248139,-1.9557010056525082,-0.5576928885956662,1.7311939331169488,0.0,0.0,0.0,0.0
2138,2025-11-20,000338.XSHE,17.15,-0.031620553359683924,0.12440150953700674,0.1618132360703028,0.4916045250617706,0.3777052413789886,0.08783100656536798,-0.4034997524482731,-0.12281760251101166,-0.16263101368226748,0.14774181732842248,0.31015811399352256,-0.41871600439561085,-0.02857142857142847,-0.01632653061224476,-0.0099125364431486,0.011078717201166155
2139,2025-11-20,000408.XSHE,36.019999999999996,0.021280133000831276,0.5390732079936958,0.029720798461892343,-0.061342568153577644,-0.7625369967462599,-0.26349301969610395,-1.3599436101034388,-0.6940622653529267,-0.5370333473392861,0.2979877332556318,-0.10897447248421063,-0.20718419080296907,0.0,0.0,0.0,0.0
2140,2025-11-21,000001.XSHE,11.69,-0.009322033898305186,-1.4127277226580872,-2.4103422545972197,0.9651483617942885,1.1393079450088426,0.19440062208298603,1.9306062584609025,1.723993263932237,1.550963614565746,1.0638302928951802,-1.1242461935351369,1.7311939331169488,-0.007698887938408894,0.0,-0.006843455945252375,-0.01368691189050475
2141,2025-11-21,000002.XSHE,6.06,-0.009803921568627532,-0.8532315948727062,0.4676783479069232,-1.0990417761472535,0.11105167695032037,-1.8216058291479802,0.26287903665719464,-1.2059020239940519,-1.6343286865079079,-0.8942634150902558,1.5870079865441191,-0.8640205826076038,-0.0033003300330032292,-0.028052805280528004,-0.11221122112211213,-0.1831683168316831
2142,2025-11-21,000063.XSHE,36.019999999999996,-0.013730569948186557,-0.8532315948727062,0.17987628765650893,0.8163779014021053,1.6328709536769332,0.3384010828851979,-0.55685129270395,1.2059020239940519,0.8728447457824876,1.689612818127639,1.3405303338096413,0.7161370298772946,0.0,0.0,0.0,0.0
2143,2025-11-21,000100.XSHE,4.05,-0.01937046004842617,1.1982542070070246,0.17987628765650893,-0.6713267025197268,-0.6704230867741564,-0.0936002995214377,-0.21765253572692458,-0.49129341718276187,-0.18166120154560683,-0.006055959921604456,-0.8284730102537635,-0.6229075646025963,0.004938271604938427,0.007407407407407529,0.009876543209876631,0.1234567901234569
2144,2025-11-21,000157.XSHE,7.64,-0.010362694300518144,-0.2937354670873251,0.17987628765650893,1.4114597429708382,-0.012339075216702295,0.4824015436874098,-0.10458628340124947,0.15185432894739911,0.057857848437470646,-0.7125846174421225,-0.2862221742379123,-0.9240998956619548,0.009162303664921545,0.041884816753926746,0.0327225130890052,0.10471204188481664
2145,2025-11-21,000166.XSHE,5.14,-0.02651515151515162,0.8252567884834371,0.6115793780321304,0.8163779014021053,0.15218192767266125,1.9224061517095283,-0.8960500496809752,0.22331518962852812,0.9537213081144358,0.55916696609481,-0.53269982697239,0.10018770666378511,-0.0058365758754862496,-0.0058365758754862496,-0.0038910505836574627,0.0038910505836575737
2146,2025-11-21,000301.XSHE,9.82,-0.0050658561296858095,-0.7599822402418094,-1.0432824684077517,-0.07624486095099389,0.8102659392301154,0.4824015436874098,1.478341249158202,0.29477605030965714,0.2476067062162723,0.3169285692306324,0.6503929061531034,-0.7633846545850287,-0.013238289205702691,-0.03258655804480659,-0.02138492871690434,-0.025458248472505107
2147,2025-11-21,000333.XSHE,36.019999999999996,0.021400778210116808,0.5455087245907465,0.3237773177817161,-1.7127199252650092,-1.6575491041103376,-1.1016035251369207,-0.10458628340124947,-1.634667188080826,-1.4352479176908044,-1.802657403330922,-0.7298819491599723,1.7311939331169488,0.0,0.0,0.0,0.0
2148,2025-11-21,000338.XSHE,16.66,-0.0023952095808382726,1.5712516255306122,1.0432824684077517,-0.07624486095099389,-0.83494408966352,-0.02160006912033177,-1.2352488066580007,-0.20544997445824587,-0.19099311258390855,-0.2079212906417525,-0.877768540800659,-0.4595873450674691,-0.0036014405762304635,0.014405762304921854,0.03901560624249689,0.06242496998799507
2149,2025-11-21,000408.XSHE,36.019999999999996,-0.03441363180755099,0.03263727412081387,0.4676783479069232,-0.37378578173536037,-0.6704230867741564,-0.3816012211258614,-0.55685129270395,-0.06252825309598788,-0.2407633047881844,-0.006055959921604456,0.801360468452971,-0.30439243633503704,0.0,0.0,0.0,0.0
2150,2025-11-24,000001.XSHE,11.6,-0.008547008547008517,-1.7734186901055013,-1.9182698950383141,2.062320986850333,2.061752381635163,1.2315404861513517,1.3989781920694406,2.1259724342482436,1.843149308784675,1.449947604880205,0.8119644030071265,1.7311939331169488,0.017241379310344973,0.009482758620689813,0.00775862068965516,-0.006896551724137945
2151,2025-11-24,000002.XSHE,6.04,-0.00330033003300323,0.672676054867604,0.26364846898630856,0.037496745215460606,-0.6960055810615517,-1.53735926459162,0.27598889503410734,-0.5395541769426786,-1.0555438617820152,0.09408056978230334,0.3606492013356715,-0.8672720789386607,0.0,-0.09437086092715241,-0.13907284768211914,-0.1870860927152318
2152,2025-11-24,000063.XSHE,36.019999999999996,0.011780104712041772,-0.1426888601234312,0.627301529657079,-0.8374273098119536,0.13569920133904467,-0.42153399190415386,-1.0563712878891696,0.4707663934280741,0.4986896474363088,1.3115938257885822,0.2961756010968923,0.7552204073013948,0.0,0.0,0.0,0.0
2153,2025-11-24,000100.XSHE,4.07,0.0,-1.365736232609984,-1.190963773696773,-0.8374273098119536,1.011177919655462,-0.297553406049991,1.1515398723836894,0.664232034562899,0.026698489728903697,0.4261296396021976,1.5856476058724776,-0.6168516464115673,0.004914004914004844,0.0,0.03194103194103182,0.10073710073710074
2154,2025-11-24,000157.XSHE,7.71,0.005215123859191661,0.2649935973720864,0.26364846898630856,-0.23747938636458385,-0.21449228598752226,-0.5868414397097044,0.16178659364068362,-0.7975083651224452,-1.0555438617820152,-1.3724694885888962,-0.02619240009700408,-0.9158188115311983,0.006485084306095956,0.014267185473411104,0.023346303501945442,0.08690012970168626
2155,2025-11-24,000166.XSHE,5.11,-0.0077669902912621425,0.8765172836153629,0.44547499932169377,-0.037496745215460606,-1.0899710043039395,1.727462829568003,-1.5512479272606723,-0.5395541769426786,0.9277725180794044,-0.01660245349099475,-1.6380324060664857,0.08887598634487277,0.0,0.0,0.007827788649706457,0.02544031311154593
2156,2025-11-24,000301.XSHE,9.69,-0.014242115971515826,-0.2446094744973106,-0.009091326516769228,-0.8374273098119536,-0.3895880296508057,-0.5041877158069291,-0.10468544294397175,-0.453569447549423,-0.45959543033327127,-0.6807005931307832,0.16722840061933372,-0.7777593035220813,-0.0041279669762640525,-0.011351909184726505,-0.007223942208462342,-0.021671826625386914
2157,2025-11-24,000333.XSHE,36.019999999999996,-0.0005089058524172016,1.2841997411108803,1.5364341813340048,0.16248589593366264,-1.2650667479672228,-0.752148887515255,-0.5995620823154746,-1.4853862002684894,-1.3606694586837718,-1.5661647793171678,-1.6380324060664857,1.7311939331169488,0.0,0.0,0.0,0.0
2158,2025-11-24,000338.XSHE,16.6,-0.00895522388059693,0.8765172836153629,0.627301529657079,1.362381742828402,-0.039396542324238795,0.7356181427346999,-0.7518318175067062,0.1483236582033658,0.3175213242758907,-0.0719439651276438,-0.28408680105212114,-0.4645920024419474,0.016265060240963747,0.02289156626506017,0.04638554216867474,0.050602409638554224
2159,2025-11-24,000408.XSHE,36.019999999999996,-0.03660197480422197,-0.4484507032450694,-0.6454841826906175,-0.8374273098119536,0.4858906886656116,0.40500324712359886,1.0754050047880734,0.4062778463831324,0.3175213242758907,0.4261296396021976,0.3646788013505952,-0.3367074542889628,0.0,0.0,0.0,0.0
2160,2025-11-25,000001.XSHE,11.8,0.01636520241171415,-2.141001322141159,-0.08912420162076,2.3408845200995763,2.4972740322837303,2.0209150330571948,1.1143709544886506,2.2038895980040536,0.8816293779267638,1.845253297820622,2.666038984561814,1.7311939331169488,-0.009322033898305215,-0.016101694915254372,-0.013559322033898313,-0.03135593220338995
2161,2025-11-25,000002.XSHE,6.04,-0.001652892561983436,1.2783837295543397,0.80211781458684,0.34235653337759214,-1.0619925490708333,-1.5583622734473734,-1.9482189666233456,-0.8215683116819844,-1.042800369253075,-0.7942822594293489,-0.7370410405662086,-0.8672720789386607,-0.024834437086092787,-0.10927152317880795,-0.13907284768211914,-0.21026490066225179
2162,2025-11-25,000063.XSHE,36.019999999999996,0.021527421834956335,0.03497098348324936,-1.5745275619667598,0.8115761476514494,0.06655539135866259,1.1398621576099162,-0.04375128458731421,0.8215683116819844,2.168591771353281,1.239855234231179,-0.5964178990319927,0.8367562832385766,0.0,0.0,0.0,0.0
2163,2025-11-25,000100.XSHE,4.09,0.0,-0.5867353895522958,-1.4259872259321598,-0.8567602586555985,0.06655539135866259,-0.40198037442282075,1.6033558998762805,-0.19561150278142486,-0.35120842886032044,-0.11623642820917296,0.022323923718556838,-0.6107958955388284,-0.0024449877750610804,0.0,0.019559902200489088,0.09290953545232261
2164,2025-11-25,000157.XSHE,7.76,0.003880983182406127,0.34582417000102195,0.20795647044843996,-0.4396761570788365,-0.28069012877349,0.03854606330081839,-0.4555280807032129,-0.2999376375981848,-0.0805854956631556,-0.3341797311013724,-0.2307977310430316,-0.9087206677112827,0.02577319587628879,0.01675257731958757,0.029639175257732076,0.06829896907216493
2165,2025-11-25,000166.XSHE,5.11,-0.0019531249999999584,0.34582417000102195,-0.16339436963806,-1.1348163263734397,-0.512187142194925,0.258809282162638,-0.7128885782756496,-0.6129160420484646,0.11185747905482826,0.3680820226623813,-0.5964178990319927,0.08887598634487277,0.0,0.001956947162426559,-0.00391389432485334,0.019569471624266033
2166,2025-11-25,000301.XSHE,9.65,-0.012282497441146288,0.34582417000102195,-0.08912420162076,-0.5787041909377572,-0.9751811690377952,0.14867767273172816,-0.24963968264526354,-0.9258944464987443,-0.2910699992609505,-0.6974185692550381,-0.7089164122593653,-0.7821821952019637,-0.015544041450777257,-0.004145077720207335,0.007253886010362809,-0.040414507772020825
2167,2025-11-25,000333.XSHE,36.019999999999996,-0.0036713508038991273,1.2783837295543397,1.91617033484634,0.11643597835684609,-0.16494162206277244,-0.6222435932846403,-0.04375128458731421,-0.8215683116819844,-1.4276863186890427,-1.6176236259109913,-0.14642384612250212,1.7311939331169488,0.0,0.0,0.0,0.0
2168,2025-11-25,000338.XSHE,16.87,0.010784901138406213,-0.5867353895522958,0.20795647044843996,-0.30064812321991585,0.5295494182015327,-0.40198037442282075,0.7798023076444831,0.8476498453861744,0.3043004537728122,0.22278648740091503,0.21919632186645896,-0.44207112791593994,0.0017783046828687699,0.02608180201541188,0.014226437462951935,0.020746887966804906
2169,2025-11-25,000408.XSHE,36.019999999999996,0.017433751743375175,-0.3147388513492448,0.20795647044843996,-0.30064812321991585,-0.16494162206277244,-0.6222435932846403,-0.04375128458731421,-0.19561150278142486,-0.2730284703811395,-0.11623642820917296,0.10845559790826402,-0.28941711473660964,0.0,0.0,0.0,0.0
2170,2025-11-26,000001.XSHE,11.69,-0.01016088060965292,-2.1571400716109492,-2.1588463284540467,1.2491082837458376,2.1389572509863215,1.1733211111944317,1.9460803126596358,2.0137222735815152,1.5816096885984443,1.5652471668252843,1.3981725168585848,1.7311939331169488,0.0017108639863132602,0.0,-0.011976047904191489,-0.030795551753635575
2171,2025-11-26,000002.XSHE,5.89,-0.023217247097844205,0.1995120240037439,0.007220221834294446,-1.7167120780077108,0.023505024736113444,-0.2832154406331387,0.40907885065627825,-0.4153757645144018,-0.021147490558318462,-0.3108093658633392,-1.1270363124315943,-0.891658050444151,-0.07130730050933787,-0.11714770797962637,-0.14940577249575548,-0.10865874363327666
2172,2025-11-26,000063.XSHE,36.019999999999996,0.034857287193735674,-1.0859345736042705,-0.8592063982810421,0.38317533140903515,0.3760803957778148,0.8496463218994161,-0.32395261583763074,0.5319724703430058,1.4814373649011467,1.4812446355108684,-0.54429581336463,0.9115537496795074,0.0,0.0,0.0,0.0
2173,2025-11-26,000100.XSHE,4.08,-0.0024449877750610726,0.6279942232064154,0.7292424052637415,-0.3095710304604068,-0.5641205936667222,0.93056501922317,-0.040198499775472414,-0.6097036075620752,-0.3160993325559172,-0.7588228662068911,-0.4147979246830823,-0.6138238546343427,-0.002450980392156854,0.02941176470588247,0.06372549019607843,0.10049019607843146
2174,2025-11-26,000157.XSHE,7.96,0.024453024453024504,0.1995120240037439,0.2960290952060733,0.03680215047431416,0.3760803957778148,-0.7687276245756622,0.43272502699479143,-0.12388399994289179,-0.7334840146279908,-0.5628169598065871,1.333423572517811,-0.8850605229481442,-0.017587939698492372,-0.008793969849246297,0.012562814070351758,0.06281407035175901
2175,2025-11-26,000166.XSHE,5.11,-0.0019531249999999584,0.7351147730070833,0.47653464106343507,1.2491082837458376,-0.3290703463055879,1.1733211111944317,-0.9387532006389738,-0.22104792146672847,0.15693664045909964,0.025200759394324753,-1.3212831454539158,0.08887598634487277,0.0,0.007827788649706457,-0.015655577299412915,0.019569471624266033
2176,2025-11-26,000301.XSHE,9.5,-0.015544041450777238,-0.33609072499959547,-0.42599308822337384,0.38317533140903515,0.611130643138949,-0.2832154406331387,1.1894026698272135,0.6534273722478016,0.09572022042186216,0.2492075095661007,1.0096788508139418,-0.7987681226606675,0.008421052631578885,0.012631578947368327,0.013684210526315965,-0.025263157894736876
2177,2025-11-26,000333.XSHE,36.019999999999996,0.014105985512771629,1.2171572471100887,1.4873656978646612,-1.0023173923298487,-1.5043215831112593,-1.7397519924607092,-1.080630258670053,-1.8728345873719516,-1.8019888007324993,-1.7948540857513546,-0.8032915907277253,1.7311939331169488,0.0,0.0,0.0,0.0
2178,2025-11-26,000338.XSHE,16.9,-0.004124926340601078,0.7351147730070833,0.5848379685778521,0.7295485123437562,-1.0342210883889906,-0.93056501922317,-0.8914608479619475,-0.22104792146672847,-0.5999209163649273,-0.1428043032345072,0.29744046306542976,-0.4395687155695556,0.004733727810650956,0.027810650887574173,0.010650887573964374,0.034911242603550274
2179,2025-11-26,000408.XSHE,36.019999999999996,-0.015478822929069512,-0.1352396941233432,-0.137184214851595,-1.0023173923298487,-0.09402009894445368,-0.12137804598563087,-0.7022914372538418,0.2647716861524549,0.15693664045909964,0.2492075095661007,0.17198938340518047,-0.3022905839750959,0.0,0.0,0.0,0.0
2180,2025-11-27,000001.XSHE,11.71,0.004288164665523217,-1.4866706847870947,-1.3688476975685628,0.7646598459363156,1.9437111100893618,1.3170123674381309,1.257662467746946,1.6670528074552606,1.5190542206907156,1.1066334780530374,1.1138862689857314,1.7311939331169488,-0.008539709649872052,-0.005977796754910392,-0.018787361229718247,-0.029035012809564664
2181,2025-11-27,000002.XSHE,5.47,-0.023214285714285698,0.8052799542596764,0.6264218277008677,1.335301522008193,0.11629040829594477,-0.4594229188737666,0.44451863084159293,-0.4252917803467036,-1.0488134529544453,-0.4120766931084961,1.1701609147191439,-0.9599386368048918,-0.01645338208409508,-0.04936014625228513,-0.09140767824497253,-0.07312614259597794
2182,2025-11-27,000063.XSHE,36.019999999999996,-0.0018876828692780886,-1.1769476254564502,-1.4152493144352938,-0.35126165393757786,-0.5482262105380251,-1.3782687566212999,-2.1304368526920245,0.4616803818736943,0.5159809106730745,1.2888786985924214,-0.4618038115498154,1.001175951257797,0.0,0.0,0.0,0.0
2183,2025-11-27,000100.XSHE,4.07,-0.0024509803921568107,-0.43361228306290267,-0.30161050963375113,1.27189689133354,0.7808070271299147,1.0719868107054553,-0.5041491788813188,1.212195288367877,0.6965341064762499,0.4788999406396035,0.5511398116516075,-0.6168516464115673,0.004914004914004844,0.02457002457002444,0.07125307125307123,0.0884520884520883
2184,2025-11-27,000157.XSHE,7.82,-0.01387137452711216,0.2477784474645158,0.3480121265004821,0.25742280053909133,0.11629040829594477,0.8269612539727799,-0.17889164411917766,0.21150874637563336,0.10672700018587701,-0.4728250999549575,-0.29297987434957823,-0.9016226912096572,0.008951406649616356,0.021739130434782705,0.04987212276214836,0.06777493606138107
2185,2025-11-27,000166.XSHE,5.11,0.0,0.15486152966532238,0.0,-1.1628409265731368,-1.3788719840804877,0.33691014050742885,-0.8836163027704836,-0.607234787981657,0.4919071512326511,0.5598978164348853,-2.037493892085362,0.08887598634487277,0.001956947162426559,-0.00391389432485334,-0.009784735812133238,0.009784735812133016
2186,2025-11-27,000301.XSHE,9.58,0.008421052631578954,0.15486152966532238,0.18560646746692377,-0.9599461084142471,-0.049838746412547714,0.21439736214109106,0.7968809601672459,-0.15237726889427347,0.030493428624536294,-0.3310788173132143,-0.23670522861616583,-0.7899223393009028,0.0031315240083507057,0.014613778705636848,-0.02087682672233815,-0.044885177453027114
2187,2025-11-27,000333.XSHE,36.019999999999996,0.002512562814070388,2.0441721915822555,2.064871950569527,0.15597539145964648,-0.5482262105380251,-1.6232943133539752,0.6884617819131988,-1.6988928337913776,-2.07596052241251,-2.2041546950791053,-0.23670522861616583,1.7311939331169488,0.0,0.0,0.0,0.0
2188,2025-11-27,000338.XSHE,16.98,-0.0017636684303351637,0.18583383559838684,0.2552088927670202,-1.5686305628909163,-1.212742829371995,-0.6431920864232732,-0.17889164411917766,-0.9711208032515639,-0.47104322638428425,-0.3310788173132143,-0.6306277487500526,-0.4328958948430146,0.019434628975264934,0.007656065959952718,0.021201413427561766,0.03062426383981154
2189,2025-11-27,000408.XSHE,36.019999999999996,0.0076595744680851546,-0.4955568949290316,-0.394413743367213,0.25742280053909133,0.7808070271299147,0.33691014050742885,0.6884617819131988,0.3024802501931101,0.23512038386813505,0.31690418904904,1.0611287886106573,-0.2668227874812586,0.0,0.0,0.0,0.0
2190,2025-11-28,000001.XSHE,11.61,-0.005141388174807241,-1.8040017133430297,-1.498787701207324,1.4021319574041617,2.132685232113309,1.1637327451755193,1.1051495142236125,2.055364006907355,-0.08959665719399645,1.613011487013692,2.3814690654449975,1.7311939331169488,0.006890611541774394,-0.0051679586563306845,-0.006890611541774394,-0.02239448751076656
2191,2025-11-28,000002.XSHE,5.38,-0.005545286506469547,0.26542668600308916,0.30632157396938015,-0.11281521496355323,0.06879629781010671,1.4532185026818674,0.6307931017258062,0.061572958837452854,1.4857291835795674,-0.31146061680170195,-1.3066667428736927,-0.9745702866355022,-0.03345724907063197,-0.06877323420074355,-0.0799256505576208,-0.06691449814126404
2192,2025-11-28,000063.XSHE,36.019999999999996,-0.005434782608695578,-1.354125974354743,-1.2252862958775206,-1.8856257358193897,1.194553898339126,0.005789715150127044,1.8116377881565153,0.9705071131046142,0.4913047465912552,0.9039954487659154,0.5494538926853866,0.9870251741928665,0.0,0.0,0.0,0.0
2193,2025-11-28,000100.XSHE,4.09,0.004914004914004809,-0.18444905298519754,-0.6235832041519525,0.43514440057370535,-0.43154041353612405,0.3531726241577447,0.5197735158220643,0.061572958837452854,0.47653606683400307,0.8027074433019472,-0.2701318424965446,-0.6107958955388284,0.02689486552567244,0.06112469437652801,0.1124694376528117,0.10024449877750619
2194,2025-11-28,000157.XSHE,7.89,0.010243277848911662,-0.0944739051875402,0.11487059023851756,1.2087344460380705,0.1938804756466644,-0.45738749686002983,-1.4180228926796123,-0.05570886751960022,-0.24712924127135283,-0.387426620899678,0.04323917389654672,-0.8933416070789006,0.0,0.021546261089987473,0.06970849176172367,0.0735107731305451
2195,2025-11-28,000166.XSHE,5.12,0.003921568627451071,0.40038940769957515,-0.02188011242638429,-0.983104016110964,-1.3071296583920278,0.005789715150127044,-0.5702369639601288,-0.8766816520189716,0.22546851096071632,0.09369140505417048,-0.7040301728869787,0.09264650401174689,0.005859375,-0.017578125,0.0078125,0.015625
2196,2025-11-28,000301.XSHE,9.61,0.003131524008350664,1.4800911812714632,1.6738286006183987,-0.5963089933787814,-0.8067929470457972,-0.8047704058676475,-0.8932030320437415,-1.463090783804237,-1.0495608414153867,-1.526916682369319,-0.8004520240848528,-0.7866050868818462,0.0010405827263266776,0.0020811654526535772,-0.004162330905306932,-0.03329864724245579
2197,2025-11-28,000333.XSHE,36.019999999999996,0.0007518796992481489,1.1651781639796626,1.318276773689654,0.693007749061827,-0.30645623569956637,-1.6153305268854221,-0.2876416543869676,-0.7593998256619185,-1.8224550820449166,-1.4762726796373349,0.26018833909176375,1.7311939331169488,0.0,0.0,0.0,0.0
2198,2025-11-28,000338.XSHE,17.31,0.01883460859329019,0.26542668600308916,0.30632157396938015,-0.08058229640253803,-0.18137205786300867,-1.036359011872726,-0.7720907565123868,-0.40755434659075945,-0.6409607014647437,-0.10888460587376572,0.04323917389654672,-0.4053701956242385,0.0034662045060660507,-0.013287117273252491,0.022530329289428108,0.038705950317735605
2199,2025-11-28,000408.XSHE,36.019999999999996,0.00861050143508366,-0.13946147908636888,-0.35008179882214874,-0.08058229640253803,-0.5566245913726817,0.9321441391704408,-0.12615862034516123,0.41341843790861205,1.1706640154248547,0.39755542144607475,-0.19630886267317213,-0.2523728453136714,0.0,0.0,0.0,0.0
2200,2025-12-01,000001.XSHE,11.69,0.00775862068965516,-1.2016858608843122,-1.4696033605064454,1.2198393562546395,1.46608792931756,1.5360379599305536,1.4132903387605258,1.8286377441518413,1.8283476937756757,0.7772375772300172,-1.2246857564809,1.7311939331169488,-0.004277159965782595,-0.017108639863130826,-0.014542343883661268,-0.015397775876817787
2201,2025-12-01,000002.XSHE,5.2,-0.01886792452830182,1.1960661296564823,0.9737469699199186,1.3243543561785376,-0.4949214028906413,-0.8843854920812277,-0.8909873874794618,-0.8399075139181984,-1.2645400349021194,-0.5140197395738452,1.501839634686869,-1.0038334189784326,0.0,-0.044230769230769296,-0.05576923076923079,-0.06346153846153846
2202,2025-12-01,000063.XSHE,36.019999999999996,0.09069493521790327,-1.5014048597019116,-1.325876870481365,-0.8107377851239524,0.15874837451209242,0.9774787017739885,-0.02048246867768878,1.0588650735547143,1.135669712873878,1.7374032743405814,0.21574275206056284,1.2707163467468026,0.0,0.0,0.0,0.0
2203,2025-12-01,000100.XSHE,4.2,0.029411764705882377,-0.3025288644315143,-0.39165468531834363,1.1003936420558986,1.0925623422302835,0.04654660484638041,-1.0446059025621277,0.5285772338100271,0.13960951553059492,0.2806001476900701,0.8330692557211898,-0.5774888474430389,-0.0071428571428572285,0.03809523809523818,0.06666666666666665,0.07380952380952377
2204,2025-12-01,000157.XSHE,7.89,-0.002528445006321171,-0.09647205274441478,-0.06827008276191311,-0.3329549283289897,-0.0280144190315458,0.04654660484638041,1.4132903387605258,0.18645604687797068,-0.23357745867618765,-0.3650285107118611,0.37007437797571957,-0.8933416070789006,0.012674271229404344,0.04055766793409399,0.06210392902408124,0.06083650190114054
2205,2025-12-01,000166.XSHE,5.15,0.007827788649706464,-0.43365592641421397,-0.4275863078246137,-0.9301834993226931,0.3455111680557306,0.04654660484638041,0.184342218099199,-0.018816665281263124,0.2819038294367782,0.5454734434447085,0.5244060038908763,0.10395839164894925,-0.011650485436893288,-0.01747572815533993,0.01747572815533971,0.013592233009708687
2206,2025-12-01,000301.XSHE,9.62,-0.0031088082901555582,0.39993753904723406,0.47070425483213774,-0.8107377851239524,-0.9618283867497368,0.9774787017739885,0.6451977633471966,-0.497786326986142,-0.0053695967511767275,-0.4478014156351856,-0.9160225046505864,-0.7854994476210204,0.010395010395010562,-0.02494802494802484,-0.014553014553014387,0.01975051975051989
2207,2025-12-01,000333.XSHE,36.019999999999996,0.002506265664160437,1.8329690021438805,1.87203753257667,0.5031650710621952,-1.7088795609242897,-1.256758330852271,-0.6349565290083522,-1.6609983625551334,-1.3934103569303609,-2.0453184806553484,-1.7391245095314223,1.7311939331169488,0.0,0.0,0.0,0.0
2208,2025-12-01,000338.XSHE,17.37,-0.006861063464836904,0.22197938349928448,0.18325127478197728,-1.4079663561176559,-0.7750655932060986,-1.5360379599305536,-1.4542552761159033,-0.7030590391453758,-0.7705371337938605,-0.31536476775786637,-0.04147662446469839,-0.4003655382497602,-0.014968336211859667,-0.0017271157167531026,0.004029936672423684,0.02763385146804831
2209,2025-12-01,000408.XSHE,36.019999999999996,-0.009290405253884323,-0.11520449017051473,0.18325127478197728,0.1448279284659731,0.9057995486866453,0.04654660484638041,0.3891669048760868,0.11803180949155942,0.2819038294367782,0.34681847162872964,0.4761773707923898,-0.19614971689071373,0.0,0.0,0.0,0.0
2210,2025-12-02,000001.XSHE,11.64,-0.0034246575342465023,-1.9964253769460771,-1.6342412457411764,1.3114287566455545,2.2828454405754486,0.9463228963882353,1.49843091093854,2.1444213292834493,1.5860251241880465,1.2215864337976259,2.318150371124261,1.7311939331169488,-0.0077319587628865705,-0.00945017182130592,-0.01804123711340211,-0.013745704467354014
2211,2025-12-02,000002.XSHE,5.2,-0.007633587786259549,0.23613633490760053,-0.31999129287239814,-0.18605044644452504,-0.6504196506667479,-0.7021105360299811,-0.8880440467583692,0.13979622441823225,0.3708741910511553,0.10670963632912772,-1.6159189901388036,-1.0038334189784326,-0.03653846153846163,-0.04807692307692313,-0.08269230769230784,-0.044230769230769296
2212,2025-12-02,000063.XSHE,36.019999999999996,-0.04751936361733312,-0.45080573027814647,-1.2342521296506788,0.2828571828059039,-0.5228863858301307,0.2136858153134725,-0.8421502975718902,0.3244327472347654,0.40884765771168313,1.380854547721697,0.3248885614176415,1.2168082341853432,0.0,0.0,0.0,-0.006940588561909822
2213,2025-12-02,000100.XSHE,4.17,-0.00477326968973758,0.23613633490760053,0.5942695439058824,1.0089077055162454,-0.5228863858301307,0.8242167162091082,-0.2914253073341418,0.13979622441823225,0.18733576885860406,-0.7851918016456708,-0.3045625363844488,-0.5865725574112922,0.04076738609112707,0.0911270983213428,0.07194244604316546,0.09352517985611497
2214,2025-12-02,000157.XSHE,7.99,0.013959390862944203,0.40787185120403724,0.3657043347113122,1.0089077055162454,0.3273353797473175,-0.5189512657612904,0.07572468615769039,0.034289639951641866,-0.23670127551729025,-0.43480195101271424,0.06261727066677052,-0.8815115346973316,0.008760951188986343,0.0563204005006257,0.037546933667083726,0.02252816020025028
2215,2025-12-02,000166.XSHE,5.09,-0.009727626459143934,-0.45080573027814647,-0.26284999057375563,-1.2902522830665029,0.1572910266318279,-0.030526545044781785,0.14456530993740893,-0.28223011344812926,-0.03417611999447507,0.6163676008861554,-0.3045625363844488,0.08133478369283455,-0.011787819253438081,0.013752455795677854,0.023575638506876162,0.017681728880157177
2216,2025-12-02,000301.XSHE,9.72,0.009345794392523348,-0.40787185120403724,-0.20570868827511307,-1.4112607035182263,0.4973797328628072,-0.5189512657612904,1.5443246601250191,-0.17672352898153887,-0.559475742131777,-0.4029483282279,0.3248885614176415,-0.7744420511030247,-0.00925925925925919,-0.015432098765432167,-0.0473251028806585,0.034979423868312765
2217,2025-12-02,000333.XSHE,36.019999999999996,0.01822721598002507,1.953491497871968,1.851378194476018,-1.1692438626147792,-1.5431525045230685,-1.4958007071943076,-1.0257252943178063,-1.9703354649135754,-2.261952830745442,-2.043409901645833,-0.7241966015858423,1.7311939331169488,0.0,0.0,0.0,0.0
2218,2025-12-02,000338.XSHE,17.11,-0.012124711316397278,-0.10733469768527296,0.022856520919457033,0.1618487623541803,-0.1827976795991514,-0.6410574459404175,-1.0257252943178063,0.13979622441823225,-0.23670127551729025,0.10670963632912772,0.1675257869671189,-0.42205249841802644,-0.001753360607831711,0.034482758620689724,0.006428988895382792,0.021040327293980088
2219,2025-12-02,000408.XSHE,36.019999999999996,0.0021015195602974873,0.579607367500474,0.8228347531004524,0.2828571828059039,0.1572910266318279,1.9231723378212524,0.8100246731413547,-0.49324328238131,0.7759245020967857,0.23412412746838465,-0.24882988709988874,-0.1922088692045417,0.0,0.0,0.0,0.0
2220,2025-12-03,000001.XSHE,11.55,-0.007731958762886585,-1.8159869231598003,-1.8107281138172946,1.057820792452706,2.096139820100559,-0.04534837924351981,1.4631532025106788,1.7305229127063804,0.6240565104531035,0.984064307793651,2.4297069517717023,1.7311939331169488,-0.0051948051948051965,-0.0025974025974027093,-0.01904761904761909,-0.0017316017316018062
2221,2025-12-03,000002.XSHE,5.01,-0.04022988505747126,0.376902946316185,0.27523067330022877,0.815571756013155,0.4585305856469973,1.4158771741587874,1.0059178267260918,-0.05747124064338531,0.6240565104531035,-0.683546875757814,-0.607803413335424,-1.0347223831460364,-0.007984031936127733,-0.019960079840319334,0.04790419161676662,-0.009980039920159611
2222,2025-12-03,000063.XSHE,36.019999999999996,-0.03777777777777784,-0.9936532221063058,-1.1154085181114535,0.5410228480483306,0.1310087387562849,1.365490086110432,-1.3782380612935414,1.1132392169070564,1.6014944183916995,1.539934702310806,0.1154133402615109,1.0685610501300482,0.0,0.0,0.0,0.0
2223,2025-12-03,000100.XSHE,4.34,0.03827751196172252,0.10279171263168681,0.04345747473161507,-2.0429668739735467,-1.1790786488065645,-0.9523159641139174,0.1894260842536146,-0.7386118704909151,-0.6487609850493539,-0.3361278791845922,-0.46316006261603704,-0.5350979220607057,0.004608294930875667,0.032258064516129226,0.03456221198156695,0.07603686635944706
2224,2025-12-03,000157.XSHE,8.06,0.007500000000000062,0.3426390421056227,0.44906057222668905,0.0242249036439551,-0.687795878470496,0.760845029530167,-0.8556833461111562,-0.48318413429809143,0.28034208128788296,-0.058192681926014664,-0.897090114774198,-0.8732304505665751,0.018610421836228408,0.03970223325062028,0.04962779156327546,0.023573200992555776
2225,2025-12-03,000166.XSHE,5.03,-0.011787819253438038,-0.44543075473730953,-0.18831572383699866,-0.10497458245713877,-0.03275218468907126,-1.0530901402106283,-0.13717061273537626,0.11281391681849713,-0.40708677704255813,0.4281939132764959,0.5975578426594675,0.058711175736720224,0.005964214711729587,0.041749502982107334,0.035785288270377746,0.04771371769383692
2226,2025-12-03,000301.XSHE,9.63,-0.009259259259259245,0.41116685052674723,0.3042023231213055,-0.7509720129626082,-0.5240349550251397,0.15619997294990187,-0.5944059885199634,-0.48318413429809143,-0.42319839090967787,-0.6140630764431697,-0.3667311621364457,-0.7843936410419049,-0.025960539979231534,-0.015576323987538943,-0.0384215991692628,0.04672897196261672
2227,2025-12-03,000333.XSHE,36.019999999999996,0.007602697731453153,1.8502508273703626,1.9555863629226782,-0.6217725268615143,-0.5240349550251397,0.15619997294990187,1.2345355146183854,-1.6751802365312687,-1.7819444937034403,-1.9776826379930654,-0.9453045650139936,1.7311939331169488,0.0,0.0,0.0,0.0
2228,2025-12-03,000338.XSHE,17.08,-0.001753360607831744,0.6510141800006831,0.39111727258453566,-0.23417406855823264,-0.8515568019158521,-1.5569610206941824,0.1894260842536146,-0.3980415555671502,-0.8367298134990838,-0.058192681926014664,-0.31851671189665004,-0.42455474344612054,0.015222482435597318,0.021077283372365585,0.024004683840749497,0.028688524590164022
2229,2025-12-03,000408.XSHE,36.019999999999996,0.020044900577293138,-0.4796946589478718,-0.3042023231213055,1.3162197646548939,1.113574279428422,-0.2468967314369415,-1.1169607037023488,0.879097125396968,0.967770939618324,0.7756129098497178,0.45592789508006776,-0.14912206705378053,0.0,0.0,0.0,0.0
2230,2025-12-04,000001.XSHE,11.49,-0.005194805194805237,-2.189303660145641,-1.8050332853690878,1.2388578035374858,1.4161899183886495,1.0332700802904968,0.6001160374164289,1.6357675574668407,1.8161854058590323,1.226374813394968,0.531551343905247,1.7311939331169488,0.003481288076588207,-0.005221932114882533,-0.010443864229765065,0.01305483028720622
2231,2025-12-04,000002.XSHE,4.97,0.0020161290322580215,1.2481076941017206,1.4278621511128604,1.8147592689657224,1.6091313241636698,1.8786728732554487,-0.2875154005628552,0.85815309890875,1.6544771894219454,-0.6148922836391821,-2.1274837578814627,-1.0412252084898599,-0.004024144869215207,-0.04024144869215296,0.02012072434607659,-0.02012072434607637
2232,2025-12-04,000063.XSHE,36.019999999999996,0.0023353573096684126,-0.06138234561156003,-0.7274014732084384,0.11384098735209329,-0.5518124205165582,-1.5968719422671314,-1.9662965984801968,0.1638544751961691,-0.7003987124431327,1.2945698910628995,1.0224501319274089,1.0429546590167398,0.0,0.0,0.0,0.0
2233,2025-12-04,000100.XSHE,4.36,0.011600928074246106,-0.7161273654682003,-0.5118751107763085,0.11384098735209329,0.3743063272035394,0.18786728732554486,0.3492636745092399,0.6359775393207241,0.3355445491069554,0.20344864837599566,0.531551343905247,-0.5290421711879669,0.04357798165137594,0.025229357798165042,0.016055045871559592,0.05275229357798161
2234,2025-12-04,000157.XSHE,8.21,0.019875776397515543,-0.5524411105040402,-0.457993520168276,-1.38618143422843,0.06560007796350689,-0.09393364366277243,1.2754877837050145,-0.3638124788253924,-0.6094378406972714,-0.6376239761951593,0.49064311157006685,-0.8543022343650901,0.028014616321558883,0.009744214372715998,0.017052375152253108,-0.0024360535931792215
2235,2025-12-04,000166.XSHE,5.06,0.005964214711729495,0.34783329179884015,0.05388159060803247,-0.8504591408068145,-1.3235780436166393,-0.657535505639407,-0.6348494415112707,-0.6970758182074314,-0.12431319138601055,0.4762289590477216,-0.20479683812799568,0.07002289605563218,0.01976284584980248,0.029644268774703608,0.01976284584980248,0.03754940711462451
2236,2025-12-04,000301.XSHE,9.38,-0.021897810218978006,0.4705979830219602,0.40411192956024355,-0.5290257647538452,-1.014871794376607,-0.2818009309883173,-0.6927384483360066,-1.0303391575894703,-0.5033168236604331,-0.7058190538630909,-0.6956956261501575,-0.8120369650186046,0.02025586353944564,-0.01279317697228155,-0.024520255863539453,0.06503198294243062
2237,2025-12-04,000333.XSHE,36.019999999999996,-0.002922196517715754,1.1662645666196405,1.5625661276329417,-0.1004479300165529,0.06560007796350689,0.4696682183138622,1.2754877837050145,-1.585778056559535,-1.1754165982270757,-1.8765012204959146,-0.36842976746871625,1.7311939331169488,0.0,0.0,0.0,0.0
2238,2025-12-04,000338.XSHE,17.34,0.008726003490401313,0.34783329179884015,0.24246715773614613,-0.9576035994911376,-1.014871794376607,-1.0332700802904968,-0.4225897498205723,-0.47490025861940544,-0.5690107865879996,-0.20572181763159325,-0.4911544644742567,-0.40286795059614433,0.02076124567474036,-0.006920415224913601,0.009227220299884653,-0.008650519031141779
2239,2025-12-04,000408.XSHE,36.019999999999996,0.00366244468182504,-0.06138234561156003,-0.18858556712811364,0.5424188220893856,0.3743063272035394,0.09393364366277243,0.5036343593752024,0.85815309890875,-0.12431319138601055,0.8399360399433562,1.3113645227946187,-0.09132263302001214,0.0,0.0,0.0,0.0
2240,2025-12-05,000001.XSHE,11.53,0.0034812880765882634,-1.6353769346761073,-1.4278502422281443,1.4940110301276326,2.2686660033842383,1.524001524002286,1.604574850242396,2.2711428497541966,1.679817139881513,1.0393425343834275,1.0730869416783257,1.7311939331169488,-0.0008673026886383273,-0.017346053772766656,-0.015611448395490002,0.007805724197744945
2241,2025-12-05,000002.XSHE,4.95,0.002024291497975665,0.7983294393627445,0.9239030979123286,1.676409713051095,-1.0078351715217,-0.1270001270001905,-0.35338850868433724,-0.007430129279457564,-0.5720816380769469,-0.706118210382634,0.17833002447115223,-1.0444767048209165,-0.008080808080808133,0.06060606060606055,0.01414141414141401,-0.010101010101010055
2242,2025-12-05,000063.XSHE,36.019999999999996,-0.023510242085661034,0.06084265935097131,0.4759500807427147,-1.3580411028574155,-0.09539180635802103,-0.254000254000381,-1.8815550327247144,-0.4284707884487198,-0.08361830021095747,0.8806642848592402,0.6754172006973598,0.9775912670434828,0.0,0.0,0.0,0.0
2243,2025-12-05,000100.XSHE,4.55,0.04597701149425292,-0.38164940865609265,-0.8679089707661269,-0.29681240221181604,0.07050698730810244,0.8890008890013334,0.028653122325757053,0.38884343229161267,0.5662863103395539,0.4839686610487716,-0.3187571517550553,-0.4715117849646415,-0.015384615384615219,-0.01318681318681314,-0.01098901098901095,0.00879120879120876
2244,2025-12-05,000157.XSHE,8.44,0.02926829268292686,-0.16040337465256066,-0.19597944501170608,-0.5621195773732158,-0.4271893936902679,-0.762000762001143,0.9837571998509929,-0.10649851967222514,-0.307152370081834,-0.7259529915731575,-0.8158443279812628,-0.8270929340328489,-0.007109004739336289,0.0023696682464455776,0.0035545023696683664,-0.027251184834123032
2245,2025-12-05,000166.XSHE,5.16,0.021782178217821847,-0.7503927986619794,-0.6999265893275217,-0.29681240221181604,-0.09539180635802103,1.016001016001524,-0.21012289705555187,0.5869802130771479,0.8850293358961742,0.8806642848592402,-0.3187571517550553,0.10772890931582296,0.015503875968992276,0.009689922480620172,0.007751937984496138,0.01744186046511631
2246,2025-12-05,000301.XSHE,9.57,0.020255863539445574,0.7061435918612728,0.6999265893275217,-1.0927339276960157,-1.0907845683547617,-1.524001524002286,-1.0219613629520021,-1.2953192043854358,-0.9156617825081089,-0.9441355846689152,-2.3071058566598857,-0.7910279785617284,-0.00940438871473348,-0.03239289446186,-0.02925809822361558,0.05224660397074188
2247,2025-12-05,000333.XSHE,36.019999999999996,0.004151911100256483,2.052056965382759,1.93179738654396,0.6317627108530833,-0.7589869810225148,-1.270001270001905,0.2196739378308042,-1.1962508139926684,-1.8967279780525115,-1.916039863004563,0.47658233020687674,1.7311939331169488,0.0,0.0,0.0,0.0
2248,2025-12-05,000338.XSHE,17.7,0.018998272884283147,-0.38164940865609265,-0.5319442078889165,-0.16415881463111612,0.2364057809742259,0.508000508000762,0.7927363843459457,-0.007430129279457564,0.28893848290717006,0.36495997390563106,0.5759997654521183,-0.3728400063492743,-0.014689265536723006,-0.011864406779661052,0.015819209039548143,-0.01016949152542368
2249,2025-12-05,000408.XSHE,36.019999999999996,0.014880048587913816,-0.3079007306549153,-0.30796769930410955,-0.0315052270504162,0.9000009556387197,0.0,-0.1623676931792901,-0.20556691006499273,0.3551707999059483,0.6426469105729591,0.7810482256454289,-0.06268560571854813,0.0,0.0,0.0,0.0
2250,2025-12-08,000001.XSHE,11.52,0.0026109660574411974,-1.453005836464931,-1.695597281704263,1.036396014256647,1.1415246168366637,1.0536692925686835,0.36773534162589167,1.6587879216667338,1.8401282981709361,0.7097575376108853,-0.9201132227983825,1.7311939331169488,-0.0078125,-0.01302083333333337,-0.0008680555555555802,0.0
2251,2025-12-08,000002.XSHE,4.91,0.0020408163265305686,-1.2103326278695352,0.5445995825063806,0.10953779012468626,0.5073442741496282,1.2157722606561732,0.9734170807744191,-0.7369497359995065,-1.1188719802948908,-0.9456109195620772,2.3100350937567424,-1.0509796974830299,-0.028513238289205822,0.03258655804480659,-0.008146639511201648,0.004073319755600657
2252,2025-12-08,000063.XSHE,36.019999999999996,0.01734521801975425,-0.48231300208334865,-0.3823784302704375,-0.536454305482438,1.2472213406178363,-0.24315445213123463,-0.8003651553034112,0.695284733257485,0.722096942955155,1.3982736215677813,0.8318316268586344,0.9964590813422501,0.0,0.0,0.0,0.0
2253,2025-12-08,000100.XSHE,4.48,-0.011037527593818946,1.2163994580844204,1.4715775952831989,1.7104747227162551,-0.6553196874432698,-1.8641841330061322,-0.10815745341937989,-0.5286247222893987,-0.635512559806865,-0.008057103110133886,-0.37263045728056465,-0.4927071639966629,-0.0022321428571430157,-0.011160714285714413,0.006696428571428381,0.0022321428571427937
2254,2025-12-08,000157.XSHE,8.38,-0.008284023668638877,0.24570662370283805,-0.5368747657332406,-0.9858401111221766,-0.23253279231857962,1.0536692925686835,1.2762579503486828,0.20051282569597878,0.22612814628048514,-0.15454988693075006,-0.4273787338323464,-0.8341910778527646,-0.010739856801909475,-0.0035799522673032325,-0.0011933174224345588,-0.022673031026253176
2255,2025-12-08,000166.XSHE,5.24,0.0038314176245211615,0.7310530408936292,0.46735141477497916,-0.536454305482438,-1.5008934776926501,-0.24315445213123463,-2.054991614968218,-0.11197469486918299,-0.04287187903459006,0.40212269158759134,-0.2631339041770011,0.1378937199239759,-0.005725190839694694,-0.01526717557251911,-0.003816793893129833,0.0
2256,2025-12-08,000301.XSHE,9.48,-0.01249999999999992,0.7613871919680536,0.1583587438493731,-0.9858401111221766,-0.6553196874432698,-1.2157722606561732,-0.19468341615488383,-0.6327872291444526,-0.5934813058513846,-0.3010426707513662,-0.4821270103841282,-0.8009795685006088,-0.02320675105485237,-0.034810126582278444,0.034810126582278444,0.08649789029535859
2257,2025-12-08,000333.XSHE,36.019999999999996,-0.014337349397590335,1.1557311559355714,1.3557053436860966,-1.210533013942046,-1.289500030130305,0.4052574202187244,1.103206024877675,-1.8827373114050996,-1.5223720182675036,-2.1688256644642223,-1.1391063290055095,1.7311939331169488,0.0,0.0,0.0,0.0
2258,2025-12-08,000338.XSHE,17.44,-0.015801354401805735,0.12437001940514027,-0.3823784302704375,0.5870102086169086,0.6130409979308008,0.08105148404374488,-0.2812093788903877,0.5130003462611405,0.3606281589380227,0.3142270212952216,0.010607478581907798,-0.39452679919925043,-0.012614678899082743,0.0034403669724769603,0.023509174311926673,0.01834862385321112
2259,2025-12-08,000408.XSHE,36.019999999999996,0.018688816374962995,-1.0889960235718374,-1.0003637721216496,0.8117031114367779,0.8244344454931459,-0.24315445213123463,-0.2812093788903877,0.8254878668263024,0.7641281969106355,0.7537053727570702,0.4520154582806484,-0.013556103521673808,0.0,0.0,0.0,0.0
2260,2025-12-09,000001.XSHE,11.43,-0.007812499999999988,-1.5711320539917026,-1.842222303370182,1.4069200999043638,1.3847470487971516,0.24496781143559404,2.010203546202248,2.022517610776707,1.2676202131206362,1.366286229656372,0.7994480608171123,1.7311939331169488,-0.008748906386701671,-0.006999125109361293,0.004374453193350947,0.01137357830271224
2261,2025-12-09,000002.XSHE,4.77,-0.024539877300613522,0.30120148185333157,0.6438216354338698,-1.6115630235268168,-1.5452974312663865,-1.8204470692958845,-0.1165067372683915,-0.6492361683206602,-1.6060303818731998,-0.8560808334731221,1.534103585754344,-1.073739837163847,0.10062893081761026,0.052410901467505155,0.04192872117400426,0.004192872117400492
2262,2025-12-09,000063.XSHE,36.019999999999996,0.008329366968110288,-1.1641030244601733,-0.8860515576763159,0.5883484054145521,0.7425455189202117,1.589889129121208,0.3088353194257364,1.0339687125106811,1.4094121832683584,1.3975871742074917,0.4729344941783427,1.0058929884916334,0.0,0.0,-0.006940588561909822,0.0
2263,2025-12-09,000100.XSHE,4.47,-0.0022321428571430075,0.1383898700407199,0.26135333715632336,-1.0487949835650712,-0.3813071583644331,-0.9078218894377893,-0.2829449333660937,-0.22175556366508148,-0.6465713838736131,-0.23006194245072933,0.4729344941783427,-0.4957351230921775,0.004474272930648837,0.006711409395973256,0.020134228187919323,0.004474272930648837
2264,2025-12-09,000157.XSHE,8.29,-0.00718562874251503,0.5454188995722491,0.6438216354338698,-0.23022328907525955,-0.060206393425963116,0.24496781143559404,0.012945193029821337,-0.7561063194845549,-0.3204498525338521,-0.7621779998197632,-1.0780049473558126,-0.8448382099234928,0.02050663449939716,0.021712907117008573,-0.014475271411338864,-0.00603136308805774
2265,2025-12-09,000166.XSHE,5.21,-0.0019157088122604958,-0.18723335358450338,-0.18485967750081414,0.7929913290370051,0.26089437151250683,-0.33142703900109766,-1.762395565345669,0.20572504099049724,0.05766206786007368,0.3959569485716634,0.6361912774977275,0.12658199960506358,0.0,-0.0019193857965450478,-0.0057581573896353655,0.0
2266,2025-12-09,000301.XSHE,9.26,-0.023206751054852388,0.7896363172911665,0.3250980535359144,-1.0487949835650712,-0.541857540833668,0.3410336198417093,0.0869177246288001,-0.5423660171567655,0.08129406288469404,0.020345613958227777,-1.32289012233489,-0.8253058073765419,0.0,0.003239740820734305,0.08639308855291583,0.1166306695464363
2267,2025-12-09,000333.XSHE,36.019999999999996,-0.015950920245398736,1.929317599979448,1.7912265302665091,0.38370548179209923,-1.5051598356490778,-0.7156902726255587,-0.2829449333660937,-1.3973272264679228,-1.3035408455580593,-1.8733615313845104,-1.32289012233489,1.7311939331169488,0.0,0.0,0.0,0.0
2268,2025-12-09,000338.XSHE,17.22,-0.012048192771084387,-0.5942623831160325,-0.7585621249171338,-0.23022328907525955,0.9030959013894467,0.14890200302947876,0.9006155722175665,0.633205645646076,0.3979627962146069,0.2707531703671849,0.39130610251865033,-0.4128772653451011,0.015679442508710784,0.04413472706155641,0.014518002322880363,0.027293844367015208
2269,2025-12-09,000408.XSHE,36.019999999999996,-0.014450014744912856,-0.18723335358450338,0.0063744716379590845,0.9976342526594579,0.7425455189202117,1.205625895496747,-0.8747251861579238,-0.3286257148289762,0.6626411404903549,0.2707531703671849,-0.5831328229189275,-0.06268560571854813,0.0,0.0,0.0,0.0
2270,2025-12-10,000001.XSHE,11.33,-0.009615384615384566,-1.3981185062578567,-1.625083163115298,0.4954336943068623,1.6593952032955472,-0.545100392182173,0.19972724496542774,1.7877172236976133,0.6496971551847283,1.2132173292394672,1.6892663891525344,1.7311939331169488,0.003530450132391838,0.015887025595763493,0.017652250661959412,0.01853486319505726
2271,2025-12-10,000002.XSHE,5.25,0.10294117647058829,0.4215585083944513,0.01537933592853598,-0.9358192003574065,-0.8740325879953647,0.21995278982789446,1.807639722484936,-0.7856598049619826,-1.3085737050266977,-0.47911221578825336,1.2472268470155818,-0.9957047618099357,-0.03428571428571425,-0.07238095238095232,-0.0552380952380952,-0.09333333333333338
2272,2025-12-10,000063.XSHE,36.019999999999996,0.0002380385622472058,-0.6095917999085232,-0.18967847645194327,2.0367829654837672,0.6460240867791824,0.4112160853304113,-1.3288711641562574,0.7544673561297452,1.0066736140774362,0.9845241474789644,0.215801248696026,0.9823081369590297,0.0,0.0,0.0,0.0
2273,2025-12-10,000100.XSHE,4.49,0.008988764044943828,-0.06368869551283082,-0.08714957026170364,-0.6055300708194984,0.13933852852100018,1.271900915091737,0.34393464205237917,0.1501136600051431,0.9913746229820343,-0.02172585226724775,-0.7665088449416463,-0.48967920490114836,-0.013363028953229494,0.00445434298440972,0.04008908685968815,0.008908685968819663
2274,2025-12-10,000157.XSHE,8.46,0.021739130434782792,0.8461498118133232,0.5792883199748539,-0.6055300708194984,-1.1273753671244557,-1.1188902786897235,-0.8674074934780128,-0.7076786828813888,-0.6558167516228889,-0.2732883522038008,-0.7173933402597626,-0.8247270534111671,-0.013002364066194039,-0.010638297872340607,-0.024822695035461084,-0.024822695035461084
2275,2025-12-10,000166.XSHE,5.21,0.0038535645472060833,-0.9128713023505746,-0.5741618746653419,1.3762047064079508,1.0260382554728193,0.028689494325377596,-0.2905779051302071,0.7739626366498936,0.6496971551847283,0.8015696020705623,0.9034183142423966,0.12658199960506358,-0.009596928982725461,0.0019193857965451588,0.011516314779270509,0.011516314779270509
2276,2025-12-10,000301.XSHE,9.26,0.005428881650379905,0.6035262098596821,0.5023916403321742,-0.6055300708194984,-0.8740325879953647,-0.9276269831872067,-0.37710234338237797,-0.7076786828813888,-0.9158996002447188,-0.7535440339008568,-0.668277835577879,-0.8253058073765419,-0.011879049676025821,0.05939524838012966,0.08855291576673863,0.12742980561555073
2277,2025-12-10,000333.XSHE,36.019999999999996,0.0011252813203299474,1.6043485679184515,1.7071062880674894,-0.6055300708194984,-0.8740325879953647,1.3675325628429955,1.2091790245740877,-1.1755654153649517,-0.8190059899738411,-1.839836647263245,-1.061201873032948,1.7311939331169488,0.0,0.0,0.0,0.0
2278,2025-12-10,000338.XSHE,17.49,0.015089959373186187,0.7248380108365027,0.9381394916406925,-0.6055300708194984,-0.6206898088662735,-1.5014168696947572,-1.0981393288171353,-0.9416220491231703,-0.9006006091493172,-0.7078053975487562,-1.0120863683510644,-0.3903562235008034,0.0005717552887365418,0.020583190394511286,0.004574042309891446,0.0034305317324185847
2279,2025-12-10,000408.XSHE,36.019999999999996,0.029622980251346343,-1.216150804792626,-1.2662319914494593,0.055048188256318034,0.8993668659082736,0.793742676335445,0.40161760088715975,0.8519437587304874,1.3024541085885368,1.0760014201831656,0.1697554630567601,-0.009877945550921962,0.0,0.0,0.0,0.0
2280,2025-12-11,000001.XSHE,11.37,0.0017621145374448965,-1.8990789964426709,-2.0670379467861517,1.718808139830136,2.0537481477592876,0.8188475747095175,1.2407008722911381,2.121522084542542,1.9341674129566462,1.9500916959920107,1.643456670896842,1.7311939331169488,-0.0017590149516270026,0.009674582233949014,0.023746701846965923,0.01671064204045747
2281,2025-12-11,000002.XSHE,5.07,-0.021235521235521127,1.808406789715965,1.5682435138193505,-0.35304352341737605,-1.2633021252539947,-1.0486995255051714,-1.7783379169506313,-0.8122088390246095,-0.47569724173301037,-0.20831095336851596,-1.7588935535106682,-1.0249678941528662,-0.009861932938856177,-0.019723865877712132,-0.03944773175542404,-0.05522682445759375
2282,2025-12-11,000063.XSHE,36.019999999999996,-0.0775609756097561,-0.44832368881537854,0.2155806447568379,0.3928230753517283,-0.09880575281316163,-0.13886888693904098,-0.08271339148607587,0.029880592740035794,0.16442305716892971,0.5948156138354009,-0.035625258031539694,0.6992907551592316,0.0,-0.006940588561909822,0.0,0.0
2283,2025-12-11,000100.XSHE,4.43,-0.011160714285714444,-0.44832368881537854,-0.7989165070400464,0.9232171011430914,1.0304028507658283,1.3934774516986526,1.4061276552632898,0.708984973195395,0.8484731805053166,0.3940339720344217,0.6713566067804105,-0.5078467921559454,0.015801354401805856,0.02934537246049662,0.036117381489842115,0.009029345372460584
2284,2025-12-11,000157.XSHE,8.35,-0.014167650531287011,-0.20653113754416313,-0.2916679311416043,0.12762606245604674,-0.23995682826053535,0.43576099005009405,-0.2481401744582276,0.38301487057682254,0.5284130310543467,0.3438385615841769,-0.2565570907852741,-0.8377400661035772,0.014371257485030098,-0.021556886227544925,-0.01916167664670665,-0.014371257485029876
2285,2025-12-11,000166.XSHE,5.16,-0.009596928982725494,-0.045336103363352885,-0.12258507250879021,0.12762606245604674,0.32464747352895956,1.0103908670392292,0.20678347871518968,0.057044767958250156,-0.07405313261806756,0.19325233023344252,-0.12399799113303347,0.10772890931582296,0.007751937984496138,0.003875968992248069,0.01744186046511631,0.027131782945736482
2286,2025-12-11,000301.XSHE,9.15,-0.016129032258064554,0.08563486190855545,0.08876850078222737,0.6580200882474099,0.32464747352895956,-0.13886888693904098,0.9925606978329105,0.16570146883110762,-0.0928802002328305,-0.007529311567536721,0.7597293398819044,-0.8374688431553632,0.015300546448087315,0.09945355191256833,0.09180327868852456,0.13661202185792343
2287,2025-12-11,000333.XSHE,36.019999999999996,-0.010234648027958154,1.2442241700831291,1.1455363672373153,-0.9331619891266794,-0.945712205497404,-1.862758517906446,-0.9098473063468346,-1.3554923433888968,-1.8814516236353103,-1.337707688499024,0.22949294127294165,1.7311939331169488,0.0,0.0,0.0,0.0
2288,2025-12-11,000338.XSHE,17.5,-0.014084507042253521,-0.28712865463456827,-0.12258507250879021,-1.198359002022361,-0.23995682826053535,-0.713498763928176,-0.2481401744582276,-0.16026863378746478,-0.47569724173301037,-0.3087017742690056,0.27367930782368854,-0.3895221418247722,0.027428571428571358,-0.0017142857142857792,-0.017714285714285682,-0.010857142857142899
2289,2025-12-11,000408.XSHE,36.019999999999996,0.016812760454088256,0.19645644790786249,0.38466350338965194,-1.4635560149180424,-0.945712205497404,0.24421769772038238,-0.5789937404025312,-1.1381789416431818,-0.47569724173301037,-1.6137824459753705,-1.4026409731952714,0.04214147815215383,0.0,0.0,0.0,0.0
2290,2025-12-12,000001.XSHE,11.35,-0.0017590149516270514,-2.08851403562067,-1.8218312873316695,2.1089457905912017,1.8805429231547008,1.283686430938067,0.6622256638142465,2.0493987905551063,1.0686469360041666,1.7258337530622938,2.277043116279471,1.7311939331169488,0.014096916299559448,0.01585903083700435,0.023788546255506526,0.016740088105726914
2291,2025-12-12,000002.XSHE,5.02,-0.021442495126705714,0.7463724602377158,0.2785255852812828,-1.5892055957535596,-0.4501809035056245,-1.0177434253253994,0.47109092213611087,-0.8088979884617784,-0.42901884292138076,-0.6194239449440208,-1.260111239106115,-1.0330965513213628,-0.029880478087649265,-0.01195219123505964,-0.02390438247011939,-0.04980079681274896
2292,2025-12-12,000063.XSHE,36.019999999999996,0.02303523035230356,-0.6710707876914773,-0.08675387082531759,1.009495378434651,0.9865666608740281,0.6699718026011424,-1.0242573509928328,0.9918289823188591,1.240254473172719,0.9256870090366099,0.25581205605913615,0.6947386937594103,0.0,0.0,0.0,0.0
2293,2025-12-12,000100.XSHE,4.5,0.013513513513513424,0.3920116482554174,-0.08675387082531759,-0.5897052210657863,-0.9290967582988421,-0.6597432254621937,-0.9343115902031218,-0.8088979884617784,-0.655228778279927,-0.1779636723781263,-0.48530599935498664,-0.4866512458056338,0.0022222222222221255,0.03777777777777769,0.020000000000000018,-0.013333333333333197
2294,2025-12-12,000157.XSHE,8.47,0.0168067226890757,-0.13952956971802993,-0.2693935988786178,-0.5897052210657863,-0.03512049601816933,-0.14831436851475674,0.954549386380807,0.22008885198430012,-0.42901884292138076,-0.4814676097671788,0.22212487172213055,-0.8235439457820363,-0.011806375442739214,-0.025974025974026094,-0.030696576151121535,-0.011806375442739214
2295,2025-12-12,000166.XSHE,5.2,0.007751937984496131,0.5691920542465665,1.146064293534459,0.20989507868443236,-0.8013858636873173,-1.3757436251886053,-1.9237149588899418,-0.5802342461404276,-0.42901884292138076,-0.39869380866107357,-0.3505572620069643,0.12281131461989944,0.0038461538461538325,0.013461538461538414,0.009615384615384581,0.023076923076922995
2296,2025-12-12,000301.XSHE,9.29,0.010881392818280702,-0.4274477294536473,-0.5433531909585682,-0.18990507119067696,0.9865666608740281,-0.7620289968516811,1.0894680275653732,0.6774163366270016,-0.7020308338713503,-0.06759860423665268,0.7274326367772143,-0.821988554957485,0.05597416576964487,0.08503767491926806,0.08396124865446719,0.15392895586652333
2297,2025-12-12,000333.XSHE,36.019999999999996,-0.00037807183364840753,1.5436842871978866,1.7396434097076845,0.20989507868443236,-0.29054228524121867,-0.35288591129373154,0.7746578648013851,-1.1518936019438044,-1.6770736586926702,-1.7092789928410728,-0.48530599935498664,1.7311939331169488,0.0,0.0,0.0,0.0
2298,2025-12-12,000338.XSHE,17.98,0.019852524106636498,0.5691920542465665,0.461165313334583,-0.38980514612823164,-1.3122294421334162,1.283686430938067,-0.12479974309572381,-0.5802342461404276,0.9438414544270377,-0.34351127459033676,-0.9906137644100703,-0.3494848828289453,-0.007230255839821953,-0.02280311457174644,-0.025583982202447175,-0.02391546162402669
2299,2025-12-12,000408.XSHE,36.019999999999996,-0.0030743432084963506,-0.4938903817003282,-0.8173127830385183,-0.18990507119067696,-0.03512049601816933,1.0791148881590922,0.055091778483697985,-0.008574890337050676,1.0686469360041666,1.146417145319557,0.08948158339517108,0.057642346499711214,0.0,0.0,0.0,0.0
2300,2025-12-15,000001.XSHE,11.51,0.014991181657848318,-2.4762697976811143,-2.355657070671388,0.5760937926857175,1.6488280741606887,-0.46806345290238166,1.7176178736937817,2.2375355852708476,2.255504156896213,1.560172344560788,1.0227007425636028,1.7311939331169488,-0.0026064291920069316,0.011294526498696777,0.0008688097306690512,0.004344048653345034
2301,2025-12-15,000002.XSHE,4.87,-0.006122448979591887,0.7712971500973962,0.8122955416108235,-0.9584791921976349,-1.949591501369153,1.092148056772224,-1.7895599835867153,-1.3150177127264011,0.6016056000520604,-1.4956134889237898,-2.1005679152239978,-1.0574825228268534,0.02053388090349073,0.0,0.012320328542094305,-0.026694045174537995
2302,2025-12-15,000063.XSHE,36.019999999999996,-0.013390465988216388,0.7712971500973962,0.1624591083221647,-0.5308113111645695,-0.016112326457596342,0.052007050322486904,-0.23081426923982767,-0.6560763751946532,-1.114314152673748,0.053799046364165104,0.026875953124078082,0.6334143653085997,-0.006940588561909822,0.0,0.0,0.0
2303,2025-12-15,000100.XSHE,4.51,0.006696428571428428,0.3073590147004661,0.3249182166443294,0.6767215293993799,0.19871869297702108,0.44205992774113834,0.008992763736616574,0.06016420907898566,-0.15298561650808423,0.5702698914601501,0.20793500574944623,-0.4836234540284095,0.011086474501108556,0.017738359201773912,-0.0044345898004433115,-0.0044345898004433115
2304,2025-12-15,000157.XSHE,8.37,-0.008293838862559275,-0.6205172560933938,-0.24368866248324705,1.0792324762540297,0.8432117512808733,-0.46806345290238166,-0.4706213022162719,0.8623536634654613,-0.05995382268560065,-0.1613971390924953,0.9774359794072608,-0.8353740181636055,-0.02389486260453999,-0.021505376344086002,-0.021505376344086002,-0.010752688172043001
2305,2025-12-15,000166.XSHE,5.22,0.009671179883945807,0.07538994700200112,-0.08122955416108235,-1.335833204873869,-0.23094334589221374,-1.2481692077396844,0.6085103461777271,-0.39822976485614325,-1.0522929567920922,0.053799046364165104,0.2984645320621303,0.13035251727193767,-0.007662835249042099,0.005747126436781658,0.003831417624521105,0.015325670498084198
2306,2025-12-15,000301.XSHE,9.81,0.05939524838012967,0.6553126162481637,0.6498364332886588,-0.9333222580192193,-0.016112326457596342,0.9621304309660069,1.0881244121306157,-0.7420252453074899,0.11577289897909056,-0.6348287470971482,-0.6068307310647104,-0.7644904611641443,0.025484199796126372,0.0183486238532109,0.04994903160040787,0.12028542303771661
2307,2025-12-15,000333.XSHE,36.019999999999996,0.009035010666332022,0.7712971500973962,1.3809024207384,1.4817434231086797,-0.8754364041960659,1.6122185599970926,-0.9502353681691604,-0.5128282583399254,0.6016056000520604,-1.5171331074694558,-0.9689488363154467,1.7311939331169488,0.0,0.0,0.0,0.0
2308,2025-12-15,000338.XSHE,17.85,0.0056338028169014885,-0.3885481883949289,-0.4873773249664941,-0.7320667845918943,0.8432117512808733,-0.728098704514816,0.24879979671306082,0.28936119604655014,-0.8042081732654693,0.6563483656428143,1.0679655057199449,-0.36032827925393335,-0.02128851540616261,-0.036974789915966366,-0.005042016806722671,-0.029131652661064544
2309,2025-12-15,000408.XSHE,36.019999999999996,0.017074558907228272,0.13338221392661737,-0.1624591083221647,0.6767215293993799,-0.4457743653268312,-1.2481692077396844,-0.23081426923982767,0.17476270256276788,-0.3907335340544312,0.9145837881908068,0.07496976397769149,0.06132050447046306,0.0,0.0,0.0,0.0
2310,2025-12-16,000001.XSHE,11.48,-0.0008703220191470659,-1.647567058360978,-1.6586429119690342,1.1557610848791433,1.5326818787709822,0.41145917542602767,1.8076438202052687,1.6686907624131406,1.2111197877854427,1.5278893241237625,2.1598455029484374,1.7311939331169488,0.00435540069686402,0.012195121951219301,0.006968641114982521,0.0
2311,2025-12-16,000002.XSHE,4.97,0.018442622950819644,0.8420898298289443,0.776062279912117,0.37029238641758966,-0.20803715252016103,0.7772006646936078,-0.21936077080832003,-0.2862607584056015,0.21738047473072047,-0.8951950665570945,-1.5529069173563967,-1.0412252084898599,-0.002012072434607548,-0.014084507042253391,-0.03621730382293753,-0.07042253521126751
2312,2025-12-16,000063.XSHE,35.77,-0.024809160305343417,-0.3295134116721956,-0.03550611738160008,-1.024315302687618,-0.46277652295301125,-0.3200238031091326,-1.0801435423346386,-0.6819057090474898,-0.21738047473072047,-0.08750026966347545,-0.25103269205470186,0.5613075442903895,0.006989097008666345,0.006989097008666345,0.006989097008666345,0.006989097008666345
2313,2025-12-16,000100.XSHE,4.56,0.008849557522123902,-0.3295134116721956,-0.6441824153518878,1.0275212973752161,0.7260072057336232,1.234377526278083,0.36375013893531505,0.6446685372223708,0.6920684501631101,0.0471155298187944,0.13470781914580035,-0.46848382586912696,0.02412280701754388,0.006578947368421018,-0.015350877192982337,-0.004385964912280604
2314,2025-12-16,000157.XSHE,8.17,-0.021556886227544876,0.4320286953035453,0.06593993228011454,0.2580825723516534,-0.8024290168634781,0.04571768615844752,-0.4137310740561984,0.17920388940838466,0.14639909522681174,1.0903879758063857,-0.49212051155501574,-0.859034330245034,0.009791921664626724,0.004895960832313362,0.008567931456548328,0.022031823745410017
2315,2025-12-16,000166.XSHE,5.18,-0.005758157389635365,-0.8567348703477086,-0.6441824153518878,0.12984278484772624,0.38635471182315617,0.2285884307922376,-1.2467466594042484,0.6446685372223708,0.6432687517541729,0.4509629282656039,0.03827269134567479,0.1152701119678612,0.01737451737451745,0.013513513513513598,0.005791505791505891,0.01930501930501949
2316,2025-12-16,000301.XSHE,10.06,0.018218623481781347,1.4571815316170427,1.638353702036691,-2.050233602719035,-1.481734004684412,-2.2401666217639282,-0.8580060529084919,-2.055026420098749,-2.3157675063150225,-1.8375056629329833,-0.7332083310553297,-0.7368471371874445,0.001988071570576455,0.0009940357852882276,0.027833001988071482,0.13021868787276336
2317,2025-12-16,000333.XSHE,36.019999999999996,-0.003613707165109112,1.3693112885044572,1.3340155530515474,0.8992815098712891,-1.142081510773945,-0.5028945477429226,0.030543904796095013,-0.6586324766567905,-0.8473402178279105,-0.861541116686527,-0.5403380754550785,1.7311939331169488,0.0,0.0,0.0,0.0
2318,2025-12-16,000338.XSHE,17.47,-0.019090398652442442,-0.44667373582230957,-0.4412903160284586,-0.5113561526719095,0.21652846486792268,-0.5943299200598177,1.3633688413529752,0.2722968189711819,-0.17301711254077753,-0.020192369922340525,0.6651010220464909,-0.39202455417115634,0.005724098454493509,0.0028620492272466436,0.012593016599885765,-0.006296508299942771
2319,2025-12-16,000408.XSHE,36.019999999999996,-0.0004196978175713645,-0.4906088573786023,-0.39056729119760125,-0.2548765776640552,1.2354859465993238,0.9600714093273979,0.25268139422224173,0.2722968189711819,0.6432687517541729,0.5855787277478738,0.5716794919901192,0.06053226800591268,0.0,0.0,0.0,0.0
2320,2025-12-17,000001.XSHE,11.53,0.0052310374891018935,-1.4227225296996906,0.2953855104752521,2.209723777505469,1.9855682002622952,2.119722512361409,0.9318993089700932,2.028192496180424,1.8213051524696786,1.605895168463468,2.100496565902655,1.7311939331169488,0.009540329575021822,-0.0008673026886383273,0.0008673026886383273,-0.010407632263659927
2321,2025-12-17,000002.XSHE,4.96,0.008130081300813016,0.835567199982358,-0.7471515853197552,-1.0715365881639047,-1.4758299632478638,-1.4200082849799731,-0.2000249764677905,-1.1054954807507031,-0.9408637991431041,-0.8358167835862494,-1.2094310860164297,-1.042851040314533,-0.01814516129032251,-0.006048387096774244,-0.040322580645161366,-0.06249999999999989
2322,2025-12-17,000063.XSHE,36.019999999999996,0.03211393465512422,-0.5194066378268711,-0.052126854789750376,0.9023466005590778,0.8317688124255754,0.8026133784669414,-1.1148678920956692,0.6876704171598863,0.6745117930947288,1.213172267084842,0.9542012751947471,0.6415010255862874,0.0,0.0,0.0,0.0
2323,2025-12-17,000100.XSHE,4.67,0.026373626373626398,-0.2935776648586663,-0.3996392200547528,-0.22558665013976945,-0.13260082516929464,-0.720294057598537,-0.9908213950613804,0.008704688824808687,-0.23182489415321567,-0.08452079834018252,-0.2494087800485566,-0.43517677777333735,-0.017130620985010725,-0.03854389721627405,-0.02997858672376863,-0.027837259100642386
2324,2025-12-17,000157.XSHE,8.25,0.00855745721271397,-0.12420593513251268,-1.0077858592685072,-0.8408229687027768,-0.7525527350517112,-0.679134397164335,0.8698760604529489,-0.3394828641675388,0.04562511214717547,-0.6821426047859176,-0.9228572633394526,-0.8495701384851465,-0.0072727272727273196,-0.0072727272727273196,0.0,0.021818181818181737
2325,2025-12-17,000166.XSHE,5.27,0.015414258188824505,-0.7452356107950759,-0.4865173113710034,0.28711028199607014,0.6251181757981032,0.5556554158617286,0.9939225574872376,0.8443548160064426,1.032114023437455,0.9399737269953632,0.49568315891158377,0.14920560756117826,-0.003795066413662118,-0.005692599620493288,0.0,0.0
2326,2025-12-17,000301.XSHE,10.08,0.005988023952095858,-0.06774869189046147,-0.6602734940035047,-0.9433623551299448,-0.47701855288174827,-0.6379747367301328,0.6217830663843716,-0.6180329065614167,-0.07152044606854524,-0.4943186084744008,-0.7079268963317199,-0.7346356913475034,-0.008928571428571397,0.02182539682539697,0.03571428571428559,0.08035714285714302
2327,2025-12-17,000333.XSHE,36.019999999999996,0.00953456279011423,2.134083794549536,2.467337793381517,-0.02050787728543358,-0.545902098424239,0.06173949065130318,0.3736900723157944,-1.1751329913491728,-1.730054928175328,-1.5273505881877427,-0.306723544583952,1.7311939331169488,0.0,0.0,0.0,0.0
2328,2025-12-17,000338.XSHE,17.57,0.002281802624072969,0.7226527134982556,0.6428978757402546,-0.5844745026348571,-0.6147856439667297,-0.3086974532565159,-1.8591468743014008,-0.6876704171598863,-0.44761934349796434,-0.46016879096321595,-0.5503112938593825,-0.38368340277426244,-0.021627774615822326,0.01081388730791133,-0.0011383039271485318,-0.021058622652248227
2329,2025-12-17,000408.XSHE,36.019999999999996,0.03312831982107898,-0.5194066378268711,-0.052126854789750376,0.28711028199607014,0.5562346302556126,0.22637813238811166,0.3736900723157944,0.3568922418171562,-0.15167267011088045,0.3252770117940358,0.3962778641705073,0.1262133974120251,0.0,0.0,0.0,0.0
2330,2025-12-18,000001.XSHE,11.64,0.011294526498696854,-2.108989779445979,-2.1853071295479127,0.290752541654853,2.1529375476854073,1.4003568096018342,1.7565333053116412,1.868765560951671,2.154463459466721,1.6772716551602476,0.5033119834195445,1.7311939331169488,-0.001718213058419349,-0.0068728522336769515,-0.0068728522336769515,
2331,2025-12-18,000002.XSHE,4.87,-0.006122448979591887,0.44349406859756596,0.7225612283182613,-0.8678854062930573,-0.3157641736605264,-0.8886879753242408,0.258313721369359,-0.994864624918789,-0.8446808886761857,-0.6830679874959644,-0.5761775252550817,-1.0574825228268534,0.006160164271047375,-0.01642710472279263,-0.01642710472279263,
2332,2025-12-18,000063.XSHE,36.019999999999996,0.0005479452054795377,-0.5774994706198521,-0.3348454472694382,-0.4962468192154257,0.20094083778397137,-1.0233376685551865,-0.4649646984648462,0.3628910666577221,-0.3643491766689234,1.0335426617085535,1.5108355248491956,0.6118497148103798,0.0,0.0,0.0,
2333,2025-12-18,000100.XSHE,4.59,-0.01077586206896548,-0.06700270101114304,-0.3348454472694382,0.5530856619449458,-0.028705833969138766,0.8617580366780517,0.4649646984648462,0.387577533777295,0.36786379895190335,0.3182882245400043,0.35938004892959435,-0.45940011590087354,0.0,-0.02178649237472763,-0.02614379084967322,
2334,2025-12-18,000157.XSHE,8.19,-0.0036496350364964886,1.0816150306084522,1.2953231775949319,1.2526406493851934,-0.7176458492284692,0.8617580366780517,-0.258313721369359,-0.5011352825273305,-0.0011715407609933187,-0.7545934312128193,-1.4397691321947828,-0.856668282305062,0.0024420024420026554,0.006105006105006083,0.004884004884005089,
2335,2025-12-18,000166.XSHE,5.25,-0.00943396226415091,0.6987424534019204,0.2819751134900532,-1.0209130597956115,-0.7176458492284692,-0.21543950916951288,-1.2399058625729231,-0.5998811510056222,0.27999824187740413,0.17523733710629455,-0.6481434925000569,0.14166440490914003,0.0,-0.007619047619047636,0.00952380952380949,
2336,2025-12-18,000301.XSHE,9.99,-0.0039880358923229465,-0.9603720478263839,-0.46702128171790064,1.9521956368254412,1.1195275247964118,0.457808956985215,0.8782666526558206,1.078798613125337,0.4264408370015695,0.03218644967258472,1.6547674593391457,-0.7445872812863836,0.00800800800800805,0.03503503503503502,0.041041041041041115,
2337,2025-12-18,000333.XSHE,36.019999999999996,-0.0054814999377102,1.0816150306084522,1.1631473431464694,-0.8460243129355496,-1.1769391927346893,-1.2926370550170776,0.774941164108077,-1.4885939673102477,-1.5944669757119123,-1.7917123651072155,-0.6481434925000569,1.7311939331169488,0.0,0.0,0.0,
2338,2025-12-18,000338.XSHE,17.19,-0.008078476630121005,0.5073061647986546,0.1938578905244116,-0.6711355660754876,-0.7176458492284692,-1.0233376685551865,-0.8782666526558206,-0.4023894140490388,-0.704095997356987,-0.6115425437791095,-0.5761775252550817,-0.4153795103731952,0.019197207678882888,0.02908667830133793,0.00698080279232105,
2339,2025-12-18,000408.XSHE,36.019999999999996,0.003818355379790006,-0.09890874911168736,-0.3348454472694382,-0.14646932549530187,0.20094083778397137,0.8617580366780517,-1.291568606846795,0.2888316652990033,0.27999824187740413,0.6043899994074239,-0.1398838488324203,0.11833170203968106,0.0,0.0,0.0,
2340,2025-12-19,000001.XSHE,11.62,-0.0008598452278591197,-1.9340220703248259,-1.8810211664887555,0.19952312542721434,0.7526762942851744,-0.13533452053231126,1.1831524640408415,1.5087613619768987,1.8118793753643179,0.8192500393360188,-0.393081599909938,1.7311939331169488,-0.008605851979345935,-0.0068846815834767705,-0.0068846815834767705,
2341,2025-12-19,000002.XSHE,4.9,0.010309278350515611,0.4443869481976137,0.18441383985183876,1.307984933356183,1.5220787284433526,0.9924531505702825,1.0294962998796933,0.9386491064390693,0.6067494444060649,0.3801878988879698,-0.08628620485827908,-1.0526053619894133,0.006122448979591688,-0.028571428571428692,-0.026530612244898166,
2342,2025-12-19,000063.XSHE,36.019999999999996,0.007344940152339585,-0.8074072720773545,-1.2908968789628714,0.8646002101845957,0.9533899727612208,0.09022301368820747,-0.6607215058929377,0.9182879544555754,0.6318563179676951,1.8969480204357756,2.0612815605033337,0.6462182301384145,0.0,0.0,0.0,
2343,2025-12-19,000100.XSHE,4.59,0.0,-0.5570484280223609,0.036882767970367755,-0.02216923615857943,-0.11708297911102712,-0.36089205475283,0.34502793225276,-0.038686188768638406,-0.3180203984473168,-0.33827742184520143,0.46594550623470704,-0.45940011590087354,-0.02178649237472763,-0.013071895424836555,-0.03267973856209139,
2344,2025-12-19,000157.XSHE,8.21,0.001219512195122142,0.13143839312887168,0.7007725914369873,-0.9089386825017545,-0.3847012170790891,0.09022301368820747,0.6802777449679926,-0.7716876601744193,-0.7322838122142162,-0.9569558924765433,-0.08628620485827908,-0.8543022343650901,-0.0024360535931792215,0.004872107186357999,0.019488428745432218,
2345,2025-12-19,000166.XSHE,5.25,0.0019083969465648447,0.6947457922526074,0.14753107188147102,0.2734205792891456,-0.7861285740311821,0.541338082129245,-1.945845787967996,-0.364464620504541,-0.06276718390407568,0.3003584188065063,-1.1293905480339195,0.14166440490914003,-0.0019047619047618536,0.003809523809523707,0.01333333333333342,
2346,2025-12-19,000301.XSHE,10.07,0.0049900199600799115,-0.40057415048798983,-0.036882767970367755,1.4557798410800455,1.0871990917452519,1.3307894519010606,0.6802777449679926,0.5314260667691911,0.3933410191322076,-0.09878898160081102,1.0795362963380248,-0.735741330608329,0.022840119165839168,0.036742800397219444,0.06454816285998022,
2347,2025-12-19,000333.XSHE,36.019999999999996,-0.0050093926111457925,1.7900657349932045,1.7703728625776523,-1.2045284979494795,-1.187555930983275,-1.939794794296461,-0.21372175560596093,-1.9119121712500784,-1.9374137431724692,-1.8450588583828245,-0.8839542319925924,1.7311939331169488,0.0,0.0,0.0,
2348,2025-12-19,000338.XSHE,17.52,0.020384391380314375,0.1940281041426201,0.3319449117333098,-0.761143774777892,-0.652319455047151,0.6541168492395043,0.009778119537527458,-0.364464620504541,0.20503946741998055,-0.21853320172300622,-1.0680314690235877,-0.3878539784727093,0.013698630136986356,0.001712328767123461,0.001712328767123461,
2349,2025-12-19,000408.XSHE,36.019999999999996,0.06402604449267497,0.4443869481976137,0.036882767970367755,-1.2045284979494795,-1.187555930983275,-1.263122191634905,-1.1077212561799146,-0.44590922843851666,-0.5983804865521881,0.06086997856211591,0.04026689560053024,0.24732958609483485,0.0,0.0,0.0,
2350,2025-12-22,000001.XSHE,11.52,-0.007751937984496112,-2.3160877309553234,-2.3739393792825614,-0.5543728115087403,1.3189063217300674,-0.5324968830764576,1.2877672956644173,1.8251471296882356,1.7894636346133492,1.1430496164958734,-1.6532424024783205,1.7311939331169488,0.003472222222222321,0.003472222222222321,0.003472222222222321,
2351,2025-12-22,000002.XSHE,4.93,0.010245901639344227,0.3910277987327169,0.39789191102852717,1.3689614325011747,0.589862626301387,0.3437638105936627,1.0025718128085837,-0.026804563987410702,0.1764259921449781,-0.48599971817758036,-1.5643882592480445,-1.047728201151973,-0.028397565922920864,-0.028397565922920864,-0.03853955375253537,
2352,2025-12-22,000063.XSHE,36.019999999999996,0.007006197790352951,-0.51134404449663,-0.1385915645155545,0.5015754008888601,0.9212461242235145,1.8940711917023372,-0.2479006889439167,0.923539068293513,1.1543300628914281,1.5774627724087944,0.6569653215088523,0.6691307967814911,0.0,0.0,0.0,
2353,2025-12-22,000100.XSHE,4.49,-0.01965065502183403,-0.21055343008684765,-0.1385915645155545,0.5015754008888601,0.9212461242235145,1.220024504263783,0.892881242479417,0.16813771955739415,0.17138524951226444,-0.3773964291993501,0.3015487485877488,-0.48967920490114836,0.0,-0.0044543429844099425,0.0,
2354,2025-12-22,000157.XSHE,8.19,-0.0072727272727273334,-0.06015812288195651,0.040236260665806066,0.5015754008888601,0.39103252754811046,0.27635914184980725,0.9806336987427504,0.07066657778499172,-0.3881371827189518,-1.0290161630687316,1.1012360376602317,-0.856668282305062,0.006105006105006083,0.004884004884005089,0.01098901098901095,
2355,2025-12-22,000166.XSHE,5.24,0.0,0.4662254523351625,0.44259886732386733,1.4066738686582319,-0.4042878674649955,-0.8021155580518793,-1.169301479708917,-0.026804563987410702,0.1764259921449781,0.7086364605829525,0.3015487485877488,0.1378937199239759,-0.005725190839694694,0.011450381679389166,0.011450381679389166,
2356,2025-12-22,000301.XSHE,10.3,0.01577909270216964,-0.36094873729173876,-0.5409541711736158,-0.7052225561369689,-0.6693946658026976,-1.3413529080027224,0.10310913610941677,0.07066657778499172,-0.504074263271366,-0.05158656226465933,1.3677984673510593,-0.7103096197898604,0.003883495145631022,0.009708737864077666,0.06699029126213585,
2357,2025-12-22,000333.XSHE,36.019999999999996,-0.0017654476670870185,1.4437949491669548,1.5155658184120306,-0.4035230668805117,-1.7298218591535057,-0.8021155580518793,-0.7744154265239169,-2.0736985412078615,-1.9205229430639044,-1.7620883636717861,-0.053867824333354686,1.7311939331169488,0.0,0.0,0.0,
2358,2025-12-22,000338.XSHE,17.76,0.009664582148948364,0.7670160667449447,0.5767197362098878,-1.3086215346498835,-0.13918106912729353,-0.5324968830764576,-0.5989105139972501,-0.6116314146218252,-0.5091150059040797,-0.10588820675377446,-0.14272196756363056,-0.367835348974796,-0.0039414414414414845,-0.02533783783783805,-0.02421171171171188,
2359,2025-12-22,000408.XSHE,36.019999999999996,0.0011473737888832664,0.3910277987327169,0.21906408584716663,-1.3086215346498835,-1.1996082624781017,0.27635914184980725,-1.4764350766305838,-0.319217989304618,-0.14618153634869613,0.3828265936482617,-0.3148768700722901,0.24969412817019596,0.0,0.0,0.0,
2360,2025-12-23,000001.XSHE,11.56,0.0034722222222223027,-2.504872377460771,-2.486898010770051,1.7257770195945894,2.352558779115332,0.4122468097445437,0.9564818379684626,2.3906455199230545,1.1699649446936333,2.417203198196864,1.940279698661717,1.7311939331169488,-0.0017301038062285112,-0.0017301038062285112,-0.00692041522491349,
2361,2025-12-23,000002.XSHE,4.79,-0.018442622950819644,0.445981293443484,0.4525874428605909,0.9859124947434693,0.7333887691978971,2.0092389556017847,1.1066221080096803,0.7484583728160685,2.263603062420885,-0.2629238566459747,-1.8866447723632607,-1.07048850815108,-0.006263048016701522,-0.0041753653444677186,-0.035490605427974886,
2362,2025-12-23,000063.XSHE,36.019999999999996,-0.003483386923901462,0.17772186881582447,0.07931944874876333,0.2116356664109018,-0.6952906513174868,-0.4790976437571723,-1.4987531662349778,0.21158949780032316,-0.14012238383380418,0.5512919574834954,-0.14713364917008911,0.6570005553875246,0.0,0.0,0.0,
2363,2025-12-23,000100.XSHE,4.49,0.0,0.445981293443484,-0.10731454830715045,-1.4401549006985759,-0.6952906513174868,-0.9990485749665067,-0.2976310059052373,-0.7674066860519183,-0.9774390677187316,-0.3986264923342197,-0.06982204369483705,-0.48967920490114836,0.008908685968819663,-0.011135857461024412,0.011135857461024523,
2364,2025-12-23,000157.XSHE,8.24,0.004878048780487918,0.5801110057573138,0.9191724355003753,0.2116356664109018,-0.6952906513174868,0.11513199191063837,-1.0748276978833047,-0.8937287742909172,-0.10594619265482756,-0.703957422632771,-0.6496590847592275,-0.8507532461142775,0.0012135922330096527,0.01577669902912615,0.013349514563106624,
2365,2025-12-23,000166.XSHE,5.21,-0.005725190839694703,0.17772186881582447,-0.06065604904317201,-0.06366276144067778,-0.12381888311133325,-1.518999506175841,-0.22697676117995835,-0.5147625095739206,-0.6527652515184537,0.008481414730515313,0.16211277273091917,0.12658199960506358,0.011516314779270509,0.021113243761996303,0.01343570057581589,
2366,2025-12-23,000301.XSHE,10.34,0.0029097963142579396,0.5801110057573138,0.49924594212456935,0.7622325221140609,0.44765288509482026,0.4122468097445437,0.30293007425963314,0.11684793162107399,0.08202285882954391,-0.1272212209577297,0.007489561780415031,-0.705886560791688,0.009671179883945724,0.03675048355899424,0.099613152804642,
2367,2025-12-23,000333.XSHE,36.019999999999996,0.003401360544217816,0.5130461496003988,0.9191724355003753,-0.47661040321804715,0.06667170629071793,0.8579190364954017,1.6100336016772923,-0.6410845978129195,-0.1970827024654319,-1.4333590894570878,-0.14713364917008911,1.7311939331169488,0.0,0.0,0.0,
2368,2025-12-23,000338.XSHE,17.69,0.005113636363636355,0.5801110057573138,0.4525874428605909,-1.302505686772786,-1.0762718301215892,-0.4790976437571723,-0.7922107189821893,-0.7674066860519183,-0.7894700162343601,-0.19507253880185219,-0.26310105738296724,-0.37367408802530566,-0.007914075749010818,-0.007914075749010818,-0.01865460712266831,
2369,2025-12-23,000408.XSHE,36.019999999999996,-0.0020364006618301717,-0.995913113930186,-0.6672165394748918,-0.614259617143837,-0.3143094725133844,-0.3305402348402196,-0.08566827172940061,0.11684793162107399,-0.6527652515184537,0.1441840504187603,1.0536122233674197,0.24654134963028446,0.0,0.0,0.0,
2370,2025-12-24,000001.XSHE,11.54,-0.0008658008658010011,-1.9397934515850617,-1.3312058837306067,1.8992056114155216,2.3892745956723305,0.5774281639327081,1.3610316256700312,2.1923127298043137,1.8113716146591392,0.965732140449884,1.9948961035399237,1.7311939331169488,0.0017331022530331364,0.0017331022530331364,-0.011265164644713943,
2371,2025-12-24,000002.XSHE,4.76,0.0,0.49880403040758725,1.5673875727795852,1.0085768709545038,0.5194075207983327,2.1606989360062627,0.20213340975297495,-0.3304867291189472,0.35040396074376545,-1.3288980155301957,-1.6895150981676248,-1.07536566898852,0.006302521008403339,-0.004201680672268782,-0.02310924369747891,
2372,2025-12-24,000063.XSHE,36.019999999999996,0.03153638814016177,-0.831340050679312,-1.0091399441183633,0.16609022457246003,0.2077630083193331,0.20489386462128348,0.01347556065019833,0.8552290165749854,0.5900939664642565,0.7669846466248377,0.8612311183991395,0.729781167159873,0.0,0.0,0.0,
2373,2025-12-24,000100.XSHE,4.53,0.011160714285714244,-0.831340050679312,-0.7944293177102009,-0.6041832806911228,-0.2077630083193331,-0.726441883657278,0.5524979866581315,0.47680909773649627,-0.24882105355746206,0.40562556694293533,0.5211316228569042,-0.4775675358373804,-0.013245033112582849,-0.008830022075055233,0.002207505518763808,
2374,2025-12-24,000157.XSHE,8.25,0.0024301336573511025,0.16626801013586243,-0.042942125281632514,-1.759593538586497,-0.4155260166386662,-0.35390758434585345,-0.41774238015614823,-0.43139870747587766,-0.2887693878442106,0.08040239522922325,-0.2157506174846055,-0.8495701384851465,-0.002424242424242329,0.0036363636363636598,0.021818181818181737,
2375,2025-12-24,000166.XSHE,5.27,0.009578544061302648,1.163876070951037,0.27912381433061106,0.16609022457246003,-0.4155260166386662,-1.4715104822801273,-0.6872535931601148,-0.3304867291189472,-0.3800798662139214,0.6224410147520768,0.18103212731466894,0.1378937199239759,0.00569259962049351,0.00569259962049351,0.0,
2376,2025-12-24,000301.XSHE,10.44,0.01359223300970862,1.2747214110416119,0.6548674105448952,0.16609022457246003,-1.4543410582353316,-0.6333083088294219,-2.1426141433815347,-1.0368705776174603,-0.7396148747946579,-0.3893644083572498,-0.9526328578261152,-0.694829331591982,-0.003831417624520994,0.05268199233716486,0.0431034482758621,
2377,2025-12-24,000333.XSHE,36.019999999999996,-0.007931512023165171,0.6096493704981623,1.4063546029734635,-0.41161490437522713,-0.2077630083193331,-0.16764043469014114,1.0915204126660647,-1.0368705776174603,-1.7497370417595846,-2.042582197901953,-0.2724338667416447,1.7311939331169488,0.0,0.0,0.0,
2378,2025-12-24,000338.XSHE,17.55,-0.002840909090909131,0.27711335022643735,0.06441318792244867,-0.7967516570070186,-0.6232890249579993,-0.35390758434585345,0.4446935014565449,-0.7341346425466689,-0.42573510539877685,0.008130579292842789,-0.2157506174846055,-0.38535156612632515,-0.013675213675213738,-0.012535612535612639,-0.019943019943020057,
2379,2025-12-24,000408.XSHE,36.019999999999996,-0.013269303677492699,-0.3879586903170123,-0.7944293177102009,0.16609022457246003,0.2077630083193331,0.7636953135884204,-0.41774238015614823,0.3758971193795658,1.0808877877014524,0.9115282784975987,-0.21220791440604056,0.23760872807797004,0.0,0.0,0.0,
2380,2025-12-25,000001.XSHE,11.56,0.0017331022530330462,-2.0454976135411655,-2.434359089995836,0.0983320749937504,0.8860936259606547,0.10799806046041192,0.3097464960125832,1.6410775731263623,2.1960265747848635,1.2054541843567037,-1.273611173615213,1.7311939331169488,-0.0017301038062285112,-0.00692041522491349,,
2381,2025-12-25,000002.XSHE,4.79,0.0,-0.25007651074641213,0.23587025917692742,-0.6312284814114946,0.4197285596655732,1.1879786650645312,1.8322292730235852,-0.4216446999344997,-0.3673395156362383,-0.7035664907420353,0.8896349811452338,-1.07048850815108,-0.0041753653444677186,-0.035490605427974886,,
2382,2025-12-25,000063.XSHE,36.019999999999996,-0.006776127182694762,0.006412218224266954,-0.4761909006024761,-0.40918831207076783,0.046636506629508134,-0.20056782656933644,-1.2652356871022465,0.27604077477726235,0.28494560558698856,1.3901981206565817,0.5805998161794557,0.718999009229053,0.0,0.0,,
2383,2025-12-25,000100.XSHE,4.47,-0.011061946902654829,0.006412218224266954,0.947931418956331,-0.40918831207076783,-0.8860936259606547,-0.20056782656933644,-0.761241388505501,-0.9069911171252907,-0.8308052596632678,-0.8267291149419539,-0.1610845797384118,-0.4957351230921775,-0.006711409395973034,0.015659955257270708,,
2384,2025-12-25,000157.XSHE,8.23,-0.0024242424242423726,1.1606114985923228,0.6809084840390547,0.0983320749937504,-0.8860936259606547,-0.5091337135990848,0.24674720868799,-0.5429813042321974,-0.6419858824670706,-0.5804038665421166,-0.7173478766768124,-0.8519361864251184,0.017010935601457833,0.014580801944106936,,
2385,2025-12-25,000166.XSHE,5.3,0.0076045627376425924,0.006412218224266954,0.23587025917692742,0.0983320749937504,0.2331825331475407,-2.3605290357775752,-0.6772423387393768,-0.1789714913391042,-0.7335346714106813,0.2817345028573139,0.704213882165767,0.14920560756117826,0.0037735849056603765,-0.0037735849056602655,,
2386,2025-12-25,000301.XSHE,10.4,-0.0038314176245209915,0.006412218224266954,0.1913664366907147,1.113372849122787,0.4197285596655732,1.1879786650645312,0.24674720868799,0.6703847387447801,0.3249982007498183,0.03540925445747662,0.20975761822052194,-0.6992522232718644,0.030769230769230882,0.09326923076923066,,
2387,2025-12-25,000333.XSHE,36.019999999999996,0.0008914926133470121,0.840000587378974,0.8589237739839055,-1.4242290861998044,-0.699547599442622,0.4165639474901603,1.254735805881481,-1.1496643257206862,-0.9166322492979029,-1.6118908442164352,-0.779154909669968,1.7311939331169488,0.0,0.0,,
2388,2025-12-25,000338.XSHE,17.31,-0.006884681583476822,1.2888558630776625,0.41388554912177833,-0.6629485056030269,-1.4457317055147523,0.2622810039752861,-1.097237587569998,-0.9069911171252907,-0.41311391010804366,-0.3340786181422793,-1.2118041406220574,-0.4053701956242385,0.013864818024263537,0.0028885037550550052,,
2389,2025-12-25,000408.XSHE,36.019999999999996,0.007208134895095923,-1.0195426976584494,-0.654206190547327,2.128413623251823,1.9120967718098336,0.10799806046041192,-0.08924899037650702,1.5197409688286645,1.0974411074615342,1.1438728722567444,1.7587963826114847,0.24233781222869225,0.0,0.0,,
2390,2025-12-26,000001.XSHE,11.54,-0.0017301038062284904,-1.4736842202144884,-1.922559047943939,0.5410832508379366,1.1498511330185217,-0.7386446066426532,1.2989045201637437,2.2528569226330806,1.3987085841266311,1.4709550971789294,0.7878569817196406,1.7311939331169488,0.0017331022530331364,-0.011265164644713943,,
2391,2025-12-26,000002.XSHE,4.77,0.0,1.608531142325618,1.1831132602731933,-0.06012036120421512,-0.838613232351854,0.9659198702250078,-0.622551870611025,-0.615101638842868,1.0681423013197464,-1.2882054992346532,-2.193052800818799,-1.073739837163847,-0.0062893081761005165,-0.0251572327044024,,
2392,2025-12-26,000063.XSHE,36.019999999999996,-0.005510364733665727,-0.5104919194207052,-0.2957783150682983,-0.9189826641215748,1.1498511330185217,1.5341080291808948,1.1964268459890894,-0.04905718591998336,0.3863493430305465,0.4317907167114763,0.6868091924810494,0.7048470609360921,0.0,0.0,,
2393,2025-12-26,000100.XSHE,4.44,-0.0044843049327353305,-0.8957688397382184,-0.5915566301365967,0.4551970205462007,0.9769411882037065,0.20833565828382516,0.37660545259185474,0.5924598607259525,0.3553587540174011,0.1451246807204547,0.48471361400386703,-0.504818833060431,0.011261261261261257,0.022522522522522515,,
2394,2025-12-26,000157.XSHE,8.37,0.019488428745432197,0.16374269113494308,0.14788915753414916,-0.23189282178768705,-0.40633837031481584,0.018939605298529498,-0.8531266375039972,-0.46415645139676537,0.24172659430253443,0.1451246807204547,-0.6773359622399315,-0.8353740181636055,-0.010752688172043001,0.007168458781362075,,
2395,2025-12-26,000166.XSHE,5.32,0.005671077504725945,-1.088407299896975,-0.517612051369522,-0.5754377429546309,0.11239146412963,-1.4962288185838357,-0.8531266375039972,-0.011320889058457718,-0.5846891127146774,0.2884576987159655,0.3836658247652759,0.15674681021321613,-0.00375939849624074,-0.009398496240601628,,
2396,2025-12-26,000301.XSHE,10.72,0.029779058597502447,0.6453388415318346,0.6655012089036713,-1.9496174276224065,-1.6167079840185228,-1.1174367126132445,-0.8531266375039972,-1.6717179509655855,-2.0205864036570826,-1.431538517230164,-0.6268120676206359,-0.6638687551962257,0.025186567164179108,0.01585820895522394,,
2397,2025-12-26,000333.XSHE,36.019999999999996,0.003562794248632156,1.2232542220081046,1.1831132602731933,1.6576042446305044,-0.23342842550000056,1.1553159232103034,0.37660545259185474,-0.3132112639506628,-0.7499722541181196,-1.2702888719852146,-0.22262091066627118,1.7311939331169488,0.0,0.0,,
2398,2025-12-26,000338.XSHE,17.55,0.0191637630662022,0.16374269113494308,-0.7394457876707458,0.28342455996272875,-1.097978149574077,-0.5492485536573575,-1.2630373342026144,0.29056948583374737,0.489651306407698,0.9334562796957641,0.029998562430206755,-0.3789546532601201,-0.012535612535612639,-0.019943019943020057,,
2399,2025-12-26,000408.XSHE,36.019999999999996,0.052981795354676696,0.16374269113494308,0.887334945204895,0.7987419417131446,0.8040312433888911,0.018939605298529498,1.1964268459890894,-0.011320889058457718,-0.5846891127146774,0.5751237347069871,1.346777565945598,0.39261624032551634,0.0,0.0,,
2400,2025-12-29,000001.XSHE,11.56,0.0017331022530330462,-1.4597946669665862,1.812020166948242,2.134572725230077,2.193660233601045,2.2187361192416906,1.0182599125702083,2.0434185790457935,1.3691697751497038,1.9538945304257898,2.2223396776886126,1.7311939331169488,-0.00692041522491349,,,
2401,2025-12-29,000002.XSHE,4.74,-0.002105263157894692,0.08224195306854014,-1.9859008900392348,-1.5913721814131738,-1.3672999969037491,-1.165776605025295,0.9628192639729192,-1.3278245241270332,-0.6613188718282298,-1.088899106574216,-1.1733946891708782,-1.078617165319577,-0.025316455696202556,,,
2402,2025-12-29,000063.XSHE,36.019999999999996,-0.008203228367292995,-0.3289678122741602,0.5765518713017134,0.6738653805123551,0.8073322049312396,0.6309400263756973,-1.1069649503258705,0.5645241988803554,0.5372334545129116,0.9779041185578635,0.6632087232550723,0.6765434989867505,0.0,,,
2403,2025-12-29,000100.XSHE,4.49,0.008988764044943828,-0.3289678122741602,-0.5216421692729788,-0.14778250089136324,-0.443081311123879,0.08774662618469968,-0.29383543756563174,-0.05565731538257026,0.8544973056032138,-0.24686816300188724,-0.5259589538552553,-0.48967920490114836,0.011135857461024523,,,
2404,2025-12-29,000157.XSHE,8.28,-0.010752688172042994,0.9046614837539408,-0.6131583393208697,-0.6955477551605088,-0.8780077514908766,-0.8732878510762963,-0.5155980319547878,-0.755349280192025,-0.09729424766769264,-0.8401172368823915,-1.1205427924104192,-0.8460211502343337,0.008454106280193274,,,
2405,2025-12-29,000166.XSHE,5.3,-0.005628517823639822,-1.151387342959561,0.07321293603831279,0.30868854433292475,0.31803995951836705,0.04596251847769987,-0.5895188967511732,0.5804262889896612,0.4667303764928445,0.2889697101805037,0.3460973426923183,0.14920560756117826,-0.0037735849056602655,,,
2406,2025-12-29,000301.XSHE,10.99,0.029990627928772287,1.110266366425291,-0.06406131903352372,-0.33037091898107845,-0.38871550607800426,-0.7897196356622966,-0.44167716715840244,-0.1192656758197934,-0.4286587143620082,-0.3999646981968561,-0.49953300547502577,-0.6340139853795846,0.034576888080072754,,,
2407,2025-12-29,000333.XSHE,36.019999999999996,-0.004822947074501963,0.8018590424182658,0.30200336115804033,-0.14778250089136324,-0.06252067580275592,0.2966671647196988,1.997711371122314,-0.5009158384431323,-1.3381484208208745,-0.8783913706811337,0.08183785889002326,1.7311939331169488,0.0,,,
2408,2025-12-29,000338.XSHE,17.33,-0.01140901312036525,1.315871249096641,0.7595842113974954,-0.6955477551605088,-0.5518129212156284,-0.8315037433692964,-0.07207284317647569,-1.0733910823781407,-1.620160732901143,-0.6678836347880516,-0.40704218614422255,-0.39738526486691744,0.0017311021350261413,,,
2409,2025-12-29,000408.XSHE,36.019999999999996,-0.05638879200093022,-0.9457824602882107,-0.33860982917719673,0.4912769624226399,0.3724057645642418,0.38023538013369845,-0.9591232207330999,0.6440346494268844,0.9179500758212741,0.9013558509603791,0.4129880245297742,0.3201043417270306,0.0,,,
2410,2025-12-30,000001.XSHE,11.48,-0.004336513443191582,-1.2744062786558734,-2.1510780421897224,-1.3959935399881624,-1.098923043762745,-1.6913495421356528,-0.09476637916724376,0.11674448172164548,-0.05432366900232554,0.14619333775343318,-1.1532031522849555,1.7311939331169488,-0.0060975609756097615,,,
2411,2025-12-30,000002.XSHE,4.62,-0.021186440677966028,-0.2826504197797073,1.555288310697561,1.562882673161496,1.6181943721341523,1.6632773505649365,0.7344394385461396,1.0002162352908543,0.35957095196777383,0.9815838392016227,1.549413714784121,-1.0981258086693373,0.006493506493506551,,,
2412,2025-12-30,000063.XSHE,36.019999999999996,0.00026838432635547816,1.3041589544221583,-0.6616037134593189,-1.0554034722874825,-1.23477891455759,-1.1860500938627607,-1.3583181013971612,-1.0507003354948092,-0.7527708418893683,-0.18796286282584265,-1.125484004930401,0.6623917180120795,0.0,,,
2413,2025-12-30,000100.XSHE,4.54,0.01793721973094172,-1.07605510688064,-0.10738070742009886,0.17072077143496592,0.21435037392075523,0.38599263409734813,0.45803749930834514,0.49537523325130645,1.070952331760132,0.480349538332709,0.39906909957010367,-0.4745395767418658,0.0,,,
2414,2025-12-30,000157.XSHE,8.35,0.013349514563106726,-1.2744062786558734,0.4468422986191211,1.1924909745370063,1.2408169532595832,1.0597252317945376,1.6426172388988927,1.3788469868205155,1.3943075043930222,1.3157400397808985,1.3276605359476839,-0.8377400661035772,0.009580838323353325,,,
2415,2025-12-30,000166.XSHE,5.28,0.0,1.403334540309775,-0.24593645892990385,-0.8169904248970065,-0.8724965924380037,-0.40002872988270627,-0.8450002142412573,-1.2715682738871115,-0.05432366900232554,-0.35504096311548056,-0.9037308260939639,0.14166440490914003,-0.0018939393939395588,,,
2416,2025-12-30,000301.XSHE,11.37,0.041208791208791146,-0.08429924800447408,0.6546759258838285,0.6475468662159181,0.6973934700802037,0.610570166663078,0.5370094819477149,0.8740059847809674,0.9933470903282384,0.8145057389119849,0.6485414257610954,-0.5919961797841223,-0.04221635883905006,,,
2417,2025-12-30,000333.XSHE,36.019999999999996,0.008828045035823922,0.014876337883142526,0.4468422986191211,0.06854375112476188,0.09358959988089313,-0.007018047892679057,0.8528974125051944,-0.8929375223574505,-1.5029548423976733,-2.151130541229088,-0.07215640545732503,1.7311939331169488,0.0,,,
2418,2025-12-30,000338.XSHE,17.36,0.008715862870424088,0.5107542673212255,0.585398050128926,0.477251832365578,0.21435037392075523,-0.03509023946339528,-1.2003741361184215,0.49537523325130645,-1.3994811871551485,-0.6891971636947564,0.21889464176549858,-0.3948719768316784,-0.009216589861751112,,,
2419,2025-12-30,000408.XSHE,36.019999999999996,0.031007751937984367,0.7586932320402671,-0.5230479619495138,-0.8510494316670745,-0.8724965924380037,-0.40002872988270627,-0.7265422402822025,-1.1453580233772245,-0.05432366900232554,-0.35504096311548056,-0.8890050290618567,0.3547839017563175,0.0,,,
2420,2025-12-31,000001.XSHE,11.41,-0.006097560975609781,-1.7895906113767428,-0.9728157395307954,1.3742360023532838,2.2781120582775207,0.44206317119642996,1.9208830031899828,1.7771499172247762,0.6003309269181375,1.305630565642428,2.299732021209055,1.7311939331169488,,,,
2421,2025-12-31,000002.XSHE,4.65,-0.00214592274678107,1.8313709369341766,0.8083961779199569,-0.5153385008824815,-0.01969549329922927,-0.38680527479687643,-0.7090225323932358,-0.45530287135510794,0.04296372204249726,-0.667997033584498,-1.5625375839350593,-1.0932486478318972,,,,
2422,2025-12-31,000063.XSHE,36.019999999999996,0.010413885180240334,-0.3969130927956199,-1.6578972462426231,-0.08588975014708024,0.24291108402382783,1.2709316171897365,0.027351017570065413,1.1602879624855977,2.0285843894119653,1.8825370946472217,-0.3908378160823503,0.7008038144563932,,,,
2423,2025-12-31,000100.XSHE,4.54,0.0,0.16015791463682919,-0.8357994381884298,-1.116566751912043,-0.2823020706222864,-0.24866053379799202,0.5322928804020434,0.014687189398551868,-0.12540762109701906,-0.060727003053136185,-0.13046008989285948,-0.4745395767418658,,,,
2424,2025-12-31,000157.XSHE,8.43,0.003571428571428495,0.8564966739273906,1.082428780604688,-0.08588975014708024,-1.3327283799145149,0.44206317119642996,-0.6459047995392385,-1.2777854776740125,-0.514403482833143,-0.5769065290047938,-0.7814044053665867,-0.8282760416619799,,,,
2425,2025-12-31,000166.XSHE,5.27,-0.0037807183364840192,0.16015791463682919,0.8769043285911396,-0.7730077513237221,-0.01969549329922927,-0.6630947567946452,-1.7399455023418575,-0.6902979017319378,-0.8859816194169031,-0.667997033584498,-0.3908378160823503,0.1378937199239759,,,,
2426,2025-12-31,000301.XSHE,10.89,-0.0337178349600709,-0.9539841002280691,-0.15071793147660212,-0.4294487507354012,0.24291108402382783,0.8564973941930832,0.8689207889566953,0.13218470458696682,0.3042295993279536,-0.30363501526568093,-0.04366751449636253,-0.6450713818975806,,,,
2427,2025-12-31,000333.XSHE,36.019999999999996,-0.009128946367440076,0.6475950461402221,1.2879532326182364,-0.4294487507354012,0.24291108402382783,-2.044542166783489,0.3639789261247174,-1.2777854776740125,-1.8149269608763037,-1.3967210702221322,0.3035027870896253,1.7311939331169488,,,,
2428,2025-12-31,000338.XSHE,17.2,-0.014891179839633537,-0.3969130927956199,0.123314671208129,2.1472437536770057,-0.01969549329922927,0.9946421351919675,-0.30927689098458655,0.7196722805290415,0.1358582561884373,-0.18218100915940855,0.3468990747878738,-0.4082760123679972,,,,
2429,2025-12-31,000408.XSHE,36.019999999999996,0.007162801991016015,-0.11837758907939538,-0.5617668355036988,-0.08588975014708024,-1.3327283799145149,-0.6630947567946452,-0.30927689098458655,-0.10281032578986309,0.22875279033437734,0.667997033584498,0.3496113427690143,0.3681829177439342,,,,
