MedInc,HouseAge,AveRooms
3.2596,33.0,5.017656500802568
3.8125,49.0,4.473544973544974
4.1563,4.0,5.645833333333333
1.9425,36.0,4.002816901408451
3.5542,43.0,6.268421052631579
6.6227,20.0,6.282147315855181
2.5192,28.0,4.345360824742268
7.9892,37.0,6.052757793764988
1.5,5.0,3.620578778135048
6.4266,5.0,6.730284479654303
4.2167,52.0,5.742690058479532
2.2303,25.0,3.2417391304347825
2.875,13.0,6.490259740259741
2.0972,36.0,3.0126582278481013
2.8125,46.0,4.722033898305085
3.1667,36.0,5.054474708171206
2.8924,52.0,5.355353075170843
4.4063,20.0,5.900560224089636
4.233,34.0,4.99436090225564
1.4329,21.0,3.057761732851985
2.1935,31.0,4.794029850746269
8.5425,35.0,7.508403361344538
2.7171,22.0,6.041899441340783
1.575,43.0,3.987138263665595
2.2583,18.0,7.046728971962617
5.4171,52.0,6.764705882352941
0.8252,15.0,5.05
3.5039,46.0,3.75
3.8792,22.0,4.715254237288136
2.4881,29.0,6.101910828025478
2.7216,32.0,5.366594360086768
4.071,2.0,6.28139534883721
2.825,39.0,4.530898876404494
2.5119,37.0,3.9292929292929295
3.4421,31.0,4.725907384230288
3.5893,35.0,5.966911764705882
2.0119,17.0,5.388781431334623
3.1901,52.0,4.7309417040358746
5.0778,16.0,6.274356103023516
0.9702,28.0,2.5576470588235294
11.1978,32.0,7.270343580470163
3.94,31.0,5.090384615384616
4.0156,35.0,6.1953125
6.019,42.0,5.7024539877300615
3.6289,25.0,4.568831168831169
3.2369,17.0,4.465677179962894
2.8417,45.0,5.078726968174204
3.1957,29.0,4.355839416058394
3.1131,25.0,4.751798561151079
4.0524,52.0,5.291666666666667
2.4038,46.0,3.6126543209876543
4.475,43.0,5.635658914728682
3.0,31.0,5.2772277227722775
2.6678,34.0,5.076219512195122
3.2411,52.0,5.1488203266787655
8.7591,4.0,7.422045680238332
11.3421,4.0,8.115079365079366
1.2083,39.0,5.219512195121951
2.7917,49.0,5.128865979381444
2.9258,26.0,4.302005012531328
2.0529,43.0,3.845878136200717
3.3068,50.0,4.622291021671827
1.75,17.0,5.474358974358975
3.1964,18.0,9.789473684210526
5.6936,5.0,4.586206896551724
5.3369,40.0,5.709677419354839
3.3409,8.0,3.849744711889132
1.9779,49.0,4.971731448763251
1.1483,36.0,2.956451612903226
4.9886,8.0,7.050669772859639
5.3951,37.0,5.142011834319527
1.75,27.0,4.90625
1.2286,28.0,3.080808080808081
5.2415,12.0,5.1610337972167
2.774,22.0,5.114023591087811
1.7895,34.0,4.395904436860068
3.2301,23.0,4.79933110367893
2.3373,21.0,5.970642201834862
3.6635,36.0,5.580459770114943
4.7188,27.0,6.393548387096774
2.5763,28.0,3.4306451612903226
2.6914,52.0,4.846575342465753
5.0929,41.0,5.63265306122449
3.5129,25.0,5.725490196078432
5.7321,18.0,6.814953271028037
2.45,42.0,3.624521072796935
2.9705,23.0,4.615671641791045
2.9417,39.0,4.0817843866171
5.3962,23.0,6.897047086991221
4.9018,17.0,6.2
3.045,26.0,4.44364012409514
1.4853,45.0,5.285714285714286
6.6605,29.0,7.825396825396825
7.0285,45.0,6.440191387559809
4.4063,9.0,4.564426877470356
4.8125,34.0,5.873417721518988
1.685,44.0,4.168181818181818
1.975,52.0,2.8
5.0,20.0,6.46530612244898
6.4468,43.0,5.948198198198198
3.0185,17.0,4.205479452054795
2.6214,7.0,5.491089108910892
2.6493,17.0,3.13215859030837
3.5462,19.0,5.226640159045726
4.9643,37.0,7.1063829787234045
2.4559,28.0,4.681528662420382
3.2891,29.0,6.062962962962963
3.7466,29.0,5.446315789473684
5.7248,39.0,7.679775280898877
7.2494,6.0,7.60075329566855
4.9231,8.0,4.748936170212766
3.5719,19.0,4.387329591018444
3.5292,36.0,3.7252559726962455
2.7969,38.0,4.06701030927835
2.8438,21.0,4.714953271028038
3.2813,33.0,5.15268817204301
1.9194,27.0,5.029885057471264
6.0102,16.0,6.78827361563518
4.5625,34.0,5.764119601328904
1.2575,26.0,3.8875
5.0,42.0,5.224899598393574
8.2653,4.0,7.231265108783239
4.2891,52.0,5.099730458221024
3.5938,46.0,4.731543624161074
6.759,4.0,7.361419068736142
4.7813,21.0,5.741176470588235
1.6378,26.0,4.981927710843373
3.6373,52.0,6.841397849462366
4.3269,35.0,6.648809523809524
3.0521,38.0,4.936708860759493
3.3929,39.0,6.656626506024097
2.9167,34.0,4.588235294117647
6.235,44.0,5.92972972972973
2.1516,52.0,2.75
4.7891,22.0,6.025817555938038
5.0605,24.0,5.660714285714286
1.5064,42.0,4.3858615611192935
5.0762,11.0,5.91554054054054
1.119,9.0,3.569230769230769
4.0153,25.0,4.276595744680851
1.324,19.0,3.31056466302368
4.6528,32.0,5.657505285412262
7.732,18.0,7.26171875
5.0761,35.0,6.1072507552870094
4.0673,35.0,5.386885245901639
3.1406,20.0,5.48469387755102
2.0938,39.0,5.59433962264151
6.4232,41.0,5.3578947368421055
3.8465,17.0,5.134993446920053
2.1864,17.0,5.818443804034582
1.7062,45.0,4.943502824858757
5.1923,44.0,6.403614457831325
5.7519,27.0,6.298192771084337
4.7952,22.0,6.365973072215422
3.7479,17.0,5.084084084084084
5.8343,15.0,6.598726114649682
6.0368,22.0,6.611336032388664
3.7917,36.0,5.579088471849866
6.2575,15.0,7.35546875
2.4432,37.0,2.866799204771372
2.5848,52.0,3.8996960486322174
4.87,19.0,5.662109375
7.1997,13.0,19.468
0.9304,24.0,2.8344155844155843
2.875,44.0,5.434650455927052
3.1375,11.0,4.716374269005848
3.5048,13.0,4.188760806916426
1.1346,42.0,3.5921052631578947
3.8547,17.0,5.6647058823529415
4.2955,45.0,5.36624203821656
2.1366,23.0,2.269607843137255
5.0893,25.0,4.393530997304582
1.7262,36.0,4.521604938271605
6.0774,29.0,7.870967741935484
1.65,41.0,3.8817480719794335
2.8882,32.0,4.6103896103896105
8.8204,22.0,7.449180327868852
2.9712,52.0,10.105105105105103
2.3859,31.0,3.735218508997429
3.3618,34.0,5.114967462039045
3.5258,13.0,6.099709583736689
2.1422,19.0,3.79951690821256
1.9571,15.0,4.440993788819876
7.1621,45.0,6.8575
1.3042,45.0,3.953379953379953
4.8021,22.0,4.94750656167979
8.0755,52.0,6.253822629969419
3.7143,49.0,6.201086956521739
2.2596,33.0,3.8104089219330857
4.3,34.0,5.990066225165563
2.0564,38.0,4.904
4.1,27.0,5.522491349480969
2.087,33.0,6.141975308641976
5.9073,35.0,5.837340876944837
9.8937,29.0,7.966029723991507
2.6477,40.0,6.299465240641712
2.9647,16.0,7.537023186237846
1.983,42.0,4.555147058823529
3.5302,52.0,5.586056644880174
2.8966,29.0,5.234285714285714
4.0833,34.0,7.03030303030303
5.3272,3.0,6.982358402971216
3.8068,19.0,5.214285714285714
1.2864,40.0,2.5520702634880803
4.5714,26.0,5.044444444444444
5.359,16.0,8.116279069767442
2.4835,43.0,4.253731343283582
5.8362,32.0,6.511029411764706
2.2532,46.0,5.085011185682327
3.425,28.0,5.421212121212121
2.8625,21.0,4.958695652173913
3.9167,35.0,5.771241830065359
3.1441,33.0,4.827285921625545
4.6071,14.0,5.674698795180723
1.4464,30.0,3.657794676806084
3.0132,44.0,4.90566037735849
3.2083,46.0,5.531468531468532
5.1795,37.0,5.406360424028269
4.9559,43.0,6.6923076923076925
4.8333,9.0,5.201092896174863
2.375,20.0,5.818639798488665
1.5833,42.0,4.641821946169772
2.2804,42.0,3.828009828009828
1.995,8.0,3.4344422700587085
3.9812,9.0,7.1913875598086126
7.7072,34.0,7.144486692015209
1.5122,19.0,3.948186528497409
2.8569,52.0,4.703315881326352
1.2404,52.0,4.757575757575758
3.3095,33.0,5.474120082815735
3.0465,34.0,4.754137115839243
2.5667,40.0,6.5120481927710845
0.9437,52.0,2.611111111111111
4.8516,13.0,6.15014164305949
7.1497,21.0,6.755244755244755
2.4726,15.0,5.180576631259484
0.536,26.0,7.846153846153846
4.6,28.0,5.238888888888889
4.918,36.0,6.169491525423729
1.9375,52.0,4.209677419354839
5.2037,25.0,5.885931558935361
4.7344,18.0,3.554655870445344
2.5795,17.0,5.349304482225657
2.0304,51.0,4.64203233256351
4.6184,36.0,5.760135135135135
2.3937,20.0,18.79352226720648
4.0268,44.0,5.657718120805369
3.111,5.0,4.44125159642401
5.9617,26.0,6.635696821515892
4.8953,21.0,5.395806028833552
3.1607,20.0,6.161849710982659
3.9808,35.0,5.3099630996309966
2.3152,16.0,5.174934725848564
0.9227,11.0,37.0
3.0687,37.0,3.1531531531531534
2.5893,27.0,4.209966777408638
2.4107,21.0,6.568627450980392
3.6442,43.0,5.304347826086956
5.6235,51.0,5.800904977375565
4.4958,19.0,5.8997668997669
1.9668,30.0,3.206115515288788
3.0139,11.0,5.347712418300653
4.0227,26.0,5.889655172413793
2.234,19.0,5.988352745424293
3.6875,15.0,4.170786516853933
4.75,21.0,4.602739726027397
5.4876,35.0,6.163265306122449
1.3462,33.0,4.563559322033898
1.9495,26.0,3.2094763092269325
4.3187,32.0,4.170854271356784
8.4284,8.0,7.526785714285714
2.3,37.0,4.2898550724637685
3.7716,20.0,4.176360225140713
2.8042,19.0,3.935849056603773
6.8482,34.0,6.296724470134874
5.3735,36.0,5.681818181818182
2.65,28.0,4.262987012987013
3.125,19.0,4.2
1.175,52.0,4.958158995815899
3.5039,29.0,5.921501706484642
2.8447,16.0,5.498989898989899
2.0433,34.0,3.142857142857143
2.0657,35.0,5.105982905982906
3.1927,21.0,3.6355871886121
4.9222,7.0,6.279615795090715
1.0667,31.0,12.808510638297872
5.3683,34.0,5.81786941580756
1.4189,43.0,2.455384615384616
2.6458,16.0,2.989795918367347
3.1129,42.0,4.7325842696629215
3.9722,34.0,6.027713625866051
3.0021,19.0,5.934803451581975
5.7415,17.0,4.787307032590052
12.9591,49.0,7.5
5.0016,19.0,5.531431897555297
4.6349,31.0,6.052795031055901
4.3029,16.0,6.090592334494773
5.6582,34.0,6.092250922509225
1.55,46.0,4.553892215568863
2.8882,10.0,7.8519736842105265
2.0658,34.0,5.938144329896907
7.9068,17.0,7.66219723183391
6.8374,27.0,6.972527472527473
5.6604,22.0,6.266519823788546
4.4286,35.0,5.061855670103093
10.0968,20.0,7.790697674418604
1.1806,24.0,4.3969696969696965
2.19,35.0,4.206806282722513
4.4464,34.0,5.081585081585081
3.4471,31.0,5.326388888888889
4.9464,14.0,5.097165991902834
7.5078,24.0,7.022857142857143
5.4496,17.0,6.180989978742788
4.9957,22.0,5.718222222222222
9.6023,21.0,8.286652078774617
3.5154,19.0,3.305290546400694
5.6015,33.0,5.913612565445026
3.7014,32.0,4.957746478873239
2.2391,43.0,3.406882591093117
3.9667,25.0,5.008988764044944
3.6006,34.0,4.617710583153348
3.1049,19.0,4.644695543000628
3.2891,27.0,5.240331491712707
4.0972,32.0,4.716981132075472
3.3438,29.0,5.803347280334728
5.5701,34.0,7.170616113744076
4.1172,37.0,5.256613756613756
2.6576,23.0,5.163003663003663
4.4087,3.0,5.385964912280702
4.0144,5.0,5.812903225806451
2.3917,15.0,5.010060362173038
1.9125,39.0,4.53030303030303
3.0179,7.0,5.79245283018868
5.9277,38.0,6.356502242152466
2.1563,36.0,6.042194092827004
6.4504,35.0,5.2428884026258205
2.125,37.0,3.657492354740061
8.7819,20.0,7.484251968503937
6.6661,32.0,6.85996705107084
2.6932,30.0,6.058282208588957
4.875,19.0,6.024137931034483
6.0175,15.0,7.13681592039801
2.9934,35.0,3.349425287356322
5.2648,12.0,5.608808290155441
4.412,8.0,5.548330404217926
3.3869,40.0,3.622950819672131
4.4766,24.0,5.670761670761671
3.7622,16.0,4.87479674796748
4.0652,52.0,5.365566037735849
3.9423,39.0,5.5096525096525095
3.2639,31.0,3.890365448504984
2.6607,52.0,3.123134328358209
3.0187,16.0,3.883578431372549
3.7655,26.0,4.352494577006508
4.1083,41.0,4.244565217391305
1.8485,48.0,4.754385964912281
5.9024,21.0,6.397476340694007
5.752,35.0,5.728571428571429
3.4375,34.0,5.293478260869565
4.2917,52.0,6.329545454545454
4.4659,32.0,5.321621621621621
7.0059,39.0,6.681592039800995
5.2888,32.0,5.951672862453532
4.0598,44.0,4.3828125
4.0775,28.0,3.9328358208955225
2.9219,17.0,4.457875457875458
3.3269,22.0,7.677083333333333
2.9271,32.0,4.102564102564102
3.625,52.0,4.290094339622642
2.5964,29.0,3.8279220779220777
1.3571,36.0,3.982689747003995
4.2059,24.0,6.069620253164557
3.2792,32.0,4.657894736842105
7.8347,45.0,7.251833740831296
1.5294,39.0,3.6512261580381473
2.8,42.0,4.791666666666667
3.9024,13.0,5.759342301943199
6.994,27.0,7.159685863874346
3.7816,21.0,4.471955533097524
3.1389,23.0,4.052013422818792
1.4583,15.0,4.023148148148148
4.0375,29.0,6.447222222222222
3.125,39.0,3.745614035087719
1.375,52.0,2.697247706422018
7.5695,16.0,7.992990654205608
2.1734,34.0,4.622377622377623
6.1632,32.0,6.4681372549019605
1.5489,13.0,5.65
4.3571,16.0,4.142857142857143
1.0398,25.0,5.465798045602606
2.1845,34.0,4.987951807228916
2.4537,35.0,3.915841584158416
5.2375,6.0,7.450549450549451
3.9732,35.0,6.082857142857143
2.1991,44.0,3.08
4.9757,35.0,7.049608355091384
6.155,52.0,7.048076923076923
4.2096,37.0,5.58235294117647
2.5352,32.0,3.717299578059072
3.4886,13.0,6.840723981900452
2.3594,43.0,3.804560260586319
4.526,19.0,7.042780748663102
2.8024,16.0,3.5517241379310347
4.8214,35.0,5.523668639053255
3.1771,5.0,7.625531914893617
2.2083,23.0,7.781456953642384
2.4821,37.0,5.250712250712251
6.223,10.0,5.740869565217391
3.0,25.0,5.271084337349397
3.1563,17.0,6.095384615384615
1.55,36.0,3.1495016611295683
7.8013,19.0,7.248275862068965
4.0694,16.0,5.651408450704225
10.1299,25.0,8.23963133640553
4.1518,13.0,6.1980676328502415
3.9417,33.0,6.194895591647332
4.0583,17.0,6.404255319148936
2.5,10.0,5.381443298969073
3.2024,40.0,5.373068432671082
2.0064,52.0,4.618037135278515
3.7611,12.0,5.390625
2.4012,18.0,5.234793187347932
2.4375,30.0,5.165198237885463
2.5263,52.0,5.81981981981982
2.67,30.0,3.9306666666666654
5.5599,26.0,6.21608040201005
1.1141,39.0,4.566964285714286
2.9312,25.0,4.5
4.125,5.0,5.734177215189874
5.0234,37.0,5.774941995359629
5.4409,4.0,7.853351955307263
3.2833,38.0,5.560165975103734
3.9963,4.0,6.761377613776138
1.0918,52.0,2.2533333333333334
3.1892,25.0,4.037037037037037
4.6065,22.0,5.3895348837209305
5.521,23.0,6.735172413793103
7.0548,34.0,6.125
6.3955,25.0,7.367595818815331
1.815,52.0,2.8531468531468533
3.1382,14.0,4.956442831215971
1.7301,5.0,3.1649122807017545
5.2849,16.0,5.907303370786517
2.0673,27.0,4.039660056657223
2.675,33.0,4.698412698412699
2.2141,25.0,4.375757575757576
5.0099,24.0,7.137809187279152
2.0915,47.0,4.57957957957958
2.0817,35.0,4.481481481481482
4.8125,48.0,6.764309764309765
1.6875,52.0,3.0892857142857144
3.7167,52.0,4.94
6.5538,7.0,6.309623430962343
3.6308,21.0,5.022079116835327
6.8645,17.0,8.642585551330798
3.4827,11.0,5.072098053352559
3.4605,52.0,4.838235294117647
2.9148,15.0,4.285957446808511
6.7079,17.0,6.101923076923077
4.2386,25.0,6.010840108401084
4.072,24.0,4.781065088757397
5.9378,15.0,7.572769953051643
4.9844,29.0,6.002247191011236
2.9107,28.0,4.083333333333333
5.0462,34.0,6.370491803278688
4.7386,21.0,5.7405405405405405
4.3081,20.0,4.198609731876862
2.1528,31.0,4.457286432160804
3.4,23.0,5.424107142857143
3.5114,52.0,4.411347517730497
2.5833,28.0,5.520833333333333
1.6437,24.0,4.307479224376731
2.375,35.0,4.440329218106996
5.1538,23.0,6.781659388646288
2.8676,46.0,4.122969837587007
3.0,36.0,5.5369127516778525
6.7042,18.0,6.197241379310345
5.7338,5.0,5.804012345679013
2.4049,31.0,3.5402298850574714
3.9722,36.0,5.850467289719626
3.1801,29.0,4.814814814814815
4.7097,12.0,6.505263157894737
5.2601,13.0,4.156378600823046
3.0703,34.0,4.371287128712871
6.3215,4.0,7.2110091743119265
3.4091,41.0,4.946987951807229
3.3482,41.0,4.078947368421052
3.8,41.0,4.773892773892774
4.7308,35.0,5.666666666666667
5.259,13.0,6.733133433283358
2.066,9.0,4.291390728476821
2.996,22.0,7.247058823529412
2.3,16.0,4.498084291187739
6.3013,49.0,7.0185528756957325
6.0289,23.0,7.289029535864979
2.5185,36.0,4.03728813559322
2.8727,33.0,4.0948419301164725
1.925,43.0,2.3435582822085887
3.6429,28.0,5.249180327868852
3.0833,27.0,4.714285714285714
4.2045,16.0,7.266129032258065
3.5959,9.0,5.24160346695558
6.5382,24.0,7.308943089430894
3.4359,21.0,5.506410256410256
2.944,52.0,4.1239092495637
5.0772,17.0,5.243967828418231
2.83,22.0,6.1923076923076925
5.5875,3.0,6.875930521091812
3.8081,25.0,5.1837160751565765
1.9028,51.0,4.056122448979592
4.1161,34.0,5.46875
4.0703,10.0,6.343575418994414
2.2259,24.0,3.1024
3.5096,31.0,5.64055944055944
2.4191,3.0,6.274193548387097
2.6104,37.0,3.707142857142857
1.2347,41.0,3.836518046709129
5.6683,23.0,5.610939907550077
3.5426,26.0,5.301321585903084
3.6587,45.0,5.343839541547278
1.4338,26.0,7.177215189873418
3.5,32.0,4.316666666666666
3.8343,38.0,5.355223880597015
2.4338,49.0,4.703933747412008
3.9792,34.0,5.976645435244161
2.3029,45.0,4.472602739726027
4.2647,26.0,5.943462897526501
3.9243,34.0,5.601343784994401
5.1457,35.0,6.958333333333333
3.4125,30.0,4.489010989010989
3.6354,17.0,5.471061093247588
4.835,28.0,5.941908713692946
2.4297,51.0,3.284313725490196
3.0187,24.0,4.173775671406003
3.0,13.0,6.177285318559557
5.1321,23.0,5.160388821385176
3.238,40.0,4.177619893428064
3.0536,36.0,4.9614243323442135
5.2533,22.0,5.257093723129836
3.1625,23.0,5.773399014778325
3.4676,21.0,4.327981651376147
1.6435,25.0,5.070726915520629
2.1581,33.0,4.2727272727272725
3.7617,23.0,5.818652849740933
1.365,40.0,4.756676557863502
4.9464,41.0,4.994269340974212
4.2917,13.0,6.4605263157894735
3.5282,31.0,5.26056338028169
5.0962,17.0,6.063551401869159
4.5556,17.0,8.79058327477161
3.9464,20.0,7.644329896907217
2.7321,28.0,5.043269230769231
5.7409,19.0,6.395348837209302
3.4531,23.0,4.021339220014717
4.3816,35.0,6.126984126984127
3.0556,18.0,5.473958333333333
7.0592,16.0,7.434579439252336
8.0922,15.0,7.2477558348294435
3.3906,33.0,5.695550351288056
5.1416,24.0,5.944281524926686
5.253,5.0,7.093508500772797
7.0352,24.0,7.867579908675799
1.7829,47.0,5.128878281622912
2.5417,50.0,5.964980544747082
6.112,29.0,6.692477876106195
5.5102,7.0,7.354154390100176
3.5735,30.0,4.782089552238806
3.3281,32.0,5.067901234567901
2.3542,39.0,3.861635220125786
6.5841,14.0,7.271375464684015
8.0409,8.0,7.483050847457627
3.767,35.0,4.9786476868327405
4.4094,52.0,5.158227848101266
2.6579,32.0,4.760456273764259
4.6389,17.0,5.6683168316831685
5.2818,35.0,5.715909090909091
0.9782,41.0,3.953995157384988
4.2329,5.0,5.734078212290503
15.0001,52.0,8.0
2.735,26.0,5.672794117647059
4.0156,28.0,4.646987951807229
3.4327,35.0,5.883333333333334
7.9184,19.0,5.970890410958904
3.5857,4.0,4.799764428739694
4.0735,35.0,6.137931034482759
4.4453,42.0,5.336
2.1217,38.0,5.557377049180328
1.9385,28.0,3.6
3.4872,18.0,5.408759124087592
4.4821,42.0,5.481684981684982
3.5987,19.0,6.167259786476868
4.3,20.0,6.270676691729324
4.2414,49.0,4.857142857142857
2.5847,17.0,5.764344262295082
3.6312,7.0,4.579741379310345
6.5372,52.0,7.166666666666667
2.1378,39.0,3.7617834394904457
3.7102,22.0,4.764568764568764
5.9714,35.0,6.23015873015873
4.175,36.0,5.398601398601398
3.0897,24.0,5.136245110821382
3.1534,19.0,5.35251798561151
2.8192,29.0,5.350378787878788
1.1468,39.0,4.123015873015873
2.5677,16.0,4.326133909287257
4.7708,19.0,4.9798850574712645
1.8403,47.0,4.723463687150838
7.226,12.0,8.24468085106383
2.5444,30.0,4.847953216374269
3.2083,46.0,4.495967741935484
2.4623,17.0,5.680701754385965
5.4886,6.0,6.739217652958876
12.7823,38.0,7.422480620155039
4.7431,35.0,4.621730382293762
4.7464,28.0,4.714285714285714
10.156,26.0,7.8669950738916254
3.625,20.0,3.561139028475712
2.5417,45.0,5.009404388714733
4.9135,52.0,7.188811188811189
4.023,14.0,5.594736842105263
3.3625,13.0,5.0443951165371805
3.7887,52.0,4.926724137931035
2.5284,11.0,3.478527607361963
3.05,20.0,4.216216216216216
5.6392,18.0,5.951644100580271
2.8818,50.0,5.202614379084968
3.7159,20.0,5.442655935613682
3.4485,38.0,5.076502732240437
3.875,27.0,6.285714285714286
3.6852,52.0,4.710280373831775
2.3068,12.0,4.145092460881934
4.8836,16.0,6.5233644859813085
3.755,15.0,5.363076923076923
5.2333,34.0,4.868020304568528
2.0764,40.0,3.886262924667651
2.7863,19.0,5.668817204301075
1.9417,32.0,7.647058823529412
6.3911,29.0,6.717908082408875
2.4213,12.0,3.7448275862068967
1.7572,18.0,4.732142857142857
3.3958,37.0,6.018691588785047
3.5529,27.0,5.576182136602452
3.9699,24.0,4.033123028391167
3.371,17.0,4.04969696969697
3.0,5.0,6.067796610169491
4.1042,36.0,5.4319809069212415
4.9318,20.0,6.247678018575852
2.9219,37.0,4.5995670995671
3.9866,36.0,6.360128617363344
2.1875,19.0,4.197309417040358
5.373,36.0,5.375886524822695
3.2589,18.0,6.372146118721461
5.6047,34.0,5.369565217391305
6.3617,20.0,6.82962962962963
5.6399,14.0,6.389140271493213
3.0625,33.0,4.338028169014085
1.625,18.0,6.028268551236749
1.725,44.0,4.475409836065574
1.6667,13.0,4.015923566878981
6.48,44.0,6.045070422535211
2.0885,36.0,3.964391691394659
1.8571,39.0,4.914342629482071
3.8047,35.0,5.015037593984962
6.0749,39.0,6.751851851851852
4.4034,5.0,6.427829698857736
1.8792,41.0,4.254545454545455
4.0911,43.0,3.7867867867867866
3.5694,41.0,5.03793626707132
2.4821,26.0,4.125
3.1211,36.0,4.243961352657005
4.4375,37.0,5.6015625
3.3611,24.0,4.10304449648712
1.9511,11.0,4.816326530612245
3.0714,16.0,5.484615384615385
3.0795,36.0,5.1571428571428575
2.6098,23.0,6.385542168674699
2.9048,32.0,5.809859154929577
4.2926,32.0,5.407079646017699
15.0001,37.0,8.659574468085106
3.6111,15.0,5.0
7.1053,15.0,6.52054794520548
3.6492,8.0,4.577447335811648
3.8864,33.0,4.2175141242937855
5.2185,16.0,11.028571428571428
1.4917,35.0,3.847290640394089
4.4435,35.0,6.191836734693878
1.875,16.0,4.436647173489279
1.9653,41.0,5.258382642998027
2.1845,39.0,7.876404494382022
3.4408,32.0,5.3201133144475925
3.2946,52.0,3.714592274678112
3.7045,6.0,5.353474320241692
3.7917,35.0,5.856209150326797
2.6094,34.0,6.367088607594937
4.1447,11.0,5.630952380952381
4.2206,40.0,5.164835164835165
1.8472,38.0,4.2482662968099865
7.3861,16.0,5.661596958174905
4.1852,44.0,4.991228070175438
5.5676,16.0,7.469428007889546
3.1484,52.0,4.578034682080925
2.6696,19.0,5.153846153846154
7.2025,9.0,6.324675324675325
3.7833,17.0,6.057692307692308
2.8643,42.0,4.8273972602739725
2.881,47.0,3.8613138686131374
1.8365,43.0,4.419512195121952
2.2311,52.0,2.879120879120879
3.7175,17.0,6.606914212548015
3.3917,25.0,4.770114942528736
5.32,16.0,6.186153846153847
3.9187,25.0,5.07469244288225
6.8742,25.0,5.900479616306955
2.0875,13.0,3.5259740259740258
6.0398,19.0,6.658031088082901
4.0417,43.0,5.2
3.3889,32.0,4.338730569948186
6.3721,12.0,7.617157490396927
10.7339,35.0,8.570048309178745
3.0625,14.0,5.48695652173913
5.0267,5.0,6.086896551724138
8.401,26.0,7.530805687203792
3.0921,14.0,16.67153284671533
2.4387,34.0,2.7439903846153846
5.0294,27.0,6.427884615384615
5.5922,35.0,6.219373219373219
1.3286,17.0,5.272965879265092
6.2892,22.0,6.127214170692431
2.8841,46.0,4.851015801354402
3.6354,7.0,6.307152875175316
3.725,35.0,3.4433198380566803
3.994,29.0,5.502747252747253
5.8904,24.0,6.651840490797546
4.3897,29.0,6.271739130434782
1.0,52.0,3.9270833333333335
7.4863,23.0,6.585023400936038
2.2765,30.0,4.021645021645021
5.2416,37.0,5.349081364829396
3.8819,19.0,4.7552
3.7933,25.0,4.648183556405353
2.5909,43.0,5.147208121827411
4.0815,36.0,5.837758112094395
3.2846,19.0,7.079500283929585
1.9833,23.0,6.631147540983607
5.2203,18.0,7.191780821917808
4.2813,52.0,5.410628019323672
3.2464,26.0,5.496774193548387
5.2,10.0,5.043296089385475
2.6779,26.0,5.467871485943775
4.25,52.0,5.736979166666667
2.5509,32.0,3.6805555555555554
5.6038,34.0,6.626488095238095
5.6426,35.0,6.745945945945946
7.9835,27.0,8.187817258883248
3.3438,25.0,4.297674418604651
5.93,16.0,5.958656330749354
3.0042,18.0,5.201453790238837
1.2094,21.0,3.1817116060961315
3.4063,33.0,3.756
5.6266,36.0,5.981012658227848
1.8606,32.0,4.717703349282297
1.6875,52.0,4.703225806451613
2.9441,39.0,4.805008944543828
4.0167,35.0,4.966367713004484
3.141,43.0,5.0736
4.7612,18.0,4.9625
2.0549,44.0,3.8976833976833976
2.1434,20.0,5.755952380952381
1.7039,48.0,4.194774346793349
4.7143,26.0,5.940988835725678
1.8438,45.0,4.996350364963504
1.9688,31.0,4.10801393728223
5.311,8.0,6.464096749811035
9.7646,23.0,4.975609756097561
10.8111,22.0,8.944444444444445
3.5781,44.0,5.262962962962963
5.4051,27.0,5.747553816046967
6.5783,15.0,5.9335443037974684
2.25,32.0,4.851612903225806
2.925,19.0,5.649321266968326
1.6607,30.0,4.043010752688172
1.4048,16.0,5.071823204419889
3.9506,11.0,5.516746411483253
3.5313,26.0,4.341530054644808
2.5568,44.0,4.57037037037037
1.5174,43.0,4.609004739336493
4.8462,36.0,5.752969121140143
3.6852,3.0,5.698989898989899
4.6118,35.0,5.812371134020618
4.1696,18.0,6.166101694915255
4.6587,10.0,5.838709677419355
7.0242,18.0,6.935727788279773
1.4497,25.0,2.7204176334106727
4.5476,29.0,5.666666666666667
1.5369,39.0,3.6213389121338913
4.0893,35.0,5.26775956284153
2.0536,9.0,3.950704225352113
5.4035,44.0,5.616541353383458
10.1675,23.0,8.834285714285715
2.4866,37.0,4.518779342723005
10.5142,23.0,7.683431952662722
2.5263,34.0,4.4631956912028725
5.3558,14.0,6.4555403556771545
3.1429,36.0,6.042553191489362
4.0238,15.0,3.849056603773585
6.9553,35.0,7.307392996108949
2.375,17.0,4.238095238095238
6.2073,31.0,5.934020618556701
7.9135,21.0,7.928571428571429
5.8855,18.0,6.535809018567639
6.6265,30.0,6.022292993630574
4.2065,52.0,5.6826484018264845
3.911,4.0,4.508455467869222
2.3859,36.0,4.075371549893843
2.9922,35.0,4.719844357976654
3.4,27.0,4.203076923076923
3.5673,47.0,5.543766578249337
2.3542,40.0,3.850427350427352
2.9097,31.0,4.263852242744063
3.9567,52.0,5.173664122137405
3.25,52.0,4.324561403508772
11.2185,52.0,8.300835654596101
3.6719,49.0,4.934959349593496
2.1432,33.0,3.808270676691729
4.744,10.0,6.310258548790659
2.3712,14.0,5.304651162790698
4.5446,36.0,6.437299035369775
4.8359,25.0,6.602316602316602
3.2371,21.0,5.996078431372549
2.1927,29.0,2.9446460980036298
3.212,13.0,5.660194174757281
4.85,34.0,5.35693215339233
3.6563,13.0,5.563245823389021
6.1321,27.0,6.708185053380783
5.3909,15.0,5.727626459143969
4.4038,41.0,5.079365079365079
4.3269,34.0,5.5344827586206895
4.1365,27.0,4.014443500424809
2.7734,23.0,5.102827763496144
7.4597,31.0,8.275862068965518
6.2456,13.0,6.456896551724138
2.1287,30.0,5.876168224299065
4.6563,32.0,5.36979969183359
1.9013,36.0,4.232905982905983
2.3155,14.0,4.29014598540146
2.3583,21.0,5.206896551724138
3.5363,21.0,5.8580246913580245
2.3846,22.0,5.1528662420382165
1.8571,40.0,2.808049535603715
3.9615,11.0,5.752564102564103
2.7515,33.0,4.235772357723577
5.6999,21.0,4.385365853658537
5.2533,40.0,4.07488986784141
6.993,13.0,6.428571428571429
3.24,45.0,5.085141903171953
6.1536,37.0,6.838905775075988
13.1867,34.0,8.75
4.76,14.0,6.096666666666667
4.2639,26.0,5.901075268817205
4.1607,24.0,5.22680412371134
4.5112,16.0,4.414285714285715
6.5669,43.0,5.055276381909548
2.2566,52.0,4.995348837209303
3.4103,26.0,6.252669039145908
4.3261,36.0,5.60655737704918
2.5938,45.0,4.6328125
1.8514,34.0,5.104408352668213
4.711,27.0,6.535885167464115
3.2077,9.0,5.896551724137931
6.6828,52.0,7.353174603174603
3.6875,42.0,5.707865168539326
5.4324,17.0,5.97583081570997
2.56,36.0,3.8562091503267975
2.6218,14.0,4.684076433121019
1.0179,42.0,3.6607142857142856
6.1309,52.0,6.578199052132701
2.65,30.0,11.12206572769953
3.2569,42.0,4.945273631840796
2.936,17.0,3.300337457817773
1.3007,24.0,3.1424870466321244
2.0538,34.0,4.233986928104575
2.0595,37.0,6.116788321167883
2.5556,27.0,1.875
3.1768,30.0,5.468048359240069
1.8125,45.0,2.541284403669725
1.6368,28.0,4.357446808510638
2.6434,20.0,4.4049180327868855
6.9754,4.0,6.969209237228832
5.0926,24.0,5.121019108280255
3.358,9.0,4.65625
5.9632,36.0,5.8986175115207375
5.0287,26.0,6.029490616621984
2.3611,31.0,6.151079136690647
4.25,27.0,5.17825311942959
4.6674,16.0,5.722154222766218
2.1944,52.0,5.074285714285714
6.4664,25.0,6.1923076923076925
3.4427,30.0,4.814814814814815
4.5817,30.0,4.146135265700483
2.9958,37.0,3.857657657657658
2.913,26.0,4.917763157894737
5.4103,32.0,6.114285714285714
4.072,52.0,5.952941176470588
5.791,36.0,5.004048582995951
5.1836,36.0,5.926267281105991
4.4818,24.0,6.041184041184041
3.7,29.0,5.883076923076923
5.4663,36.0,5.39647577092511
2.2868,16.0,5.220843672456576
3.1304,44.0,4.181208053691275
2.825,38.0,5.768656716417911
5.2598,47.0,6.335106382978723
9.1541,37.0,7.914754098360656
5.587,36.0,5.913946587537092
1.3365,37.0,2.317773788150808
4.1429,12.0,5.308550185873606
2.3568,5.0,3.47911227154047
2.8864,17.0,6.280936454849498
3.3565,26.0,4.169491525423729
2.1583,39.0,4.720512820512821
1.2227,19.0,5.039735099337748
7.3693,25.0,6.695271453590193
5.069,33.0,6.20979020979021
3.5357,26.0,6.468
2.4107,42.0,3.314917127071823
8.2004,32.0,8.2491961414791
4.875,32.0,5.031578947368421
5.1017,13.0,7.082857142857143
4.7468,37.0,6.572748267898383
4.5469,52.0,4.181132075471698
4.7287,46.0,5.172881355932203
1.775,44.0,4.299270072992701
2.4234,28.0,3.0234798314268514
3.9219,37.0,5.953191489361702
3.1087,39.0,3.79344262295082
3.9522,26.0,5.32258064516129
1.1458,48.0,3.2470238095238093
1.625,20.0,4.422619047619048
3.267,21.0,5.230379746835443
3.5403,36.0,6.226244343891403
4.475,13.0,5.970893970893971
6.9296,36.0,6.138755980861244
2.7043,21.0,5.562874251497006
4.3008,37.0,5.862686567164179
7.1298,16.0,7.837719298245614
2.875,41.0,4.472049689440993
2.2031,27.0,4.412935323383085
2.4559,39.0,4.875502008032129
3.1563,36.0,4.594059405940594
4.2289,25.0,5.154336734693878
6.7247,24.0,6.803030303030303
2.6619,32.0,5.349299065420561
5.1995,35.0,4.418103448275862
2.2768,42.0,4.088888888888889
2.1458,29.0,5.848484848484849
2.7212,40.0,4.691312384473198
4.0403,23.0,4.792408066429418
4.9844,23.0,6.967213114754099
3.73,11.0,3.151012891344383
3.7931,26.0,5.724050632911393
3.8512,30.0,5.189309576837417
10.3713,18.0,7.947598253275109
1.1194,27.0,2.772727272727273
2.1186,18.0,3.961352657004831
2.151,16.0,4.031963470319635
3.3125,22.0,4.069986541049798
2.375,10.0,4.064456721915286
4.125,52.0,5.639798488664988
1.9799,28.0,4.260233918128655
6.1527,40.0,5.472014925373134
4.325,31.0,4.688186813186813
5.1784,12.0,6.25
1.65,52.0,2.5322033898305083
5.0958,18.0,5.291044776119403
3.2633,21.0,5.265270506108203
2.619,52.0,3.765625
6.4415,15.0,7.077981651376147
3.25,42.0,3.413114754098361
3.1635,11.0,5.161290322580645
2.475,16.0,3.466666666666667
5.8186,52.0,4.796839729119639
3.7222,35.0,5.53932584269663
2.0288,20.0,4.567204301075269
3.9583,9.0,16.024590163934427
3.5066,24.0,5.648471615720524
3.7885,21.0,4.75
2.2461,35.0,3.796875
5.6345,35.0,5.47008547008547
4.1711,38.0,5.362459546925567
2.4117,16.0,4.933656957928803
5.282,24.0,5.918495297805642
4.4828,26.0,4.990476190476191
5.0049,25.0,4.319261213720317
1.9562,18.0,3.409090909090909
3.4792,18.0,4.633802816901408
2.7121,20.0,3.347131445170661
3.6007,10.0,5.548076923076923
1.2024,36.0,5.749034749034749
2.9628,36.0,5.66553480475382
3.3036,24.0,3.75
8.6572,20.0,8.130434782608695
2.7432,35.0,5.204408817635271
2.3173,27.0,3.804195804195804
2.5592,37.0,4.733974358974359
2.8859,44.0,5.610062893081761
4.0272,45.0,4.583720930232558
7.4729,28.0,6.871035940803383
2.5742,32.0,3.3523809523809525
2.3393,19.0,3.6070359281437128
1.7386,50.0,4.993174061433447
5.1675,52.0,6.398692810457517
7.8164,36.0,7.369458128078818
4.1324,44.0,5.129082426127527
4.5428,52.0,5.283495145631068
1.517,36.0,3.8321342925659474
1.64,25.0,3.911971830985916
1.8477,39.0,3.6723768736616704
2.7667,5.0,4.449197860962567
5.6112,20.0,5.417536534446764
6.7099,50.0,7.503521126760563
3.6042,28.0,3.723529411764706
3.0613,34.0,4.521444695259594
4.8224,27.0,5.825072886297376
6.1561,12.0,10.043859649122806
4.4375,29.0,6.5762081784386615
6.3809,18.0,7.113013698630137
5.6949,21.0,6.402208201892744
6.626,51.0,5.5322128851540615
2.1898,30.0,4.509090909090909
2.1667,37.0,3.2721518987341773
6.8869,6.0,7.382384532760472
6.6321,36.0,5.7346437346437344
4.2143,37.0,5.288235294117647
5.3468,42.0,6.364321608040201
3.9191,36.0,6.110062893081761
6.3703,32.0,6.0
2.3684,17.0,4.795857988165681
3.8365,24.0,5.082125603864735
3.975,22.0,6.896373056994818
1.3906,38.0,5.403846153846154
8.5421,26.0,6.335443037974684
1.2857,36.0,3.7245762711864407
4.6394,22.0,6.806691449814126
3.7841,26.0,6.193146417445483
4.6806,36.0,6.716012084592145
2.5402,42.0,6.25
3.929,36.0,4.6782407407407405
4.8984,8.0,5.023255813953488
2.7201,17.0,5.626118067978533
4.3603,16.0,5.819371727748691
5.7787,18.0,6.775210084033613
7.3195,37.0,7.506769825918762
2.2328,46.0,4.890350877192983
3.1286,19.0,5.23607427055703
4.2969,18.0,6.554545454545455
4.1528,15.0,7.389355742296919
1.9306,22.0,4.176470588235294
2.5326,20.0,6.292490118577075
7.2519,33.0,7.526515151515151
4.2802,14.0,6.325670498084291
2.2411,20.0,3.835570469798658
3.0588,37.0,4.914798206278027
3.0107,52.0,4.746458923512748
7.5898,25.0,7.940119760479042
3.138,45.0,4.717868338557993
2.754,28.0,3.564841498559078
2.8235,34.0,4.065759637188209
5.0871,7.0,6.401388888888889
6.2178,3.0,8.174479166666666
2.8448,43.0,3.8192182410423454
4.4125,20.0,6.0
5.3098,22.0,5.589147286821706
2.5068,26.0,4.2406931964056485
0.5495,38.0,4.249056603773585
3.851,16.0,6.912408759124087
2.693,37.0,4.278925619834711
3.8177,21.0,5.140142517814727
2.9781,35.0,5.565537555228277
1.9779,15.0,5.79149377593361
1.5491,9.0,5.641833810888252
3.5296,43.0,4.644149577804584
1.1419,35.0,4.38337182448037
3.9821,22.0,5.783132530120482
4.875,52.0,5.103603603603603
7.0245,31.0,6.581005586592179
4.375,33.0,5.439897698209719
3.9934,41.0,5.004830917874396
5.1377,45.0,4.738636363636363
4.0433,13.0,6.996116504854369
3.7051,52.0,5.6879194630872485
2.375,17.0,5.690406976744186
3.6597,10.0,5.412935323383085
3.6618,14.0,7.312138728323699
1.5809,36.0,4.556390977443609
3.6471,19.0,6.479338842975206
8.0103,20.0,8.856140350877194
3.6528,16.0,4.212523719165086
5.5924,42.0,5.562146892655368
3.7337,17.0,4.770175438596492
3.1607,33.0,5.415254237288136
2.0331,37.0,4.824657534246575
5.1952,19.0,6.471810089020772
4.9107,26.0,6.31981981981982
2.3382,38.0,3.703767123287671
5.3428,23.0,6.373737373737374
1.9719,42.0,3.6945812807881775
3.7125,8.0,6.1395348837209305
1.9274,49.0,5.068783068783069
2.2109,23.0,5.363128491620111
8.1489,18.0,6.600817438692098
2.8906,35.0,5.403141361256544
7.3672,47.0,5.978456014362657
4.6923,44.0,5.322222222222222
1.9875,19.0,6.6375
2.8728,8.0,3.7091503267973858
2.5787,35.0,4.14662273476112
2.6226,40.0,4.071216617210682
2.4798,36.0,5.812080536912752
2.3929,11.0,4.912408759124087
4.0238,44.0,4.832835820895522
3.8864,29.0,5.16
4.3426,11.0,4.505763688760807
4.189,3.0,7.489331436699858
3.0217,22.0,4.983870967741935
5.3873,18.0,4.958659217877095
7.5139,29.0,7.931071049840933
2.1905,17.0,4.7973856209150325
3.7147,4.0,4.367857142857143
8.3931,9.0,7.38830162085976
4.8274,21.0,5.832214765100671
1.9309,31.0,3.8973029045643153
1.7143,34.0,3.114864864864865
4.0274,36.0,6.007537688442211
4.7022,15.0,6.261180679785331
4.8096,16.0,5.512071156289708
2.0186,27.0,3.5267857142857144
1.2469,33.0,4.773255813953488
1.8109,29.0,3.805223068552775
1.875,15.0,4.294117647058823
2.3792,19.0,5.1875
2.5952,19.0,5.2384615384615385
4.1806,28.0,6.317738791423002
3.375,37.0,4.054245283018868
1.9925,18.0,4.277207392197125
5.5181,25.0,6.893700787401575
10.3224,32.0,7.83879781420765
4.8036,11.0,6.165432098765432
2.1715,36.0,3.996383363471971
6.5,20.0,6.451612903225806
5.2837,27.0,6.900523560209424
2.9531,34.0,4.316239316239316
4.2813,24.0,4.339869281045751
3.8,42.0,4.525316455696203
3.275,34.0,5.45945945945946
6.2064,29.0,5.780238500851789
3.5388,32.0,5.031390134529148
5.6506,10.0,7.092150170648464
4.0118,8.0,4.4335812964930925
3.7303,37.0,4.37378640776699
10.0285,22.0,8.95766129032258
2.3846,32.0,2.801556420233463
3.6563,18.0,10.447852760736197
4.119,38.0,5.506876227897839
2.7264,32.0,4.547846889952153
3.4455,4.0,4.434782608695652
4.0298,5.0,4.531128404669261
3.48,52.0,4.757281553398058
4.5909,35.0,5.545945945945946
3.6133,7.0,5.056213017751479
2.6429,24.0,3.981958762886598
1.7075,29.0,5.313664596273292
2.1216,15.0,5.3347107438016526
7.0318,40.0,6.541353383458647
1.7292,38.0,4.135135135135135
3.8643,46.0,4.63490099009901
2.0547,52.0,5.135021097046414
3.8029,16.0,4.43952802359882
3.75,16.0,5.597916666666666
2.1974,18.0,3.3815028901734103
3.975,32.0,4.850666666666666
3.6196,38.0,4.964601769911504
3.1142,12.0,5.538591549295775
4.4391,14.0,5.280561122244489
2.4211,22.0,5.046511627906977
2.582,28.0,4.617801047120419
5.2077,7.0,5.476635514018692
4.9962,26.0,6.104553119730186
4.5116,43.0,4.711590296495957
7.3681,13.0,7.584033613445378
3.6848,33.0,4.819875776397516
3.1736,39.0,5.364116094986807
3.3081,14.0,5.365195027861123
1.6815,22.0,3.923404255319149
3.225,21.0,4.514869888475836
2.8125,42.0,4.402985074626866
4.7426,16.0,6.240196078431373
3.7177,32.0,5.52928870292887
7.2543,52.0,6.676375404530744
2.3594,30.0,5.03728813559322
5.5385,43.0,6.972093023255814
3.6477,28.0,4.928363988383349
2.6071,45.0,4.225806451612903
4.0904,52.0,4.313868613138686
2.8326,11.0,4.560148056755089
13.499,42.0,8.928358208955224
1.9912,16.0,5.758842443729904
2.543,37.0,4.550314465408805
5.8505,22.0,8.056689342403628
3.3182,24.0,5.88911704312115
3.8,31.0,4.791744840525328
4.0333,10.0,4.857142857142857
2.6758,39.0,5.559701492537314
4.3438,36.0,5.829545454545454
4.2733,22.0,5.224764468371467
7.7313,17.0,6.793478260869565
4.2061,16.0,3.4104938271604937
3.2434,42.0,5.401503759398496
3.4231,15.0,5.442508710801394
2.1348,52.0,4.734328358208956
3.588,16.0,6.015267175572519
8.0257,48.0,7.781045751633987
2.6346,44.0,5.013586956521739
4.9516,3.0,7.338559163867115
6.4962,25.0,7.853125
3.0214,19.0,4.113662456946039
1.9944,52.0,6.046610169491525
3.1442,50.0,4.507692307692308
3.1912,24.0,5.0
3.9141,12.0,6.946386946386946
3.7632,30.0,4.360082304526749
5.1837,6.0,6.364681295715778
3.2011,17.0,3.5233918128654973
3.4844,46.0,4.876777251184834
2.6065,18.0,5.534883720930233
2.0511,21.0,3.258928571428572
7.3031,24.0,7.175384615384616
2.0915,16.0,4.523897058823529
3.4861,32.0,5.11139896373057
3.125,22.0,4.897009966777409
6.0,27.0,5.2105263157894735
2.8458,52.0,4.00355871886121
2.6827,43.0,4.035294117647059
2.5395,35.0,4.297520661157025
6.0891,9.0,5.930348258706467
2.7981,22.0,4.83623693379791
4.9844,52.0,4.541666666666667
2.8097,33.0,5.260416666666667
4.2782,8.0,4.278404815650865
1.7472,25.0,4.594017094017094
5.7519,27.0,7.331775700934579
2.5682,52.0,4.5
5.2831,52.0,5.4909560723514215
5.1169,46.0,5.590106007067138
3.7083,31.0,3.8012048192771086
4.1912,52.0,5.763285024154589
5.392,52.0,6.870535714285714
2.9693,13.0,4.452313503305005
3.8646,36.0,4.975395430579965
3.4306,34.0,5.774410774410774
2.7153,35.0,3.45928338762215
4.2312,16.0,5.771754636233951
1.6302,32.0,3.1828703703703702
2.7788,27.0,5.124835742444152
1.9348,37.0,4.053691275167785
8.7124,15.0,8.042735042735043
5.5591,36.0,5.410714285714286
2.6667,20.0,5.594936708860759
3.0461,16.0,5.336734693877551
6.8645,23.0,7.302973977695167
4.15,46.0,4.03921568627451
3.015,50.0,3.280334728033473
1.6923,52.0,5.52054794520548
4.1947,26.0,4.974960876369327
2.3305,52.0,3.488859764089122
2.6172,40.0,4.452054794520548
2.1602,13.0,3.2527985074626864
6.3434,30.0,6.042959427207637
6.3298,16.0,5.618491921005386
2.5012,42.0,4.183729433272394
5.3602,36.0,8.258064516129032
4.4732,25.0,4.712616822429907
2.5806,20.0,5.568438003220612
2.3496,26.0,5.539366515837104
4.0332,8.0,6.047619047619048
3.575,35.0,5.373263888888889
6.7978,24.0,6.589189189189189
5.163,24.0,5.5
2.1116,52.0,4.419249592169657
8.3956,18.0,8.332344213649852
1.4625,43.0,5.144
1.6295,33.0,4.27208480565371
4.1442,22.0,5.493464052287582
6.5901,17.0,6.729400749063671
2.4792,21.0,3.752941176470588
2.1528,10.0,3.4516129032258065
2.1728,22.0,5.61609907120743
1.8281,29.0,3.963740458015267
4.1058,25.0,6.507518796992481
5.5956,4.0,7.298377028714107
6.6727,25.0,7.144808743169399
5.0452,40.0,5.431623931623932
4.1875,6.0,5.816358024691358
9.0683,15.0,7.226235741444867
2.4083,52.0,6.721739130434782
1.3903,26.0,4.501577287066247
1.3929,29.0,3.1927554980595083
2.3787,21.0,4.565340909090909
3.0114,42.0,3.673521850899743
3.5172,35.0,5.023880597014926
4.2219,24.0,4.539473684210527
5.0747,35.0,4.944723618090452
2.4595,36.0,4.343692870201097
4.008,33.0,5.191176470588236
3.875,38.0,5.340101522842639
4.125,36.0,6.26984126984127
4.7411,35.0,4.759643916913946
3.5958,29.0,5.196296296296296
3.4698,38.0,5.339285714285714
1.746,19.0,4.672566371681416
3.748,18.0,6.213
2.5395,25.0,4.970588235294118
2.6058,40.0,3.8857142857142857
2.6894,20.0,3.924418604651162
8.2335,37.0,5.098468271334792
3.2109,34.0,4.02676399026764
4.0197,17.0,5.819338422391858
1.4729,32.0,4.454117647058824
2.0658,30.0,5.28
6.1025,26.0,6.566666666666666
1.1384,25.0,3.4727272727272727
4.6779,16.0,5.875
6.1504,19.0,5.71045197740113
2.1776,38.0,3.868243243243243
2.125,8.0,4.827586206896552
3.226,52.0,5.372469635627531
2.9315,27.0,5.11864406779661
4.0909,52.0,5.358974358974359
3.375,45.0,5.377777777777778
1.3479,42.0,3.907586206896552
4.0855,45.0,6.012531328320802
10.6767,48.0,8.171617161716172
2.9405,24.0,3.7675879396984926
4.2415,41.0,5.105015673981192
4.5304,34.0,4.7515625
6.8643,25.0,6.291571753986332
3.285,35.0,5.685633001422475
2.2454,39.0,4.449111470113086
3.2632,52.0,4.745652173913044
2.1473,29.0,3.853846153846154
6.3467,44.0,6.994065281899109
3.3689,32.0,5.945185185185185
6.799,21.0,7.077452667814113
2.7907,29.0,5.097259062776304
6.4333,16.0,6.198952879581152
4.2969,30.0,5.864035087719298
2.5947,23.0,3.4986876640419946
3.1505,9.0,5.62312030075188
1.63,12.0,3.3986013986013988
3.4338,34.0,4.719063545150502
7.8997,36.0,6.755605381165919
5.1271,36.0,6.026706231454006
2.7181,23.0,4.8675
1.9688,36.0,5.445783132530121
0.9566,52.0,4.260233918128655
4.7583,35.0,6.609427609427609
4.6,27.0,6.304347826086956
1.8413,28.0,5.041958041958042
3.1071,40.0,4.915354330708661
5.7239,26.0,6.401433691756273
1.8878,30.0,4.272952853598015
3.15,27.0,6.7218045112781954
1.186,24.0,3.36426116838488
1.5,32.0,4.950943396226415
2.9107,7.0,5.545454545454546
3.3839,36.0,5.621621621621622
2.3148,37.0,5.133587786259542
2.2687,34.0,3.642857142857143
3.8295,13.0,6.186046511627907
3.9444,18.0,5.422087745839637
5.8966,17.0,7.33983286908078
3.5603,17.0,4.758079409048938
4.747,12.0,5.636563876651983
6.0672,26.0,5.172506738544475
2.6368,25.0,3.662534435261708
3.662,23.0,4.008298755186722
3.0,35.0,3.986175115207373
4.5352,26.0,4.807017543859649
3.6875,36.0,5.861940298507463
1.7708,32.0,3.685314685314685
5.2043,15.0,5.551194539249146
11.3283,21.0,6.1
8.7477,52.0,9.0
0.696,52.0,5.333333333333333
1.8042,17.0,4.06015037593985
4.375,36.0,4.803418803418803
2.2292,32.0,5.261744966442953
7.0565,32.0,7.2125
6.4598,18.0,7.840073529411764
3.2952,30.0,4.972924187725631
5.3988,8.0,7.043478260869565
5.5983,24.0,7.266816143497758
2.532,39.0,3.734256926952141
6.3525,18.0,6.332386363636363
6.7274,5.0,5.910931174089069
4.3882,24.0,5.082139446036294
3.8611,32.0,5.132978723404255
3.725,52.0,5.65625
2.7014,33.0,4.076576576576577
5.0066,12.0,3.8
5.0062,30.0,5.715025906735751
5.4138,2.0,8.930715935334874
10.3953,8.0,8.225071225071225
3.2639,30.0,3.832661290322581
4.0625,18.0,5.259541984732825
3.5931,18.0,5.50103519668737
1.3527,41.0,3.7114093959731536
4.1405,5.0,5.956695156695156
2.4135,27.0,2.258771929824561
4.7341,4.0,5.274753758424054
1.3373,18.0,2.745920745920746
4.2458,52.0,3.9129989764585456
3.1895,45.0,5.533333333333333
4.8021,48.0,5.760217983651226
6.7836,18.0,6.667910447761194
4.2269,14.0,5.874371859296482
2.5781,28.0,5.48062015503876
4.0882,16.0,5.851351351351352
2.3816,52.0,3.784615384615385
2.2743,38.0,4.021419009370817
5.0965,19.0,5.973996175908222
2.25,14.0,4.734335839598997
2.1094,27.0,6.958860759493671
3.4233,29.0,4.263888888888889
1.7184,11.0,4.006172839506172
5.0,43.0,5.313131313131313
6.8758,26.0,6.991228070175438
1.775,29.0,3.827838827838828
2.9413,23.0,4.129221732745962
4.4375,10.0,6.041420118343195
5.2099,35.0,5.80327868852459
6.1966,16.0,6.356495468277946
1.1108,41.0,4.473611111111111
13.6842,43.0,8.46484375
8.7394,23.0,6.951871657754011
4.3365,15.0,5.02027027027027
2.1101,34.0,5.607329842931938
1.7155,51.0,4.087671232876712
2.8819,33.0,5.022779043280182
12.8763,50.0,7.074183976261128
1.9203,52.0,3.7789046653144016
1.0714,31.0,3.012323943661972
4.0781,48.0,4.466666666666667
2.7656,5.0,6.15
2.1522,31.0,5.5422343324250685
5.0196,52.0,4.7224576271186445
3.5871,30.0,4.098540145985401
5.5368,31.0,6.405959031657356
4.615,48.0,5.396825396825397
2.9583,50.0,5.380281690140845
2.1908,37.0,3.66990291262136
3.3268,23.0,4.440619621342513
2.3417,16.0,3.9375
2.2241,21.0,5.218236173393124
5.2668,32.0,6.31024531024531
5.196,4.0,6.281354515050167
3.9755,16.0,4.802
3.5943,14.0,5.001473839351511
5.2713,7.0,6.832116788321168
2.535,24.0,5.0853889943074
1.9671,41.0,4.287394957983193
4.7946,18.0,7.049056603773585
1.8095,39.0,4.403100775193798
4.3182,17.0,6.744416873449132
5.7192,14.0,5.678062678062678
4.1719,5.0,6.625
3.9963,33.0,5.671974522292993
11.0546,25.0,8.180722891566266
3.6094,42.0,4.900990099009901
6.1737,25.0,7.889502762430939
3.05,17.0,5.3837638376383765
5.7628,16.0,5.691176470588236
3.8576,20.0,4.449513836948392
2.15,47.0,3.3795620437956204
5.2016,27.0,5.577464788732394
4.1033,28.0,4.702331961591221
4.933,36.0,6.373673036093418
4.3333,33.0,4.711246200607903
2.3015,39.0,3.487012987012987
4.375,29.0,4.981288981288981
3.1496,34.0,4.348360655737705
4.4236,38.0,5.78140703517588
4.5833,27.0,5.817258883248731
4.2898,11.0,5.396694214876033
6.0791,23.0,6.119909502262443
3.675,22.0,5.098712446351931
5.6407,39.0,5.351239669421488
2.3375,17.0,4.770818995182381
4.2472,36.0,5.632768361581921
2.5132,44.0,4.94017094017094
6.6455,16.0,7.1695652173913045
1.5735,18.0,3.54424040066778
1.8814,43.0,3.866220735785953
6.0352,23.0,4.831632653061225
6.276,17.0,6.433333333333334
2.9063,47.0,4.723076923076923
2.3438,36.0,5.023952095808383
1.125,31.0,3.700416088765604
1.4828,21.0,3.697132616487455
3.1583,52.0,5.364238410596027
4.621,26.0,5.900473933649289
3.6897,38.0,4.322115384615385
6.2423,14.0,7.161290322580645
5.7415,37.0,6.424581005586592
6.9544,4.0,9.289879931389365
3.2578,38.0,4.408510638297872
4.635,36.0,6.693761814744802
2.7463,18.0,5.122015915119364
2.1587,43.0,4.319648093841642
6.1824,36.0,6.9
2.5474,40.0,4.8879551820728295
2.8603,17.0,6.427561837455831
5.1385,17.0,5.295238095238095
1.4904,26.0,1.5981308411214954
2.5761,36.0,4.824701195219124
4.3269,40.0,5.534090909090909
2.1343,52.0,3.219138755980861
0.536,33.0,4.928571428571429
4.8229,20.0,5.571428571428571
5.4858,5.0,5.204488778054863
2.8558,13.0,4.562314540059347
2.7401,41.0,5.412
7.2648,14.0,7.298913043478261
5.5224,24.0,4.285714285714286
4.3456,19.0,4.7103825136612025
7.2988,37.0,9.166666666666666
2.3438,40.0,3.9173553719008254
2.9321,14.0,4.778058007566204
1.7257,39.0,5.068354430379747
9.5245,23.0,7.607187112763321
3.1979,36.0,4.543478260869565
7.5488,25.0,7.550403225806452
2.6607,30.0,3.8215384615384616
3.0724,45.0,3.0350877192982457
4.6719,32.0,5.03781512605042
2.25,50.0,4.20722891566265
4.1146,41.0,4.938997821350762
2.0921,29.0,4.578431372549019
4.1727,10.0,4.101503759398496
1.2716,19.0,3.4779026217228464
4.7639,36.0,5.261818181818182
6.7413,3.0,6.322051282051282
5.1005,33.0,6.12
4.3906,44.0,5.936675461741425
10.2948,3.0,24.625827814569536
1.7929,14.0,4.085653104925053
2.0702,30.0,3.277158774373259
5.2865,37.0,6.169291338582677
2.6392,21.0,6.221631205673759
5.8819,18.0,6.355338223308883
4.5066,16.0,5.420618556701031
4.4074,52.0,4.683794466403162
3.5893,46.0,5.3457330415754925
2.7857,36.0,4.894230769230769
3.5,12.0,5.751054852320675
2.0347,20.0,6.64
8.0331,34.0,7.910313901345291
3.7708,52.0,4.611320754716981
2.8472,35.0,4.399361022364217
2.525,46.0,3.947040498442368
1.7054,39.0,3.900826446280992
6.3237,4.0,7.784104875051208
4.2344,34.0,5.137323943661972
2.5234,31.0,4.160944206008583
6.7196,23.0,7.158045977011494
2.7333,44.0,5.3567073170731705
5.0532,36.0,5.795977011494253
4.1742,44.0,5.171428571428572
2.8542,52.0,4.497237569060774
4.375,22.0,6.378048780487805
3.6572,26.0,4.160797342192691
4.0938,20.0,5.66
3.2153,42.0,4.783382789317508
2.6288,28.0,4.406976744186046
5.6629,45.0,5.251082251082251
3.5606,30.0,4.851694915254237
3.1929,26.0,4.311871227364185
4.1964,32.0,4.907849829351536
4.8667,14.0,6.925742574257426
3.1667,52.0,4.136986301369863
3.8558,15.0,6.086687306501548
3.2663,19.0,3.6049129989764586
1.8357,24.0,3.877138413685848
3.0714,31.0,4.231378763866878
8.7657,24.0,8.093117408906883
1.4934,26.0,5.157303370786517
3.6765,26.0,4.649038461538462
15.0001,2.0,22.22222222222222
3.5221,52.0,4.834008097165992
4.2207,22.0,5.563944530046225
4.1953,39.0,5.266106442577031
2.2165,15.0,4.546318289786223
2.07,52.0,4.205387205387205
4.5588,17.0,6.053691275167785
2.8077,31.0,4.17910447761194
3.3158,40.0,4.791489361702127
3.5278,25.0,5.144549763033176
1.8828,38.0,4.7525
6.2048,23.0,7.304843304843305
2.4653,38.0,4.130681818181818
4.2944,37.0,4.893246187363834
2.4708,22.0,5.645328719723183
3.2375,25.0,3.392523364485981
3.4474,28.0,4.44873949579832
5.8995,21.0,6.958549222797927
2.565,52.0,3.477867203219316
5.2155,18.0,6.553133514986376
2.6711,24.0,5.383419689119171
2.2361,47.0,4.9414758269720105
3.8,46.0,5.659025787965616
3.7585,19.0,5.112877583465819
2.0885,35.0,4.812064965197216
2.4006,24.0,5.700507614213198
3.925,14.0,4.874493927125506
3.1711,35.0,6.147388059701493
3.125,30.0,4.3977272727272725
3.7031,17.0,5.945619335347432
1.4792,37.0,4.414965986394558
2.8071,14.0,6.011834319526627
6.0238,23.0,4.910714285714286
6.1049,35.0,6.757575757575758
2.8942,26.0,4.718181818181818
5.7676,16.0,6.397932816537468
2.8298,37.0,5.3497267759562845
6.5858,32.0,6.086956521739131
3.2222,44.0,4.343669250645995
4.8419,15.0,6.112259970457902
3.008,7.0,3.854619565217391
4.6125,16.0,6.109090909090909
5.9401,34.0,6.226950354609929
4.0333,16.0,14.671328671328672
5.0733,9.0,5.920388349514563
4.4881,36.0,5.759776536312849
2.7054,39.0,2.302919708029197
3.5268,22.0,4.493197278911564
3.4299,28.0,5.030120481927711
3.3687,45.0,5.594174757281554
2.2429,15.0,5.539156626506024
0.536,46.0,9.0
7.494,22.0,7.6008359456635315
2.1036,42.0,5.059859154929577
2.3304,26.0,1.824719101123596
1.998,27.0,21.80565371024735
4.625,25.0,6.554716981132075
2.7969,18.0,6.3352272727272725
6.2037,32.0,5.345132743362832
5.5601,36.0,5.673708920187793
2.9511,42.0,5.404907975460123
5.5,33.0,6.225563909774436
2.8929,19.0,5.816199376947041
2.8621,31.0,4.225108225108225
5.6965,25.0,6.144244105409154
5.0976,34.0,4.325997248968363
2.4,25.0,3.520225776105362
2.033,16.0,3.705211726384365
2.0,10.0,3.911392405063291
4.2028,38.0,5.544747081712062
4.9821,21.0,4.487567567567568
3.6786,27.0,5.929078014184397
4.7426,36.0,4.5770750988142295
4.9271,21.0,5.111711711711712
5.1641,33.0,6.191869918699187
2.3,10.0,5.774223034734918
4.1042,36.0,5.822085889570552
0.9614,28.0,5.3
5.5631,4.0,5.486666666666666
8.9616,47.0,7.061371841155235
3.892,33.0,4.601423487544484
5.1354,26.0,6.924623115577889
7.3356,38.0,5.894904458598727
1.9952,36.0,4.708502024291498
3.2917,42.0,8.062893081761006
4.8958,30.0,6.594202898550725
6.0302,52.0,5.8203125
2.3704,38.0,4.08235294117647
2.1638,39.0,3.776349614395887
3.0977,24.0,4.276084949215143
2.293,29.0,4.593167701863354
2.9417,17.0,4.751644736842105
2.8711,48.0,4.419700214132762
5.3243,29.0,6.237864077669903
2.9453,26.0,5.411904761904762
2.6722,32.0,5.339189189189189
3.4167,36.0,5.19634703196347
10.3329,22.0,7.898395721925134
5.3681,26.0,6.048421052631579
1.7756,19.0,5.009708737864078
2.5234,40.0,5.245098039215686
0.8991,42.0,4.689922480620155
2.0,32.0,3.741333333333333
4.6953,18.0,7.051851851851852
3.1364,30.0,6.837378640776699
5.7881,28.0,6.068292682926829
2.1574,35.0,4.729765013054831
2.4135,36.0,5.364795918367347
8.4721,28.0,9.505154639175258
5.9547,18.0,6.5473251028806585
3.5625,8.0,5.44017094017094
6.0296,7.0,7.003424657534247
3.4231,6.0,4.711428571428572
5.7764,18.0,5.770011947431303
4.9148,16.0,5.4702093397745575
5.2662,16.0,5.869337979094077
3.1832,9.0,6.288461538461538
3.7614,52.0,5.440217391304348
5.2323,22.0,6.704419889502763
3.8083,41.0,4.618834080717488
4.1429,52.0,5.377155172413793
4.0057,38.0,5.366935483870968
11.075,38.0,7.204678362573099
2.8056,32.0,3.512019230769231
4.1779,3.0,7.461873638344227
4.6484,25.0,4.813211845102506
4.6833,17.0,6.077961019490255
3.5915,21.0,4.580912863070539
3.2599,47.0,4.750825082508251
4.925,22.0,6.730831973898858
4.0,24.0,4.848066298342541
3.8571,9.0,4.7669172932330826
5.409,16.0,8.151960784313726
1.7958,17.0,4.146449704142012
2.065,23.0,4.80349344978166
5.3254,32.0,5.786259541984733
1.3222,31.0,3.842880523731588
1.6943,31.0,3.8689591078066914
3.4821,34.0,4.577696526508227
5.7382,17.0,6.444043321299639
1.8325,25.0,4.279220779220779
3.5125,38.0,4.445972495088409
4.1742,17.0,5.082224909310762
3.9219,38.0,4.77020202020202
3.7174,4.0,3.56793893129771
1.6652,48.0,4.767379679144385
3.5774,14.0,5.409185803757829
3.3371,36.0,4.96697247706422
2.4263,32.0,3.25207756232687
2.4531,52.0,3.6198630136986303
3.1771,17.0,6.380658436213992
4.5317,26.0,6.135399673735726
2.5172,31.0,4.895774647887324
2.4722,23.0,5.430703624733476
4.3409,39.0,5.152238805970149
4.1483,25.0,5.678420310296191
2.025,33.0,3.432098765432099
2.8239,43.0,3.6381909547738696
15.0001,46.0,8.365591397849462
3.3977,45.0,4.672535211267606
6.0634,15.0,5.935275080906149
3.7014,24.0,5.493408662900189
1.475,45.0,3.3065693430656933
3.2546,16.0,4.045725646123261
5.0029,26.0,5.72626931567329
4.25,39.0,5.925764192139738
2.4196,34.0,3.520208604954368
3.6445,17.0,5.84
2.8553,52.0,4.664652567975831
2.875,17.0,5.48661800486618
1.6111,52.0,4.804878048780488
4.0781,26.0,6.367924528301887
2.7857,11.0,4.851380042462845
3.5486,4.0,6.208333333333333
5.2088,52.0,5.76008064516129
3.4551,18.0,5.438799076212471
4.2045,30.0,5.61271676300578
4.1603,17.0,4.3907284768211925
5.6494,34.0,6.131645569620253
3.125,39.0,4.380281690140845
3.5556,33.0,4.951859956236324
6.075,26.0,6.541984732824427
2.9213,52.0,4.837962962962963
3.7794,39.0,4.08550185873606
6.0889,22.0,6.494103773584905
6.8553,33.0,6.760695187165775
2.5804,34.0,5.390029325513196
3.6359,33.0,5.728194726166328
2.125,6.0,5.904761904761905
5.0206,8.0,6.5
10.7237,21.0,8.837606837606838
5.4659,33.0,5.592592592592593
2.9293,38.0,4.3344120819848975
4.3962,11.0,7.306581059390048
2.175,47.0,4.373271889400922
2.125,45.0,6.213235294117647
6.2838,34.0,6.948717948717949
4.7019,14.0,6.466409266409267
2.48,20.0,4.6453900709219855
2.9542,15.0,6.074581430745814
3.4609,29.0,4.507886435331231
9.4356,8.0,6.5588235294117645
5.6169,35.0,5.308139534883721
4.7361,50.0,5.539393939393939
2.875,17.0,4.821276595744681
1.8972,17.0,4.382830626450116
3.9722,17.0,20.90078328981724
5.6152,38.0,5.989510489510489
1.8654,38.0,4.990074441687345
2.8226,17.0,5.190066857688635
2.7437,18.0,5.535776614310646
5.0232,30.0,6.2685589519650655
4.1957,11.0,5.569587628865979
2.121,45.0,3.4336
4.5673,26.0,6.294964028776978
2.5603,52.0,3.608235294117647
5.1718,31.0,5.676416819012797
2.125,26.0,37.06349206349206
3.369,25.0,4.610512129380054
2.2721,40.0,4.62890625
3.7857,39.0,5.66350710900474
6.6176,18.0,6.464379947229552
4.2768,21.0,5.487870619946092
5.8171,4.0,7.220479704797048
2.75,27.0,3.4122340425531914
6.3967,36.0,6.666666666666667
3.1972,20.0,3.5460122699386503
9.267,33.0,7.741602067183463
3.016,35.0,5.328712871287129
3.7049,34.0,5.366355140186916
3.1812,22.0,4.346590909090909
4.0938,29.0,5.721973094170403
3.3188,32.0,6.420704845814978
2.5211,46.0,3.684793554884189
3.2649,17.0,3.835221421215242
4.4375,16.0,6.126353790613718
1.5417,51.0,2.7005988023952097
2.2625,48.0,4.427038626609442
4.2214,14.0,5.933689839572192
3.1597,30.0,6.097777777777778
4.45,37.0,5.659949622166247
3.6071,43.0,5.342741935483871
1.0227,8.0,2.3288201160541586
1.125,52.0,5.333333333333333
3.8292,21.0,5.763527054108216
7.7201,21.0,7.75375
2.5902,17.0,4.307913669064749
2.9292,33.0,4.066666666666666
4.9833,32.0,6.461077844311378
6.6632,29.0,6.372159090909091
5.7778,41.0,5.274398868458275
6.2384,25.0,6.656200941915228
7.2893,32.0,6.009779951100245
2.375,52.0,4.289719626168225
4.8036,20.0,5.37
4.3899,33.0,4.8121546961325965
2.0161,11.0,3.82312925170068
2.5,23.0,5.724452554744525
3.9688,17.0,5.163934426229508
2.5685,26.0,4.517777777777778
2.8409,36.0,4.901694915254238
6.2513,14.0,6.244623655913978
2.483,44.0,3.7142857142857135
3.6974,10.0,4.348530901722391
6.2182,30.0,5.982248520710059
3.9696,44.0,4.693396226415095
3.6292,36.0,4.583333333333333
4.0357,30.0,4.897097625329815
1.8316,40.0,3.783387622149837
4.2727,47.0,4.612648221343873
3.1696,13.0,5.079365079365079
1.2292,36.0,4.833333333333333
3.1513,35.0,4.756207674943567
4.75,37.0,5.235632183908046
4.1656,37.0,6.325367647058823
3.2311,34.0,5.281012658227848
6.1953,39.0,6.90952380952381
5.6356,33.0,5.660899653979238
2.0893,21.0,4.836734693877551
1.5195,42.0,2.3997539975399755
2.1818,46.0,5.511784511784512
2.6193,28.0,4.238636363636363
2.6818,35.0,4.38801261829653
3.0369,32.0,3.4553752535496955
3.1406,40.0,4.341145833333333
2.0972,52.0,3.149812734082397
3.3056,46.0,5.111111111111111
5.2088,28.0,6.701357466063349
3.6875,37.0,4.158249158249158
3.1483,26.0,3.947867298578199
4.2578,22.0,5.2865013774104685
2.543,46.0,4.477037037037037
3.1583,34.0,4.832075471698113
5.9522,26.0,6.196521739130435
5.5,16.0,6.691460055096419
3.0602,29.0,6.246212121212121
2.1055,52.0,5.178494623655914
5.2864,15.0,4.692771084337349
3.8837,32.0,5.559718969555036
3.7059,33.0,3.5285714285714285
2.8964,25.0,4.848101265822785
3.1729,45.0,5.2196428571428575
3.5887,44.0,5.26378896882494
1.8245,22.0,4.401079136690647
2.6386,38.0,3.371698113207547
2.6442,47.0,3.6709401709401694
0.8641,37.0,4.074712643678161
2.888,50.0,5.105812220566319
4.5278,32.0,6.133587786259542
6.8406,41.0,7.394052044609666
4.8456,35.0,5.968036529680365
1.6321,20.0,3.376689189189189
3.125,40.0,5.873267326732673
2.6944,36.0,5.333333333333333
7.3719,22.0,7.104591836734694
2.4583,50.0,4.667377398720682
10.2311,31.0,8.24083769633508
5.8722,34.0,5.734939759036145
4.2538,13.0,5.133645955451348
1.5203,27.0,4.65311004784689
2.6316,34.0,5.4120603015075375
3.6693,28.0,5.088028169014085
2.3929,30.0,3.0
2.8421,25.0,3.747292418772563
2.9709,44.0,4.234610917537747
3.6354,22.0,4.235294117647059
1.8156,40.0,2.500408830744072
3.275,52.0,8.357827476038338
4.5,24.0,5.6282306163021865
5.6147,16.0,7.411111111111111
2.7885,46.0,5.103092783505154
6.1872,19.0,7.415686274509804
2.0208,43.0,3.2962962962962963
4.4292,17.0,4.950965824665676
2.1602,31.0,3.0842391304347827
1.24,24.0,2.967984934086629
2.3333,42.0,4.931924882629108
6.3314,27.0,6.490998363338789
3.65,15.0,4.679577464788732
5.1136,44.0,2.883116883116883
2.8472,27.0,12.32
1.6786,36.0,4.076923076923077
3.7411,45.0,4.911392405063292
3.1906,34.0,6.016181229773463
1.975,19.0,3.725
2.96,19.0,5.0701754385964914
4.2454,33.0,4.604206500956023
3.6765,42.0,4.3604651162790695
2.6292,47.0,3.693140794223827
4.2333,32.0,4.666666666666667
1.6146,39.0,5.056034482758621
7.7569,6.0,7.972727272727273
4.6727,5.0,5.395330739299611
2.5313,36.0,6.261904761904762
3.3669,29.0,4.589877835951135
7.6877,21.0,8.279737489745694
3.311,17.0,5.4174174174174174
3.1406,48.0,4.625
3.7949,13.0,5.832258064516129
2.8039,21.0,3.984918307498953
3.7679,10.0,5.313725490196078
2.6179,35.0,2.96900826446281
5.0285,8.0,6.66371158392435
2.3942,32.0,4.89748201438849
3.3292,31.0,4.682203389830509
5.2523,7.0,6.335913312693498
4.275,26.0,6.028117359413203
1.9483,50.0,4.413854351687389
2.5521,21.0,4.790291262135923
4.2471,4.0,5.816950633464395
5.0323,30.0,6.295264623955432
4.1212,52.0,5.520161290322581
2.3261,20.0,3.412621359223301
1.8696,23.0,5.4278606965174125
4.2596,36.0,5.368715083798882
2.316,35.0,4.100467289719626
1.8444,20.0,5.059850374064838
2.2991,44.0,4.209302325581396
6.1642,13.0,6.541353383458647
3.6154,5.0,4.193548387096774
4.9375,35.0,5.342857142857143
3.7566,32.0,5.453389830508475
3.5083,14.0,4.242957746478873
3.1359,27.0,4.925566343042071
2.6964,47.0,3.493377483443709
3.52,23.0,4.698216735253772
3.3205,5.0,3.908896797153025
4.3173,32.0,5.850948509485095
5.0092,24.0,6.487804878048781
4.5417,25.0,5.065868263473054
1.9955,50.0,5.101010101010101
4.0187,11.0,4.851581508515815
2.1903,52.0,4.27683615819209
3.0081,5.0,4.699029126213592
2.9583,52.0,5.2727272727272725
2.1781,32.0,3.4900763358778626
6.2299,39.0,5.2368421052631575
7.1088,33.0,6.98061224489796
3.7545,52.0,5.242774566473988
1.6389,29.0,4.573122529644269
5.0224,52.0,5.064327485380117
4.5083,42.0,5.64
2.4333,38.0,4.983050847457627
2.5374,11.0,5.828267477203648
2.0802,22.0,5.577681874229347
3.7462,15.0,4.900313971742543
4.8854,30.0,5.280632411067193
6.46,36.0,5.59581881533101
3.9531,17.0,4.411526794742164
5.4359,33.0,5.326869806094183
3.4167,23.0,5.433915211970075
3.6964,47.0,4.117249154453213
3.1719,34.0,4.883408071748879
2.8452,24.0,6.096698113207547
3.6437,17.0,5.158730158730159
6.7587,18.0,8.470108695652174
6.9133,8.0,5.976470588235294
9.532,50.0,7.114427860696518
2.0804,42.0,4.294117647058823
2.0139,17.0,3.642523364485981
4.6607,4.0,5.012295081967213
6.5138,16.0,8.127098321342926
6.4958,37.0,6.872164948453608
3.9167,20.0,4.331683168316832
1.8158,33.0,5.690721649484536
4.1797,25.0,4.786407766990291
2.794,15.0,4.855824682814302
2.34,34.0,4.178282009724473
3.6429,52.0,5.157894736842105
3.045,36.0,5.140298507462687
1.8939,28.0,5.711640211640212
3.0917,48.0,4.939102564102564
4.1544,35.0,5.58457711442786
4.0391,52.0,6.243902439024391
2.0441,33.0,5.983758700696056
4.0129,17.0,4.059233449477352
5.0292,18.0,6.439421338155515
2.6098,52.0,4.5989010989010985
5.0956,21.0,5.808917197452229
5.1909,24.0,5.949206349206349
3.4769,50.0,5.0703125
2.375,12.0,4.606914212548015
2.1979,52.0,4.804444444444444
2.5388,15.0,3.887173396674585
2.9803,30.0,4.8478260869565215
2.0968,23.0,2.853881278538813
2.425,17.0,5.48575712143928
5.8408,52.0,5.411764705882353
1.9073,29.0,5.635593220338983
5.4508,14.0,5.964114832535885
4.6458,46.0,5.759336099585062
3.7831,38.0,5.595394736842105
5.3244,28.0,5.197513812154696
2.4219,46.0,3.5641025641025643
4.4609,15.0,6.129496402877698
2.25,33.0,4.924433249370277
6.0573,24.0,5.261956521739131
1.2841,43.0,4.644230769230769
2.45,41.0,3.5365853658536586
2.4663,39.0,4.22020725388601
5.5954,27.0,6.401084010840108
3.3095,36.0,5.473118279569892
3.4559,47.0,6.148550724637682
2.9545,47.0,4.195833333333334
1.4891,41.0,4.551851851851852
3.512,16.0,3.762287334593573
3.65,10.0,5.502092050209205
3.052,17.0,3.355781448538755
4.1312,35.0,5.882352941176471
2.8631,20.0,4.401209677419355
4.2026,24.0,5.617543859649123
3.1094,14.0,5.869565217391305
3.3068,52.0,4.801204819277109
4.0791,11.0,5.878902045209904
2.425,28.0,4.174025974025974
2.7708,33.0,4.316037735849057
3.975,52.0,3.731006160164271
3.9508,6.0,5.8731884057971016
3.0134,41.0,3.9130434782608696
1.5086,12.0,3.983651226158038
2.7891,40.0,5.71830985915493
3.3281,40.0,5.847908745247148
5.4939,20.0,6.215815485996705
1.8466,43.0,4.701807228915663
3.8125,38.0,5.758720930232558
4.74,42.0,5.105540897097625
3.2222,41.0,3.268292682926829
4.9671,24.0,4.188725490196078
6.9326,6.0,7.314775160599572
4.8523,36.0,5.620087336244541
3.0723,6.0,6.269858541893362
2.898,43.0,5.020661157024794
4.2381,11.0,11.402898550724638
2.1731,29.0,5.086956521739131
5.0862,2.0,9.080459770114942
3.8281,3.0,7.980769230769231
4.0515,26.0,5.291845493562231
3.1857,24.0,4.90249433106576
6.5617,30.0,7.200367647058823
3.4506,10.0,5.356715141146279
4.1339,35.0,4.780621572212066
3.3542,38.0,3.7884615384615374
4.3429,33.0,5.4012066365007545
3.0057,22.0,6.751461988304094
3.5536,35.0,6.098360655737705
4.8717,27.0,7.032454361054767
2.9812,22.0,4.8955696202531644
5.1265,40.0,6.498194945848375
2.3125,15.0,5.9010989010989015
3.3125,9.0,16.541284403669724
3.8235,47.0,5.896713615023474
2.0625,37.0,24.669117647058822
3.8162,36.0,5.274406332453826
6.6178,44.0,6.83955223880597
5.2129,34.0,5.937190082644628
6.357,4.0,6.114372469635628
2.4375,27.0,3.16505955757232
8.6088,16.0,8.776744186046512
1.608,39.0,4.181547619047619
4.2411,27.0,6.436708860759493
4.5547,10.0,6.28
2.8333,32.0,3.836676217765043
6.0441,35.0,6.633507853403142
2.2258,25.0,3.581589958158996
3.5912,52.0,4.657407407407407
1.9797,22.0,2.8020050125313283
4.5208,33.0,5.510548523206751
5.6205,19.0,7.232300884955753
3.7784,25.0,5.928571428571429
3.8906,46.0,5.426923076923077
2.9444,52.0,3.484848484848485
3.1477,52.0,5.58869395711501
6.5078,45.0,6.515570934256055
5.8311,37.0,5.8844537815126055
1.942,31.0,4.3116057233704295
2.625,36.0,2.857142857142857
6.2742,20.0,7.055813953488372
2.6786,45.0,3.4833333333333334
3.6125,15.0,5.917808219178082
4.0231,31.0,4.003322259136213
5.4607,28.0,6.122913505311077
3.0729,23.0,4.866766467065868
3.0519,30.0,3.675414364640884
4.1098,14.0,5.940279542566709
2.2976,25.0,4.976923076923077
3.0694,44.0,5.385852090032154
3.8162,18.0,5.2247557003257326
3.2813,10.0,6.030927835051546
6.2556,25.0,7.678111587982832
3.1667,17.0,4.886904761904762
3.1719,14.0,4.590782122905028
1.4524,42.0,3.5231316725978647
3.9408,34.0,4.402035623409669
3.8125,9.0,7.130909090909091
3.7708,26.0,13.603004291845494
3.1779,17.0,4.787356321839081
4.2135,36.0,5.886363636363637
3.0962,35.0,5.200980392156863
2.3599,36.0,4.771971496437055
4.6875,36.0,5.108504398826979
2.7148,42.0,4.222052067381317
2.1637,46.0,2.005701254275941
3.5703,43.0,4.721875
3.0625,24.0,4.305084745762712
2.0893,41.0,3.369565217391304
2.1182,34.0,4.409638554216867
3.9559,42.0,4.6528662420382165
9.0243,14.0,7.876106194690266
2.3565,11.0,5.335802469135802
6.3639,10.0,6.658385093167702
3.725,35.0,4.114285714285714
2.865,38.0,4.55614973262032
2.8333,37.0,5.561320754716981
2.3194,20.0,5.778145695364239
3.375,16.0,4.576961271102284
1.7196,21.0,5.275280898876405
3.2425,45.0,4.678474114441417
7.5822,14.0,7.546419098143236
2.3935,14.0,4.762195121951219
8.5294,35.0,8.186507936507937
3.6023,37.0,4.2629969418960245
5.8123,29.0,6.404517453798768
2.6154,44.0,5.156498673740053
2.1461,11.0,4.112630732099759
1.2012,27.0,4.322857142857143
4.6875,33.0,6.924242424242424
3.0222,17.0,4.576470588235294
5.2035,40.0,5.83955223880597
1.5273,46.0,4.764065335753176
5.8596,37.0,6.7936507936507935
6.8132,4.0,6.359838274932614
6.194,27.0,6.813218390804598
4.0795,39.0,3.5185185185185186
2.9844,28.0,5.586510263929619
2.1518,35.0,3.303030303030303
1.625,38.0,4.616766467065868
8.2934,34.0,7.006688963210703
3.6451,32.0,3.748527679623086
3.87,26.0,4.151923076923077
3.017,52.0,4.977777777777778
5.1412,18.0,6.429672447013488
2.0781,41.0,4.7981220657277
3.1838,27.0,5.061959654178675
5.0787,45.0,5.790625
3.2338,34.0,5.177570093457944
3.8625,52.0,8.758620689655173
1.165,27.0,5.670588235294118
3.015,36.0,4.088709677419355
5.0423,25.0,5.85590465872156
8.3646,25.0,8.403940886699507
1.965,23.0,6.058608058608058
4.3611,44.0,5.166253101736973
10.06,22.0,7.985200845665962
3.3567,8.0,5.367123287671233
3.3844,52.0,5.6900452488687785
2.0372,35.0,3.4449838187702264
2.7019,22.0,5.5109375
5.2642,5.0,4.709163346613546
4.0556,38.0,6.408695652173913
6.0516,29.0,6.9581395348837205
3.35,18.0,5.7106382978723405
2.5562,43.0,6.072463768115942
2.6573,29.0,3.4511278195488724
2.6729,22.0,4.037433155080214
4.1577,24.0,4.484593837535014
4.2639,31.0,5.688770999115826
2.894,52.0,4.157894736842105
3.7361,19.0,5.03416149068323
4.7143,17.0,6.466666666666667
1.7824,26.0,4.154373927958834
3.1719,43.0,5.36376404494382
2.8974,26.0,3.9512670565302144
3.7614,31.0,4.145945945945946
4.7143,14.0,5.757575757575758
3.4198,27.0,3.44804318488529
5.0594,41.0,5.851985559566787
3.5341,42.0,4.233766233766234
2.3147,18.0,4.626865671641791
7.6771,52.0,6.3951219512195125
4.8667,34.0,5.712418300653595
3.375,25.0,4.194174757281553
3.2539,25.0,5.226788432267885
7.5,9.0,6.852631578947369
5.7097,15.0,4.357142857142857
2.0882,20.0,5.965517241379311
5.8625,8.0,6.724310776942356
1.577,51.0,4.813765182186235
1.8088,35.0,5.609467455621302
4.15,19.0,6.180451127819549
4.1389,19.0,4.47872340425532
10.0707,22.0,7.906818181818182
1.75,35.0,3.82798833819242
2.4414,52.0,2.900293255131965
4.4583,18.0,4.918309859154929
3.3269,15.0,5.265107212475634
5.0155,19.0,5.468208092485549
5.8752,20.0,6.157667386609071
2.5399,26.0,4.253592561284869
3.6875,11.0,5.486486486486487
5.8252,7.0,5.144414168937329
11.7894,45.0,7.4
3.434,17.0,5.352941176470588
4.4083,41.0,4.311546840958606
3.7011,34.0,4.637931034482759
6.7867,17.0,6.6292335115864525
3.8992,5.0,7.678861788617886
2.525,26.0,3.3160377358490565
1.1793,32.0,4.494818652849741
0.9589,47.0,3.1724137931034484
3.319,32.0,5.265033407572383
1.6652,34.0,3.8755244755244753
3.2147,7.0,5.398239823982398
4.9615,52.0,5.98984771573604
7.4351,18.0,8.44836956521739
2.3934,33.0,5.259740259740259
4.5033,21.0,5.258097165991903
1.9688,28.0,3.3271604938271606
3.6181,34.0,6.446902654867257
5.7128,24.0,5.307038834951456
3.1884,25.0,5.188630490956072
6.5095,38.0,6.080882352941177
4.5278,35.0,4.283676703645008
2.1571,47.0,4.446428571428571
2.7955,36.0,3.672972972972973
3.875,32.0,6.52808988764045
5.0679,30.0,6.18849840255591
2.7535,24.0,3.2184412733260155
4.0329,16.0,5.8275
4.7515,18.0,5.260416666666667
1.4194,10.0,4.108860759493671
3.375,10.0,5.975138121546961
2.4964,32.0,5.79020979020979
2.5262,21.0,3.0216216216216214
6.3249,15.0,6.869070208728653
1.3657,50.0,3.9583333333333335
1.7292,33.0,4.513677811550152
12.5381,29.0,6.888888888888889
2.2197,33.0,4.325
5.3131,36.0,5.56734693877551
1.7267,19.0,6.096605744125326
2.2,42.0,3.22
3.2929,27.0,5.068711656441717
1.7432,30.0,4.120448179271708
3.35,25.0,4.121468926553672
2.1434,42.0,6.631818181818182
2.7411,14.0,4.285714285714286
5.6716,15.0,6.286050156739812
3.4836,27.0,3.5549412577747064
4.225,12.0,9.979166666666666
5.4031,4.0,5.445977011494253
2.7652,19.0,4.031775700934579
6.2047,16.0,6.55625
3.2589,9.0,11.458507963118189
5.1269,6.0,4.973083197389886
3.556,52.0,4.342105263157895
1.3708,8.0,3.88957055214724
2.3,42.0,5.285266457680251
2.2981,46.0,4.584686774941996
4.3897,3.0,5.584053794428434
3.5385,24.0,4.705483672211953
3.9565,48.0,4.953703703703703
4.0208,43.0,5.949197860962567
3.3239,9.0,5.610955056179775
3.6016,36.0,4.213235294117647
3.0864,29.0,6.16751269035533
4.3427,15.0,6.969843184559711
7.8772,52.0,8.282548476454293
2.0341,32.0,3.0432432432432432
3.2984,21.0,4.357601713062098
5.9356,14.0,6.688195991091314
5.6437,52.0,5.545774647887324
3.8194,5.0,5.94015748031496
8.9083,15.0,6.947712418300654
3.7885,41.0,3.9672131147540974
3.0625,34.0,3.2142857142857144
5.2285,24.0,5.932710280373832
4.7333,33.0,6.796143250688705
7.0102,23.0,6.242382271468144
5.1271,22.0,6.018867924528302
2.5703,38.0,3.6200980392156863
3.5652,14.0,6.838983050847458
5.798,21.0,6.232558139534884
2.3571,25.0,3.744897959183673
2.2981,52.0,5.867532467532468
4.1862,14.0,4.074695121951219
1.6071,27.0,4.190476190476191
6.1273,26.0,7.0049504950495045
5.2882,25.0,5.987197724039829
4.6806,18.0,4.633802816901408
3.4875,31.0,5.199186991869919
1.6563,16.0,5.125
5.3254,24.0,7.216216216216216
5.5951,30.0,5.920567375886525
4.2875,36.0,4.297520661157025
6.7248,18.0,7.174083769633508
2.1009,16.0,4.499565595134666
3.6333,7.0,4.094545454545455
5.1483,28.0,5.602534562211981
3.6053,35.0,4.510135135135135
2.0074,27.0,4.4
4.0435,9.0,6.922459893048129
2.1974,51.0,4.23489932885906
3.6667,47.0,4.3399602385685885
3.3199,25.0,4.106854838709677
1.3269,18.0,4.012195121951219
6.2631,19.0,7.03690036900369
5.2851,36.0,6.138571428571429
2.2138,47.0,5.3003003003003
5.0186,17.0,5.523715415019763
2.207,21.0,5.781163434903047
5.8243,13.0,5.838420107719928
3.5838,22.0,3.9438559322033897
5.1067,40.0,6.353430353430354
2.4537,20.0,5.508219178082192
3.1944,35.0,6.026315789473684
3.1587,47.0,5.394594594594595
1.6071,44.0,3.8625
2.273,36.0,4.8127272727272725
0.987,52.0,4.328282828282828
2.2679,50.0,5.185667752442996
3.6987,42.0,5.296943231441048
5.4413,8.0,6.795297372060857
5.0131,37.0,4.694779116465863
1.0898,45.0,3.327659574468085
3.6389,28.0,6.0
5.249,52.0,5.904255319148936
5.0175,4.0,5.424050632911392
1.9637,49.0,3.7374701670644392
5.5798,33.0,6.4185733512786
2.525,17.0,3.787430683918669
5.2269,52.0,6.269607843137255
3.6875,38.0,6.753387533875339
2.0455,21.0,5.615384615384615
3.1176,33.0,4.293413173652695
2.619,20.0,4.326347305389222
3.0217,52.0,4.424242424242424
2.0804,34.0,4.24
0.8185,13.0,2.4988713318284423
2.3844,13.0,5.333333333333333
3.6812,52.0,4.848314606741573
4.5179,35.0,6.780487804878049
2.4896,38.0,5.333333333333333
3.0435,40.0,5.009803921568627
4.436,7.0,6.360294117647059
1.6355,31.0,2.338957055214724
2.1437,40.0,3.900763358778626
5.0507,14.0,6.656790123456791
6.9508,18.0,6.906577693040991
6.7115,52.0,5.550819672131148
7.6775,21.0,7.526315789473684
4.8214,12.0,7.207843137254902
1.2275,38.0,4.04679802955665
1.9309,31.0,3.7628205128205128
3.1062,11.0,5.140302613480055
10.959,52.0,7.153310104529616
2.037,42.0,4.497175141242938
2.295,32.0,3.695364238410596
1.7083,44.0,6.839357429718875
1.3971,37.0,4.642857142857143
8.6001,15.0,7.138702460850112
1.0548,31.0,3.054117647058824
4.1675,32.0,5.73492286115007
2.8994,34.0,5.295208655332303
2.7201,52.0,4.939338235294118
2.5694,27.0,3.143769968051118
2.5008,22.0,3.405383360522023
3.375,46.0,4.6875
3.5772,36.0,5.486590038314176
3.2083,43.0,5.038363171355499
3.6563,31.0,5.172839506172839
1.9167,38.0,4.942857142857143
3.7679,39.0,4.517241379310345
4.1071,29.0,4.871254162042176
8.7059,13.0,7.419354838709677
1.5357,52.0,3.879120879120879
1.8446,25.0,4.8359375
3.5982,35.0,5.1976401179941005
4.825,13.0,4.882575757575758
3.569,15.0,5.2100396301188905
6.1274,11.0,6.75
6.7644,19.0,6.825454545454545
4.2768,32.0,5.022304832713755
1.2937,49.0,4.226618705035971
2.6042,29.0,4.138728323699422
3.1563,37.0,5.109965635738831
5.532,47.0,6.345454545454546
2.5208,21.0,4.858247422680412
3.7578,16.0,2.539473684210526
4.9808,42.0,5.424778761061947
9.1373,52.0,7.443478260869565
3.1397,33.0,4.4
4.8365,35.0,5.720634920634921
2.08,30.0,5.140316205533597
2.8958,32.0,5.758122743682311
1.1912,32.0,6.356164383561644
4.1716,11.0,5.472144063027574
2.8942,27.0,5.229166666666667
2.8125,52.0,5.022988505747127
4.5329,46.0,4.872549019607843
1.6094,43.0,3.678571428571429
2.2083,31.0,4.441860465116279
3.7986,21.0,4.26873857404022
2.6942,13.0,11.490861618798956
1.4779,44.0,4.900826446280992
10.1447,26.0,7.203409090909091
3.5547,31.0,5.552238805970149
1.9167,52.0,4.262903225806451
2.1382,21.0,3.7083333333333335
2.628,48.0,5.720657276995305
2.3261,38.0,4.578282828282828
1.056,24.0,4.462068965517242
6.9261,24.0,7.150753768844221
2.5714,18.0,4.549492385786802
6.1731,26.0,8.146496815286625
3.0349,35.0,3.41109709962169
2.5029,43.0,3.922920892494929
3.0273,12.0,4.706422018348624
6.4685,22.0,6.721374045801527
1.9797,36.0,5.7421383647798745
3.0799,41.0,5.21626617375231
3.8651,18.0,6.436154949784792
2.7138,8.0,6.931897150799166
1.9741,26.0,4.4135135135135135
5.4592,27.0,6.800884955752212
2.6,36.0,3.766899766899767
2.9125,28.0,3.748159057437408
5.1478,17.0,5.103448275862069
5.7306,15.0,6.803174603174603
4.0368,52.0,4.761658031088083
6.0374,33.0,6.811881188118812
1.9231,44.0,3.959550561797753
3.3941,22.0,5.4506079027355625
10.7355,37.0,7.610526315789474
4.4187,35.0,5.348336594911937
2.7556,26.0,4.701208981001727
1.425,17.0,4.716049382716049
3.6875,29.0,5.015410958904109
4.1635,52.0,5.9442970822281165
6.7613,29.0,6.277027027027027
4.6875,36.0,5.663265306122449
10.0914,52.0,7.546391752577319
8.4411,2.0,10.296296296296296
5.2327,34.0,4.731182795698925
2.4757,26.0,5.9
4.1279,7.0,7.508298755186722
3.2964,5.0,5.344444444444444
2.6713,28.0,3.879432624113475
3.9688,41.0,5.259786476868327
3.4063,16.0,4.585131894484412
1.7976,40.0,3.2188449848024314
3.625,18.0,6.469135802469136
3.3594,28.0,5.729903536977492
4.9643,36.0,5.118367346938776
1.4552,52.0,1.902086677367576
3.9914,3.0,6.205776173285199
6.0758,4.0,6.520361990950226
1.4786,24.0,4.407317073170732
3.0395,35.0,3.797909407665505
4.1053,5.0,5.11328125
7.7464,28.0,7.282051282051282
2.9762,19.0,5.541850220264317
1.84,45.0,3.9836065573770494
5.5429,16.0,6.214421252371917
2.3013,34.0,4.8979591836734695
2.0303,40.0,4.925087108013937
2.09,34.0,3.7880794701986753
7.2217,28.0,7.304721030042918
3.2431,14.0,52.848214285714285
6.4441,26.0,6.017057569296376
5.8622,30.0,6.456164383561644
1.3302,38.0,4.37958115183246
2.5523,46.0,3.761016949152544
1.875,24.0,3.4392265193370166
3.5481,52.0,5.4880636604774535
6.7744,44.0,5.770700636942675
5.7204,15.0,6.553191489361702
4.5213,21.0,5.693117408906883
3.3295,39.0,4.346508563899868
2.8393,18.0,5.121165644171779
4.7703,52.0,5.070904645476773
3.825,27.0,4.5245098039215685
2.3187,34.0,5.184729064039409
1.9808,14.0,3.2865384615384614
5.1335,29.0,5.146883005977797
2.0833,20.0,4.311258278145695
7.9761,52.0,7.709756097560976
4.125,34.0,5.87218045112782
2.8401,9.0,5.354263565891473
5.5596,52.0,6.380952380952381
3.2125,19.0,5.2075471698113205
10.5424,16.0,7.598615916955017
6.0097,12.0,7.047058823529412
4.9327,8.0,6.083870967741936
3.0469,32.0,5.5625
0.4999,43.0,7.846153846153846
3.6333,7.0,7.2434554973821985
4.4083,17.0,6.551181102362205
2.4861,25.0,5.834123222748815
3.2759,18.0,5.340673575129534
2.2007,21.0,3.617610062893082
3.6953,26.0,3.9094890510948894
2.8393,35.0,4.30188679245283
5.8864,13.0,5.23943661971831
4.6053,30.0,4.467954345917471
3.8085,27.0,4.351885098743267
1.3125,37.0,3.25
4.0074,52.0,4.367965367965368
3.1364,18.0,3.629032258064516
3.2708,40.0,6.857142857142857
4.6389,34.0,5.664383561643835
1.1859,52.0,2.922023182297155
1.5613,16.0,3.8675
2.1949,22.0,5.1937984496124034
2.6847,18.0,5.704152249134948
1.6094,16.0,4.2926829268292686
5.5584,23.0,6.967889908256881
7.0217,25.0,8.023136246786633
3.9028,52.0,12.90188679245283
5.6454,52.0,5.086142322097379
2.375,11.0,5.965116279069767
0.9513,43.0,3.727536231884058
1.7165,30.0,4.345679012345679
4.0909,34.0,6.151869158878505
5.1755,14.0,6.38646967340591
3.0167,39.0,4.087234042553192
2.25,33.0,3.298464491362764
13.4883,4.0,8.434426229508198
6.195,26.0,6.324817518248175
4.3,32.0,5.740112994350283
11.7064,17.0,9.361702127659576
2.8983,48.0,4.448905109489052
5.0463,52.0,5.793220338983051
4.3654,31.0,5.155555555555556
3.7763,36.0,5.686274509803922
4.2019,25.0,3.625441696113074
2.1333,31.0,3.93065693430657
2.7374,9.0,4.433444259567388
0.7685,39.0,2.752212389380531
4.0429,32.0,4.863340563991323
2.7813,10.0,5.30478589420655
2.4701,28.0,3.622262773722628
1.5208,28.0,4.425954198473282
3.1028,17.0,5.137254901960785
3.6629,33.0,5.383084577114428
4.3458,21.0,5.660433070866142
5.5843,31.0,5.203240058910162
1.4886,11.0,3.859375
2.6591,26.0,7.22457627118644
2.5904,23.0,4.659630606860159
6.2547,49.0,5.163461538461538
2.56,34.0,2.761648745519713
6.174,52.0,7.639830508474576
2.875,35.0,4.520725388601036
5.5456,50.0,5.678571428571429
3.6477,15.0,8.33495145631068
2.3681,39.0,3.922459893048128
2.883,28.0,5.875930521091812
2.625,20.0,6.315789473684211
9.0702,43.0,7.335051546391752
2.7813,19.0,5.310476190476191
2.45,17.0,8.973684210526315
4.8497,19.0,5.730994152046784
3.9632,20.0,5.742857142857143
4.2599,35.0,6.154166666666667
3.3715,52.0,5.105882352941176
5.6605,17.0,6.064056939501779
7.0913,23.0,5.95
3.1645,27.0,4.359375
9.8177,22.0,8.088180112570356
3.0893,22.0,3.859300476947536
2.1818,35.0,4.473413379073756
1.4702,41.0,4.564285714285714
2.082,17.0,4.526466380543634
5.3292,34.0,5.540322580645161
3.3536,17.0,4.2419962335216574
1.9107,37.0,4.53954802259887
5.7843,5.0,5.923990498812351
2.2684,31.0,2.755134281200632
6.0621,20.0,6.512195121951219
3.6411,19.0,5.892173913043478
4.4239,16.0,4.896551724137931
5.7361,39.0,6.451612903225806
4.7926,27.0,5.388235294117648
4.3438,39.0,4.1506849315068495
3.1917,35.0,3.908759124087591
1.7188,17.0,4.5443645083932855
3.0417,44.0,4.333333333333333
1.6645,20.0,5.671814671814672
2.1711,45.0,4.713432835820895
3.6815,17.0,4.765864332603939
6.7741,9.0,6.922063666300768
3.1985,20.0,3.523029682702149
4.1375,26.0,5.789644012944984
4.0125,52.0,4.375621890547263
5.0114,18.0,5.810623556581986
2.1542,36.0,3.8597014925373134
2.8281,29.0,5.1167763157894735
4.3942,44.0,5.206896551724138
4.9688,35.0,5.380597014925373
6.1437,17.0,9.252155172413794
2.5197,35.0,3.4686868686868686
4.1023,45.0,5.95575221238938
4.1071,37.0,6.272842639593908
3.7167,48.0,4.381877022653722
3.5673,17.0,5.453731343283582
1.2029,28.0,5.608208955223881
3.25,37.0,4.2349726775956285
4.7589,16.0,5.200923787528868
2.599,44.0,4.287390029325513
8.8386,35.0,6.680965147453083
3.6083,33.0,5.445
10.5575,32.0,7.344
4.125,32.0,6.151282051282052
2.2069,52.0,3.398663697104677
5.2131,27.0,6.51207729468599
4.0461,37.0,4.739669421487603
3.875,21.0,4.828214971209213
3.2656,15.0,5.242792109256449
8.7835,52.0,7.539184952978056
4.4375,39.0,4.888111888111888
1.7386,38.0,4.129032258064516
3.8732,21.0,3.668500687757909
2.3111,19.0,3.872785829307568
1.3269,19.0,3.987577639751553
2.7361,14.0,4.206611570247934
3.8355,15.0,6.419753086419753
4.3958,10.0,6.15450643776824
2.7431,51.0,3.857142857142857
0.9809,19.0,3.187725631768953
4.2232,33.0,6.1896955503512885
3.5488,42.0,4.821576763485477
1.6469,24.0,4.274193548387097
3.9909,14.0,4.608303249097473
1.9429,39.0,3.8534599728629577
5.4741,24.0,6.587798845836768
3.0125,40.0,4.271428571428571
2.4583,13.0,6.104
4.9583,33.0,6.551532033426184
2.63,29.0,3.496212121212121
3.7,35.0,4.491452991452992
1.8417,13.0,4.770642201834862
2.0706,46.0,4.158620689655172
3.7,35.0,4.50997150997151
2.1149,43.0,5.364077669902913
4.1995,34.0,5.607792207792208
2.46,14.0,6.205574912891986
5.3184,41.0,6.253521126760563
3.8571,52.0,5.044943820224719
3.8571,37.0,4.411700975081256
2.5143,52.0,4.971938775510204
2.3205,29.0,4.636513157894737
3.4018,52.0,5.128378378378378
5.0201,18.0,5.601336302895323
1.5781,31.0,4.569739952718676
5.2149,13.0,6.261261261261262
2.8561,36.0,4.259189443920829
3.2237,31.0,4.65792759051186
6.9833,10.0,10.765466297322252
3.5592,36.0,4.284431137724551
7.2909,14.0,6.176136363636363
6.2223,52.0,5.959558823529412
4.5659,5.0,6.012958963282937
4.0764,32.0,4.979716024340771
8.2737,7.0,7.364768683274021
4.2865,38.0,5.757255936675461
4.9867,7.0,4.826747720364741
5.7104,5.0,6.526867627785059
1.9038,35.0,4.155080213903744
4.1,36.0,6.487179487179487
3.4561,20.0,5.451171875
1.875,18.0,4.285198555956678
2.6734,26.0,4.238938053097345
1.5536,39.0,3.2965931863727453
2.5896,27.0,4.598930481283422
4.0154,33.0,5.211161387631976
2.7232,35.0,5.385416666666667
7.001,26.0,7.885245901639344
15.0001,14.0,8.35423197492163
3.2446,31.0,4.228956228956229
2.0714,18.0,5.813253012048193
3.7054,47.0,5.3366583541147135
3.5522,11.0,6.0494044993383325
3.9628,29.0,5.862068965517241
4.375,21.0,6.35
3.3409,34.0,5.0633333333333335
1.3287,43.0,4.036723163841808
2.4952,14.0,5.708609271523179
2.3889,44.0,4.933806146572104
3.6893,52.0,2.9536621823617337
6.767,52.0,6.454268292682927
3.625,6.0,4.618012422360248
2.875,17.0,4.417040358744394
4.5594,33.0,5.351548269581056
4.5278,44.0,4.032051282051282
5.5608,35.0,5.948818897637795
2.5553,16.0,3.717870257037944
1.6341,38.0,3.355481727574751
5.2442,26.0,6.367441860465116
1.9041,30.0,4.49738219895288
7.9059,38.0,6.5479452054794525
3.6953,34.0,4.891203703703703
2.89,43.0,5.221238938053097
3.1724,41.0,5.0625
3.0404,25.0,4.2631578947368425
3.9091,44.0,5.005586592178771
3.0568,19.0,4.267898383371825
2.6536,22.0,4.993927125506073
2.6429,32.0,3.727005870841488
12.2478,10.0,8.186224489795919
4.0154,12.0,4.710490463215259
4.0556,49.0,4.968599033816425
1.7422,21.0,5.011299435028248
3.5878,43.0,4.634228187919463
4.4271,35.0,5.813880126182966
1.8208,26.0,4.738430583501006
6.8879,44.0,8.717171717171718
4.1162,27.0,6.334224598930481
1.4444,32.0,2.225563909774436
4.25,44.0,3.800492610837439
2.7125,40.0,4.7478991596638656
2.4706,28.0,3.833910034602076
1.9265,29.0,11.415929203539823
2.4526,29.0,5.782051282051282
1.724,52.0,2.2785657998423954
2.5083,41.0,4.268965517241379
1.2434,52.0,4.3619047619047615
1.6865,19.0,6.211699164345404
1.655,23.0,5.95045045045045
5.0,41.0,6.790123456790123
3.1786,34.0,2.8907563025210083
5.2606,43.0,5.634615384615385
7.8252,10.0,8.437611408199643
3.0992,9.0,4.342857142857143
4.4561,12.0,6.094874591057797
5.4904,15.0,6.429611650485437
5.3028,35.0,6.026128266033254
4.2986,36.0,6.036734693877551
1.4766,23.0,4.143947655398037
4.7578,31.0,5.671052631578948
4.2566,16.0,4.924731182795699
3.1442,50.0,4.708708708708708
2.9808,38.0,5.670588235294118
2.6979,33.0,4.075242718446602
4.875,10.0,5.168021680216802
3.3125,42.0,4.890675241157556
4.125,29.0,5.373313343328336
4.1458,35.0,5.141486810551559
4.036,5.0,13.885901162790695
2.2721,45.0,4.253112033195021
3.3594,22.0,5.623115577889447
3.2734,32.0,4.239583333333333
4.0833,34.0,5.414673046251994
3.8438,14.0,5.637305699481865
3.2469,33.0,4.560301507537688
2.8971,50.0,5.507462686567164
2.4728,20.0,4.494974874371859
6.553,41.0,7.12
6.6288,7.0,6.802554027504912
2.5267,14.0,3.359570661896244
2.2215,15.0,5.352472089314195
5.4482,20.0,4.577235772357724
3.5977,23.0,5.439914163090129
1.6719,41.0,3.908011869436202
2.6544,17.0,5.926553672316384
2.3944,48.0,3.729096989966555
5.7817,26.0,7.100217864923748
3.2778,13.0,6.469064748201439
2.7714,8.0,3.753956834532374
1.6731,41.0,4.036827195467422
4.0189,43.0,5.036511156186613
3.089,18.0,3.997126436781609
3.6025,15.0,5.121304791029561
1.7273,19.0,3.432314410480349
3.1118,29.0,4.493372606774669
2.5926,24.0,4.775609756097561
6.7273,9.0,9.169519152404238
4.5699,36.0,5.598173515981735
2.1154,28.0,5.12156862745098
3.0313,18.0,5.304239401496259
3.3156,42.0,4.202830188679245
1.7052,48.0,4.238095238095238
3.2056,7.0,5.564485981308411
4.7237,27.0,6.280991735537191
5.8411,34.0,6.49800796812749
6.1159,52.0,6.855614973262032
1.4866,39.0,4.202846975088968
8.9088,7.0,8.014003294892916
2.537,44.0,3.561009817671809
1.808,52.0,4.780856423173804
4.0365,18.0,5.9742489270386265
4.125,52.0,5.792857142857143
3.3438,50.0,5.102787456445993
3.8203,17.0,6.1923076923076925
3.8259,33.0,5.2727272727272725
2.2583,42.0,3.761764705882353
2.6629,21.0,4.858156028368795
1.8333,38.0,4.576923076923077
3.5227,38.0,4.584269662921348
5.678,28.0,5.859259259259259
6.5648,32.0,7.355844155844156
4.6394,13.0,18.97706422018349
1.6948,15.0,5.676646706586826
12.4291,34.0,9.666666666666666
3.0603,46.0,5.353944562899787
3.3675,33.0,4.84144645340751
2.2,28.0,3.719360568383659
4.2432,13.0,6.350568769389866
3.2594,36.0,4.05958549222798
4.0526,36.0,5.639506172839506
3.1136,36.0,5.713498622589532
2.8155,30.0,5.52054794520548
2.775,31.0,5.160493827160494
3.9904,47.0,5.217162872154115
5.5133,37.0,4.593220338983051
7.7876,13.0,7.696287025448477
1.886,23.0,4.610294117647059
2.7092,35.0,4.389952153110048
4.5417,45.0,6.395017793594306
2.4167,36.0,4.732984293193717
4.7734,41.0,6.572549019607843
4.1411,43.0,5.266798418972332
0.8075,52.0,2.490322580645161
3.175,37.0,5.337110481586402
5.3813,23.0,6.924558587479936
8.4802,34.0,6.895397489539749
2.425,16.0,5.08
4.559,23.0,6.556213017751479
5.0249,5.0,7.024615384615385
3.6417,28.0,4.63943161634103
3.8954,27.0,5.5548523206751055
4.0507,34.0,4.984126984126984
2.3583,26.0,4.881987577639752
3.0189,29.0,5.557065217391305
2.1691,39.0,4.023668639053255
3.1625,28.0,4.319047619047619
1.832,39.0,5.115151515151515
7.8164,52.0,6.562176165803109
4.0556,20.0,4.405769230769231
4.1544,16.0,6.405566600397615
7.0113,16.0,6.6861702127659575
4.6635,13.0,6.231527093596059
6.9635,5.0,4.38563829787234
3.6894,52.0,4.372964169381108
1.7868,25.0,5.852739726027397
3.2279,43.0,5.662790697674419
2.6875,23.0,6.357446808510638
4.65,21.0,7.485232067510548
4.5595,35.0,5.642361111111111
0.9518,27.0,3.0179640718562872
4.1354,52.0,5.202868852459017
1.755,47.0,4.516717325227964
6.5799,26.0,5.835106382978723
2.375,32.0,3.256756756756757
3.0181,10.0,5.758620689655173
5.0828,14.0,6.79107505070994
3.5179,22.0,3.168085106382979
2.398,18.0,5.395299145299146
1.7115,51.0,3.3595800524934383
3.3173,12.0,4.00462962962963
6.287,34.0,6.2680965147453085
4.3317,43.0,4.729903536977492
4.75,44.0,5.726114649681529
4.877,6.0,4.782552083333333
2.0536,44.0,2.76605504587156
6.6331,36.0,6.228699551569507
6.7105,32.0,5.421052631578948
2.1875,49.0,4.571428571428571
3.6625,45.0,4.850877192982456
3.4773,36.0,5.452768729641694
2.5383,11.0,4.471327572663001
2.7778,8.0,5.403641881638847
3.6106,18.0,4.3934681181959565
2.875,17.0,5.691082802547771
3.8512,17.0,3.93812375249501
4.2614,36.0,5.506203473945409
3.0982,18.0,4.7700258397932815
4.4107,17.0,6.426966292134831
5.7393,9.0,5.792270531400966
3.1792,31.0,3.712328767123288
4.2259,3.0,6.495501285347044
1.9615,43.0,3.844884488448845
4.3125,34.0,5.535433070866142
1.4871,27.0,3.9380952380952383
3.5673,11.0,5.932584269662922
3.0568,41.0,4.868243243243243
1.9423,22.0,2.6218487394957983
1.4125,52.0,4.381443298969073
2.3,40.0,3.818840579710145
4.1382,15.0,5.562105263157894
4.0619,17.0,5.979605263157895
2.6397,23.0,4.098550724637681
0.971,12.0,3.49937106918239
6.2552,20.0,7.7313769751693
2.0978,13.0,5.196185286103543
6.2217,27.0,6.831831831831832
3.3849,16.0,3.5700416088765605
0.7075,35.0,3.2908496732026142
4.6978,24.0,5.663313212608987
3.7552,45.0,5.178362573099415
3.8958,52.0,5.362989323843417
3.1711,44.0,4.033783783783784
7.6245,21.0,6.663822525597269
2.4583,29.0,3.821428571428572
3.9722,52.0,4.71608040201005
3.2377,32.0,4.521590130226183
4.2019,46.0,5.427230046948357
3.125,36.0,6.444444444444445
1.9528,13.0,4.23142509135201
3.6037,5.0,3.584183673469388
4.2417,33.0,5.808126410835214
3.5,30.0,5.728882833787466
3.7772,26.0,5.412413793103449
3.175,18.0,5.6272965879265096
3.5268,29.0,4.423337856173677
7.3561,35.0,6.6971428571428575
1.0951,40.0,4.139359698681733
3.2865,52.0,4.8839590443686
3.3869,30.0,5.135384615384615
9.3092,39.0,7.234285714285714
2.4643,35.0,3.892514395393474
6.4967,15.0,6.180904522613066
11.6833,21.0,8.497635933806146
3.3479,30.0,4.73225516621743
4.2989,34.0,4.787658802177859
1.975,26.0,5.282786885245901
2.9524,31.0,3.933793103448276
1.7774,23.0,3.636898920510304
2.5703,45.0,4.874251497005988
3.0744,31.0,3.873096446700508
4.8787,33.0,6.104602510460251
2.4459,17.0,3.82487922705314
4.7098,52.0,5.955555555555556
3.6815,43.0,6.516129032258065
3.6667,40.0,5.989690721649485
4.5062,20.0,4.336134453781512
2.1618,25.0,5.183673469387755
2.775,24.0,3.100742311770944
2.8031,34.0,4.678988326848249
2.3533,39.0,4.842778793418647
3.2969,38.0,4.733812949640288
3.2937,13.0,6.832786885245902
6.5645,31.0,6.607973421926911
4.4375,48.0,5.474725274725275
5.8686,15.0,5.017114914425428
2.694,41.0,5.233333333333333
2.355,42.0,4.620352250489237
2.6902,25.0,6.671875
3.6,37.0,4.3497267759562845
6.5576,38.0,7.601823708206687
1.8977,28.0,2.7169811320754715
4.125,27.0,4.831460674157303
1.9018,25.0,6.114155251141552
3.9469,42.0,4.6750788643533125
3.3906,42.0,5.416974169741698
3.7167,43.0,5.418103448275862
0.4999,10.0,6.74
1.681,31.0,3.91970802919708
4.8047,15.0,4.93351548269581
5.6013,35.0,5.771428571428571
2.6667,52.0,5.652173913043479
4.7794,26.0,6.003597122302159
10.8082,42.0,7.41044776119403
3.3824,6.0,6.778061224489796
5.3269,19.0,9.142857142857142
7.5112,23.0,7.280757097791798
3.6528,34.0,6.640449438202247
2.5662,31.0,3.973579920739762
8.5621,23.0,7.329861111111111
1.4455,35.0,4.9621380846325165
6.02,19.0,5.368794326241135
2.6364,39.0,5.3486529318542
2.5179,26.0,5.334174022698613
4.5208,19.0,5.485074626865671
2.6019,31.0,3.829145728643216
2.9803,45.0,4.647577092511013
2.6429,52.0,3.746031746031746
1.87,38.0,2.8222222222222224
4.2218,37.0,5.351585014409222
2.875,52.0,3.874213836477987
2.8036,15.0,5.950282485875706
2.6607,25.0,5.584070796460177
1.712,36.0,6.307228915662651
4.5446,45.0,5.3951219512195125
4.1406,23.0,4.561151079136691
2.6949,15.0,5.496394230769231
4.9706,15.0,5.467116357504215
4.0469,33.0,5.597058823529411
3.7656,7.0,6.156937799043062
3.7533,26.0,6.460296096904441
3.1621,6.0,3.939516129032258
3.3897,37.0,4.827868852459017
6.2516,9.0,6.972375690607735
4.9801,36.0,6.327472527472527
2.2614,50.0,5.378698224852071
3.2721,11.0,4.522935779816514
2.6528,45.0,4.154285714285714
3.9,41.0,5.883720930232558
1.75,45.0,4.205607476635514
1.8929,41.0,6.74
2.6719,52.0,4.691075514874142
3.694,36.0,4.831360946745562
2.9184,12.0,4.480300187617261
7.2965,17.0,8.474242424242425
4.1544,19.0,4.791666666666667
5.2177,15.0,7.384449244060475
2.8835,17.0,4.447674418604652
3.0294,31.0,4.706161137440758
4.0833,35.0,4.7898550724637685
3.93,52.0,4.781578947368421
1.5625,21.0,3.930909090909091
3.9837,31.0,5.018651362984218
5.37,26.0,6.127579737335835
4.26,46.0,5.959785522788204
1.9257,27.0,4.20303605313093
5.0574,37.0,5.530487804878049
4.175,52.0,5.396694214876033
4.55,34.0,5.87215411558669
1.9766,42.0,4.586666666666667
3.8889,25.0,4.534883720930233
1.8355,29.0,4.487364620938628
3.6036,14.0,4.577677224736048
8.2037,7.0,6.008356545961003
2.9375,44.0,4.532846715328467
2.0057,34.0,3.977722772277228
3.4044,48.0,5.093085106382978
3.215,36.0,4.566666666666666
2.5833,19.0,3.156862745098039
3.6023,25.0,4.813953488372093
5.0867,24.0,4.703868103994927
1.9531,52.0,4.723333333333334
2.5547,36.0,3.647540983606557
9.8098,39.0,8.079881656804734
5.155,31.0,5.03074433656958
3.0536,34.0,4.620087336244541
4.875,26.0,5.42911877394636
3.5022,24.0,3.7716763005780334
3.0476,45.0,4.366245694603903
6.6199,18.0,6.666201117318436
5.4287,9.0,6.452261306532663
2.6491,5.0,4.482367758186398
2.462,6.0,3.232558139534884
6.6712,14.0,7.454308093994778
3.3937,52.0,4.095724907063197
2.9737,37.0,4.58008658008658
3.2993,25.0,5.553191489361702
2.5417,15.0,5.626666666666667
3.6186,52.0,4.472329472329473
3.4545,27.0,5.2889908256880735
2.4744,17.0,6.225854383358098
4.4211,35.0,5.3059701492537314
2.5556,24.0,4.864904552129222
7.6447,45.0,7.432748538011696
4.9444,12.0,12.447368421052632
4.2762,36.0,6.017291066282421
4.537,29.0,5.126126126126126
1.7121,46.0,4.0092879256965945
4.0614,8.0,4.6725888324873095
3.5988,9.0,5.715633423180593
2.551,30.0,3.1767241379310347
3.9646,32.0,5.316981132075472
5.8151,6.0,6.402616279069767
2.0335,33.0,4.448453608247423
6.0777,35.0,5.918681318681319
3.7574,33.0,6.135678391959799
3.7321,33.0,5.568281938325991
4.7094,14.0,5.2707296849087895
1.6728,37.0,5.0
2.0817,43.0,3.3198924731182795
6.1359,26.0,6.0
3.5052,26.0,4.835457705677868
5.5284,37.0,5.46360153256705
3.428,15.0,5.572317262830482
1.9766,27.0,3.685279187817259
2.5363,44.0,5.0641399416909625
5.7794,35.0,5.493554327808472
3.9,37.0,4.35279805352798
2.1187,37.0,4.668269230769231
4.6458,17.0,4.901960784313726
4.918,19.0,5.930555555555555
3.0521,36.0,3.769547325102881
3.4539,43.0,4.561068702290076
4.3227,16.0,5.711703958691911
5.1377,34.0,6.113924050632911
4.125,41.0,3.3666666666666667
6.5948,23.0,6.673622704507513
2.7143,34.0,3.55
3.2083,34.0,5.471264367816092
1.8015,26.0,3.5408163265306123
2.3869,16.0,4.792613636363637
3.6518,25.0,4.806818181818182
7.79,25.0,6.514367816091954
2.7273,44.0,4.5625
2.8837,38.0,4.240641711229946
2.0042,47.0,4.875739644970414
6.1085,52.0,6.415041782729805
5.565,17.0,7.577142857142857
1.9125,35.0,2.926829268292683
4.3333,31.0,4.8384279475982535
3.2154,20.0,4.133444338725024
3.4167,35.0,4.583333333333333
3.7917,23.0,5.624423963133641
1.6559,48.0,5.161662817551963
4.4667,34.0,5.812375249500998
4.0542,20.0,4.722175732217573
1.845,24.0,3.1207977207977207
1.7217,16.0,3.8107142857142855
3.5234,52.0,4.5770750988142295
2.1771,15.0,4.392496392496392
3.6346,39.0,5.17799352750809
1.5427,49.0,4.298969072164948
2.5556,52.0,5.0227272727272725
1.9891,26.0,4.6067039106145256
6.6137,26.0,7.25
3.1493,24.0,7.307322929171669
5.9582,18.0,7.485477178423237
4.3214,37.0,5.151394422310757
2.4728,18.0,5.3494055482166445
2.2969,20.0,4.873913043478261
1.69,18.0,4.423529411764706
3.0052,34.0,3.6564625850340136
3.0114,16.0,7.847457627118644
6.0302,16.0,7.008849557522124
2.2132,34.0,4.858044164037855
9.6465,5.0,7.902474526928676
5.0255,45.0,6.487394957983193
4.0905,13.0,6.197026022304833
4.0208,36.0,5.027027027027027
5.7309,36.0,4.938053097345133
2.6083,36.0,6.6856060606060606
2.0202,22.0,5.851703406813627
3.4792,34.0,4.624338624338624
6.1076,26.0,6.134907251264756
2.25,46.0,4.320224719101123
3.575,18.0,3.5566265060240965
5.6856,9.0,9.275720164609051
3.9792,16.0,5.838074398249453
4.9102,32.0,5.995994659546062
3.5744,20.0,5.07037643207856
4.0955,22.0,4.888217522658611
3.75,38.0,5.275229357798165
1.7941,22.0,4.216145833333333
3.5707,29.0,5.50379746835443
2.2222,34.0,4.935064935064935
2.3087,11.0,5.364518250575468
3.6875,39.0,4.436018957345971
2.5625,18.0,3.473529411764706
3.7188,8.0,5.010213277260439
10.3653,22.0,7.3364705882352945
3.2632,38.0,4.848039215686274
6.8322,52.0,7.320121951219512
3.2188,39.0,2.0434782608695654
4.8021,45.0,5.927536231884058
1.7276,50.0,4.036363636363636
3.7863,34.0,5.575129533678757
4.0536,46.0,5.889830508474576
1.375,49.0,5.030395136778116
4.2227,28.0,4.899532710280374
3.6169,28.0,4.111702127659575
3.1125,11.0,5.705696202531645
1.75,47.0,4.0
3.375,39.0,6.027027027027027
4.4728,17.0,6.042857142857143
3.4167,36.0,5.220238095238095
2.8281,33.0,4.204761904761905
3.2308,39.0,4.478036175710594
3.4047,26.0,4.481052631578947
3.8472,35.0,6.296482412060302
4.7953,26.0,4.843423799582464
2.9821,32.0,6.576923076923077
2.7797,15.0,5.343520782396088
2.7788,45.0,4.210416666666666
1.615,42.0,4.824
1.125,46.0,5.714285714285714
5.8692,52.0,7.125
2.6165,52.0,5.174418604651163
2.239,37.0,3.697552447552448
3.5804,30.0,5.583638583638583
4.6845,20.0,5.187322611163671
3.4286,44.0,4.136085626911315
6.746,5.0,7.080645161290323
6.0307,35.0,5.263921113689095
2.6328,31.0,4.468978102189781
3.8542,30.0,6.249363867684479
5.0505,52.0,4.653846153846154
2.325,18.0,3.681899641577061
9.5221,48.0,7.021317829457364
7.8647,52.0,7.112962962962963
4.2361,19.0,7.132471728594507
4.6923,37.0,5.271493212669683
3.1462,19.0,2.76530612244898
3.15,16.0,29.852941176470587
2.8233,31.0,4.0607476635514015
7.2845,19.0,7.052631578947368
5.6683,24.0,6.080882352941177
4.9359,15.0,6.525316455696203
2.7312,52.0,6.519230769230769
4.4643,35.0,5.710059171597633
5.888,13.0,5.922448979591837
7.1673,14.0,5.506811989100817
5.4786,18.0,6.488921713441655
4.4911,20.0,5.906896551724138
1.625,38.0,6.304347826086956
2.1094,52.0,2.0595238095238093
1.625,52.0,3.4285714285714284
2.3333,45.0,5.157894736842105
3.8913,40.0,5.666666666666667
3.2765,18.0,6.326271186440678
4.9904,29.0,6.328260869565217
4.0972,38.0,5.595982142857143
3.2852,17.0,5.5353260869565215
3.1306,45.0,4.347626339969372
1.9432,39.0,5.565625
4.7574,10.0,4.978978978978979
5.8393,14.0,6.082125603864735
4.5774,36.0,4.9614243323442135
3.2361,28.0,3.654054054054054
5.9224,24.0,6.349397590361446
5.0514,48.0,5.971677559912854
1.5758,11.0,4.789346246973365
2.4342,22.0,5.086666666666667
3.4312,18.0,5.188916876574307
3.1964,36.0,4.151724137931034
4.7679,28.0,6.899598393574297
2.5444,35.0,3.3746223564954683
3.7308,34.0,5.048611111111111
3.2639,22.0,5.5046728971962615
4.7105,3.0,3.769314472252448
5.6739,14.0,7.896272285251215
2.1414,46.0,2.8577319587628867
1.95,21.0,5.510729613733906
6.0,10.0,6.4498714652956295
2.5673,48.0,5.266187050359712
2.2267,25.0,3.2448979591836733
5.0912,44.0,6.457575757575758
2.4132,11.0,4.198895027624309
3.0296,52.0,3.504819277108434
3.5174,36.0,4.5479452054794525
3.1979,20.0,5.186676994577847
3.7917,16.0,6.155294117647059
2.8295,38.0,4.506887052341598
3.6106,27.0,4.469262295081967
3.7143,31.0,4.517829457364341
3.8088,34.0,5.630573248407643
1.6647,35.0,4.290106951871658
4.194,47.0,5.092857142857143
5.2261,36.0,6.065217391304348
6.4044,25.0,7.11617312072893
3.6,43.0,5.109756097560975
3.9375,48.0,4.643939393939394
1.6625,43.0,3.85
4.8125,18.0,5.992405063291139
3.9038,35.0,4.535830618892508
2.0114,38.0,4.412903225806452
1.7763,52.0,3.0526315789473686
2.2639,15.0,3.845528455284553
2.625,41.0,3.115479115479116
1.9236,52.0,4.5064935064935066
2.4776,43.0,4.569832402234637
3.25,19.0,5.800469483568075
1.5147,44.0,4.701587301587302
3.5833,39.0,5.279220779220779
3.9875,24.0,6.076517150395778
2.7298,25.0,5.968253968253968
6.1426,32.0,6.621973929236499
3.1103,16.0,5.421296296296297
2.9241,32.0,6.084269662921348
1.8299,24.0,5.24331550802139
3.16,14.0,3.204933586337761
2.6716,34.0,3.9588477366255135
3.9375,17.0,5.203647416413374
6.0957,32.0,5.50597609561753
5.2146,16.0,28.432142857142857
3.3715,52.0,3.843388960205392
3.6625,33.0,5.224719101123595
3.5179,36.0,6.013888888888889
4.8173,22.0,5.536231884057971
2.9286,20.0,4.507142857142857
1.2412,36.0,2.186111111111111
2.5658,14.0,4.815483870967742
5.2563,17.0,10.32116788321168
1.867,23.0,4.701587301587302
3.5769,32.0,5.466472303206997
6.2971,13.0,6.25
3.1875,26.0,3.92183908045977
2.5,49.0,4.306603773584905
3.154,23.0,5.923312883435583
3.5745,14.0,4.571428571428571
2.2368,38.0,4.444444444444445
3.7766,19.0,5.138211382113822
4.625,52.0,5.3681592039801
2.6544,12.0,5.958333333333333
3.2632,8.0,5.466666666666667
4.1477,32.0,4.879098360655738
10.0791,27.0,7.268292682926829
4.3077,31.0,4.443661971830986
4.0379,34.0,5.275862068965517
3.2727,52.0,4.442982456140351
2.4348,34.0,4.911290322580645
3.3125,11.0,5.361736334405145
6.1464,34.0,6.309255079006772
5.6611,42.0,5.932515337423313
5.2384,35.0,5.543269230769231
6.4744,23.0,8.11328125
2.6071,16.0,5.775067750677507
3.7796,21.0,5.256997455470738
3.2132,39.0,5.517543859649122
2.8438,34.0,4.620967741935484
4.125,35.0,5.754414125200642
4.775,36.0,6.707865168539326
2.6311,42.0,4.968421052631579
3.6196,5.0,4.991044776119403
3.2176,16.0,4.22671568627451
5.5636,38.0,6.291176470588235
4.3851,16.0,5.531365313653136
3.6897,25.0,4.1437125748503
7.333,23.0,7.811188811188811
1.9234,43.0,4.821022727272728
6.299,16.0,7.628647214854111
1.725,52.0,3.386215864759428
2.9312,52.0,4.39367816091954
6.2519,26.0,7.330464716006885
4.85,7.0,6.278894472361809
7.3339,17.0,7.275092936802974
2.9231,21.0,4.005970149253732
4.023,35.0,5.217798594847775
4.4,51.0,4.883449883449884
3.6587,32.0,5.524038461538462
3.0079,25.0,4.170229007633588
1.9286,33.0,3.912772585669782
1.9694,14.0,6.853745541022592
4.6354,36.0,5.841911764705882
2.1782,29.0,5.326145552560647
2.625,31.0,4.416666666666667
6.4288,26.0,7.0752
4.3929,52.0,5.432
4.5033,7.0,5.2917888563049855
5.7768,49.0,6.275035260930888
3.2011,48.0,4.941463414634146
4.0,38.0,4.56140350877193
1.684,41.0,4.226628895184136
1.8036,42.0,5.459893048128342
3.8583,52.0,5.085889570552148
5.149,16.0,6.851258581235698
2.5833,25.0,3.4672454617206
4.8623,18.0,11.22844827586207
3.0446,32.0,4.895074946466809
7.1198,32.0,7.39906103286385
1.6504,43.0,3.639751552795031
2.4196,44.0,3.874617737003058
8.5407,22.0,7.366847826086956
1.8438,35.0,4.623853211009174
1.2091,39.0,4.282913165266106
2.3382,11.0,5.568548387096774
2.8614,30.0,5.101851851851852
1.2614,42.0,3.729641693811075
6.2924,39.0,6.171779141104294
5.1696,52.0,6.115902964959568
6.0116,34.0,5.740259740259741
3.1415,19.0,3.318077803203661
6.1104,32.0,5.926470588235294
3.851,52.0,5.2690909090909095
5.9164,23.0,6.605194805194805
3.5625,41.0,5.16
3.5125,10.0,7.090128755364807
4.5682,21.0,5.905982905982906
3.6484,18.0,6.4983498349834985
3.1929,27.0,4.122905027932961
2.2946,34.0,4.161716171617162
3.0278,52.0,5.172932330827067
5.6798,4.0,6.395640930919837
2.7659,10.0,5.364192807957154
3.4792,33.0,6.744394618834081
4.3553,15.0,6.095588235294118
5.6765,25.0,6.279742765273312
4.09,44.0,4.719424460431655
2.0673,18.0,5.413793103448276
4.4375,52.0,4.57286432160804
2.1304,25.0,5.448559670781893
3.2344,44.0,5.045081967213115
1.7188,43.0,4.181818181818182
3.5789,28.0,5.278438030560272
2.5208,41.0,5.569672131147541
3.445,8.0,4.784123910939012
2.5043,41.0,5.465217391304348
2.4567,43.0,5.006578947368421
3.139,25.0,4.240480961923848
5.9399,10.0,6.0364238410596025
4.4081,39.0,4.657360406091371
5.2166,17.0,5.078073089700997
4.131,52.0,5.854054054054054
3.5711,32.0,4.707964601769912
6.1359,52.0,8.275862068965518
3.8,42.0,4.38974358974359
6.2488,16.0,5.461538461538462
5.3057,26.0,4.596875
3.9356,4.0,4.622317596566524
4.9732,35.0,4.975
4.6932,4.0,5.260137719969396
4.556,23.0,6.115591397849462
5.9508,16.0,6.039906103286385
5.1629,20.0,6.178787878787879
6.8279,2.0,8.78297161936561
2.4545,36.0,4.045662100456621
4.2885,16.0,5.71733771569433
2.415,16.0,4.923270440251573
4.4474,42.0,4.176829268292683
2.3319,15.0,5.488745980707395
1.8529,46.0,5.356037151702786
2.0655,37.0,4.684210526315789
3.3182,19.0,6.283236994219653
4.1926,12.0,3.890977443609023
2.4605,43.0,4.082228116710875
4.0039,30.0,5.180602006688964
5.3679,18.0,4.5055350553505535
2.9183,46.0,5.296969696969697
4.0,31.0,4.990521327014218
3.825,52.0,5.465753424657534
4.7941,24.0,5.986111111111111
4.2448,4.0,6.512658227848101
3.0417,2.0,7.040816326530612
4.1295,29.0,5.332361516034985
4.8229,23.0,6.351618705035971
2.1842,40.0,4.325102880658436
2.8941,39.0,5.5030549898167
0.9011,50.0,6.229508196721311
8.2375,14.0,8.916363636363636
2.1513,52.0,4.141176470588236
4.1656,24.0,4.687951807228916
4.8017,39.0,5.669950738916256
10.5144,8.0,7.981052631578947
9.0376,20.0,6.844765342960288
2.1532,28.0,4.301136363636363
2.5625,12.0,7.020527859237537
3.3315,18.0,5.345565749235474
4.0467,8.0,6.05985401459854
3.2813,31.0,6.162679425837321
5.7452,14.0,7.0285087719298245
4.2778,16.0,6.188365650969529
4.15,14.0,6.517578125
2.6934,17.0,3.614849187935034
3.6597,29.0,5.843373493975903
3.5775,33.0,5.767857142857143
2.9141,11.0,9.855371900826446
1.5812,39.0,3.837920489296636
2.5551,12.0,5.676891615541923
4.8583,28.0,5.983333333333333
4.1696,30.0,6.083333333333333
3.9261,23.0,5.44839255499154
2.1042,19.0,5.884758364312268
2.6442,31.0,4.391812865497076
1.8594,12.0,3.755403868031854
1.5272,41.0,4.614583333333333
4.2788,10.0,5.375
8.1513,31.0,5.590733590733591
5.3146,33.0,5.201183431952662
3.0559,20.0,5.803625377643504
2.3339,16.0,3.761658031088083
6.7685,21.0,8.452914798206278
4.2594,36.0,5.366391184573002
1.8396,44.0,4.775628626692456
7.7197,4.0,6.153846153846154
2.825,16.0,4.648464163822526
4.3523,17.0,6.681102362204724
12.9758,24.0,8.735401459854014
6.7669,35.0,5.168560606060606
3.4712,40.0,4.798561151079137
13.3913,25.0,8.869047619047619
8.338,52.0,8.297101449275363
1.9028,47.0,3.784926470588236
5.3986,32.0,6.94468085106383
1.7159,25.0,4.56283185840708
1.0612,15.0,2.5535714285714284
2.1509,16.0,4.264227642276423
5.8964,36.0,5.932489451476793
7.1264,34.0,4.261904761904762
5.1519,15.0,5.067019400352733
2.515,34.0,5.319148936170213
5.0391,28.0,5.867796610169491
2.8378,25.0,4.099778270509978
3.692,34.0,5.067605633802817
1.9732,47.0,4.961038961038961
4.1417,52.0,4.864406779661017
4.6406,50.0,6.1
7.4581,9.0,6.429411764705883
2.3566,22.0,5.4966329966329965
2.3583,41.0,4.543478260869565
4.5417,21.0,5.9035087719298245
5.9596,43.0,4.70945945945946
2.0221,25.0,4.728597449908925
4.1304,18.0,4.674367436743674
2.9934,14.0,5.315656565656566
3.8125,15.0,5.460365853658536
3.9345,41.0,5.663194444444445
3.6401,21.0,4.361349342481418
4.2071,14.0,3.9169288860918816
5.7115,16.0,6.17741935483871
4.9335,13.0,6.719399538106235
5.5789,36.0,5.365461847389558
4.7143,46.0,5.882845188284519
3.9211,20.0,5.582222222222223
3.8125,29.0,4.638537271448664
1.7188,40.0,5.458333333333333
5.2595,20.0,6.941684665226782
3.5488,8.0,4.768218623481781
1.1979,33.0,2.0207253886010363
6.837,20.0,6.503225806451613
5.0424,45.0,5.540350877192982
5.7214,16.0,6.231428571428571
5.4688,38.0,6.262135922330097
7.9338,4.0,7.9296
1.6021,29.0,4.56
7.2013,12.0,7.355691056910569
4.5833,42.0,5.2810077519379846
2.2165,32.0,4.395397489539749
3.1375,31.0,5.25
11.1768,52.0,6.461773700305811
3.5909,25.0,4.055806938159879
2.1289,52.0,3.021172638436482
3.625,28.0,3.9756888168557536
3.2396,24.0,7.90728476821192
4.5337,31.0,5.524390243902439
3.1982,29.0,4.78698224852071
1.8173,31.0,3.0076335877862594
6.4214,14.0,6.008849557522124
5.928,6.0,5.739922694643843
1.9426,32.0,3.9579349904397705
3.9028,28.0,4.853277835587929
3.1439,40.0,5.102836879432624
3.125,9.0,6.657754010695188
2.8321,29.0,4.823529411764706
6.6246,9.0,6.611457036114571
15.0001,46.0,9.203947368421051
2.6759,17.0,4.631205673758865
3.4634,37.0,5.505586592178771
2.6631,26.0,3.8046783625731
2.7838,19.0,4.640148011100832
1.4387,37.0,5.11734693877551
2.7348,52.0,4.071278825995807
6.3054,14.0,7.03921568627451
2.5536,25.0,4.510791366906475
1.5491,20.0,1.64
1.1296,34.0,4.356502242152466
4.2039,11.0,6.7539267015706805
4.6477,38.0,5.03728813559322
6.5814,33.0,7.435448577680525
10.3894,32.0,7.320833333333334
3.4875,15.0,5.74247491638796
2.85,15.0,2.839517625231911
3.8462,49.0,5.365122615803815
2.6618,19.0,4.666666666666667
3.6413,40.0,4.604735883424408
6.4666,37.0,6.608910891089109
5.4024,47.0,4.906716417910448
3.8056,11.0,3.988919667590028
4.2895,4.0,4.004213483146067
5.2655,28.0,5.532028469750889
5.5919,17.0,5.994227994227995
1.875,32.0,9.161111111111111
2.2287,29.0,3.707865168539326
4.5313,38.0,6.663043478260869
1.625,52.0,3.0320855614973263
2.0643,37.0,3.751121076233184
5.296,35.0,6.806083650190114
3.3074,34.0,5.71578947368421
3.2,52.0,6.108374384236453
2.0353,32.0,4.706855791962175
4.9917,26.0,5.387387387387387
4.275,36.0,5.576923076923077
4.1099,8.0,6.081680280046674
7.0309,29.0,5.436781609195402
4.1473,22.0,4.826086956521739
3.9943,7.0,5.732044198895028
2.025,46.0,4.565126050420168
4.8164,32.0,7.04833836858006
2.9422,32.0,4.931608133086876
4.5268,42.0,5.045112781954887
2.4688,40.0,3.647230320699709
3.024,36.0,4.024096385542169
1.9386,17.0,4.406103286384977
3.0469,25.0,6.386666666666667
4.0781,8.0,5.300925925925926
1.6699,42.0,3.6096822995461424
1.625,30.0,3.674766355140187
2.975,21.0,5.816568047337278
5.7039,19.0,5.674285714285714
5.1099,26.0,5.7664092664092665
4.2149,42.0,4.933806146572104
3.4912,7.0,8.355308219178083
5.9369,5.0,7.855313700384123
2.75,24.0,3.5291073738680465
2.5643,37.0,4.763975155279503
5.5756,41.0,4.542857142857143
2.5966,14.0,3.950892857142857
2.3269,34.0,4.494623655913978
4.3553,42.0,6.449685534591195
4.7034,5.0,4.85781990521327
3.4107,33.0,5.954022988505747
2.1522,39.0,3.7813021702838063
1.9208,33.0,4.796208530805687
3.2852,39.0,4.909930715935335
2.2262,4.0,4.012165450121654
4.2098,35.0,5.673151750972763
2.9018,22.0,4.753346080305928
7.2692,40.0,6.816425120772947
2.465,40.0,4.306666666666667
4.8167,24.0,5.514734774066798
2.5719,32.0,4.370253164556962
4.7961,4.0,4.825174825174825
4.8182,19.0,16.78846153846154
2.9883,41.0,4.538314176245211
5.3044,11.0,6.619883040935672
4.8661,24.0,6.358455882352941
2.7396,7.0,6.548076923076923
12.5,7.0,4.444444444444445
6.0824,3.0,5.0904467853251
2.0575,21.0,4.901353965183753
4.5,18.0,6.343465045592705
5.5385,36.0,5.048780487804878
3.9306,37.0,4.58256880733945
4.8482,43.0,3.954692556634304
10.7326,11.0,8.561622464898596
2.0436,46.0,3.8620689655172415
3.6823,30.0,4.3
5.102,15.0,6.534988713318285
5.9225,18.0,6.270216962524655
1.9809,42.0,5.253164556962025
3.3214,47.0,4.912878787878788
3.5833,45.0,5.424418604651163
5.0622,7.0,16.42138364779874
4.675,24.0,6.412735849056604
9.1834,52.0,7.341825902335456
5.6902,5.0,6.266900790166813
2.293,28.0,4.574438202247191
4.1843,12.0,6.33008356545961
3.6875,47.0,5.97741935483871
2.5268,19.0,4.48488241881299
4.0125,46.0,4.484662576687117
13.6623,15.0,8.329411764705883
4.3292,14.0,5.048054919908467
4.9,17.0,6.501706484641638
3.9929,19.0,5.968660968660969
4.6375,15.0,4.350393700787402
4.9219,34.0,5.965517241379311
3.3333,16.0,19.119565217391305
6.2179,27.0,6.905204460966543
7.0875,41.0,6.593457943925234
4.46,22.0,5.947890818858561
3.3892,20.0,4.195493704440026
3.375,30.0,5.800865800865801
1.1957,19.0,3.923943661971831
6.2673,38.0,5.516666666666667
3.2095,50.0,4.390334572490707
3.7708,35.0,4.8933333333333335
4.5606,31.0,4.437598736176935
4.4886,34.0,5.945578231292517
6.2059,22.0,7.813008130081301
4.4233,14.0,5.191993464052287
8.7603,10.0,6.73224043715847
3.0635,8.0,3.4807121661721068
6.0859,21.0,6.081890812250333
1.9798,41.0,5.218543046357616
1.3578,40.0,4.524096385542169
2.1411,10.0,10.529500756429652
8.0095,52.0,6.252577319587629
4.4375,5.0,6.031547320981472
4.25,24.0,5.322147651006712
2.6442,23.0,4.13425925925926
2.5363,16.0,5.279411764705882
3.6087,10.0,6.317073170731708
3.1906,11.0,5.877667140825036
4.725,23.0,6.442260442260443
1.9797,19.0,5.589958158995816
1.7875,24.0,3.5335276967930027
2.369,29.0,4.030534351145038
1.7176,34.0,4.501915708812261
3.2131,4.0,4.373493975903615
1.7866,25.0,1.6785714285714286
5.0814,25.0,5.29404309252218
4.2273,18.0,5.069252077562327
8.583,5.0,7.272727272727272
2.9444,17.0,5.365671641791045
2.5643,21.0,4.229224376731302
2.625,34.0,5.597402597402597
4.015,30.0,5.017142857142857
4.4567,27.0,5.626288659793815
5.1482,12.0,6.781582054309327
2.1029,11.0,23.994152046783626
12.5902,52.0,7.021164021164021
2.9861,26.0,4.31064572425829
2.4167,31.0,4.105263157894737
1.8021,17.0,4.940104166666667
5.4493,6.0,5.772687986171133
5.5238,34.0,5.335740072202166
1.8015,15.0,4.359635811836116
4.0313,29.0,4.844444444444444
12.1387,23.0,8.261887344550109
4.7679,36.0,5.092682926829268
4.0862,44.0,5.295373665480427
2.5164,30.0,4.456
1.6184,52.0,2.17039586919105
6.7606,15.0,6.426356589147287
2.7813,33.0,4.79933110367893
4.2212,27.0,4.662162162162162
2.0729,42.0,3.76890756302521
3.4167,31.0,7.023255813953488
3.375,32.0,6.373493975903615
5.133,17.0,6.334500875656743
2.0062,19.0,5.65
3.7315,22.0,4.638386648122392
3.925,52.0,4.635944700460829
2.8553,38.0,4.33984375
4.2115,34.0,5.474747474747475
4.0909,16.0,5.278350515463917
2.0472,16.0,5.931558935361217
4.9504,5.0,5.63010752688172
3.9659,26.0,4.257234726688103
3.3966,42.0,4.940809968847352
1.7574,43.0,4.410958904109589
1.7206,27.0,4.505154639175258
3.5199,33.0,4.109872611464968
5.0376,52.0,8.564179104477612
2.0,15.0,6.391156462585034
4.7946,52.0,5.010964912280702
2.3314,29.0,4.879049676025918
6.019,22.0,6.41696113074205
6.3875,10.0,6.68417104276069
3.2933,16.0,3.927586206896552
4.6364,37.0,5.636363636363637
2.3382,19.0,4.05989110707804
3.4464,36.0,5.015659955257271
2.4167,37.0,5.333333333333333
3.6523,19.0,5.794819359236537
3.682,32.0,5.453194650817236
2.5562,42.0,4.161137440758294
2.1969,47.0,5.767676767676767
5.1814,16.0,6.286231884057971
4.392,34.0,6.102409638554217
5.9328,24.0,7.02317880794702
4.5987,37.0,3.5901840490797547
4.1094,14.0,5.9937888198757765
2.6548,27.0,3.443396226415094
1.191,52.0,7.69811320754717
5.1721,17.0,7.501118568232662
1.2235,52.0,5.144963144963145
3.4115,16.0,5.408719346049046
2.4722,16.0,4.722298221614227
7.6129,50.0,4.666666666666667
4.8646,29.0,5.150485436893204
2.9952,44.0,5.534296028880866
1.554,32.0,4.181168057210965
3.875,22.0,4.313775510204081
1.8242,18.0,5.945859872611465
5.6409,35.0,5.56231884057971
2.7426,27.0,3.08641975308642
1.7813,33.0,4.356435643564357
5.2636,1.0,7.6940298507462686
4.6452,27.0,5.048598130841121
1.1681,37.0,4.149390243902439
2.11,25.0,3.3580980683506687
3.3333,27.0,6.541666666666667
5.2145,28.0,6.807407407407408
3.8906,34.0,5.95852534562212
4.5357,13.0,5.850485436893204
4.1724,14.0,5.239495798319328
3.0179,43.0,4.06280193236715
3.6091,16.0,6.094138543516874
6.1493,16.0,6.365313653136531
5.0399,36.0,5.948019801980198
1.722,14.0,3.432791728212703
3.9286,25.0,4.711640211640212
6.1183,49.0,5.869565217391305
5.133,13.0,6.102631578947369
5.6276,35.0,6.558241758241758
5.2555,22.0,4.825198637911464
2.8,18.0,5.135084427767355
3.8864,27.0,5.163398692810458
5.9158,27.0,5.700996677740863
1.7391,18.0,3.1094890510948905
2.2222,35.0,5.624521072796935
2.5388,12.0,4.508816120906801
1.9655,40.0,4.478468899521531
2.6184,30.0,5.133843212237093
14.2959,52.0,8.172727272727272
3.9818,19.0,5.335106382978723
3.1607,42.0,4.341991341991342
4.0202,43.0,4.79467680608365
3.875,27.0,3.620772946859904
1.6354,20.0,5.190283400809717
1.7222,15.0,5.7489539748953975
6.3331,37.0,6.521994134897361
2.5652,17.0,3.1608040201005023
4.0556,9.0,5.38390092879257
3.8024,18.0,5.105882352941176
2.875,15.0,5.891891891891892
4.369,23.0,5.154639175257732
2.0807,13.0,4.869731800766283
1.5594,52.0,2.8368794326241136
4.0491,36.0,6.720364741641338
3.3438,37.0,4.630036630036631
4.4,52.0,6.128851540616247
2.1182,18.0,5.083686440677966
2.6531,29.0,5.127429805615551
4.0581,7.0,7.054014598540146
3.75,22.0,4.162118780096308
4.5192,52.0,5.582781456953643
3.925,18.0,4.90017825311943
1.7849,46.0,4.294326241134752
5.1057,45.0,5.381578947368421
2.7436,27.0,4.159169550173011
3.9479,35.0,5.362862010221465
2.1875,39.0,5.217391304347826
3.4519,36.0,4.463302752293578
6.2475,12.0,7.421319796954314
1.9181,17.0,4.674329501915709
1.4639,6.0,3.6898263027295286
6.394,25.0,7.438172043010753
5.0464,17.0,6.0130151843817785
5.308,37.0,4.635294117647059
5.7812,27.0,6.376130198915009
6.3427,36.0,7.623853211009174
3.1546,34.0,4.669576059850374
5.2723,40.0,5.103030303030304
2.0182,36.0,4.155172413793103
3.8427,35.0,5.471311475409836
8.8342,52.0,8.345205479452055
6.2661,4.0,6.290155440414508
4.9237,4.0,6.310280373831776
4.0855,52.0,5.29723991507431
2.3958,39.0,3.043956043956044
7.3267,27.0,7.208037825059102
6.8686,35.0,6.666666666666667
4.575,45.0,5.578947368421052
2.6838,30.0,21.16296296296296
3.7292,52.0,4.566724436741768
3.9464,9.0,4.675257731958763
2.6458,50.0,3.209183673469388
1.4653,38.0,3.383495145631068
1.3451,30.0,4.664429530201343
2.6145,10.0,5.116991643454039
6.9794,15.0,8.593607305936073
5.5875,9.0,7.593667546174142
3.4138,14.0,6.01203007518797
1.5694,30.0,5.0227272727272725
3.5231,37.0,5.54337899543379
4.0549,34.0,5.758853288364249
4.2434,37.0,4.826732673267327
15.0001,34.0,8.783018867924529
2.9,38.0,5.947368421052632
3.5684,7.0,4.670715249662618
4.3875,10.0,5.648915187376726
1.3962,36.0,3.76672384219554
2.6382,25.0,6.096509240246407
4.8194,18.0,6.423340961098398
3.6364,27.0,5.497528830313015
4.6167,11.0,4.694835680751174
4.5368,18.0,4.027256208358571
2.4464,25.0,5.803951367781155
1.4726,37.0,5.505263157894737
4.2955,23.0,4.502032520325203
4.6293,35.0,4.580555555555556
3.8194,21.0,4.791773778920309
6.1815,25.0,6.519114688128773
2.0162,28.0,3.615463917525773
4.3864,35.0,5.415637860082304
6.6719,26.0,8.026819923371647
6.8145,9.0,9.263598326359832
5.6254,35.0,5.639810426540285
2.4808,27.0,4.017316017316017
2.8135,52.0,4.584329349269589
3.4722,40.0,4.944649446494465
4.3162,26.0,5.6938775510204085
3.0943,17.0,3.9572133845309927
3.5072,29.0,5.154135338345864
2.4145,14.0,5.838709677419355
5.6091,21.0,5.6997885835095135
4.2132,2.0,6.200305810397554
3.176,14.0,5.949671772428884
2.7014,35.0,3.4906367041198503
2.625,25.0,59.875
5.2855,31.0,6.851301115241636
5.875,24.0,10.5
2.7269,37.0,5.89453125
1.9013,35.0,3.342857142857143
6.0332,19.0,7.062962962962963
2.8333,15.0,3.708955223880597
5.2508,12.0,7.138248847926267
5.6642,22.0,6.940944881889764
4.5,46.0,5.594795539033457
3.9826,25.0,5.745980707395498
6.9741,16.0,6.7676240208877285
8.1194,52.0,7.75
3.5909,31.0,3.698675496688742
3.9816,10.0,4.735235567352356
4.3009,14.0,5.847244094488189
3.75,37.0,5.715189873417722
8.565,33.0,6.442965779467681
3.9844,38.0,5.403041825095057
5.817,18.0,6.982692307692307
4.2292,33.0,5.841911764705882
2.3169,13.0,5.568286445012788
11.7045,40.0,7.764044943820225
2.625,11.0,3.6
8.8693,8.0,6.307801418439716
10.9601,24.0,8.321808510638299
2.3658,17.0,4.073093220338983
2.3333,27.0,3.937759336099585
2.8702,36.0,5.245569620253165
1.3,11.0,7.141242937853107
3.305,35.0,3.630952380952381
4.5391,14.0,6.016688061617458
4.2443,34.0,5.244803695150115
3.0179,37.0,4.822222222222222
1.7938,41.0,3.996219281663516
1.8235,37.0,2.4851063829787234
2.4662,15.0,5.85273492286115
2.2559,24.0,3.837947332883187
3.6413,15.0,5.487128712871288
2.85,22.0,4.743354720439964
2.6071,26.0,5.606694560669456
4.537,39.0,5.711811023622047
2.2,14.0,3.605231866825208
2.119,18.0,4.636971046770602
1.5,12.0,4.176980198019802
1.0217,33.0,3.609375
4.6635,28.0,6.41726618705036
4.5179,15.0,6.862884160756501
3.6111,48.0,3.836206896551724
1.4653,7.0,3.5257936507936507
3.2645,52.0,4.086647727272728
4.625,13.0,4.671711292200233
3.5536,19.0,5.742599742599743
2.9402,33.0,5.550617283950618
2.6181,9.0,5.077477477477477
2.15,37.0,3.75320970042796
3.5161,45.0,4.662269129287599
6.2685,6.0,8.010989010989011
2.1719,17.0,28.6
1.8692,15.0,4.77536231884058
4.8831,15.0,6.74512987012987
5.3963,33.0,7.509394572025053
4.8977,41.0,5.957792207792208
2.4671,30.0,4.386727688787185
4.0326,34.0,5.22258064516129
3.6375,19.0,5.98639455782313
6.5474,29.0,7.090909090909091
4.25,49.0,5.652509652509653
1.8845,20.0,4.42619926199262
5.0808,24.0,5.008264462809917
2.4896,26.0,4.529190207156309
2.5263,48.0,5.108433734939759
9.8144,35.0,7.024271844660194
3.5464,15.0,5.06509253350351
2.564,32.0,4.18655462184874
4.6312,32.0,5.479318734793187
3.4267,11.0,5.128698224852071
3.6583,18.0,5.329201101928375
3.0833,25.0,4.2729468599033815
6.1168,27.0,5.712837837837838
1.2989,25.0,2.9809322033898304
4.1612,15.0,4.187111801242236
3.4038,29.0,5.881443298969073
7.105,13.0,5.942959001782532
3.038,17.0,4.54228855721393
3.7222,49.0,5.846689895470384
4.7578,22.0,5.792592592592593
5.5347,29.0,4.23956043956044
2.4706,22.0,5.232273838630807
3.7969,29.0,6.329545454545454
2.0819,10.0,3.91058394160584
8.4839,9.0,7.912244897959184
4.32,29.0,4.788643533123029
5.1249,48.0,6.155902004454343
2.0724,35.0,4.494915254237288
3.9464,33.0,5.507518796992481
2.5804,16.0,3.7257861635220126
1.7546,50.0,1.625514403292181
2.125,39.0,3.358407079646017
5.4896,5.0,7.061051004636785
2.6742,25.0,4.328928046989721
6.516,32.0,7.515151515151516
3.2857,32.0,5.099337748344371
5.6758,15.0,6.017804154302671
3.1786,52.0,4.15
3.9063,20.0,5.45719661335842
3.9352,25.0,5.071492403932083
2.6944,17.0,5.147519582245431
2.6296,25.0,3.903225806451613
4.0833,18.0,11.53658536585366
4.2719,20.0,3.5479338842975205
2.2604,21.0,4.176360225140713
3.4083,34.0,4.72822299651568
2.7316,46.0,4.181303116147308
2.0417,24.0,6.979910714285714
3.6597,29.0,6.140319715808171
3.0912,40.0,4.396261682242991
2.5568,18.0,6.114035087719298
5.7653,21.0,6.196926032660903
2.4461,17.0,4.903703703703704
3.7292,23.0,4.907786885245901
3.1076,17.0,11.428005284015851
2.933,13.0,6.244604316546763
2.1553,37.0,4.255287009063444
8.0,28.0,2.888888888888889
6.3516,40.0,5.943231441048035
7.2118,13.0,6.524752475247524
3.6694,52.0,5.0583941605839415
1.8894,39.0,5.228571428571429
3.4013,52.0,4.613157894736842
2.6121,26.0,3.782608695652174
7.8193,33.0,6.881533101045296
2.9484,15.0,5.575155279503106
8.1631,42.0,6.31404958677686
11.706,52.0,8.97553516819572
2.9432,52.0,4.949458483754513
4.2006,24.0,5.972222222222222
2.442,30.0,5.102915951972555
2.6149,19.0,4.98389458272328
11.0567,5.0,9.636036036036035
2.2024,9.0,3.492227979274612
3.6453,32.0,5.278532608695652
3.1371,11.0,5.070222822417286
2.5,34.0,3.6064
2.3917,30.0,3.5786516853932584
4.2283,36.0,5.6109422492401215
7.1674,26.0,5.307807807807808
2.3281,33.0,3.63129973474801
4.7216,20.0,4.961481481481481
3.8398,32.0,6.23046875
4.3919,46.0,4.915032679738562
11.806,30.0,8.838842975206612
2.5687,25.0,5.1245901639344265
3.2158,18.0,4.105263157894737
1.5625,25.0,5.60655737704918
1.4615,20.0,4.210982658959537
3.9518,4.0,5.472542372881356
5.3538,24.0,6.681132075471698
3.7838,36.0,4.708920187793427
6.0,20.0,6.007707129094412
15.0001,52.0,8.444954128440367
3.2957,35.0,4.7706855791962175
4.7679,25.0,4.275132275132275
3.2059,52.0,3.447946513849093
3.5446,19.0,6.8045738045738045
11.6017,18.0,8.335051546391753
1.6435,34.0,4.289179104477612
1.7896,23.0,2.2468694096601074
4.825,29.0,6.577464788732394
2.7054,52.0,5.001226993865031
5.4127,25.0,6.04179104477612
0.8351,29.0,3.237715803452855
3.9583,35.0,5.3828125
8.0784,52.0,6.882191780821918
4.6315,16.0,6.366520787746171
2.5863,30.0,5.027496382054993
2.2794,42.0,5.0
6.9695,18.0,7.587172538392051
3.8194,36.0,4.680851063829787
2.6875,39.0,3.633251833740832
3.2159,38.0,4.365695792880259
2.125,18.0,4.5
4.6,7.0,5.133333333333334
2.1287,17.0,4.0633608815427
3.5294,12.0,14.113821138211382
2.9386,13.0,5.2218390804597705
2.12,26.0,3.802281368821293
2.1382,37.0,4.5697940503432495
7.4837,8.0,7.773191094619666
3.75,36.0,5.202105263157895
5.3698,20.0,5.34020618556701
1.1645,44.0,5.151943462897527
2.025,43.0,4.30327868852459
2.8269,40.0,5.089494163424124
5.8735,35.0,5.811638591117918
1.4688,8.0,10.0
2.1603,28.0,4.808172531214529
4.7404,43.0,5.855140186915888
3.2617,10.0,3.9291417165668654
4.6625,14.0,5.554006968641115
15.0001,37.0,9.333333333333334
3.6058,46.0,5.234649122807017
2.7212,39.0,3.9673202614379086
4.7222,30.0,6.424691358024691
2.3203,21.0,4.439446366782007
3.0964,31.0,4.566795366795367
2.125,50.0,4.242424242424242
4.1652,4.0,4.0325
6.5784,38.0,6.327402135231317
5.0056,30.0,3.0
2.2071,34.0,5.71712158808933
2.4925,28.0,3.6754491017964073
8.4438,16.0,7.512195121951219
2.0556,52.0,4.775956284153006
6.4209,52.0,4.737171464330413
1.7708,9.0,4.152284263959391
2.325,32.0,6.344827586206897
3.4702,25.0,4.593333333333334
2.1653,16.0,4.625482625482626
3.8958,6.0,4.267015706806283
1.4167,25.0,2.200278164116829
5.0818,35.0,5.188405797101449
2.1977,17.0,2.7805755395683454
3.8421,29.0,4.676470588235294
2.567,18.0,5.022556390977444
1.5923,52.0,5.537423312883435
2.6182,34.0,3.234
3.3611,36.0,5.911764705882353
2.1898,28.0,3.865619546247818
1.4481,25.0,3.4057377049180326
3.8015,24.0,5.488738738738738
4.2434,27.0,5.315457413249211
5.9897,8.0,6.125
3.16,23.0,3.808823529411765
1.3125,10.0,4.438356164383562
5.0853,26.0,5.916496945010183
2.8462,39.0,3.861035422343324
3.0,2.0,7.069343065693431
4.2813,39.0,4.647058823529412
4.6713,33.0,4.643097643097643
5.299,12.0,7.214932126696833
1.7719,26.0,6.047244094488189
4.0911,19.0,4.802098950524738
3.2321,40.0,4.280821917808219
1.5313,19.0,5.609489051094891
5.5,45.0,6.482558139534884
3.5954,13.0,5.387195121951219
5.2366,43.0,6.116
5.5925,13.0,5.757981462409886
2.6176,17.0,5.361344537815126
2.9375,29.0,5.281124497991968
5.5634,52.0,5.725746268656716
2.0674,14.0,5.2253668763102725
4.0806,6.0,5.716269841269841
3.8333,48.0,5.234200743494424
2.9137,46.0,4.915730337078652
3.6219,29.0,4.698234349919743
2.5603,32.0,3.517821782178218
3.3155,27.0,4.419243986254296
3.0375,42.0,5.652298850574713
2.6964,33.0,6.16060606060606
2.7256,36.0,5.6396103896103895
5.6932,30.0,4.997521685254028
1.9871,35.0,5.1248073959938365
4.5795,34.0,4.845622119815668
5.7837,23.0,6.607940446650124
2.275,28.0,4.218553459119497
3.7045,30.0,4.596928982725528
5.7072,21.0,6.284875183553598
5.103,34.0,5.90625
6.939,40.0,7.075794621026895
2.5101,15.0,4.148063781321184
2.6,43.0,4.734883720930233
7.2096,35.0,6.409948542024014
3.4291,6.0,4.804157549234136
3.0083,25.0,3.3438661710037176
4.0729,16.0,5.297297297297297
3.2019,27.0,4.9314775160599575
5.4791,35.0,5.595375722543353
2.1467,15.0,4.321951219512195
2.2368,7.0,4.43313373253493
1.4375,36.0,4.417322834645669
3.3389,33.0,4.73936170212766
4.976,3.0,6.57201646090535
2.8062,27.0,5.06544502617801
2.8913,23.0,5.038674033149171
4.825,45.0,5.426829268292683
1.7614,21.0,4.0
3.43,46.0,5.438438438438438
4.1944,8.0,2.909090909090909
4.3594,17.0,4.721407624633431
5.2811,36.0,6.217252396166134
2.3929,52.0,4.471428571428572
4.6111,23.0,6.106349206349206
8.284,5.0,6.26448362720403
4.945,11.0,6.661971830985915
5.0227,9.0,6.269565217391304
5.2417,36.0,6.005813953488372
6.2308,2.0,8.801007556675064
2.4866,26.0,4.671610169491525
3.8158,14.0,6.306532663316583
4.1118,5.0,4.99009900990099
2.5208,17.0,6.396067415730337
3.4833,15.0,5.746153846153846
4.8264,36.0,5.059259259259259
3.5417,18.0,3.400383141762452
2.6546,41.0,3.8271604938271606
4.3424,10.0,5.669135802469135
3.3661,31.0,5.58648111332008
2.9375,30.0,4.463327370304114
1.5089,47.0,3.9046153846153846
2.6038,18.0,4.269230769230769
5.0253,13.0,5.951724137931034
6.6361,17.0,7.557562076749436
2.4632,35.0,5.56043956043956
5.2325,16.0,6.492668621700879
3.4531,52.0,5.784090909090909
2.6458,10.0,4.360526315789474
4.5,41.0,4.114558472553699
7.5177,5.0,6.80040733197556
2.5179,36.0,5.051612903225807
2.9,20.0,4.083333333333333
3.9018,35.0,5.651356993736952
3.2969,18.0,5.526462395543176
2.2672,16.0,5.32518337408313
2.0786,27.0,5.789808917197452
2.286,38.0,3.5962732919254656
5.4544,26.0,6.550819672131148
2.2083,52.0,4.107438016528926
5.8324,17.0,6.457960644007156
5.5148,15.0,5.706783369803063
1.9559,36.0,5.626315789473685
3.8594,52.0,4.962962962962963
3.4545,36.0,4.891791044776119
3.4375,52.0,3.125
3.0465,32.0,4.064766839378239
4.2198,20.0,5.884720327421555
3.7143,47.0,4.831325301204819
2.0329,52.0,3.5843373493975905
3.5186,4.0,4.555873925501433
7.7261,32.0,7.06831119544592
4.3702,7.0,7.409893992932862
6.3654,26.0,7.3610648918469215
4.8092,23.0,5.645061728395062
7.5197,42.0,4.24
3.0078,25.0,4.912126537785589
5.0362,27.0,6.480916030534351
2.7159,32.0,5.33130081300813
2.6221,18.0,4.679197994987469
1.3922,23.0,5.07624633431085
5.2971,34.0,6.386430678466077
4.6094,52.0,6.185542168674699
3.6602,18.0,5.455840455840455
2.6607,16.0,6.151468315301391
4.2891,24.0,6.082191780821918
2.4886,8.0,4.379310344827586
5.5111,9.0,6.536656891495602
4.7813,5.0,5.703994760969221
1.9026,28.0,3.170967741935484
4.8405,17.0,6.032679738562091
10.7582,25.0,8.715
5.0782,52.0,4.85377358490566
2.9143,27.0,5.334500875656743
4.652,44.0,6.079155672823219
4.7275,26.0,5.367901234567901
4.025,34.0,5.152985074626866
4.6182,42.0,5.85838779956427
2.8824,39.0,5.2239747634069404
6.0661,24.0,6.329787234042553
3.8257,13.0,5.584026622296173
5.3727,33.0,4.977624784853701
4.2679,36.0,5.373134328358209
1.4676,17.0,5.497076023391813
3.7188,27.0,5.048611111111111
3.13,8.0,5.5390625
2.0333,12.0,5.180952380952381
4.3333,42.0,4.607565011820331
1.6007,21.0,3.6454918032786887
2.7011,10.0,5.134598792062122
4.4167,40.0,4.973544973544974
2.0096,22.0,4.027027027027027
1.8512,38.0,3.578343949044586
3.6641,32.0,5.614886731391586
7.508,52.0,7.994318181818182
3.8068,52.0,3.8260869565217392
4.0905,18.0,5.401213755900202
2.9013,19.0,6.090909090909091
4.3393,20.0,5.232388663967611
5.6345,18.0,5.624610591900312
2.9451,7.0,5.38984126984127
1.6505,50.0,3.8387650085763294
3.6771,31.0,4.705263157894737
5.0602,52.0,5.543689320388349
4.625,25.0,5.952848722986247
3.0625,19.0,5.607142857142857
2.7816,21.0,3.50453720508167
3.2813,48.0,5.5
2.0154,23.0,5.606185567010309
1.6452,35.0,3.7738589211618256
4.0391,15.0,6.297709923664122
3.375,35.0,4.967479674796748
3.7917,15.0,6.402255639097745
5.3368,28.0,7.241558441558442
3.4202,34.0,4.885714285714286
3.6,48.0,4.988919667590028
1.9107,15.0,5.951923076923077
4.375,36.0,4.896373056994818
1.6607,6.0,4.664251207729468
5.0659,35.0,5.10615711252654
2.5,52.0,4.804761904761905
3.6719,46.0,4.296774193548387
6.2924,27.0,6.246520874751491
4.7821,14.0,4.666666666666667
2.5125,5.0,4.817472698907956
4.0391,52.0,4.518867924528302
7.1262,27.0,7.012727272727273
3.1475,28.0,4.393728222996516
8.7716,12.0,9.286821705426355
4.0536,37.0,4.741847826086956
1.837,27.0,4.152487961476726
2.1702,27.0,5.008196721311475
4.0469,27.0,6.542735042735043
3.5909,46.0,5.913725490196079
3.2574,30.0,4.186335403726708
3.3995,30.0,3.84257602862254
2.4012,5.0,5.766633565044687
2.5625,52.0,6.268817204301075
3.3966,20.0,5.375
1.4668,40.0,5.010752688172043
3.0673,38.0,4.881019830028329
5.0562,52.0,5.539759036144578
4.0313,31.0,5.108387096774194
3.6736,16.0,4.400352733686067
5.3316,37.0,4.548929663608563
3.2986,25.0,5.5608108108108105
3.7857,19.0,20.2
3.8273,16.0,4.029850746268656
2.8654,44.0,4.520179372197309
2.1829,15.0,5.122641509433962
3.2353,16.0,4.40282131661442
7.419,41.0,6.725165562913907
2.3015,36.0,5.284629981024668
2.2574,37.0,4.702576112412178
2.6902,15.0,5.087064676616915
4.7188,52.0,7.068535825545172
5.0395,36.0,4.309352517985611
3.1887,16.0,3.79831045406547
4.0174,28.0,5.028056112224449
3.7794,17.0,6.021660649819495
5.6197,3.0,7.465875370919881
1.9485,48.0,4.705639614855571
2.315,52.0,5.135135135135135
4.5625,25.0,5.5046728971962615
5.152,35.0,5.571428571428571
2.8649,17.0,4.223300970873787
7.7317,16.0,7.427480916030534
4.3594,23.0,5.225572979493365
5.1788,16.0,5.245329000812347
2.4922,24.0,4.731884057971015
4.4732,29.0,5.482978723404256
3.5806,52.0,5.174917491749175
3.3608,5.0,5.00972590627763
1.7056,49.0,5.08550185873606
4.9806,5.0,7.25718290119131
2.8571,44.0,2.768041237113402
3.1875,23.0,5.275092936802974
3.4539,35.0,6.739130434782608
1.6887,44.0,4.465587044534413
3.5585,16.0,4.560869565217391
1.7303,24.0,4.612990527740189
3.4688,8.0,5.811145510835913
4.6861,16.0,5.494262295081967
7.9234,29.0,8.017699115044248
3.9936,5.0,5.838768115942029
5.6406,33.0,6.927083333333333
7.3658,14.0,7.010324483775811
2.0917,35.0,4.284403669724771
2.0673,24.0,4.409313725490196
1.9832,26.0,4.92814371257485
1.0685,46.0,3.6322314049586777
1.8056,39.0,2.225165562913907
4.0536,13.0,5.54601226993865
4.0393,14.0,5.039328788673309
3.5398,52.0,5.4373522458628845
2.4,40.0,3.7243589743589753
4.9792,26.0,5.663316582914573
2.0288,18.0,4.3487544483985765
4.0062,12.0,5.693965517241379
2.7679,33.0,4.827433628318584
1.9949,14.0,2.749559082892416
3.0278,35.0,4.053571428571429
5.9088,5.0,5.880597014925373
2.5852,38.0,4.346153846153846
3.3155,21.0,4.503787878787879
6.1001,29.0,7.023529411764706
6.3517,18.0,7.0
2.6806,52.0,5.313207547169811
1.516,28.0,4.403278688524591
6.4651,25.0,5.481953290870488
5.8632,52.0,6.956228956228956
2.2827,48.0,5.049586776859504
3.2312,34.0,3.40990990990991
5.4513,33.0,7.080213903743315
4.575,48.0,4.441108545034642
3.125,10.0,21.09523809523809
6.1324,20.0,8.220930232558139
1.8261,52.0,4.251612903225807
2.6167,42.0,4.061007957559681
3.7844,4.0,3.958795562599049
2.5921,20.0,6.024221453287197
2.7483,28.0,4.106508875739645
5.5121,16.0,6.051612903225807
3.0119,27.0,4.973744292237443
7.3081,27.0,7.290393013100437
3.8831,7.0,8.643705463182897
3.0057,32.0,4.212686567164179
2.6705,26.0,6.185344827586207
5.6018,16.0,6.767241379310345
2.5511,25.0,4.327464788732394
3.7159,52.0,5.788643533123029
5.1391,9.0,6.3099337748344375
3.5938,38.0,4.712765957446808
2.1903,34.0,2.6158357771261
3.025,41.0,4.010282776349614
3.2083,35.0,3.940438871473354
2.6178,52.0,3.304289544235925
5.9254,23.0,6.38872970391595
2.0455,52.0,3.8979591836734695
6.0,36.0,6.196581196581197
2.6607,19.0,2.872340425531915
2.6506,14.0,4.813486370157819
2.725,39.0,2.438271604938272
3.9566,35.0,5.068281938325991
5.2131,48.0,6.658307210031348
3.9545,26.0,5.877729257641922
3.5227,35.0,5.612903225806452
4.3125,21.0,11.38
2.8301,49.0,4.412987012987013
7.3445,13.0,7.897727272727272
4.2054,23.0,5.321100917431193
5.8521,30.0,4.8814935064935066
3.4042,33.0,4.769363166953529
5.1155,34.0,5.43213728549142
1.5547,20.0,4.187358916478555
5.687,34.0,5.4027459954233406
4.8646,36.0,5.488970588235294
8.5326,7.0,8.469738030713641
2.9392,46.0,3.8774038461538463
1.756,33.0,5.309322033898305
7.8705,52.0,8.096774193548388
2.3438,42.0,3.7797783933518008
1.5347,31.0,4.987068965517241
5.5118,48.0,5.799256505576208
3.9934,35.0,5.399253731343284
3.4741,17.0,5.481149012567325
2.4219,19.0,4.97986577181208
3.4792,8.0,36.47826086956522
4.2708,24.0,4.882943143812709
2.8929,16.0,5.086092715231788
8.1064,16.0,7.3375
3.1065,36.0,4.710594315245478
5.3288,10.0,6.196762141967621
3.5156,52.0,4.496183206106871
2.3654,14.0,4.931623931623932
6.7449,44.0,7.690476190476191
1.8235,40.0,4.7011494252873565
4.0682,35.0,4.831775700934579
3.2829,5.0,4.779040404040404
7.3878,15.0,7.6875
2.4545,23.0,5.404255319148936
3.0147,52.0,6.7407407407407405
2.8348,18.0,4.766816143497758
2.225,26.0,5.742718446601942
3.8158,24.0,5.006476683937824
2.2019,13.0,4.333333333333333
3.9464,35.0,5.135021097046414
2.6901,34.0,4.502976190476191
5.2949,33.0,5.641952983725136
6.0762,37.0,7.070692194403534
3.125,48.0,6.430711610486892
5.0864,4.0,6.964285714285714
4.1786,42.0,4.611494252873563
1.875,39.0,3.2270531400966185
2.7411,27.0,4.684210526315789
5.8426,26.0,6.400702987697716
4.5417,22.0,5.561101549053356
4.7069,27.0,6.523255813953488
4.9102,37.0,5.070621468926554
1.6964,28.0,3.3043478260869565
3.3724,15.0,5.4078711985688726
3.9617,6.0,6.910372608257805
4.7813,21.0,5.248995983935743
1.4103,41.0,4.348958333333333
4.5246,4.0,6.940845070422535
5.24,52.0,5.081018518518518
8.5282,25.0,7.831050228310502
6.1333,37.0,6.12406015037594
3.7687,27.0,5.405405405405405
4.2841,46.0,6.521390374331551
4.3162,14.0,6.048109965635739
2.9384,38.0,4.30186170212766
5.753,14.0,6.071022727272728
5.6017,29.0,4.263803680981595
1.8672,43.0,3.988095238095238
2.5743,9.0,6.587012987012987
4.1276,13.0,4.429936305732484
4.0,47.0,5.414893617021277
4.3359,47.0,5.070281124497992
2.7399,15.0,6.218905472636816
5.637,32.0,3.998073217726397
3.7917,32.0,5.133709981167608
2.7656,17.0,12.7421875
2.1293,9.0,4.735238095238096
3.2679,49.0,4.385802469135802
2.0625,35.0,4.626865671641791
5.454,52.0,5.339534883720931
2.3375,26.0,2.847297297297297
4.0878,22.0,5.046747967479675
5.1616,29.0,5.518024032042724
4.2008,12.0,4.643646408839779
2.7222,24.0,5.212795549374131
5.6302,48.0,5.79009900990099
2.4107,28.0,3.586206896551724
2.5759,43.0,3.814814814814815
3.1053,12.0,3.942446043165468
2.2917,29.0,7.257142857142857
5.2962,38.0,6.148148148148148
3.5551,16.0,4.581497797356828
3.7813,43.0,4.752321981424148
2.3393,16.0,7.370165745856354
1.9688,44.0,3.56140350877193
3.6393,30.0,5.612813370473537
5.636,49.0,5.117647058823529
1.1687,48.0,3.292307692307692
5.2681,21.0,5.755555555555556
1.7137,16.0,7.070844686648502
7.0691,13.0,6.6896969696969695
3.7731,38.0,5.491228070175438
6.6319,16.0,6.863134657836644
4.5523,52.0,5.253225806451613
4.1786,36.0,4.776699029126213
4.3646,42.0,5.336170212765958
5.212,32.0,5.589189189189189
3.0,50.0,4.169491525423729
5.5545,16.0,6.2075
1.6875,52.0,4.5390625
7.9977,20.0,7.169960474308301
1.5506,24.0,4.8459214501510575
3.6579,48.0,4.557726465364121
4.25,43.0,6.0814814814814815
6.4949,32.0,5.662962962962963
2.9054,44.0,5.206185567010309
4.6771,16.0,6.919732441471572
4.8523,36.0,5.941666666666666
4.0417,25.0,4.911931818181818
1.4241,16.0,4.285285285285285
1.625,20.0,6.0344827586206895
4.3698,26.0,5.184275184275184
1.6607,20.0,4.625
3.5078,33.0,4.894894894894895
1.8975,36.0,5.052863436123348
1.6102,14.0,4.488593155893536
7.6202,27.0,7.1220779220779225
3.5081,23.0,6.169603524229075
3.6161,11.0,5.640449438202247
15.0001,52.0,8.710144927536232
3.7292,37.0,7.661016949152542
3.1731,47.0,3.958904109589041
4.2009,7.0,4.843890478136494
4.0985,32.0,5.744394618834081
1.5161,28.0,3.904862579281184
3.0833,33.0,4.25107296137339
9.3834,21.0,8.7
3.3643,52.0,4.161592505854801
3.2386,13.0,3.537142857142857
2.2336,28.0,5.298217179902755
5.0764,24.0,5.455069124423964
5.6306,5.0,5.958393113342898
4.5662,33.0,5.746835443037975
3.5227,19.0,5.40122199592668
1.7344,35.0,4.4491525423728815
1.0938,20.0,1.1304347826086956
1.2175,52.0,2.890909090909091
4.6176,44.0,5.883966244725738
4.0938,35.0,5.446366782006921
8.4889,40.0,6.878552971576228
4.625,49.0,5.478927203065134
3.1392,8.0,2.8156565656565657
3.3469,30.0,3.280598958333333
4.9562,45.0,5.112359550561798
2.7031,36.0,4.512269938650307
1.8333,52.0,3.1555555555555554
2.9219,28.0,4.15347721822542
5.5106,10.0,5.789976133651551
2.4464,32.0,3.920704845814978
1.6944,11.0,21.37209302325581
4.1116,45.0,4.108187134502924
3.7083,43.0,5.166666666666667
5.7601,27.0,7.044444444444444
5.2539,52.0,4.965337954939342
4.1775,4.0,5.495446265938069
3.6719,36.0,3.1846153846153844
3.775,23.0,4.239583333333333
4.163,30.0,4.0
1.8205,42.0,4.436781609195402
3.6071,7.0,4.887774594078319
4.625,33.0,5.89766081871345
2.8169,29.0,4.266558966074314
4.3083,33.0,5.643652561247216
4.9432,4.0,6.341708542713568
4.6705,19.0,6.3225030084235865
3.6,36.0,4.240713224368499
3.3036,36.0,5.689655172413793
1.9187,29.0,3.936936936936937
2.625,43.0,4.087557603686636
1.7788,25.0,5.54054054054054
4.0962,33.0,6.1308016877637135
2.3295,17.0,4.095890410958904
2.4219,33.0,4.311244979919679
5.482,49.0,6.131696428571429
3.1696,18.0,5.164772727272728
4.4671,28.0,5.3657407407407405
5.3081,12.0,3.686580882352941
2.7986,29.0,4.409090909090909
6.0142,16.0,6.890625
6.2642,48.0,5.9798994974874375
7.2165,25.0,5.674358974358975
3.3456,37.0,4.514084507042254
2.5373,18.0,4.734887108521486
3.5583,32.0,4.967889908256881
10.4415,7.0,8.825539568345324
2.227,30.0,3.703703703703704
2.3403,23.0,4.973626373626374
3.2448,52.0,5.487804878048781
2.4596,35.0,2.872549019607843
4.1949,29.0,5.30126582278481
6.07,52.0,6.329317269076305
6.2306,22.0,5.749478079331942
3.7396,13.0,12.77470930232558
2.5387,20.0,4.185263157894737
3.125,52.0,5.252918287937743
3.0403,20.0,5.607361963190184
2.7254,41.0,3.834829443447038
5.0795,36.0,5.334630350194552
3.5223,8.0,8.591549295774648
3.1563,42.0,6.1875
7.4382,11.0,10.822651448639157
4.0924,37.0,4.990338164251208
4.2312,43.0,5.610108303249097
3.7091,31.0,6.235169491525424
2.851,18.0,3.5619335347432024
3.2375,17.0,8.006269592476489
2.5652,52.0,4.727987421383648
5.2079,21.0,5.46089850249584
3.9079,52.0,4.817351598173516
2.1484,30.0,5.58411214953271
3.6654,35.0,5.182352941176471
10.1714,6.0,8.305343511450381
7.5992,15.0,7.634854771784233
4.0,13.0,4.935185185185185
5.3925,51.0,5.0067796610169495
1.7865,19.0,4.2215189873417724
3.067,28.0,3.966666666666667
8.6499,4.0,7.236059479553903
4.0417,52.0,6.452830188679245
2.7794,52.0,3.490415335463259
4.7045,17.0,3.237745098039216
3.75,37.0,6.257261410788382
3.9156,23.0,5.473107569721115
4.8052,13.0,5.032731376975169
2.5139,50.0,4.547400611620796
4.1372,33.0,4.91120218579235
8.0957,36.0,6.976666666666667
3.4231,42.0,5.136094674556213
3.1786,35.0,5.293906810035843
1.7237,36.0,4.510917030567685
2.3469,35.0,4.383458646616542
1.787,14.0,4.168784029038113
3.5192,9.0,8.747474747474747
2.7356,22.0,5.237076648841355
3.3785,44.0,4.395833333333333
3.5867,32.0,5.087662337662338
3.4265,43.0,6.242666666666667
3.8824,36.0,5.156398104265403
7.3588,16.0,7.447916666666667
3.6583,13.0,6.309711286089239
3.3981,15.0,5.860279441117765
4.7083,33.0,5.354901960784313
2.8438,44.0,3.745
2.2813,15.0,4.998011928429423
2.0391,28.0,4.716216216216216
11.8603,39.0,7.911111111111111
1.6896,21.0,3.527363184079602
4.0,36.0,5.101769911504425
4.375,45.0,5.413551401869159
5.8704,17.0,6.314565483476132
4.1739,16.0,5.981060606060606
2.8,43.0,4.302521008403361
3.9241,16.0,5.298245614035087
1.2875,42.0,3.149305555555556
2.2356,39.0,3.06140350877193
3.8571,42.0,5.132780082987552
3.6818,35.0,4.847593582887701
2.6065,19.0,5.648175182481752
3.3632,33.0,4.553003533568905
1.0219,29.0,2.921681780708986
5.2571,39.0,4.716906946264745
3.6458,33.0,5.143176733780761
2.3958,15.0,5.081818181818182
2.9437,27.0,4.920471281296024
3.2447,52.0,3.5267857142857144
6.8429,15.0,6.13855421686747
2.0714,31.0,3.975757575757576
1.8571,31.0,3.468468468468469
1.7656,42.0,4.144702842377261
1.9224,36.0,3.902542372881356
2.7409,41.0,4.513978494623656
6.3369,4.0,4.863731656184487
2.7562,18.0,4.873479318734793
3.7059,17.0,5.199029126213592
3.3438,52.0,4.663461538461538
3.2027,11.0,5.276073619631902
3.8372,13.0,5.962162162162162
3.7273,21.0,4.664345403899722
1.684,22.0,4.801255230125523
2.5564,6.0,3.650756693830035
2.5625,15.0,5.341463414634147
2.7243,8.0,4.580769230769231
2.1111,33.0,4.927272727272728
3.0577,13.0,6.056085918854415
4.6591,15.0,3.445945945945946
3.6458,35.0,5.341176470588235
4.5266,4.0,6.358957654723128
5.5681,15.0,6.359848484848484
4.4882,15.0,6.573264781491003
5.4155,23.0,6.541814946619217
2.2161,20.0,4.846965699208443
6.2884,34.0,5.487394957983193
3.5551,30.0,4.712737127371274
5.8733,17.0,5.852331606217617
5.0718,15.0,11.679878048780488
5.0997,27.0,7.502608695652174
4.5461,42.0,5.629032258064516
7.618,5.0,7.047146401985112
3.0687,34.0,4.08029197080292
3.2833,33.0,6.329004329004329
2.5625,30.0,6.504424778761062
3.2763,29.0,4.482470784641069
5.2817,19.0,5.848017621145375
7.5443,9.0,6.723404255319149
3.875,49.0,4.933701657458563
6.187,31.0,7.420345489443378
4.0179,46.0,4.158690176322418
3.45,14.0,5.794871794871795
3.0944,37.0,4.923728813559322
10.2264,52.0,4.666666666666667
4.185,36.0,4.979591836734694
5.8673,16.0,7.211111111111111
4.1719,17.0,6.348242811501597
3.875,31.0,7.1158940397351
5.293,25.0,7.085365853658536
3.6946,17.0,3.905339805825242
5.7613,28.0,8.647398843930636
1.9063,21.0,4.463235294117647
7.8633,28.0,7.162337662337662
2.6023,26.0,13.985507246376812
3.0893,25.0,3.83547557840617
3.968,8.0,5.995402298850575
2.3056,36.0,5.268656716417911
3.1949,25.0,4.433962264150943
2.2179,33.0,5.120689655172414
1.725,43.0,4.631578947368421
4.1378,24.0,4.582306830907055
4.375,33.0,6.039647577092511
2.625,40.0,3.173469387755102
3.5417,20.0,6.645320197044335
4.625,21.0,6.589164785553048
2.1917,43.0,4.844029244516653
2.5048,28.0,3.9864864864864864
3.5507,24.0,5.121052631578947
4.5656,20.0,5.147410358565737
2.1513,8.0,8.117845117845118
6.1922,29.0,6.7465753424657535
3.809,7.0,5.840938722294655
1.3713,23.0,4.329938900203666
3.9,25.0,5.744082840236686
2.885,9.0,5.323108384458077
2.8864,23.0,5.60702875399361
3.3776,23.0,3.789072426937738
6.5881,34.0,6.173469387755102
2.1441,22.0,4.193979933110368
4.0536,29.0,4.785294117647059
5.2362,49.0,6.212443095599393
2.965,37.0,4.721442885771543
2.9073,35.0,4.691558441558442
2.6042,25.0,5.250596658711217
2.2765,38.0,5.603174603174603
2.5833,37.0,3.606164383561644
3.5179,29.0,3.4613259668508287
4.7328,45.0,5.573913043478261
3.0208,44.0,6.223021582733813
3.5444,12.0,4.786854460093897
5.1365,14.0,6.7549194991055455
2.6553,41.0,4.462783171521036
2.2946,18.0,6.100271002710027
5.5405,16.0,6.475524475524476
5.6895,24.0,6.571223021582734
5.9676,13.0,7.965891472868217
6.7612,28.0,7.285714285714286
2.1908,32.0,5.811594202898551
1.7558,34.0,3.3594306049822062
3.8571,34.0,4.626728110599078
7.7773,33.0,6.546583850931677
4.1146,28.0,4.842271293375394
2.6339,41.0,3.7753303964757694
2.2227,30.0,5.278551532033426
2.3182,25.0,4.136054421768708
4.8971,24.0,4.200704225352113
5.7001,16.0,6.7781954887218046
4.875,52.0,5.125181950509462
2.6709,19.0,4.176047904191617
3.4896,17.0,6.084507042253521
1.1742,25.0,3.4881266490765173
4.1652,37.0,5.205673758865248
2.8,23.0,3.8995756718529
2.6639,29.0,2.91125
2.4342,27.0,4.477642276422764
3.7644,14.0,5.7569573283859
3.7031,42.0,5.010025062656641
3.2674,28.0,4.878279118572928
4.9803,29.0,5.33378196500673
5.5649,36.0,6.420841683366733
2.3317,29.0,3.031123139377537
2.9861,33.0,4.198858230256898
4.2137,13.0,5.1537242472266245
4.7755,36.0,5.956331877729258
4.1099,10.0,6.834909716251075
2.2396,44.0,4.670967741935484
7.8195,16.0,8.60234899328859
2.5457,38.0,5.512323943661972
3.1571,43.0,4.976127320954907
3.4464,33.0,4.968085106382978
4.0114,30.0,4.878464818763327
3.2039,8.0,5.03494623655914
3.6348,17.0,5.666666666666667
1.5595,12.0,7.293846153846154
8.4704,52.0,7.012345679012346
8.1064,40.0,6.446376811594203
3.6466,21.0,5.769230769230769
3.9643,52.0,4.797979797979798
1.3594,36.0,5.026315789473684
1.2065,43.0,3.0084388185654007
2.3077,40.0,3.103151862464183
15.0001,15.0,8.062043795620438
7.4323,16.0,7.83728813559322
1.4886,52.0,4.862745098039215
4.4375,52.0,5.4363636363636365
4.8962,31.0,5.390692640692641
2.5104,36.0,3.932330827067669
2.1389,35.0,3.09727626459144
8.4016,33.0,7.376044568245125
8.1586,36.0,6.954451345755694
10.4277,26.0,8.508928571428571
7.3731,16.0,7.235955056179775
2.256,26.0,4.404145077720207
3.8625,41.0,4.658018867924528
5.5,10.0,5.837146702557201
3.3472,31.0,6.1305114638447975
2.4375,12.0,3.9617373319544975
2.6786,21.0,5.008264462809917
5.6411,6.0,5.7781299524564185
6.035,5.0,5.431472081218274
1.8047,29.0,4.693679092382496
6.0797,26.0,6.2514450867052025
2.2407,38.0,5.219858156028369
2.4497,7.0,4.823389021479714
4.2823,16.0,6.170398009950249
3.5486,20.0,5.655384615384615
2.2202,13.0,5.494140625
3.5757,35.0,4.539087947882736
2.0547,34.0,3.1375212224108657
3.5893,25.0,5.7695852534562215
2.5809,52.0,4.700280112044818
3.6335,8.0,5.059440559440559
4.9676,34.0,5.4309927360774815
4.4697,26.0,5.94392523364486
4.6173,15.0,6.0566929133858265
5.4788,28.0,7.782608695652174
7.6886,25.0,6.911949685534591
2.943,52.0,4.206738131699847
2.9167,32.0,4.501440922190202
8.492,35.0,6.785302593659942
3.2011,20.0,4.00179211469534
3.475,24.0,6.025956284153006
1.9479,26.0,4.267326732673268
4.0556,37.0,8.833333333333334
3.6823,18.0,4.003267973856209
2.8533,24.0,3.1690140845070425
3.1607,20.0,5.223168654173765
9.3198,38.0,7.275268817204301
3.8682,28.0,5.80030959752322
2.2813,17.0,3.677242888402626
4.5,36.0,6.332185886402754
3.2149,22.0,3.686274509803922
7.218,29.0,6.594230769230769
5.7233,25.0,6.523099850968704
3.0721,40.0,4.843283582089552
2.9414,20.0,4.6776470588235295
3.0078,26.0,5.184065934065934
4.6591,29.0,5.635593220338983
2.0,37.0,3.72961373390558
3.0179,28.0,4.310405643738977
2.9896,12.0,5.016863406408095
3.5172,43.0,3.988344988344988
3.925,12.0,6.089795918367347
5.9316,20.0,6.5606060606060606
4.25,24.0,5.35343618513324
1.5292,36.0,4.667519181585678
8.3275,4.0,7.875
2.2206,50.0,5.350877192982456
3.6341,40.0,5.097041420118344
3.9722,47.0,5.739130434782608
4.5052,32.0,4.636363636363637
3.3021,34.0,5.671957671957672
0.8478,39.0,3.8598130841121496
3.901,37.0,5.154213036565978
2.3523,34.0,3.697802197802198
3.0398,5.0,5.054385964912281
1.6585,48.0,4.87037037037037
3.5909,38.0,4.2630662020905925
3.5052,52.0,3.85824493731919
5.0917,52.0,5.628458498023716
3.9063,15.0,4.74306269270298
2.2201,29.0,4.525252525252525
1.4375,17.0,2.4814814814814814
9.042,52.0,7.962085308056872
2.0549,13.0,5.312457454050374
8.603,52.0,7.673469387755102
4.7269,48.0,6.975274725274725
2.355,13.0,6.665263157894737
4.2679,26.0,5.627565982404692
4.4861,46.0,5.76530612244898
2.5547,39.0,4.148305084745763
3.1858,34.0,6.346153846153846
2.0096,36.0,2.294016358157555
3.6979,34.0,4.771341463414634
4.1029,19.0,4.032994923857868
3.2891,28.0,5.781818181818182
3.8047,13.0,4.079741379310345
2.5139,30.0,4.324652777777778
3.9,22.0,5.707838479809976
5.3398,36.0,5.814220183486238
1.6343,38.0,3.670157068062827
4.5759,43.0,4.728476821192053
3.5208,49.0,4.697368421052632
2.7656,36.0,5.286407766990291
9.0704,36.0,7.252272727272727
2.9125,32.0,8.057416267942584
3.5671,28.0,4.704952581664911
15.0001,40.0,9.6
5.7962,33.0,4.963133640552996
2.1979,46.0,4.174863387978142
4.1333,13.0,6.383606557377049
3.4808,45.0,4.891191709844559
1.3194,19.0,4.244230769230769
4.7208,19.0,4.719798657718121
4.5615,14.0,6.242718446601942
3.1588,30.0,4.069825436408977
2.7308,38.0,4.080188679245283
3.4133,16.0,4.052173913043478
10.0,19.0,5.505592841163311
3.6759,44.0,5.429447852760736
2.455,42.0,5.223076923076923
9.1232,20.0,7.621866666666667
3.9261,12.0,5.657303370786517
1.6007,17.0,3.6099290780141846
2.1953,15.0,5.164835164835165
4.6042,51.0,6.66412213740458
2.7434,37.0,4.801204819277109
1.5156,44.0,5.004282655246253
0.8229,30.0,3.763819095477387
8.7991,10.0,9.287153652392949
3.1912,33.0,4.8950471698113205
6.9501,5.0,5.880886426592798
3.7875,28.0,5.599415204678363
3.0432,29.0,5.301824212271973
2.7619,21.0,4.043795620437956
3.7167,17.0,5.034129692832765
4.821,16.0,5.12133072407045
2.9145,19.0,3.527472527472528
3.9828,36.0,5.761363636363637
3.2917,27.0,4.435114503816794
2.5223,35.0,5.011204481792717
4.0337,32.0,5.785202863961814
2.7401,24.0,4.08816120906801
4.1375,38.0,5.095070422535211
4.1708,33.0,4.664179104477612
3.525,20.0,4.429172510518934
3.0,21.0,4.587454764776839
3.691,30.0,4.975609756097561
1.4429,32.0,4.174757281553398
2.83,13.0,5.977777777777778
7.9367,23.0,9.1768115942029
4.5568,11.0,4.934210526315789
6.0191,8.0,6.347326732673268
4.125,34.0,4.283464566929134
2.7222,25.0,5.528301886792453
4.1389,39.0,5.010204081632653
7.585,31.0,6.450084602368866
2.7333,38.0,3.9209621993127146
1.5045,43.0,4.58968058968059
3.0739,36.0,4.178997613365155
0.75,52.0,2.823529411764706
2.0675,25.0,3.1467991169977925
4.4286,35.0,5.830708661417323
2.2422,30.0,3.286052009456265
2.9191,52.0,4.742547425474255
2.6087,18.0,5.606741573033708
3.5547,25.0,6.172413793103448
2.7206,42.0,3.4309063893016343
3.7361,5.0,6.202150537634409
5.25,41.0,3.4782608695652173
7.3023,35.0,6.661710037174721
3.5625,38.0,9.753554502369669
3.7813,39.0,4.564738292011019
5.3339,19.0,6.466230936819172
3.5851,7.0,5.414443988510464
3.0,36.0,5.210659898477157
6.3277,14.0,7.076071922544951
3.2368,40.0,4.268115942028985
4.4423,28.0,5.128440366972477
2.1908,46.0,5.523985239852398
5.4445,3.0,8.531645569620252
5.0877,17.0,6.91869918699187
3.3462,52.0,6.465116279069767
6.7813,4.0,7.037931034482758
3.1429,42.0,4.685344827586207
2.7813,35.0,5.49375
1.9402,43.0,2.8190709046454767
3.0139,34.0,5.402631578947369
3.7188,21.0,4.147378832838774
3.4609,27.0,4.805039787798409
15.0001,27.0,7.651923076923077
4.4312,36.0,5.645283018867924
4.4545,24.0,4.497607655502392
5.3272,46.0,5.748995983935743
2.3287,16.0,5.705
1.645,10.0,4.561752988047809
2.1205,16.0,5.5799256505576205
4.174,26.0,4.465433300876339
3.2793,37.0,4.526011560693641
3.6875,28.0,4.65566037735849
3.2917,52.0,5.564245810055866
3.5978,33.0,5.976315789473684
4.108,36.0,5.405144694533762
4.0781,43.0,5.051724137931035
4.1103,8.0,5.385964912280702
2.9821,29.0,4.827160493827161
3.1071,40.0,3.951923076923077
1.8516,52.0,6.975609756097561
3.7857,5.0,4.199004975124378
2.25,24.0,4.089430894308944
3.1944,50.0,4.997512437810945
7.2982,4.0,7.184415584415585
4.2972,34.0,4.133458646616542
3.628,14.0,4.477894736842106
6.01,43.0,5.100961538461538
5.0225,16.0,5.332480818414322
3.2135,4.0,5.764026402640264
4.8875,9.0,5.735849056603773
4.8098,29.0,5.067484662576687
2.7757,17.0,5.267948717948718
1.5685,34.0,2.7942754919499104
2.9187,21.0,5.029545454545454
5.2657,35.0,5.983870967741935
2.9886,18.0,4.377521613832853
3.6817,21.0,5.70911214953271
1.6136,14.0,9.316931982633864
8.2954,37.0,6.606606606606607
3.5586,26.0,2.844141069397042
3.8667,32.0,6.280936454849498
6.5253,14.0,6.559139784946237
2.7644,15.0,5.242718446601942
2.0368,40.0,4.568965517241379
5.741,35.0,6.46067415730337
3.2321,46.0,3.985074626865672
5.1507,34.0,6.257396449704142
6.1195,16.0,7.75251509054326
2.7917,34.0,4.4366925064599485
6.0901,8.0,7.5360623781676415
3.575,44.0,5.138297872340425
4.35,28.0,5.016317016317016
4.2672,47.0,4.650793650793651
2.0972,37.0,3.781045751633987
3.1726,29.0,4.190692395005676
4.7609,24.0,6.180327868852459
1.9556,44.0,4.223728813559322
2.1806,52.0,5.193846153846154
2.0227,21.0,4.791666666666667
5.0275,36.0,5.469387755102041
3.7041,11.0,7.260932944606414
2.4044,34.0,5.478632478632479
4.7463,6.0,6.094936708860759
2.0025,32.0,4.535966149506347
4.6369,43.0,4.413394919168591
4.1836,36.0,5.574175824175824
3.5861,38.0,5.127625201938611
4.061,27.0,5.074300699300699
6.6888,36.0,6.482213438735178
4.9107,37.0,4.769547325102881
3.765,48.0,4.589430894308944
2.125,24.0,5.127208480565371
2.63,42.0,4.0
3.5508,27.0,5.785
5.7858,9.0,5.498316498316498
2.9324,29.0,6.085106382978723
4.9219,7.0,6.090460526315789
3.4722,35.0,3.822274881516588
2.593,22.0,3.6056105610561056
3.358,26.0,4.253475935828877
3.2976,41.0,5.282208588957055
3.5139,31.0,4.591973244147157
4.4784,35.0,4.866141732283465
2.6103,44.0,4.067340067340068
3.6019,33.0,4.615555555555556
2.5388,23.0,3.721448467966574
3.75,37.0,5.625310173697271
1.7104,33.0,4.2091690544412605
2.8833,45.0,4.715384615384616
2.136,8.0,4.106035889070147
5.2287,37.0,4.3657407407407405
4.1857,34.0,5.288732394366197
1.8575,27.0,4.247663551401869
3.5,9.0,5.050153531218014
6.155,32.0,7.008720930232558
3.7237,15.0,4.695906432748538
3.1833,20.0,5.078341013824885
1.7778,38.0,3.3792486583184256
6.5954,17.0,7.683018867924528
2.8698,23.0,5.475471698113208
3.875,19.0,4.951754385964913
5.1009,52.0,6.123333333333333
5.0353,12.0,4.6575539568345325
3.8319,28.0,5.4032697547683926
2.8586,12.0,5.082983193277311
1.8152,17.0,4.22365988909427
5.2359,9.0,6.70334928229665
1.5139,38.0,3.727272727272727
3.929,16.0,4.638222222222222
1.6642,39.0,3.504950495049505
3.8833,36.0,4.865248226950355
5.8543,52.0,4.502183406113537
4.0,36.0,6.0
2.875,41.0,4.064
3.9375,10.0,5.629107981220657
4.8542,31.0,4.868804664723032
2.5363,44.0,4.408376963350785
4.6667,10.0,6.314168377823409
2.4583,29.0,3.6506849315068495
5.411,33.0,5.890909090909091
5.806,16.0,6.872516556291391
1.65,47.0,4.90187891440501
5.0,34.0,6.474708171206226
4.1167,18.0,5.466666666666667
4.625,21.0,6.507640067911715
2.5701,52.0,3.4194630872483223
3.0777,17.0,4.341796875
2.7344,25.0,4.166112956810632
5.1915,42.0,5.902912621359223
1.3977,26.0,4.715384615384616
2.0595,20.0,4.712871287128713
6.8677,25.0,6.785454545454545
1.5625,36.0,5.2032085561497325
1.6369,15.0,6.003115264797508
4.625,15.0,7.27
2.325,35.0,5.171428571428572
1.7574,42.0,4.722222222222222
1.4792,34.0,3.656429942418426
4.5368,20.0,6.113095238095238
4.2066,7.0,5.732931726907631
3.625,52.0,2.2222222222222223
4.0798,25.0,5.245136186770428
6.0842,18.0,7.675
6.6031,19.0,6.190647482014389
5.1984,36.0,5.533333333333333
2.3,45.0,3.0
6.0265,32.0,6.406698564593301
3.4773,31.0,4.611898016997167
3.5714,4.0,5.9640287769784175
3.3438,36.0,4.550684931506849
2.2679,39.0,3.240963855421686
3.25,22.0,5.788235294117647
0.9379,34.0,4.38
3.725,35.0,5.87468671679198
5.9915,23.0,6.315412186379929
2.99,29.0,5.91255605381166
4.1471,32.0,4.702702702702703
5.3363,9.0,6.284931506849315
3.0329,30.0,3.501905972045744
4.3542,37.0,6.269372693726937
2.0395,26.0,4.72354211663067
3.4016,23.0,3.5763157894736843
5.2338,38.0,5.748
7.6717,26.0,8.1285140562249
4.2083,33.0,5.026162790697675
4.625,31.0,5.7696969696969695
1.8801,38.0,4.650273224043716
2.8125,30.0,5.922818791946309
5.4351,29.0,5.357142857142857
2.1403,30.0,2.8998272884283245
4.8073,11.0,6.669527896995708
3.5664,19.0,5.030821917808219
5.93,20.0,6.2896174863387975
1.7019,26.0,4.326315789473684
2.2269,17.0,5.020435967302452
1.7109,24.0,3.888475836431226
2.7069,18.0,5.065918653576437
6.1935,11.0,6.131645569620253
0.9393,17.0,4.518469656992084
3.6591,36.0,5.2077393075356415
4.1282,7.0,5.144516129032258
2.4814,20.0,5.389972144846797
3.069,35.0,5.317280453257791
3.3558,27.0,5.461103253182461
2.2284,25.0,4.617521367521367
2.9293,22.0,3.6593932943054814
1.275,41.0,5.835443037974684
2.9453,37.0,5.693593314763231
4.4712,52.0,4.490909090909091
5.1998,5.0,6.971496437054632
5.9541,19.0,5.784386617100372
2.4122,12.0,4.637051039697543
1.8806,28.0,3.717973231357552
3.2442,32.0,6.167630057803469
1.9821,43.0,5.186274509803922
1.3385,24.0,4.19404915912031
3.871,27.0,5.404301075268817
6.3433,15.0,7.36848792884371
5.273,35.0,5.882783882783883
6.0389,5.0,8.75
2.473,44.0,5.298630136986302
1.6955,43.0,4.797872340425532
4.7026,34.0,4.530737704918033
2.5841,21.0,3.7146974063400577
3.8056,30.0,4.435530085959885
2.5052,23.0,4.582697201017812
1.6172,24.0,4.705357142857143
7.7684,13.0,8.446691176470589
6.83,28.0,6.748743718592965
2.2042,22.0,3.554517133956386
2.3309,46.0,3.485875706214689
2.5637,37.0,3.748129675810474
2.5986,11.0,4.264253393665158
3.2639,50.0,5.121212121212121
3.5242,33.0,5.125641025641026
3.1691,52.0,4.165876777251185
1.9549,24.0,3.7520858164481528
4.8304,39.0,5.523684210526316
5.3989,52.0,7.272058823529412
2.9334,22.0,4.334478021978022
2.4717,24.0,4.367851622874807
4.8854,17.0,6.74296205630355
4.485,30.0,5.276315789473684
1.875,33.0,3.5851063829787235
2.2969,29.0,4.191740412979351
3.7167,29.0,5.017953321364453
3.1848,27.0,5.579387186629527
15.0001,52.0,9.20496894409938
2.2097,50.0,3.111111111111111
6.1278,29.0,6.894736842105263
1.9727,21.0,5.366883116883117
2.0357,32.0,4.51063829787234
4.45,27.0,6.3003003003003
2.5898,52.0,3.4942528735632186
2.1856,41.0,3.718987341772152
5.3439,23.0,5.825980392156863
2.55,52.0,6.008771929824562
6.5319,36.0,6.281622911694511
3.4286,34.0,5.886831275720165
4.125,18.0,5.583815028901734
2.9271,6.0,2.4880763116057234
6.0137,17.0,6.129251700680272
2.6903,34.0,5.729216152019003
3.0,37.0,5.129363449691992
4.125,36.0,5.178571428571429
1.5885,30.0,2.318062827225131
4.5667,34.0,5.105902777777778
2.83,22.0,5.654244306418219
10.9722,5.0,7.978070175438597
4.1806,35.0,4.890909090909091
4.5714,33.0,5.649289099526066
3.06,21.0,3.904564315352697
3.2875,52.0,5.990936555891238
4.125,52.0,5.371663244353183
6.299,17.0,6.478021978021978
4.8214,34.0,5.575242718446602
6.0873,19.0,6.586142322097379
2.7075,29.0,3.612682926829269
2.5437,43.0,4.6626139817629175
2.8029,29.0,3.773993808049536
5.4091,22.0,6.819182389937107
6.8492,25.0,8.143939393939394
2.2328,34.0,3.226973684210526
8.0683,20.0,8.124161073825503
2.4716,21.0,3.721074380165289
4.8693,45.0,5.986754966887418
2.5988,28.0,5.433139534883721
1.7875,17.0,6.103174603174603
2.3352,28.0,4.544419134396355
1.0972,48.0,4.807486631016043
2.6397,29.0,4.469026548672566
2.975,37.0,4.314148681055156
4.8542,18.0,7.328888888888889
5.5921,18.0,7.803763440860215
2.4219,24.0,3.7145969498910674
3.3621,34.0,5.16271186440678
5.4346,17.0,6.261168384879725
3.4531,26.0,4.983935742971887
4.4464,38.0,4.874493927125506
2.1,41.0,3.4976076555023923
4.4063,32.0,4.687793427230047
3.1142,5.0,4.548066298342541
2.01,52.0,4.535433070866142
4.3438,48.0,5.003846153846154
3.3393,15.0,6.602272727272728
1.3348,21.0,4.176848874598071
5.1228,17.0,5.189822294022617
3.4886,35.0,5.332480818414322
3.5595,6.0,4.933926302414231
3.6167,17.0,3.1549295774647885
2.7562,29.0,4.529639175257732
2.5461,34.0,4.476489028213166
3.0208,34.0,4.5
3.11,40.0,5.368085106382979
1.6156,45.0,3.3628318584070795
2.6364,39.0,3.577777777777778
2.2647,25.0,4.392628205128205
3.0417,35.0,4.798507462686567
5.4609,23.0,6.165837479270315
3.0491,41.0,4.338394793926248
5.0025,32.0,5.93211009174312
1.675,5.0,4.44
3.225,37.0,4.2845188284518825
3.9536,26.0,4.987878787878788
2.4414,21.0,4.795148247978437
5.5871,52.0,5.403921568627451
2.3125,38.0,3.3943661971830985
2.2725,39.0,3.421052631578948
3.0352,27.0,4.9650092081031305
7.4817,41.0,6.813901345291479
3.8542,34.0,5.68384074941452
4.375,20.0,5.368078175895765
1.75,25.0,3.9125
2.8835,16.0,3.85203153426319
5.0187,29.0,5.07488986784141
3.75,16.0,3.981949458483754
3.9844,18.0,5.54983388704319
2.1935,15.0,5.299047619047619
4.4,18.0,5.606132075471698
4.3333,29.0,6.023255813953488
4.1375,43.0,5.070610687022901
3.0417,41.0,6.0092879256965945
4.3036,35.0,5.699059561128527
4.2132,36.0,5.3478260869565215
5.1149,39.0,5.878048780487805
3.7015,27.0,4.376044568245125
4.2159,18.0,5.705555555555556
3.9625,36.0,5.070135746606335
1.9063,13.0,3.453125
2.6298,14.0,9.425
3.1375,32.0,4.809379727685325
2.875,44.0,6.08
2.5969,34.0,3.618147448015123
5.4584,3.0,6.033160621761658
3.5156,31.0,4.945848375451264
2.3077,36.0,4.432926829268292
3.3882,17.0,6.155778894472362
6.431,30.0,7.06390977443609
2.6827,17.0,5.376666666666667
0.4999,29.0,2.3732718894009217
4.5179,22.0,6.133479212253829
4.0938,35.0,5.293532338308458
1.9044,18.0,3.879194630872483
2.7159,44.0,5.1054545454545455
2.5261,22.0,2.5966735966735968
5.0497,31.0,4.875
2.6447,22.0,7.595588235294118
3.5305,30.0,5.926724137931035
1.9647,23.0,3.431693989071038
3.4402,28.0,6.522821576763485
2.2321,46.0,4.927272727272728
4.2813,28.0,4.496428571428571
4.3651,2.0,6.621134020618556
5.121,25.0,5.353820598006645
2.6403,31.0,3.7816711590296497
1.3587,20.0,4.311345646437995
1.3021,52.0,3.99163179916318
2.5865,14.0,6.693363844393593
6.196,25.0,6.741935483870968
3.5114,52.0,5.585131894484412
4.5,28.0,5.102117061021171
1.7262,30.0,4.23109243697479
0.922,15.0,6.287671232876712
2.2375,24.0,4.381736526946108
2.7778,19.0,4.616847826086956
2.6705,32.0,5.592833876221499
3.2708,46.0,4.323462414578588
1.9034,48.0,3.575826681870012
3.5,49.0,4.780793319415449
2.3804,40.0,3.872023809523809
3.4701,12.0,4.917857142857143
3.6415,15.0,7.491891891891892
0.7683,38.0,4.253561253561253
4.8088,32.0,5.285546415981199
5.3794,34.0,6.817991631799163
3.3926,32.0,5.575438596491228
2.5481,33.0,4.4078125
3.8676,40.0,5.514195583596215
3.1453,23.0,5.483582089552239
1.7727,31.0,4.961937716262976
8.7015,18.0,7.519823788546255
6.629,25.0,6.154545454545454
1.9875,18.0,3.481375358166189
5.6233,21.0,6.605113636363637
1.1635,39.0,3.7808988764044944
8.2159,22.0,7.599656357388316
2.1141,27.0,3.8552036199095023
1.3417,40.0,4.65979381443299
3.7569,42.0,4.896373056994818
3.75,10.0,16.847533632286996
2.75,32.0,6.090301003344481
2.9286,31.0,3.948
3.6875,36.0,3.8521739130434782
5.0369,12.0,5.624233128834356
4.6681,19.0,6.050802139037433
4.5972,19.0,9.791139240506327
5.062,32.0,7.106761565836299
3.712,21.0,6.373333333333333
2.7234,44.0,5.810218978102189
5.0195,19.0,6.02346570397112
4.0227,10.0,6.346846846846847
5.0,26.0,5.599173553719008
3.4028,32.0,3.075892857142857
3.9038,35.0,6.177966101694915
2.9896,33.0,4.406741573033708
2.3272,37.0,4.746958637469587
3.9632,50.0,5.753731343283582
2.05,34.0,6.0588235294117645
2.6016,17.0,3.6177260519247993
6.3052,31.0,5.292096219931271
1.9286,35.0,4.480662983425415
1.8167,35.0,3.9172413793103447
3.4907,34.0,4.901719901719901
4.1667,48.0,5.339160839160839
4.7308,33.0,6.575596816976128
4.1576,26.0,5.175925925925926
3.6475,47.0,4.970530451866405
6.6086,12.0,5.775956284153006
3.2315,35.0,6.698757763975156
2.5224,19.0,3.5606299212598427
4.1523,34.0,4.6415094339622645
5.3849,30.0,4.80718085106383
2.331,28.0,5.146913580246913
2.1094,10.0,5.817767653758542
2.7072,37.0,9.21220930232558
5.3241,14.0,7.049645390070922
7.0151,23.0,9.691891891891892
5.0821,4.0,4.014634146341463
4.4567,36.0,5.115384615384615
8.2598,52.0,7.094707520891365
1.9444,26.0,4.468809073724008
3.285,10.0,5.302491103202847
2.5875,22.0,4.762295081967213
3.6827,52.0,5.758904109589041
4.2837,16.0,4.214046822742475
3.2875,48.0,5.331230283911672
4.6327,34.0,5.552816901408451
5.2852,25.0,6.74
1.3615,43.0,3.7186858316221767
4.6445,17.0,6.045618247298919
5.2162,35.0,5.417827298050139
3.9917,35.0,4.609137055837564
6.3258,16.0,6.412621359223301
6.8268,21.0,6.782515991471215
4.0993,5.0,5.4324324324324325
5.2139,18.0,5.733333333333333
2.5224,39.0,4.110970996216897
2.6991,50.0,4.809338521400778
3.6673,22.0,3.5308510638297874
3.4531,44.0,5.778801843317972
2.3125,44.0,4.399491094147582
1.5898,35.0,4.176678445229682
2.4079,7.0,4.035853468433359
15.0001,17.0,8.52037617554859
6.091,20.0,7.229166666666667
4.1847,11.0,3.830838323353293
4.7068,6.0,5.81031976744186
2.0156,44.0,4.076923076923077
7.9611,31.0,6.147058823529412
3.0795,8.0,4.0524017467248905
2.5625,23.0,3.8995215311004783
4.2875,16.0,5.900462962962963
6.3021,24.0,5.763837638376383
5.1118,32.0,5.855491329479769
1.125,20.0,5.469387755102041
3.1713,42.0,4.642714570858283
2.105,52.0,3.388888888888889
3.4265,52.0,4.703448275862069
3.7361,45.0,5.233333333333333
3.7578,33.0,4.554858934169279
3.1534,20.0,5.444976076555024
5.5335,21.0,6.113924050632911
4.0,47.0,6.18724279835391
6.2464,4.0,6.461855670103093
1.1667,52.0,5.401069518716578
3.9922,35.0,6.540229885057471
4.7391,35.0,5.94919168591224
1.9609,23.0,3.393617021276596
4.375,33.0,4.888040712468193
3.1576,45.0,3.963924963924964
2.1111,20.0,5.339920948616601
4.7557,7.0,6.874717832957111
3.6806,35.0,6.701657458563536
1.4868,36.0,4.665760869565218
2.6923,49.0,3.8093023255813954
3.4398,35.0,5.505119453924915
3.8825,10.0,5.235915492957746
3.756,31.0,4.977622377622378
2.4271,42.0,4.344827586206897
1.8229,17.0,4.903345724907063
2.1719,44.0,4.283489096573208
4.9464,12.0,6.135593220338983
5.1664,32.0,5.825454545454545
4.6019,36.0,5.235732009925559
5.0384,35.0,6.228070175438597
7.1134,38.0,5.487341772151899
6.2296,26.0,7.216666666666667
0.4999,46.0,1.7142857142857142
4.4286,52.0,5.433537832310838
4.6875,34.0,5.857142857142857
3.87,26.0,6.048843187660668
1.5988,50.0,4.686192468619247
3.225,19.0,5.238095238095238
2.2244,24.0,4.491408934707904
2.8125,30.0,4.668393782383419
4.0714,9.0,6.679279279279279
3.65,13.0,4.44
2.3011,18.0,4.856823266219239
10.1989,17.0,7.474874371859296
2.5726,41.0,3.8424015009380863
3.0583,41.0,4.117460317460317
4.0726,38.0,4.666666666666667
3.05,17.0,8.32008830022075
1.0516,41.0,4.275675675675676
4.8472,19.0,7.309255079006772
5.0605,32.0,5.735238095238096
7.8627,24.0,7.145114942528736
2.1652,14.0,3.7512195121951217
4.5129,16.0,6.174757281553398
4.3173,46.0,5.491803278688525
3.2239,52.0,3.996007984031936
3.1818,18.0,4.212477928193055
4.0313,13.0,5.079119086460032
5.3124,52.0,5.348648648648648
4.0388,17.0,4.877598152424942
2.6147,11.0,6.26813880126183
2.6336,43.0,3.104404567699837
3.5511,32.0,4.222543352601156
1.6902,41.0,4.3142292490118574
5.49,15.0,6.136400986031225
4.625,7.0,6.68348623853211
3.8824,37.0,5.04927536231884
5.3774,22.0,7.019230769230769
2.625,42.0,4.788203753351207
3.0812,38.0,4.628336755646817
4.5655,35.0,5.670807453416149
4.6591,27.0,6.4964200477326965
4.7437,52.0,5.420195439739413
1.9929,30.0,2.682722513089005
7.5286,24.0,6.627118644067797
4.5268,22.0,9.880898876404494
4.1406,52.0,4.829411764705882
3.6761,18.0,4.403581267217631
5.4103,33.0,5.275747508305648
3.915,28.0,5.652941176470589
4.1587,43.0,5.861495844875346
3.4222,33.0,5.073322932917317
2.0476,41.0,2.720496894409938
5.1782,33.0,6.228571428571429
2.862,21.0,4.2480957562568005
1.2209,38.0,2.907117008443908
3.12,29.0,4.1925
4.2917,17.0,6.222493887530562
7.5755,20.0,6.350993377483444
4.8686,4.0,6.293711656441718
3.0905,12.0,5.122489959839357
4.6312,30.0,5.377567140600316
5.0519,38.0,5.524916943521594
3.4417,15.0,3.087264150943396
4.3864,28.0,5.08955223880597
5.0096,34.0,5.936026936026936
3.9041,36.0,5.098039215686274
1.7167,39.0,4.271468144044321
4.3269,13.0,5.926686217008798
2.3843,29.0,5.328413284132841
2.7083,16.0,5.1187845303867405
9.6885,20.0,8.16842105263158
3.5967,15.0,4.257391304347826
2.7694,17.0,3.862971516551193
4.4948,36.0,6.428104575163399
2.9911,52.0,3.92283950617284
3.5625,14.0,5.769349845201238
3.225,37.0,5.139841688654354
1.1667,52.0,3.75
3.8542,33.0,5.00253164556962
5.1202,30.0,6.170662905500706
5.9143,35.0,6.350230414746544
7.2211,23.0,7.557077625570776
6.0382,26.0,5.33271375464684
2.3967,38.0,4.278728606356968
3.0294,42.0,4.919449901768173
3.0833,24.0,2.8472222222222223
2.075,40.0,4.02
2.9744,43.0,6.070063694267516
3.8672,15.0,5.437333333333333
6.9223,23.0,7.069943289224953
1.9722,35.0,3.0
2.59,45.0,5.471111111111111
3.52,32.0,5.897297297297297
1.9688,40.0,3.8967971530249113
5.6293,15.0,6.4192307692307695
5.828,27.0,6.090909090909091
8.1484,36.0,6.806691449814126
2.7634,37.0,1.4112903225806452
5.0081,39.0,5.013745704467354
4.3472,15.0,5.923832923832924
1.7567,8.0,4.4851729818780885
4.3281,19.0,5.499288762446657
5.2769,34.0,5.374233128834356
1.7579,10.0,3.744800693240901
3.1551,27.0,4.630541871921182
5.1041,9.0,6.013671875
2.1806,20.0,2.6335540838852096
4.4167,41.0,5.125
3.1406,32.0,4.408219178082192
5.1769,18.0,6.107806691449814
7.8239,29.0,6.666666666666667
3.5313,16.0,5.384615384615385
3.0958,49.0,4.034246575342466
2.5192,47.0,5.721393034825871
3.0398,31.0,4.587470449172577
3.5903,35.0,3.676767676767677
6.0,26.0,5.442666666666667
2.0938,27.0,6.769230769230769
5.8831,19.0,6.881188118811881
3.0903,42.0,3.4307692307692306
6.3197,33.0,6.131578947368421
2.0272,18.0,4.546985815602837
5.1333,4.0,7.107561665992721
3.3062,11.0,5.051420838971583
2.1,17.0,4.335740072202166
3.9167,41.0,5.277591973244147
2.3,28.0,5.046979865771812
5.2557,25.0,5.343373493975903
3.7381,29.0,3.993924665856622
3.5547,36.0,5.609195402298851
5.0123,5.0,6.490780141843971
4.7062,27.0,5.8694444444444445
2.1912,23.0,5.197368421052632
0.536,46.0,3.142857142857143
10.1248,25.0,7.545454545454546
3.0952,23.0,5.801324503311259
2.5556,29.0,3.936486486486487
4.5398,20.0,7.005277044854881
3.2,32.0,5.632958801498128
3.071,8.0,4.5962962962962965
3.12,52.0,4.797527047913447
3.099,30.0,5.688559322033898
3.9864,12.0,5.2558575445173386
2.7596,32.0,4.969418960244648
1.7514,34.0,2.6601371204701274
7.1193,2.0,9.09375
3.0,18.0,4.542615140285865
2.0417,34.0,5.052631578947368
1.9356,41.0,4.490140845070423
3.13,18.0,5.829457364341085
2.5179,18.0,5.536231884057971
2.5577,24.0,3.690533015115354
4.2788,23.0,5.767352185089974
5.0958,16.0,5.4281984334203655
3.7143,32.0,4.443661971830986
2.8871,22.0,7.232736572890025
2.2621,32.0,3.2630331753554502
1.6731,14.0,4.741322314049587
4.199,52.0,3.649214659685864
3.5402,24.0,4.747311827956989
5.3737,26.0,6.211678832116788
4.5726,32.0,5.864457831325301
3.125,25.0,3.9573643410852712
4.5833,35.0,5.269230769230769
2.184,31.0,5.5256410256410255
5.1512,2.0,8.834824501032347
6.8007,9.0,6.694444444444445
4.5066,7.0,4.659574468085107
4.0432,29.0,5.43141592920354
4.6908,27.0,5.606177606177607
2.5083,21.0,4.604784688995215
2.1394,15.0,4.134674922600619
2.1103,8.0,4.814814814814815
2.7284,21.0,3.2351885098743267
2.71,17.0,5.253456221198157
2.5417,49.0,4.956521739130435
3.4327,24.0,5.015151515151516
2.3516,21.0,4.540983606557377
5.2083,36.0,5.079646017699115
2.7857,43.0,5.21505376344086
2.8194,43.0,4.665413533834586
1.5729,36.0,4.553956834532374
8.2883,34.0,6.618834080717488
5.6918,12.0,12.910485933503836
6.2045,29.0,5.951923076923077
3.9032,19.0,5.001422475106685
3.4107,13.0,5.15625
4.016,47.0,4.743131868131868
1.875,48.0,8.8
4.3015,21.0,5.858823529411764
3.4269,26.0,3.376425855513308
5.1991,39.0,6.309446254071661
7.8521,52.0,7.794392523364486
2.8036,18.0,3.2740088105726874
4.1417,38.0,4.954802259887006
4.5833,28.0,6.292117465224111
7.2392,31.0,7.281889763779527
4.2136,26.0,4.69683908045977
7.9814,26.0,7.257692307692308
2.1573,28.0,4.826013513513513
3.625,36.0,4.285714285714286
4.6793,14.0,5.833333333333333
4.7007,25.0,5.824561403508772
1.9805,49.0,3.888675623800384
4.75,36.0,5.92654028436019
4.4375,36.0,5.527331189710611
4.1875,15.0,6.535471331389699
2.1602,14.0,4.917627677100494
5.09,14.0,6.658341658341659
4.9135,52.0,6.67654986522911
4.125,19.0,5.373737373737374
6.6818,25.0,6.345
8.1888,37.0,7.235138705416116
2.5417,33.0,4.95575221238938
2.4792,24.0,3.4547038327526134
3.375,30.0,3.992327365728901
6.3501,23.0,6.299479166666667
5.8527,22.0,6.309486780715397
4.4609,16.0,6.2607361963190185
6.4238,24.0,7.176570458404075
1.2857,39.0,4.031496062992126
2.1213,35.0,3.9166666666666665
3.0694,24.0,5.21978021978022
3.9519,50.0,5.439330543933054
4.8906,16.0,6.404210526315789
2.4884,43.0,4.202321724709784
6.0809,21.0,6.474167623421355
3.6094,47.0,5.820338983050847
2.6447,42.0,5.740845070422536
4.516,32.0,4.120396600566572
3.175,27.0,4.791044776119403
3.5,31.0,5.173400673400673
3.8393,35.0,5.5688775510204085
3.3348,52.0,4.929133858267717
2.6852,33.0,5.312849162011173
6.0532,12.0,5.97153024911032
4.3864,32.0,6.58312020460358
3.3438,19.0,6.963768115942029
4.45,31.0,5.154377880184332
3.6853,32.0,4.946902654867257
1.5938,36.0,5.537142857142857
7.5196,16.0,7.895287958115183
2.9091,23.0,6.794223826714801
4.0417,52.0,4.791666666666667
3.2317,41.0,3.8616600790513833
1.9657,13.0,4.187035069075452
1.9718,32.0,5.5
1.8667,50.0,4.715302491103203
5.2815,30.0,6.392434988179669
2.2019,50.0,4.134517766497462
2.9044,43.0,5.424657534246576
4.3194,34.0,5.225490196078432
4.3958,33.0,5.936893203883495
1.4427,43.0,4.52051282051282
2.7171,38.0,8.295454545454545
3.6467,36.0,4.409090909090909
2.3906,27.0,5.27027027027027
10.3467,34.0,7.296127562642369
2.9798,35.0,4.86254295532646
3.2792,40.0,4.452975047984645
1.9052,38.0,4.203773584905661
0.9463,43.0,4.614973262032086
1.7328,44.0,4.053061224489796
6.541,21.0,7.202439024390244
5.2138,20.0,5.33
4.1792,42.0,5.433212996389892
3.406,13.0,5.023372287145242
7.2772,36.0,7.858156028368795
5.1741,16.0,5.80327868852459
1.8295,52.0,2.628169014084507
6.448,30.0,6.641025641025641
1.875,26.0,5.077702702702703
3.6398,27.0,5.952702702702703
4.8988,13.0,5.113243761996161
1.5303,40.0,4.949664429530201
6.7543,15.0,7.185567010309279
4.5461,16.0,7.723287671232876
4.375,27.0,5.205741626794258
2.6576,5.0,5.939205955334987
2.0323,43.0,4.096069868995633
3.3679,52.0,4.613412228796844
3.5865,37.0,5.167539267015707
2.6812,43.0,5.843023255813954
2.2344,52.0,4.337539432176656
2.625,36.0,6.029585798816568
0.957,52.0,2.709016393442623
3.0357,7.0,5.541490857946554
3.116,19.0,3.4034514925373136
3.0147,37.0,3.95820895522388
5.542,24.0,6.8357196684250185
7.7848,19.0,7.358490566037735
3.3942,36.0,3.811965811965812
4.1875,45.0,4.641434262948208
2.5158,22.0,4.006151742993849
7.6344,14.0,7.662068965517242
3.0132,44.0,4.094545454545455
3.5313,20.0,5.8526011560693645
3.6214,28.0,2.849056603773585
1.9886,39.0,4.962174940898345
5.2563,24.0,5.878151260504202
3.4902,34.0,4.274064171122995
2.3253,14.0,4.239731768650461
3.0321,21.0,4.731082654249127
4.7393,23.0,4.960328317373461
4.5724,4.0,6.837037037037037
4.0114,52.0,6.5451263537906135
4.4196,18.0,5.451612903225806
2.2366,23.0,3.4433497536945814
2.8015,12.0,4.467041389882473
4.7159,9.0,6.402298850574713
1.6678,27.0,4.736413043478261
5.0198,9.0,6.696378830083566
2.3241,43.0,3.556962025316456
6.0538,20.0,6.232597623089983
6.2427,11.0,6.161016949152542
3.75,19.0,4.473145780051151
3.67,14.0,5.93950177935943
7.75,17.0,8.23076923076923
6.6368,42.0,7.191176470588236
4.4091,36.0,6.22672064777328
2.5,15.0,4.581967213114754
4.5658,33.0,5.74468085106383
8.1039,32.0,6.716374269005848
2.7845,28.0,5.1082621082621085
4.7222,20.0,5.164456233421751
3.0114,31.0,4.117021276595745
6.0712,22.0,5.658008658008658
5.0907,21.0,6.239971346704871
7.2628,21.0,6.1063829787234045
3.9712,16.0,4.624539877300614
5.4536,38.0,6.092378752886836
2.2264,24.0,3.886128364389234
3.4643,28.0,4.173469387755102
2.1108,44.0,3.810160427807487
6.9405,17.0,7.166666666666667
1.0472,15.0,5.088
3.153,42.0,3.9234642497482377
3.631,5.0,4.580882352941177
3.1985,29.0,5.078125
4.4063,15.0,6.104430379746836
5.777,23.0,6.552301255230126
5.1433,23.0,5.297413793103448
2.1937,20.0,3.625766871165644
1.4254,19.0,4.076388888888889
3.5391,30.0,5.229468599033816
2.6667,35.0,3.8959537572254335
6.0321,17.0,6.493939393939394
3.5385,14.0,5.611510791366906
5.7395,24.0,6.26685393258427
1.7222,18.0,4.7908745247148286
3.2197,17.0,6.53781512605042
7.8528,9.0,6.009174311926605
3.1373,23.0,3.752241238793806
2.0625,52.0,4.323353293413174
3.1979,43.0,3.79155672823219
5.048,26.0,5.0
1.9318,30.0,2.443840579710145
4.25,33.0,4.6375838926174495
3.0682,52.0,3.732843137254902
3.0806,22.0,8.886039886039885
3.8403,21.0,4.886842105263158
6.471,52.0,6.729372937293729
2.3687,31.0,4.815561959654179
4.3661,37.0,5.372141372141372
2.3224,29.0,5.186915887850467
3.2246,19.0,5.764024933214603
3.4183,29.0,7.146031746031746
4.2062,35.0,4.7975460122699385
4.3889,41.0,5.741007194244604
1.179,23.0,2.3887973640856672
2.2845,41.0,3.897887323943662
5.5,27.0,6.184039087947883
4.1364,31.0,5.414932680538556
5.0756,52.0,5.4010507880910685
4.0968,30.0,3.9354624085163006
3.6875,36.0,5.327526132404182
4.5795,18.0,13.858024691358024
4.2227,30.0,5.698060941828255
4.4821,5.0,6.05506329113924
1.6769,27.0,5.839237057220709
4.3214,41.0,5.84
3.0687,32.0,5.185552407932011
2.1667,38.0,5.237735849056604
5.1356,10.0,5.144312393887946
6.6897,22.0,7.408783783783784
5.5867,35.0,5.350574712643678
2.8043,16.0,5.158227848101266
2.5398,47.0,5.416413373860182
2.4492,12.0,5.817004048582996
4.4063,13.0,28.75728155339806
4.3362,31.0,5.945098039215687
4.35,36.0,5.96234309623431
1.4044,35.0,4.659147869674185
3.9167,52.0,5.376146788990826
3.5714,11.0,5.575418994413408
7.8528,17.0,6.4
2.9453,28.0,5.343042071197411
4.744,48.0,7.117647058823529
7.5426,15.0,7.00297176820208
7.0568,5.0,7.0234375
8.4389,25.0,7.718446601941747
2.7955,31.0,5.070063694267516
2.9688,43.0,4.44559585492228
4.3194,40.0,4.73404255319149
1.25,36.0,4.568047337278107
3.7312,31.0,4.635021097046414
1.6393,22.0,4.819787985865724
3.0288,19.0,3.373529411764706
3.9615,45.0,4.361746361746362
6.256,36.0,6.259067357512953
5.3194,35.0,6.029315960912052
2.8352,38.0,6.385964912280702
5.228,16.0,6.569451309935739
2.625,43.0,3.534682080924856
4.6528,47.0,4.335820895522388
3.287,19.0,3.668181818181818
1.8625,52.0,6.411764705882353
1.4063,51.0,4.446428571428571
4.0729,38.0,5.271875
4.7466,19.0,5.765661252900232
1.4815,52.0,5.327472527472527
1.1311,29.0,3.8753180661577606
5.6058,19.0,6.033998920669185
8.1163,16.0,7.8982035928143715
3.5179,37.0,5.8470363288718925
2.9779,30.0,4.422976501305483
3.375,26.0,5.3694915254237285
4.3375,31.0,6.240121580547113
5.397,44.0,6.234299516908212
1.9881,12.0,4.513888888888889
1.64,45.0,4.224043715846994
2.2755,21.0,4.064606741573034
4.3714,23.0,6.202672605790646
3.2232,35.0,5.365038560411311
9.9025,40.0,8.106849315068493
4.8958,21.0,9.01219512195122
5.5785,17.0,6.2
5.7709,4.0,5.181347150259067
6.6277,35.0,6.102564102564102
2.1164,34.0,3.985882352941176
2.7727,52.0,4.867158671586716
1.5603,41.0,2.70926517571885
8.2531,17.0,9.380090497737555
2.5769,27.0,3.78772378516624
3.6875,23.0,5.077010192525481
3.163,40.0,3.875
6.6453,25.0,6.618249534450651
2.4,31.0,5.605442176870748
1.1553,12.0,4.238888888888889
5.0508,32.0,7.575688073394495
1.6953,43.0,2.032738095238096
3.5497,25.0,4.801946193474528
4.1161,49.0,5.406417112299465
3.625,25.0,5.887788778877888
5.4298,24.0,6.174964438122333
3.0735,23.0,5.334589299171062
2.9688,24.0,5.526881720430108
3.4107,29.0,4.256756756756757
5.444,37.0,5.922779922779923
5.4824,15.0,6.551051051051051
1.6591,52.0,2.5
4.2381,43.0,4.8053097345132745
2.7,5.0,8.857142857142858
2.5804,43.0,5.4781491002570695
3.375,22.0,4.639405204460966
4.1734,39.0,6.396825396825397
5.5709,31.0,6.72108843537415
4.5083,34.0,5.233009708737864
4.3008,33.0,6.314159292035399
3.3534,26.0,6.087096774193548
2.75,52.0,5.615141955835962
4.1947,16.0,6.384803921568627
4.088,27.0,6.089156626506024
4.8295,37.0,5.51603498542274
5.1496,27.0,5.224299065420561
5.2121,32.0,4.294964028776978
3.775,25.0,5.2075471698113205
10.4286,52.0,7.91970802919708
2.7236,19.0,5.77208480565371
4.665,11.0,15.272727272727272
3.8047,45.0,4.911475409836066
4.9904,36.0,6.004366812227074
6.3566,16.0,5.561643835616438
2.9,22.0,6.776942355889724
2.9605,12.0,4.915341440598691
4.3182,36.0,5.62625
4.0398,23.0,5.154782608695652
6.1563,13.0,6.3392070484581495
4.6602,22.0,5.767123287671233
1.8317,47.0,5.061420345489443
2.9559,16.0,4.284403669724771
1.9961,13.0,4.996287128712871
2.1366,47.0,5.0190311418685125
2.5938,18.0,4.470588235294118
5.716,4.0,5.506923540036123
5.2881,17.0,6.573389651531151
4.0517,36.0,5.380597014925373
2.1705,23.0,5.133333333333334
5.8178,27.0,5.752136752136752
2.9911,36.0,5.123595505617978
2.7143,16.0,6.385300668151448
4.4306,21.0,5.904225352112676
2.5288,39.0,4.539130434782609
3.1989,37.0,3.943820224719101
2.0729,25.0,5.566037735849057
3.2215,8.0,6.2686711930164885
4.005,48.0,5.702702702702703
2.6292,32.0,4.581005586592179
4.15,52.0,4.355044699872286
3.025,44.0,4.4296875
3.5625,43.0,5.64741641337386
4.2578,36.0,5.258823529411765
4.3548,17.0,5.713942307692308
3.9549,36.0,4.237894736842105
3.8594,45.0,5.413793103448276
3.6531,18.0,5.642638036809816
2.5212,21.0,5.897923875432526
4.0,36.0,5.6298076923076925
3.2879,32.0,6.097807757166947
5.2449,22.0,5.9309927360774815
2.2042,33.0,3.492063492063492
1.5714,39.0,3.830357142857143
5.3428,14.0,6.326007326007326
8.4882,27.0,6.945945945945946
2.24,30.0,3.930232558139535
3.2216,36.0,5.319796954314721
1.8007,37.0,4.93705035971223
5.0162,27.0,4.8106060606060606
3.6563,14.0,6.032154340836013
2.4091,24.0,4.081534772182255
5.2134,13.0,7.564102564102564
2.5859,17.0,4.814634146341463
3.8529,17.0,4.916967509025271
3.6181,35.0,5.513833992094861
6.9113,17.0,7.484536082474227
2.1719,42.0,3.823308270676692
3.4208,22.0,3.929368029739777
6.6537,32.0,6.330917874396135
1.0391,24.0,1.9680511182108624
2.7452,33.0,4.9564270152505445
8.2787,27.0,6.935064935064935
5.3275,5.0,6.490059642147117
2.4423,21.0,5.779527559055119
2.7824,29.0,4.504566210045662
4.5357,25.0,6.013371537726838
2.683,24.0,5.287037037037037
2.5125,42.0,4.807894736842106
2.6098,18.0,3.706056129985229
3.825,34.0,5.036764705882353
4.1339,34.0,5.320158102766799
3.162,26.0,3.576452599388379
5.3664,34.0,6.370689655172414
4.0924,19.0,5.942222222222222
1.4896,39.0,4.381615598885793
9.6047,20.0,8.46788990825688
7.2074,3.0,6.488188976377953
2.6765,52.0,5.0
2.5186,52.0,3.00831024930748
2.1927,43.0,4.32994923857868
4.1659,36.0,5.887545344619105
2.3333,33.0,5.782828282828283
3.1133,27.0,4.201923076923077
3.9464,32.0,4.95952023988006
3.5,33.0,4.48
1.4583,36.0,2.4
3.1981,24.0,4.197947214076247
3.6154,52.0,5.616016427104722
3.4028,18.0,5.845132743362832
3.3162,27.0,5.238235294117647
2.5882,33.0,4.144981412639405
2.8542,37.0,3.996192893401015
3.0789,14.0,6.845864661654136
6.0738,26.0,6.014018691588785
2.8426,10.0,4.897243107769423
6.6603,9.0,6.206642066420664
3.099,27.0,4.191122071516646
2.3274,29.0,3.840236686390533
3.5781,37.0,4.8281750266808965
4.6304,39.0,5.038961038961039
1.023,20.0,4.194762684124386
2.6719,23.0,5.159754224270353
5.2887,21.0,6.4
10.8783,52.0,8.503184713375797
4.9079,26.0,6.153452685421995
1.1964,33.0,4.368932038834951
7.6012,4.0,7.265682656826568
3.5529,43.0,5.865761689291101
1.8819,16.0,6.686493184634449
5.0285,9.0,6.1737891737891735
1.8897,43.0,4.483695652173913
1.3278,32.0,4.408510638297872
4.5052,52.0,4.94228356336261
5.187,45.0,7.149732620320855
4.2216,17.0,5.606080634500992
3.5313,36.0,6.219424460431655
2.8795,44.0,5.802816901408451
3.2813,28.0,5.144846796657381
3.5114,52.0,6.372759856630824
2.4359,48.0,2.7782340862423
2.0221,20.0,4.721875
5.5126,36.0,5.964749536178108
0.7526,5.0,2.5796610169491525
4.1548,32.0,5.222585924713584
2.5612,5.0,5.7405857740585775
4.125,36.0,5.5875
2.2536,16.0,5.432
10.3979,25.0,8.094736842105263
3.1979,32.0,4.516871165644171
3.7585,18.0,5.618263473053892
7.6107,14.0,6.775132275132275
2.4667,30.0,4.234782608695652
3.6932,18.0,3.7404214559386975
6.4761,39.0,6.536231884057971
5.5342,9.0,4.61070110701107
3.9461,16.0,4.522184300341297
6.1287,4.0,6.791896869244936
4.5568,38.0,4.452054794520548
2.5651,27.0,3.7947454844006567
2.625,20.0,5.953229398663697
2.5208,52.0,3.9081632653061225
2.7461,17.0,5.4261904761904765
1.8875,34.0,4.247126436781609
3.8929,19.0,4.974293059125964
7.1267,15.0,6.9327217125382266
5.0143,15.0,6.67319587628866
8.3935,36.0,7.00479233226837
4.8542,29.0,5.549618320610687
1.9167,45.0,4.039697542533081
2.7536,37.0,5.993548387096774
4.5,36.0,4.94044665012407
4.2593,39.0,5.011976047904192
3.8,36.0,4.601466992665037
1.975,35.0,4.699346405228758
2.7325,25.0,4.93687374749499
4.2014,35.0,5.782608695652174
3.3859,18.0,4.612844036697248
3.733,23.0,5.784552845528455
2.6442,34.0,6.185929648241206
4.6071,30.0,6.114180478821363
5.8548,7.0,6.444206008583691
5.4298,28.0,6.049079754601227
3.0685,33.0,4.155866900175131
3.7352,32.0,6.475357710651828
3.9464,50.0,5.328877005347594
6.5891,17.0,7.254464285714286
3.5195,26.0,6.090909090909091
1.6898,38.0,3.907042253521127
2.3684,35.0,6.196078431372549
3.225,9.0,5.557640750670242
2.725,28.0,5.484732824427481
3.9766,14.0,6.58664546899841
10.7958,25.0,7.950089126559715
1.2863,52.0,2.7590361445783134
2.3375,30.0,3.371681415929204
5.2289,41.0,5.569105691056911
3.1393,14.0,6.31079478054567
5.0866,45.0,5.710407239819005
3.2361,38.0,5.066308243727598
11.2093,42.0,6.876106194690266
2.8345,31.0,3.894915254237288
4.875,1.0,5.533333333333333
4.0603,37.0,6.164670658682635
3.4559,39.0,4.645783132530121
3.4777,47.0,4.873180873180873
2.8446,18.0,5.131212723658051
6.1359,31.0,6.04054054054054
3.3229,9.0,4.5
4.1121,40.0,5.436440677966102
3.5696,4.0,6.111965811965812
4.1325,32.0,5.439618644067797
1.5521,40.0,3.4548335974643423
1.8937,21.0,3.7345299952763344
3.1736,16.0,5.705304518664047
2.1865,15.0,3.9
3.8323,16.0,5.997821350762528
1.7734,23.0,4.283783783783784
2.25,15.0,6.11214953271028
4.6649,24.0,5.631703470031546
3.1859,26.0,5.838323353293413
3.3005,12.0,5.92018779342723
4.6207,35.0,4.955684007707129
4.3851,4.0,4.416541353383459
6.6049,16.0,8.853061224489796
0.8054,52.0,2.903225806451613
3.5714,8.0,3.105598866052445
1.5328,36.0,2.570786516853933
1.3329,40.0,4.28021978021978
4.5135,15.0,6.566302652106084
3.3536,27.0,7.061776061776062
5.1806,9.0,4.41635687732342
2.629,38.0,3.905683192261185
5.0731,52.0,5.2489539748953975
6.5743,10.0,7.07286432160804
3.2705,12.0,5.330082520630158
5.1314,15.0,29.074766355140188
3.1563,29.0,3.416141235813367
4.825,40.0,5.379647749510763
2.8981,26.0,3.0994318181818183
2.8833,29.0,5.793911007025761
3.1442,30.0,5.780487804878049
4.15,20.0,5.708860759493671
4.1518,43.0,6.105263157894737
6.1349,33.0,6.893416927899686
3.1987,21.0,7.08
2.2146,31.0,3.9568034557235423
13.367,37.0,8.709480122324159
3.2156,10.0,5.3905013192612135
3.6964,39.0,7.160377358490566
10.0472,11.0,9.890756302521009
4.625,48.0,5.152631578947369
3.7344,47.0,6.219101123595506
3.0573,38.0,4.757363253856942
2.3507,39.0,5.165636588380717
1.51,30.0,2.4884814292430653
4.8295,18.0,5.73961661341853
1.9405,36.0,4.925490196078432
7.266,52.0,7.436619718309859
4.7857,14.0,5.971428571428572
1.9631,44.0,4.425963488843814
2.3347,36.0,4.4760994263862335
3.0,14.0,3.45422943221321
2.8167,45.0,3.978165938864629
4.0679,24.0,6.347394540942928
2.0348,17.0,2.6659815005138747
2.4196,26.0,8.518248175182482
3.8062,25.0,4.557692307692308
1.9205,40.0,3.5700934579439254
4.4219,34.0,5.850220264317181
2.875,13.0,5.248484848484848
2.4968,46.0,4.374622356495468
3.8214,36.0,5.897435897435898
6.0704,26.0,7.359090909090909
6.1684,13.0,6.2565445026178015
6.1043,36.0,5.545562130177514
4.1429,33.0,4.984025559105431
3.625,36.0,6.569060773480663
1.0424,32.0,3.941747572815534
5.2853,31.0,5.169444444444444
3.1641,17.0,5.58348623853211
1.8319,36.0,4.217008797653959
1.875,44.0,4.666666666666667
6.6783,16.0,6.456876456876457
5.0499,32.0,6.213872832369942
4.9286,24.0,5.781065088757397
5.8541,22.0,6.448105436573312
2.8155,27.0,4.257352941176471
2.0313,41.0,4.141592920353983
2.7841,48.0,5.507537688442211
4.175,34.0,5.234200743494424
1.8704,20.0,6.26984126984127
8.7051,48.0,7.433691756272402
2.6803,52.0,4.278688524590164
5.4359,25.0,6.613095238095238
3.1771,52.0,4.8279069767441865
2.3814,28.0,4.370839936608558
3.0033,52.0,5.223796033994335
5.4562,28.0,6.547445255474453
3.5,19.0,4.9816091954022985
2.725,32.0,5.992395437262357
3.0625,25.0,5.1035598705501615
1.7692,39.0,5.170818505338079
6.1244,20.0,6.330434782608696
2.3,23.0,4.305699481865285
2.2566,42.0,5.272232304900181
3.7258,32.0,5.244736842105263
4.0717,3.0,7.248285322359396
2.9891,18.0,5.96
4.3807,23.0,4.922137404580153
4.9079,23.0,5.707509881422925
5.01,20.0,17.54609929078014
2.5754,23.0,5.30064308681672
4.2019,37.0,5.164658634538153
3.09,35.0,4.421461897356143
3.3924,14.0,4.765151515151516
7.6107,33.0,7.554166666666666
6.5413,12.0,7.489655172413793
3.0375,21.0,4.972270363951473
3.0833,10.0,6.3478260869565215
4.3601,26.0,6.298387096774194
5.4968,25.0,5.170098478066249
2.5769,30.0,6.317567567567568
3.1768,31.0,5.010869565217392
4.5604,4.0,6.737383177570093
5.2769,18.0,6.135549872122762
3.1304,16.0,3.79093567251462
5.1082,33.0,4.940828402366864
4.0341,33.0,5.565040650406504
6.2452,21.0,7.365714285714286
5.8602,8.0,5.56358839050132
4.6005,37.0,6.0095238095238095
1.4886,15.0,3.104761904761905
8.6573,16.0,7.598615916955017
7.4918,26.0,7.1648522550544325
2.5313,35.0,4.167487684729064
2.7125,14.0,4.094262295081967
4.4946,24.0,5.294896030245747
2.8281,14.0,6.108108108108108
2.9621,52.0,3.9790794979079496
3.0278,26.0,5.803347280334728
3.0774,52.0,4.997983870967742
4.7708,36.0,5.106280193236715
5.1626,40.0,6.067193675889328
1.4712,41.0,3.556962025316456
3.1902,29.0,5.145098039215687
1.6611,48.0,4.975247524752476
2.4432,21.0,4.464337700145561
3.0441,20.0,4.049079754601227
2.189,40.0,5.217582417582418
5.31,15.0,7.1680851063829785
4.9219,35.0,6.930232558139535
4.0625,31.0,5.50561797752809
1.448,37.0,4.327433628318584
6.3914,8.0,8.356968215158924
2.75,27.0,4.018672199170124
3.0495,16.0,5.413872832369942
2.6042,34.0,3.716363636363636
4.8304,32.0,4.929648241206031
4.0368,33.0,5.308457711442786
3.7708,42.0,5.829568788501026
4.7381,26.0,6.007490636704119
1.9866,30.0,3.7868217054263567
1.7596,26.0,5.103448275862069
4.7941,37.0,6.166666666666667
5.5714,34.0,6.2445582586427655
9.4987,34.0,7.00979020979021
6.2089,33.0,6.52924791086351
2.507,30.0,3.96375
1.725,33.0,5.068027210884353
3.201,44.0,4.366720516962843
2.825,27.0,5.339882121807466
2.5333,43.0,5.9753086419753085
8.2816,29.0,6.715625
4.5694,28.0,6.219512195121951
1.1522,24.0,6.433155080213904
3.7813,15.0,5.620057859209258
4.7049,16.0,5.118335500650195
6.2356,42.0,4.636085626911315
2.3462,36.0,4.272
1.8618,52.0,4.157718120805369
2.75,34.0,5.556701030927835
1.4125,22.0,4.771739130434782
2.7167,37.0,4.339483394833948
3.375,4.0,3.769953051643193
2.0216,32.0,5.685714285714286
3.1591,19.0,6.452132701421801
3.0865,52.0,4.893854748603352
3.6859,52.0,5.415011037527594
1.1868,47.0,3.9124579124579126
5.552,7.0,8.329787234042554
5.8703,5.0,6.535603715170279
6.5958,17.0,6.95703125
2.0432,18.0,4.243506493506493
1.5561,35.0,4.139931740614334
5.1121,19.0,5.618852459016393
7.5699,19.0,8.127572016460906
1.4178,42.0,3.0417582417582416
3.4812,52.0,4.520689655172414
4.5057,52.0,4.8655462184873945
1.5817,52.0,5.43801652892562
4.375,25.0,6.566666666666666
4.0793,52.0,4.949799196787149
3.6885,49.0,5.184568835098336
2.525,9.0,5.839869281045751
4.5163,34.0,5.319923371647509
2.3482,26.0,20.33668341708543
6.6087,31.0,6.5
2.9107,27.0,5.807339449541284
3.0694,6.0,5.791666666666667
2.8372,26.0,5.955523672883787
4.1719,24.0,5.063725490196078
3.0184,9.0,5.420863309352518
1.3973,47.0,4.796875
2.2844,27.0,4.104542177361211
4.8214,29.0,5.418604651162791
4.7917,36.0,5.1246290801186944
4.4427,31.0,5.633228840125392
3.9226,19.0,6.204946996466431
3.1213,27.0,4.434125269978401
2.2882,17.0,4.326388888888889
4.8984,31.0,4.492690058479532
8.4888,30.0,5.954113924050633
2.567,21.0,5.091935483870968
4.5481,6.0,4.725490196078432
1.8611,42.0,4.751381215469613
2.625,24.0,3.484251968503937
4.4732,16.0,6.0
3.2941,9.0,6.213207547169811
4.6369,44.0,4.553133514986376
4.2685,32.0,5.55794701986755
3.9265,18.0,4.31994459833795
2.7083,21.0,4.495588235294117
1.6722,35.0,5.300632911392405
9.1508,43.0,7.035128805620609
3.183,14.0,4.7844827586206895
4.0893,16.0,4.6104651162790695
2.8646,22.0,4.775047258979206
4.5625,40.0,4.125
6.6916,2.0,9.769983686786295
6.4211,19.0,7.578723404255319
6.1082,15.0,6.901865369018654
3.0638,29.0,4.701421800947867
3.0718,52.0,5.068965517241379
3.7404,52.0,5.807531380753138
3.9464,37.0,4.928735632183908
5.3226,18.0,5.567741935483871
5.0623,35.0,5.972350230414746
4.3571,41.0,5.73224043715847
5.7476,19.0,8.04535637149028
5.2034,29.0,5.645491803278689
4.3986,52.0,3.970687711386697
5.0322,43.0,3.658198614318706
2.163,18.0,4.383399209486166
4.6781,52.0,5.399749373433584
4.1098,21.0,4.89532293986637
4.0208,17.0,4.694915254237288
3.875,35.0,4.604026845637584
2.8456,40.0,4.869918699186992
5.5208,33.0,6.833723653395785
4.6904,4.0,7.312148028962188
3.9886,32.0,4.740402193784278
3.75,16.0,4.93646408839779
6.6779,5.0,7.507177033492823
4.0208,8.0,2.5
1.2969,24.0,2.486434108527132
4.2383,18.0,7.572438162544169
2.8182,12.0,5.404761904761905
2.3603,27.0,4.07183908045977
4.2121,14.0,5.14095744680851
3.6607,45.0,5.407476635514018
1.625,52.0,3.8380952380952382
3.0263,15.0,2.5864864864864865
3.1592,33.0,5.495103373231774
2.724,8.0,4.655502392344498
5.5683,19.0,5.2875
2.6364,47.0,5.121457489878543
3.7266,16.0,4.702564102564103
5.5469,16.0,6.226396602417511
2.1458,22.0,3.0782608695652174
4.1554,33.0,5.664107485604607
4.2431,15.0,5.217235188509874
2.6951,44.0,3.90896159317212
7.2905,23.0,6.401663695781343
3.0091,41.0,5.648837209302326
4.8625,20.0,4.694006309148265
4.4871,2.0,6.690700104493208
5.2124,9.0,5.329931972789115
1.875,41.0,4.4
3.4609,14.0,8.62530413625304
3.4671,52.0,3.824324324324324
6.7809,30.0,5.881879194630873
6.1404,28.0,4.58681875792142
2.4207,26.0,4.140540540540541
3.3616,35.0,5.8893280632411065
2.4167,22.0,3.618361153262519
2.1507,21.0,4.800582241630276
2.2071,35.0,5.1940298507462686
2.5074,33.0,5.665441176470588
5.1296,35.0,5.958490566037736
1.947,24.0,5.0
3.2067,36.0,5.641369047619048
2.6776,31.0,4.868888888888889
3.825,28.0,6.306930693069307
5.1182,17.0,6.00250626566416
5.1165,40.0,5.747368421052632
1.3882,15.0,3.9295302013422817
1.5,17.0,3.1972318339100347
4.4094,39.0,5.127345844504021
2.2148,38.0,3.5160965794768613
2.9025,20.0,3.931137724550898
3.9227,33.0,5.949593495934959
7.6084,20.0,7.202517162471396
1.8694,36.0,5.259904912836767
3.7043,17.0,5.677966101694915
5.7485,26.0,5.366666666666666
2.4922,21.0,3.430939226519337
4.1165,26.0,4.9375
2.6127,36.0,4.858156028368795
3.8179,24.0,5.115768463073852
8.2673,21.0,7.539614561027837
3.1189,43.0,5.055865921787709
7.4713,26.0,7.982704402515723
6.1648,35.0,5.850574712643678
3.5833,16.0,6.887179487179488
1.7171,17.0,5.155038759689923
6.0678,52.0,6.420454545454546
4.7891,19.0,4.693467336683417
6.3538,49.0,6.29388560157791
2.8681,12.0,4.27751756440281
1.5854,42.0,2.137089991589571
4.375,38.0,4.8977272727272725
3.0708,24.0,4.155482815057283
5.1896,14.0,6.170984455958549
2.0242,36.0,4.967105263157895
9.4664,45.0,7.593984962406015
2.7933,51.0,5.560919540229885
5.3416,31.0,5.444759206798867
1.7614,25.0,5.19434628975265
3.125,38.0,4.9
1.8958,39.0,5.014409221902017
5.1187,36.0,4.816770186335404
4.6069,7.0,5.609195402298851
3.7321,33.0,5.616438356164384
4.1141,20.0,4.158852344296711
5.6817,20.0,4.936127744510978
6.1142,23.0,6.361638361638362
3.5893,48.0,5.625954198473282
3.9855,35.0,6.53627760252366
2.25,52.0,3.090909090909091
6.1004,35.0,5.8687258687258685
3.3431,10.0,4.5958762886597935
3.8021,45.0,4.876456876456876
2.9375,19.0,5.236286919831223
3.5167,6.0,6.407602956705386
3.9219,35.0,4.76948051948052
5.3693,26.0,6.2304147465437785
4.5217,23.0,5.1867612293144205
2.1776,22.0,5.443722943722944
2.6768,52.0,4.335078534031414
7.5402,13.0,8.393103448275863
2.1187,3.0,3.3947939262472886
1.9392,27.0,3.433734939759036
3.108,27.0,4.365487674169346
6.6544,44.0,6.681818181818182
2.9438,18.0,4.97923197492163
4.4636,42.0,3.6580459770114944
4.6648,21.0,6.036827195467422
2.6648,33.0,6.454198473282442
6.0705,30.0,6.627565982404692
3.7619,47.0,4.997361477572559
2.3099,13.0,4.5257510729613735
2.7051,26.0,5.602179836512262
2.6833,8.0,5.439024390243903
3.0625,52.0,6.108958837772397
4.9318,6.0,5.7944078947368425
8.1844,22.0,7.817073170731708
3.2813,17.0,4.98014888337469
5.47,17.0,6.659751037344399
3.5357,22.0,4.859504132231405
3.5817,30.0,4.982309124767226
2.8348,8.0,3.7813370473537606
4.2222,45.0,5.740853658536586
5.1948,16.0,5.848626925653048
1.78,38.0,3.9756944444444446
1.4851,52.0,3.1909722222222223
3.5333,15.0,3.559498956158664
2.1915,22.0,4.1237721021611
4.9688,25.0,6.133159268929504
2.2372,19.0,4.052459016393443
3.1065,48.0,4.978947368421053
2.3352,34.0,3.4571428571428573
2.6812,34.0,4.77972027972028
2.7243,31.0,4.114942528735632
2.7316,16.0,5.226415094339623
2.0926,11.0,4.134939759036144
5.5918,20.0,6.193846153846154
1.4103,52.0,3.7493796526054592
10.5045,36.0,6.023668639053255
6.5173,24.0,6.4526315789473685
3.2943,32.0,4.907788719785139
4.925,27.0,5.5
3.1838,20.0,3.783464566929134
2.3357,48.0,4.064935064935065
3.4762,52.0,5.305084745762712
5.966,48.0,4.13986013986014
4.2296,35.0,4.598790322580645
3.1814,28.0,5.677811550151976
3.1771,18.0,5.046070460704607
3.0156,38.0,3.5866558177379986
2.0952,27.0,3.412903225806452
1.2532,12.0,3.456445993031359
7.5408,3.0,8.493150684931507
8.5491,20.0,6.763698630136986
4.7639,49.0,5.304964539007092
2.125,16.0,5.046153846153846
3.1029,27.0,4.135802469135802
2.1944,26.0,4.523897058823529
2.2102,37.0,4.201986754966887
1.2,35.0,3.987730061349693
4.0441,45.0,4.873994638069705
5.357,28.0,5.341719077568135
2.6961,19.0,4.2046070460704605
2.0147,16.0,4.598997493734336
4.692,35.0,5.04228855721393
4.3235,32.0,4.821138211382114
3.7419,52.0,5.121890547263682
2.1029,46.0,3.732558139534884
1.2273,18.0,5.0
7.0516,37.0,5.375609756097561
4.125,37.0,5.109792284866469
2.6452,18.0,5.108433734939759
2.3156,51.0,3.963917525773196
4.825,26.0,5.257009345794392
1.9063,52.0,3.603399433427762
5.1457,5.0,6.395918367346939
2.5556,11.0,5.825112107623318
3.4107,42.0,3.929606625258799
5.7862,11.0,6.758558558558558
3.244,38.0,4.494949494949495
1.875,38.0,4.65625
5.0865,36.0,6.086330935251799
3.9118,46.0,4.868525896414343
5.8691,21.0,6.232142857142857
5.9934,2.0,9.896678966789668
2.0337,11.0,4.210280373831775
5.575,10.0,6.247572815533981
5.551,17.0,6.881305637982196
3.4896,24.0,4.703216374269005
5.2108,31.0,5.846153846153846
1.3191,50.0,3.4483471074380163
4.1679,41.0,6.617486338797814
2.3284,30.0,4.048780487804878
6.5964,14.0,6.604508196721311
4.5469,21.0,4.624576271186441
4.2,35.0,4.49820788530466
4.3594,44.0,5.843003412969283
3.3304,16.0,4.462321792260693
1.6806,11.0,3.2058252427184466
2.2663,44.0,3.442922374429224
4.5662,8.0,6.307692307692308
5.3283,28.0,5.903100775193798
2.6012,21.0,6.0398550724637685
4.3906,19.0,5.695488721804511
3.016,31.0,4.45945945945946
1.8984,19.0,4.306513409961686
10.3203,43.0,5.428571428571429
2.25,20.0,6.5
3.2794,7.0,5.546473302570863
2.3682,24.0,4.617529880478088
3.2727,17.0,5.234177215189874
3.6,35.0,5.289156626506024
2.343,33.0,4.899280575539568
1.6686,17.0,3.893175074183976
7.2478,25.0,7.855392156862745
1.871,31.0,5.36283185840708
4.8693,23.0,6.448863636363637
1.3167,49.0,4.969230769230769
3.8448,36.0,4.445431472081219
3.3272,35.0,5.073170731707317
10.8045,44.0,5.494845360824742
4.2396,48.0,5.62962962962963
4.0071,37.0,5.063339731285988
2.1625,18.0,5.488135593220339
1.2034,52.0,5.582582582582583
1.8958,28.0,4.782178217821782
3.9728,28.0,4.433806146572104
1.9946,31.0,4.265993265993266
6.8317,31.0,6.438515081206496
2.8342,35.0,3.923076923076923
4.4271,25.0,5.082514734774067
5.8195,25.0,6.585513078470825
1.8849,16.0,4.536741214057508
2.9886,10.0,3.3752535496957403
11.2463,22.0,8.249027237354085
3.0926,6.0,3.67351598173516
2.7697,38.0,5.473684210526316
1.9028,36.0,3.2948717948717947
2.3562,28.0,4.174545454545455
4.25,35.0,6.7392638036809815
1.4224,33.0,1.819277108433735
2.2357,30.0,5.152406417112299
2.2188,50.0,4.925133689839572
3.6667,36.0,5.078
9.8413,32.0,7.17004048582996
1.9236,29.0,5.126482213438735
2.2937,25.0,5.186264308012487
4.7195,6.0,6.745067497403946
2.2448,20.0,5.084033613445378
2.0879,38.0,3.896210873146623
6.7206,26.0,6.889980353634577
5.1028,42.0,5.837121212121212
1.4722,27.0,3.9831460674157295
1.4812,39.0,5.42483660130719
3.1827,43.0,5.515527950310559
2.0547,13.0,4.867783985102421
6.7962,4.0,6.205936920222634
5.5379,42.0,5.689542483660131
3.4492,34.0,5.787790697674419
4.5221,16.0,6.38494623655914
7.248,24.0,6.557823129251701
4.0469,6.0,5.962264150943396
3.2813,33.0,4.67109634551495
5.0849,18.0,6.62076749435666
2.55,38.0,4.438356164383562
3.0403,26.0,5.140969162995595
4.1289,13.0,4.572038420490928
6.3579,10.0,7.357446808510638
3.6667,7.0,5.8154869933454325
6.2895,45.0,6.5
4.6,24.0,13.104166666666666
7.2315,35.0,7.158607350096712
4.9042,52.0,6.356223175965665
2.4667,33.0,4.43254817987152
5.0366,16.0,6.741116751269035
2.0284,52.0,4.511904761904762
2.0043,29.0,4.92332268370607
1.962,17.0,4.071320182094082
3.6111,48.0,7.297297297297297
5.049,52.0,6.382470119521912
2.5362,29.0,4.173913043478261
2.6509,25.0,3.74295010845987
5.1788,34.0,5.340579710144928
3.2115,20.0,5.263529411764706
2.6991,30.0,4.336448598130841
4.1026,25.0,3.5496828752642706
3.0536,49.0,3.66530612244898
1.7639,21.0,5.417607223476298
4.1115,35.0,4.908333333333333
3.385,44.0,3.1832358674463936
2.2214,42.0,3.729257641921397
8.1839,26.0,7.900928792569659
1.4464,17.0,5.431034482758621
6.4788,25.0,7.278215223097113
1.4821,20.0,6.36
2.006,37.0,3.769230769230769
3.5461,10.0,5.029411764705882
5.2954,52.0,5.804560260586319
3.0788,44.0,4.594366197183098
4.875,15.0,6.720833333333333
3.7061,24.0,5.772189349112426
4.9236,28.0,5.847176079734219
2.3824,14.0,3.9296675191815855
1.3611,18.0,4.79578947368421
2.6159,19.0,3.292091836734694
4.6731,35.0,5.385113268608414
2.957,52.0,4.496259351620948
3.8819,39.0,5.5559701492537314
6.2242,13.0,6.121320890165111
4.2218,48.0,5.075471698113208
3.3661,45.0,4.897905759162303
3.2788,26.0,5.604838709677419
5.27,26.0,5.721100917431193
1.125,36.0,4.4409090909090905
2.0852,19.0,3.604612850082373
2.753,14.0,5.789029535864979
2.5743,15.0,5.64935064935065
2.3406,33.0,4.113490364025696
5.7652,13.0,6.497017892644135
1.7,48.0,2.86
4.0298,44.0,6.047619047619048
2.7583,42.0,5.080536912751678
1.7227,52.0,4.954022988505747
3.1193,21.0,20.03333333333333
2.5062,47.0,5.177777777777778
2.1696,16.0,4.834920634920635
2.7875,35.0,4.48371335504886
3.8173,31.0,4.896193771626297
6.2034,22.0,6.532293986636971
3.2625,27.0,5.145907473309609
5.0662,46.0,6.224056603773585
2.2656,47.0,3.792207792207792
3.7125,26.0,4.915254237288136
6.5253,26.0,7.297966401414677
3.2847,35.0,6.218867924528302
3.9,52.0,4.848189415041783
2.1773,17.0,4.04
6.1986,17.0,6.778225806451613
2.3713,18.0,3.526605504587156
0.9948,48.0,3.532846715328468
1.5071,28.0,3.481967213114754
3.1051,23.0,3.731288981288981
3.2768,35.0,6.035398230088496
2.9423,42.0,2.6801075268817205
4.0742,46.0,5.305439330543933
2.2888,46.0,5.317865429234339
5.3008,16.0,6.1062124248497
3.9741,15.0,6.645652173913043
2.6159,45.0,3.647482014388489
6.5195,35.0,6.364516129032258
3.2917,26.0,5.034979423868313
4.4766,14.0,5.503311258278146
2.4821,43.0,4.778761061946903
5.4011,15.0,5.385744234800838
2.809,34.0,4.846153846153846
1.6993,28.0,4.721153846153846
1.6467,34.0,4.078431372549019
3.25,46.0,5.270949720670391
4.8611,29.0,5.950177935943061
2.9896,36.0,4.289393939393939
4.9984,12.0,6.18805765271105
4.05,21.0,4.471317829457364
3.1127,29.0,4.2087227414330215
4.9429,28.0,5.839679358717435
2.0467,35.0,2.4100877192982457
4.2656,34.0,5.054945054945055
4.4408,42.0,4.875379939209727
2.0673,45.0,3.96218487394958
2.4632,41.0,5.309352517985611
2.1429,38.0,3.740406320541761
5.3119,6.0,6.971671388101983
4.0156,9.0,4.677631578947368
1.8369,17.0,6.194736842105264
2.7679,18.0,6.1354466858789625
2.1029,43.0,4.112469437652812
2.234,32.0,4.892271662763466
7.7234,10.0,8.016901408450705
3.1912,42.0,4.8514588859416445
5.6235,12.0,6.259528130671506
1.7844,11.0,10.19237012987013
4.9932,18.0,6.211812627291242
3.2031,52.0,5.477611940298507
2.5707,17.0,3.5660377358490565
4.282,46.0,5.53265306122449
4.4896,48.0,4.989304812834225
5.7295,25.0,6.032040472175379
5.208,46.0,6.09480122324159
13.8093,7.0,6.517241379310345
4.9808,28.0,5.527196652719665
2.1696,39.0,2.724056603773585
2.25,17.0,3.860377358490566
3.8019,13.0,6.762562814070352
5.5248,22.0,6.141361256544503
6.8634,24.0,7.183884297520661
4.1576,19.0,5.788235294117647
3.7083,52.0,4.3585313174946005
5.6445,8.0,7.7105263157894735
4.1344,36.0,4.115839243498818
3.5129,34.0,5.234072022160665
4.8611,15.0,6.442065491183879
2.537,24.0,4.637305699481865
4.9167,34.0,5.963675213675214
4.4875,32.0,5.160839160839161
3.2619,52.0,4.792052980132451
2.7045,36.0,4.949367088607595
2.8942,39.0,4.333333333333333
5.6286,23.0,6.369127516778524
7.0674,46.0,5.761061946902655
5.4216,25.0,6.428308823529412
2.7137,17.0,5.63922942206655
4.0721,52.0,6.298076923076923
2.8,27.0,4.420494699646643
1.7552,24.0,4.418502202643172
1.6575,35.0,5.588652482269503
2.0417,39.0,3.789762340036563
2.3462,16.0,4.676724137931035
4.2723,23.0,5.531772575250836
2.2604,43.0,3.671480144404332
2.0156,33.0,3.4304857621440537
6.4419,19.0,5.945098039215687
4.8304,35.0,6.961956521739131
4.5554,15.0,5.761172513214801
4.6761,31.0,5.649501661129568
2.3333,37.0,4.6
3.725,22.0,5.439903846153846
2.75,41.0,5.666666666666667
6.0487,24.0,7.207079646017699
4.25,34.0,6.06390977443609
4.0156,34.0,5.471590909090909
2.8208,10.0,7.060755336617405
2.0292,18.0,4.402750491159136
5.6846,32.0,6.654109589041096
3.4835,17.0,3.825242718446602
1.4688,40.0,4.32
3.18,28.0,4.27
4.1325,13.0,5.064
4.4712,20.0,3.4289340101522843
5.0417,15.0,5.26537216828479
3.8259,52.0,6.3156146179402
1.3801,39.0,3.617543859649123
2.0286,32.0,3.684210526315789
3.9485,32.0,4.571428571428571
3.9615,34.0,5.597285067873303
3.3625,31.0,5.077868852459017
2.3787,19.0,4.582037996545768
1.6747,20.0,3.989648033126294
4.0966,20.0,5.780068728522337
5.1423,36.0,4.845323741007194
3.2312,38.0,4.5762081784386615
2.474,17.0,5.729681978798586
3.1827,21.0,6.241935483870968
0.6433,24.0,3.725663716814159
3.625,37.0,5.315217391304348
4.8036,36.0,5.644628099173554
2.2679,32.0,3.549019607843137
3.0192,24.0,4.214750542299349
1.7014,37.0,2.932
2.1071,52.0,4.228915662650603
3.5288,16.0,12.368852459016392
2.5588,35.0,3.258928571428572
0.8198,6.0,2.660436137071651
4.6042,36.0,5.940919037199125
5.6921,45.0,5.50761421319797
3.1103,44.0,4.661849710982659
6.0959,3.0,5.530586766541823
4.5735,39.0,5.284848484848485
1.3571,26.0,4.492647058823529
5.9181,24.0,5.7
2.7679,23.0,3.038678485092668
2.1442,35.0,3.4133858267716537
8.2664,52.0,6.63481228668942
5.6754,5.0,6.682702149437052
1.8333,48.0,5.72
3.2266,30.0,4.322429906542056
2.3438,26.0,4.54183266932271
8.0113,18.0,7.233333333333333
5.308,33.0,5.712250712250713
6.0936,35.0,6.46524064171123
2.1597,23.0,4.137345679012346
2.6625,36.0,3.887147335423197
5.3002,8.0,6.687022900763359
2.1976,52.0,4.590322580645161
2.2115,20.0,7.768115942028985
2.6513,42.0,5.67420814479638
3.9028,52.0,7.4728260869565215
4.0473,5.0,4.851305334846765
4.1448,33.0,5.961734693877551
5.0631,15.0,4.310344827586207
3.9338,17.0,5.602179836512262
1.9167,14.0,4.346483704974271
2.9591,2.0,4.482808022922636
1.913,35.0,2.9674620390455533
4.0588,45.0,5.822274881516588
3.1975,24.0,4.218608852755194
4.6187,6.0,5.98639455782313
2.1563,29.0,4.475548060708263
3.108,44.0,4.202
3.4821,9.0,5.363537710255019
2.2208,15.0,7.362948960302457
4.4861,35.0,7.033149171270718
0.9708,21.0,4.064516129032258
5.6533,35.0,5.209923664122138
2.1792,18.0,4.559766763848397
5.3279,23.0,5.73109243697479
4.0223,33.0,5.047520661157025
3.0217,9.0,5.006324110671937
2.75,35.0,5.639308855291577
2.8306,29.0,4.713798977853492
6.1265,22.0,6.759557344064386
15.0001,46.0,6.0
2.375,4.0,1.0
3.2174,17.0,6.756521739130434
3.65,45.0,4.624678663239075
2.2813,41.0,4.512195121951219
1.7969,48.0,5.737313432835821
1.75,43.0,4.053571428571429
3.5845,17.0,4.63894523326572
5.4842,22.0,5.1553956834532375
1.7548,30.0,4.227920227920228
6.8299,18.0,6.390243902439025
3.4722,30.0,4.578804347826087
3.75,29.0,5.318840579710145
4.4551,16.0,5.260649087221095
3.7364,34.0,4.9593147751606
2.6429,18.0,5.184322033898305
3.6534,46.0,5.297709923664122
6.3245,52.0,4.735294117647059
5.878,39.0,6.335600907029479
2.7019,33.0,4.03150912106136
4.3036,36.0,5.065630397236615
3.1047,32.0,4.5
2.6136,35.0,4.598159509202454
1.0648,39.0,4.216901408450704
3.1766,52.0,3.184553660982949
3.3977,31.0,5.443333333333333
3.8667,37.0,5.894736842105263
3.5345,52.0,4.513207547169811
4.6654,27.0,5.214765100671141
5.4201,9.0,8.48326359832636
2.7031,37.0,4.628070175438596
5.943,35.0,6.940476190476191
1.6563,37.0,4.2823315118397085
2.5913,42.0,3.5493716337522443
1.9032,15.0,4.3313953488372094
3.5112,19.0,5.336225596529284
2.75,45.0,5.145669291338582
6.4994,18.0,6.634080717488789
2.5111,49.0,4.886792452830188
3.6902,41.0,5.221311475409836
1.747,43.0,4.236
4.3643,17.0,5.7188612099644125
3.5094,11.0,3.655948553054664
5.5275,22.0,6.429752066115703
3.055,6.0,5.528
3.5296,7.0,5.484025559105431
3.3333,29.0,4.104838709677419
2.6083,38.0,5.14026402640264
3.1773,13.0,4.165915238954013
3.8056,36.0,4.651488616462347
15.0001,45.0,10.37065637065637
1.4091,38.0,5.7
3.5607,21.0,6.12106135986733
3.0969,26.0,5.119318181818182
5.0465,34.0,6.395348837209302
7.8061,2.0,11.110599078341014
3.1753,27.0,5.134228187919463
1.9309,23.0,2.926829268292683
2.6902,17.0,6.035294117647059
2.4516,36.0,3.606232294617564
3.6875,44.0,5.177777777777778
5.128,29.0,3.932471264367816
5.0574,20.0,5.818803418803419
4.6371,9.0,4.306590257879656
1.8432,28.0,4.302788844621514
6.5772,20.0,8.26923076923077
3.48,26.0,5.610619469026549
10.6868,30.0,7.986215538847118
3.9659,33.0,5.322314049586777
3.8934,52.0,5.567233384853169
2.2222,17.0,3.86046511627907
1.9732,32.0,4.989837398373984
2.3917,10.0,6.589686098654709
3.6397,33.0,4.464285714285714
7.7852,12.0,4.038922155688622
1.7467,41.0,4.60062893081761
4.8194,37.0,4.98989898989899
3.5214,50.0,4.1225626740947074
4.3125,52.0,4.242424242424242
4.9766,10.0,6.887147335423197
7.6016,9.0,7.389408099688474
2.4464,36.0,5.724950884086444
2.9112,7.0,5.4604810996563575
5.7934,52.0,4.151565074135091
6.556,14.0,5.925714285714286
4.2262,37.0,4.362369337979094
3.2368,44.0,5.264840182648402
1.9923,41.0,3.279373368146214
1.1563,26.0,3.59245960502693
2.6042,52.0,3.421686746987952
5.0877,26.0,6.097058823529411
3.5506,18.0,4.944333996023857
3.944,19.0,5.968565815324165
2.6354,27.0,3.493377483443709
2.7917,43.0,4.765873015873016
7.7932,29.0,6.573170731707317
1.5987,28.0,4.211586901763225
2.53,45.0,4.864583333333333
3.125,44.0,4.11328125
3.8875,31.0,5.15406162464986
1.7159,43.0,4.121580547112462
4.2273,13.0,7.205438066465256
4.8226,18.0,6.589703588143526
6.1133,11.0,7.241887905604719
4.2721,18.0,5.795148247978437
2.6619,25.0,4.090425531914893
3.0909,31.0,4.402777777777778
5.5693,38.0,7.263888888888889
2.3281,28.0,5.8817733990147785
3.1513,10.0,6.096470588235294
3.2171,14.0,3.284369114877589
2.5982,42.0,3.652892561983471
5.3441,36.0,5.633484162895928
2.8194,8.0,5.759776536312849
3.5893,52.0,4.7074626865671645
7.2574,52.0,8.288135593220339
7.2379,15.0,6.472222222222222
8.5153,40.0,6.407265774378585
2.625,11.0,4.943201376936317
3.8816,33.0,6.161885245901639
4.5833,25.0,6.354216867469879
3.1738,31.0,5.510028653295129
3.115,23.0,6.648936170212766
2.6328,11.0,4.129438717067584
2.7159,25.0,5.694852941176471
2.2083,52.0,4.8561872909699
2.7321,31.0,5.491150442477876
5.3245,8.0,5.987373737373737
2.767,42.0,4.735602094240837
3.625,37.0,5.325892857142857
2.7477,4.0,4.509516837481699
3.5192,9.0,4.863716814159292
5.9683,34.0,5.468036529680365
3.5461,32.0,3.9672131147540974
7.7854,15.0,7.854721549636804
4.2321,9.0,6.357808857808858
3.5082,11.0,4.442100098135427
5.308,15.0,6.147668393782383
4.9205,35.0,5.152
3.4861,26.0,5.588461538461538
2.6842,28.0,4.21256038647343
4.5882,8.0,26.366197183098592
3.0446,26.0,5.657534246575342
2.6417,8.0,5.052147239263804
2.1111,44.0,4.029411764705882
1.68,32.0,4.375224416517056
5.3017,15.0,7.495305164319249
6.7919,19.0,7.377981651376147
5.5151,31.0,5.606365159128978
1.3569,32.0,4.603340292275574
2.1094,24.0,2.843446601941748
2.5575,12.0,5.202676864244742
2.8125,39.0,6.766871165644171
4.6607,33.0,5.996621621621622
2.5521,38.0,2.859848484848485
2.81,43.0,4.272340425531915
1.6488,22.0,3.575757575757576
2.5391,12.0,7.911764705882353
2.4688,25.0,4.838815789473684
2.4044,34.0,5.092936802973978
7.0422,52.0,7.045454545454546
2.947,29.0,5.3839150227617605
2.6146,30.0,5.110204081632653
4.3667,52.0,4.908963585434174
1.8095,31.0,4.129094412331407
3.6,44.0,8.419277108433734
3.9265,39.0,5.885714285714286
3.087,19.0,5.956916099773243
5.8002,19.0,6.610859728506787
2.4,28.0,4.508403361344538
3.0417,52.0,4.638115631691649
2.5809,32.0,5.479704797047971
5.395,34.0,5.45272206303725
2.303,27.0,4.284023668639053
1.9605,37.0,5.219211822660099
2.625,21.0,4.801204819277109
4.2969,32.0,5.199346405228758
3.6726,38.0,4.221843003412969
6.979,17.0,6.7057057057057055
7.2137,17.0,8.240663900414937
1.4958,31.0,4.5
4.2031,8.0,5.520833333333333
2.375,4.0,4.504854368932039
2.1389,16.0,4.31665228645384
12.8879,28.0,7.703196347031963
4.0519,7.0,5.927762039660057
2.5933,52.0,3.758765778401122
2.5893,21.0,6.081447963800905
2.2857,14.0,2.4413145539906105
1.8022,9.0,4.357142857142857
3.5078,15.0,6.254587155963303
3.2462,33.0,3.974458204334365
5.7059,33.0,5.925093632958801
2.0583,34.0,4.526104417670683
3.6827,34.0,5.197508896797153
2.246,6.0,2.647787610619469
2.3026,25.0,5.543859649122807
2.1949,35.0,3.6588921282798834
3.3214,43.0,4.264770240700219
2.7153,22.0,4.736245954692556
2.0187,39.0,4.8760683760683765
2.8194,33.0,6.275401069518717
1.939,21.0,4.735632183908046
6.5284,16.0,6.3097345132743365
9.1078,45.0,6.555555555555555
2.2899,14.0,4.145593869731801
2.5083,52.0,5.373563218390805
5.6358,29.0,6.2837684449489215
3.9063,32.0,5.404109589041096
6.6635,14.0,7.50080775444265
3.6641,17.0,5.577142857142857
2.1736,29.0,5.485835694050992
4.0882,12.0,5.36036036036036
3.2411,35.0,5.908163265306122
4.5066,14.0,6.121301775147929
5.159,18.0,5.944272445820434
5.6029,17.0,6.058455114822547
3.0938,46.0,5.371428571428571
1.1552,44.0,4.273381294964029
2.3971,35.0,3.77742946708464
4.625,38.0,4.7309090909090905
4.2415,52.0,5.695121951219512
2.4727,19.0,3.772296015180266
5.6194,32.0,6.746594005449591
1.9441,18.0,4.157051282051282
3.6528,13.0,6.259615384615385
4.055,20.0,5.257950530035336
2.8775,13.0,4.68586387434555
2.3281,44.0,4.7952755905511815
9.8346,13.0,6.013201320132013
3.0139,43.0,5.917582417582418
5.9493,36.0,5.7315175097276265
3.625,33.0,10.909090909090908
2.723,20.0,6.496969696969697
4.7083,25.0,5.248259860788863
6.7415,28.0,7.645695364238411
4.9125,38.0,5.38337182448037
5.0151,4.0,4.896984924623116
3.7083,17.0,5.89727463312369
3.3889,10.0,4.472602739726027
1.8798,40.0,3.961864406779661
4.537,33.0,4.556989247311828
2.1757,42.0,4.181052631578948
6.5151,5.0,6.190476190476191
3.6301,7.0,5.766690091356289
1.4141,18.0,5.907692307692308
2.5909,31.0,4.4106529209622
6.8564,42.0,6.452054794520548
3.6364,42.0,5.087533156498674
1.5931,18.0,3.92965367965368
3.0854,39.0,5.344969199178645
2.9469,40.0,5.159919028340081
8.0074,18.0,7.993911719939117
4.0677,36.0,5.525925925925926
10.9891,4.0,6.296296296296297
4.1713,23.0,6.356060606060606
4.7931,36.0,5.462585034013605
4.1856,52.0,5.004901960784314
0.9337,45.0,4.712328767123288
3.3603,11.0,6.170731707317073
3.9922,32.0,5.738317757009346
3.5521,19.0,3.453801169590643
4.7986,18.0,6.130890052356021
2.964,14.0,3.592592592592593
5.3707,7.0,6.443564356435644
5.375,16.0,4.76
1.7564,19.0,5.577720207253886
5.3683,26.0,5.875586854460094
2.125,17.0,16.8125
2.3333,18.0,4.586991869918699
3.4261,16.0,5.160377358490566
2.2278,13.0,5.906110283159464
5.2363,19.0,4.546762589928058
2.2188,38.0,3.5743073047858944
1.8801,26.0,4.634464751958225
1.6452,32.0,4.324705882352941
4.7019,14.0,6.143631436314363
4.7944,3.0,7.497267759562842
4.625,52.0,4.785714285714286
4.8438,36.0,5.449720670391062
3.463,8.0,6.363636363636363
2.125,36.0,3.464788732394366
5.5675,36.0,5.376623376623376
7.2472,30.0,7.637931034482759
7.8383,28.0,6.559380378657487
3.5353,34.0,6.314159292035399
5.5591,16.0,6.043478260869565
4.4671,47.0,5.3825665859564165
5.2489,14.0,6.025862068965517
1.7875,18.0,5.270440251572327
2.1862,36.0,3.8020833333333335
3.0521,29.0,5.987234042553191
4.8981,18.0,5.845470692717584
5.0,28.0,5.434316353887399
7.5443,33.0,6.309523809523809
4.7813,35.0,4.678861788617886
2.7787,47.0,4.75
4.25,28.0,5.653295128939828
3.5341,15.0,5.681710213776722
2.6205,35.0,3.6415584415584417
3.2642,31.0,4.397260273972603
4.9234,25.0,5.824561403508772
2.9565,14.0,4.817762399077278
1.2069,47.0,4.28051948051948
3.4306,18.0,4.826996197718631
2.9583,20.0,5.490566037735849
2.5938,45.0,5.555555555555555
2.0125,31.0,3.669421487603306
2.9191,19.0,4.457386363636363
2.3598,23.0,5.461928934010152
3.8365,29.0,5.503685503685504
2.8021,47.0,3.7656903765690375
2.425,52.0,5.590804597701149
5.5248,15.0,5.559077809798271
1.2065,39.0,4.585754451733833
4.475,13.0,6.9703125
6.2953,26.0,6.823899371069182
4.5903,13.0,6.759358288770054
5.6409,3.0,7.837745516652434
2.7301,16.0,4.894436519258202
5.2736,35.0,6.009732360097324
2.2937,42.0,1.9865470852017937
5.5402,20.0,6.56175972927242
1.7431,52.0,5.0398550724637685
2.5741,29.0,4.932160804020101
1.8077,47.0,5.162790697674419
5.2729,13.0,6.559055118110236
4.9744,16.0,6.303571428571429
2.9,46.0,4.6394366197183095
4.875,25.0,5.78125
3.4125,46.0,3.587121212121212
3.6362,6.0,4.871772805507745
2.652,31.0,4.931350114416476
7.598,21.0,6.562162162162162
1.8843,16.0,4.414746543778802
5.0526,36.0,6.088495575221239
0.7684,31.0,2.569230769230769
2.6417,13.0,5.8215297450424925
6.0086,22.0,6.7631578947368425
2.7321,18.0,5.20258064516129
1.875,43.0,4.675
4.7569,37.0,5.626050420168068
5.0719,37.0,5.684873949579832
5.3072,25.0,5.921409214092141
4.6312,7.0,5.839679358717435
5.4863,16.0,6.414201183431953
4.485,10.0,6.434129089301504
1.9911,10.0,5.57566765578635
4.0182,28.0,6.123924268502582
2.4574,17.0,4.724271844660194
4.0076,22.0,4.933021806853582
4.0042,52.0,4.216216216216216
2.683,15.0,6.365714285714286
4.0603,21.0,4.580993520518359
5.8283,34.0,7.005665722379604
3.6118,48.0,4.387323943661972
3.3214,24.0,9.308474576271186
3.375,36.0,4.941176470588236
2.7813,19.0,4.545673076923077
2.5437,6.0,4.506134969325154
4.3214,35.0,5.655844155844156
2.0417,27.0,6.022371364653244
2.2895,10.0,4.345454545454546
2.6563,36.0,3.072607260726073
6.2236,32.0,6.488789237668161
2.9044,52.0,4.404282115869018
3.225,44.0,5.854984894259819
1.9821,23.0,4.805763073639274
3.4861,18.0,5.905994550408719
2.0278,46.0,5.189024390243903
2.625,50.0,4.74223602484472
3.5313,15.0,4.516913319238901
5.536,13.0,6.119174942704355
5.4719,38.0,5.890080428954423
2.13,25.0,4.337301587301587
1.3668,52.0,2.673635307781649
5.5737,35.0,5.430379746835443
6.6345,52.0,5.603092783505154
3.7102,34.0,5.729508196721311
6.8162,15.0,7.383620689655173
2.8406,34.0,3.281721632196758
2.8922,16.0,4.068610634648371
7.4029,52.0,6.752631578947368
4.8311,7.0,6.365102639296188
2.9688,42.0,4.536931818181818
3.7282,8.0,5.572549019607843
10.2317,52.0,7.656593406593407
4.6827,36.0,5.605691056910569
3.9063,28.0,4.160847880299252
2.9406,24.0,5.11600928074246
2.4598,31.0,4.2578616352201255
3.5242,18.0,5.2898550724637685
2.6736,52.0,3.692934782608696
3.4583,36.0,6.4104803493449785
2.5489,18.0,11.901869158878505
8.05,22.0,7.069114470842333
4.125,35.0,5.571428571428571
2.7188,20.0,5.443946188340807
1.5321,32.0,4.961904761904762
3.875,37.0,4.79253112033195
2.6495,27.0,5.363970588235294
3.6449,32.0,5.8828125
8.3637,22.0,8.938028169014084
4.0403,16.0,6.438813349814586
7.0326,10.0,6.670967741935484
3.8203,43.0,5.895765472312704
3.9732,41.0,4.8141891891891895
5.756,16.0,6.117493472584856
2.7083,46.0,4.129251700680272
6.1444,34.0,6.529268292682927
3.0184,15.0,4.30498177399757
2.5735,20.0,4.742203742203742
5.6677,26.0,5.944162436548224
3.8603,22.0,5.354260089686099
1.9135,18.0,5.192028985507246
2.1875,27.0,5.4124293785310735
2.2122,30.0,3.478313253012048
6.0252,15.0,7.958217270194986
3.6321,40.0,4.865874363327674
6.641,2.0,5.483050847457627
4.7566,23.0,5.762917933130699
1.4034,52.0,3.567164179104477
4.0776,13.0,6.1172638436482085
5.1857,18.0,6.274074074074074
4.7917,34.0,6.112328767123287
2.9821,31.0,5.936619718309859
3.3836,38.0,5.693581780538302
2.7198,26.0,5.866817155756208
2.3523,28.0,5.206896551724138
2.1006,19.0,4.938718662952646
2.137,37.0,3.852941176470588
3.3958,25.0,4.000709219858156
3.4058,13.0,3.334417344173442
3.3702,52.0,4.527318932655654
1.7161,8.0,3.760233918128655
6.2609,8.0,7.468879668049793
4.0313,19.0,4.444444444444445
7.0598,25.0,6.965986394557823
3.7895,29.0,5.323529411764706
5.5936,21.0,5.946368715083799
2.6582,15.0,4.540208136234626
3.3289,37.0,4.934984520123839
1.5208,23.0,7.4375
2.9087,27.0,4.258223684210527
3.0469,20.0,5.656
2.6715,35.0,5.06993006993007
10.2811,34.0,8.127371273712738
4.7841,31.0,5.975609756097561
3.9696,25.0,10.352941176470589
4.0159,18.0,5.523489932885906
1.6534,44.0,4.487804878048781
3.4596,28.0,5.165378670788254
3.2891,42.0,4.377551020408164
3.6033,9.0,4.946764091858038
8.0838,36.0,7.084935897435898
7.5337,29.0,6.233812949640288
2.2717,18.0,5.520259319286872
2.4022,47.0,4.741847826086956
5.0897,36.0,5.225563909774436
3.975,18.0,3.9081632653061225
2.1107,16.0,5.9106529209622
3.2788,29.0,5.2620689655172415
15.0001,42.0,9.229032258064516
4.3176,52.0,6.251417769376181
2.6929,16.0,4.942973523421589
1.8008,48.0,3.863636363636364
4.4777,44.0,5.604373757455268
4.3039,29.0,4.5987012987012985
1.0962,11.0,4.092651757188499
3.5208,33.0,5.036585365853658
3.875,33.0,3.021276595744681
4.3897,14.0,7.451612903225806
4.3906,26.0,5.649484536082475
2.3664,20.0,3.685121107266436
2.4861,36.0,4.655555555555556
2.375,39.0,4.55607476635514
3.125,30.0,3.791970802919708
4.8295,43.0,5.9175
0.9637,29.0,3.2434210526315788
3.1435,45.0,4.695817490494297
2.6051,45.0,3.9614512471655328
5.9449,18.0,6.45979020979021
15.0,39.0,9.29375
2.7155,36.0,4.196774193548387
11.7794,39.0,14.666666666666666
1.4732,28.0,4.96078431372549
4.5795,43.0,5.866666666666666
2.7153,16.0,5.582914572864322
4.7778,52.0,5.269360269360269
3.0651,24.0,5.468386023294509
1.6607,37.0,4.031578947368421
6.8107,29.0,6.993589743589744
3.2285,33.0,4.267339218158891
3.2083,40.0,4.11318553092182
3.9167,36.0,5.695652173913044
2.9559,13.0,3.972491909385113
5.8325,18.0,6.351875808538163
3.8333,24.0,7.572413793103448
2.6036,44.0,3.9505494505494494
1.8818,35.0,3.659163987138264
3.9355,41.0,4.296551724137931
3.3375,32.0,5.245098039215686
1.869,43.0,5.966911764705882
2.9714,37.0,4.071428571428571
1.6685,34.0,3.0230978260869565
5.35,35.0,5.400763358778626
1.8656,50.0,3.377922077922078
2.625,11.0,5.873809523809523
4.8,20.0,5.430232558139535
7.3518,16.0,7.165584415584416
1.7945,50.0,2.6533333333333333
2.7375,23.0,4.818318318318318
3.9934,18.0,5.781935483870968
2.5417,41.0,3.632850241545894
2.2024,33.0,4.766968325791855
2.6442,34.0,3.1272727272727274
4.5938,18.0,6.153664302600473
1.725,52.0,5.096234309623431
1.6981,29.0,5.4801762114537445
2.6643,10.0,4.436454849498328
5.3961,52.0,6.6871165644171775
1.8932,44.0,4.782608695652174
1.9688,29.0,4.036734693877551
2.0577,52.0,3.862745098039216
2.7128,26.0,5.492392807745505
1.78,41.0,4.206106870229007
2.8085,16.0,5.648760330578512
4.1029,52.0,5.632022471910112
3.5,14.0,5.5528455284552845
5.8369,19.0,7.145374449339207
3.7156,15.0,4.420634920634921
3.9875,32.0,5.392241379310345
1.5057,52.0,4.77992277992278
4.7932,22.0,5.29665071770335
6.1078,2.0,6.570224719101123
3.8307,33.0,5.728440366972477
4.2614,52.0,5.520958083832335
1.9417,35.0,4.78743961352657
2.425,17.0,3.1600877192982457
4.0985,45.0,5.737179487179487
2.4615,46.0,4.465573770491804
2.25,19.0,4.436708860759493
2.0995,15.0,3.430830039525692
6.0162,20.0,5.639830508474576
5.0866,32.0,6.195426195426196
1.7756,21.0,4.904761904761905
3.1284,8.0,4.3759873617693525
3.0625,37.0,5.275
5.7051,35.0,5.727272727272728
3.8287,35.0,4.857142857142857
5.3077,18.0,6.065767284991568
1.7679,36.0,3.9617021276595743
2.5368,35.0,6.21078431372549
5.276,23.0,6.845559845559846
6.9408,52.0,5.3125
3.6969,35.0,4.474820143884892
3.9722,21.0,17.25
5.5259,52.0,5.943786982248521
3.0179,42.0,3.757462686567164
1.8281,44.0,3.78
2.8783,5.0,5.821086261980831
5.883,52.0,6.21608040201005
5.5196,46.0,5.400568181818182
2.1058,41.0,4.481632653061224
5.0434,26.0,5.549822064056939
4.0656,27.0,6.09375
6.5147,47.0,5.838235294117647
1.1019,13.0,4.456632653061225
4.5368,37.0,5.720250521920668
2.2976,32.0,3.2487046632124352
1.7311,33.0,3.882852292020373
2.15,15.0,4.060975609756097
5.9009,52.0,7.287755102040816
3.1563,31.0,3.292585170340681
5.0043,36.0,5.907651715039578
5.0864,16.0,6.6573426573426575
2.4042,29.0,4.32037037037037
2.8088,18.0,3.675555555555556
2.5195,20.0,5.049707602339181
5.5,35.0,5.981060606060606
1.8906,27.0,5.874015748031496
2.4141,28.0,4.327169274537695
2.6964,14.0,4.718693284936479
2.4375,36.0,2.814814814814815
4.4271,28.0,5.743055555555555
9.281,31.0,7.131233595800525
3.2307,25.0,3.757716049382716
1.75,47.0,3.627906976744186
4.2051,37.0,4.829090909090909
1.8906,32.0,3.460348162475822
3.8117,14.0,5.018112488083889
4.2333,20.0,6.1981566820276495
6.8112,25.0,7.076693227091633
2.8672,30.0,4.635616438356164
3.1042,44.0,5.06989247311828
6.0336,10.0,6.26032315978456
3.0909,34.0,5.572944297082228
3.233,25.0,4.633587786259542
3.9659,8.0,4.360613810741688
15.0001,38.0,8.954732510288066
6.0308,38.0,5.857777777777778
1.875,15.0,5.327102803738318
0.8668,52.0,2.4431818181818183
3.5833,32.0,5.829479768786127
3.55,20.0,4.777777777777778
5.4836,18.0,5.271604938271605
2.6535,26.0,3.1676470588235293
2.625,16.0,4.0
3.925,35.0,5.05668016194332
3.1917,21.0,5.563380281690141
4.2011,9.0,6.04516129032258
3.0379,47.0,4.8293333333333335
3.3906,15.0,4.023611111111111
1.5429,24.0,2.970238095238096
4.5125,35.0,5.363344051446945
3.1576,24.0,5.234177215189874
5.1337,13.0,4.9480519480519485
4.7965,5.0,5.84015984015984
5.246,11.0,7.290148448043185
0.9196,52.0,1.550408719346049
2.2652,24.0,3.765254237288136
7.4559,34.0,7.418060200668896
3.3516,26.0,4.327296248382924
1.8438,17.0,3.2734375
10.4399,23.0,8.31067125645439
2.8565,12.0,4.863881401617251
4.5625,35.0,6.0
0.8246,18.0,4.65
1.2639,16.0,7.424242424242424
6.2788,26.0,6.581047381546135
4.9926,40.0,4.787878787878788
4.5144,35.0,5.975384615384615
3.9125,52.0,5.088838268792711
1.9145,52.0,3.2241935483870967
2.4922,31.0,5.011811023622047
1.4625,37.0,4.247844827586207
5.0325,30.0,6.097222222222222
4.9688,4.0,6.333333333333333
3.65,18.0,4.421733505821475
2.8152,36.0,3.532286212914485
3.6917,35.0,6.047808764940239
2.875,43.0,5.391304347826087
1.6154,17.0,62.422222222222224
2.9306,37.0,5.4363636363636365
2.8981,32.0,4.002232142857143
6.0862,9.0,6.379166666666666
4.5427,16.0,3.8632580261593343
4.0647,23.0,4.717112922002328
3.0903,10.0,5.988235294117647
4.4209,33.0,5.709864603481625
6.1575,52.0,7.573333333333333
3.2125,26.0,4.352
3.5393,15.0,5.460504201680672
3.9224,39.0,5.332727272727273
3.4583,24.0,5.207100591715976
2.3125,38.0,4.959322033898305
2.2027,32.0,3.2301255230125525
3.5469,15.0,5.829411764705882
4.2411,41.0,4.637450199203188
1.0955,17.0,4.147766323024055
2.5882,33.0,4.376146788990826
2.3036,22.0,6.246808510638298
1.625,21.0,4.549199084668192
3.125,47.0,4.914473684210527
5.6271,44.0,6.262780269058296
4.7019,48.0,4.873949579831932
7.8287,8.0,7.290032154340836
2.5363,25.0,4.632016632016632
1.7075,9.0,4.937153419593345
2.5865,47.0,4.681818181818182
4.1964,14.0,6.297405189620759
5.4065,34.0,6.8320610687022905
1.4115,52.0,3.3505747126436782
3.676,35.0,4.770562770562771
4.6944,30.0,6.030018761726079
10.476,15.0,7.079670329670329
6.907,16.0,6.644539614561028
1.5329,39.0,4.263285024154589
2.3438,37.0,5.862903225806452
2.4167,39.0,5.733178654292344
3.7261,7.0,5.717532467532467
6.1601,26.0,6.395408163265306
4.1692,21.0,4.2224052718286655
4.2075,15.0,6.111334002006018
5.5023,5.0,5.167657550535077
3.0625,45.0,5.242424242424242
3.5739,45.0,6.052083333333333
5.3041,37.0,5.741596638655462
5.7121,27.0,6.335347432024169
2.1588,34.0,4.79083094555874
2.5333,5.0,3.7142857142857135
7.6709,17.0,7.691379310344828
4.875,35.0,5.927536231884058
1.8519,52.0,2.654450261780105
4.0625,48.0,5.375
5.0947,14.0,5.076923076923077
5.9836,17.0,6.360655737704918
3.5909,35.0,4.047058823529412
3.6016,21.0,5.387755102040816
3.4632,6.0,5.488421052631579
1.2096,49.0,4.397058823529412
6.8927,31.0,6.634551495016611
5.5507,17.0,6.539024390243903
2.3517,13.0,4.867801047120419
2.0057,17.0,5.100806451612903
6.1557,35.0,6.406015037593985
3.7306,34.0,3.864297253634895
3.1864,52.0,4.607038123167156
4.5042,9.0,7.129129129129129
2.1435,52.0,2.8095238095238093
3.8914,52.0,5.673101673101673
2.4555,15.0,6.177033492822966
2.4598,36.0,5.358381502890174
4.7404,29.0,5.553225806451613
3.4375,30.0,4.290322580645161
1.494,45.0,1.768025078369906
4.625,22.0,5.85408560311284
4.8929,36.0,5.0
4.1,36.0,4.902612826603326
3.5313,34.0,5.701886792452831
1.3583,10.0,4.5
5.1237,52.0,5.7828418230563
0.9797,32.0,4.843283582089552
4.174,22.0,6.213171577123051
6.6813,13.0,6.140206185567011
5.4895,13.0,7.926356589147287
5.759,22.0,7.366568914956011
3.9926,14.0,5.555555555555555
6.5755,23.0,6.813370473537605
3.6181,21.0,5.076115485564304
3.4167,35.0,8.307692307692308
3.23,11.0,11.90079365079365
0.9338,35.0,5.30188679245283
3.575,50.0,4.884892086330935
6.1805,18.0,5.876388888888889
2.375,11.0,4.942105263157894
3.0909,30.0,5.503171247357294
2.1473,41.0,3.4161849710982657
3.2778,41.0,4.5
4.1339,52.0,4.567058823529412
4.2109,21.0,4.208333333333333
1.5026,10.0,3.326642335766423
8.5184,26.0,6.759541984732825
3.0,50.0,4.297356828193832
4.5032,19.0,5.754475703324808
3.9861,34.0,5.121495327102804
3.8646,38.0,5.302134646962233
2.1295,15.0,5.127604166666667
6.6478,21.0,7.030921052631579
6.2918,22.0,7.746938775510204
8.8636,12.0,7.717777777777778
3.3839,52.0,4.364556962025317
4.03,15.0,6.053370786516854
2.6618,22.0,4.210131332082551
1.2656,19.0,3.791907514450867
1.9063,52.0,1.553030303030303
5.7657,26.0,5.431192660550459
4.6667,44.0,6.205521472392638
3.4006,22.0,4.733466933867735
3.3667,45.0,4.992592592592593
3.155,25.0,5.411589895988113
2.71,34.0,4.772388059701493
4.0114,5.0,6.053072625698324
3.5714,48.0,5.94392523364486
3.8424,21.0,5.851282051282051
4.355,19.0,5.00989010989011
5.5161,15.0,8.126016260162602
2.3077,41.0,3.396984924623116
2.9643,37.0,5.316326530612245
5.0677,52.0,6.300813008130081
2.9506,35.0,5.063457330415755
3.4208,41.0,4.183673469387755
4.0375,32.0,5.877483443708609
3.101,29.0,4.004744958481614
7.4882,35.0,6.467268623024831
4.7222,21.0,5.428571428571429
5.4834,26.0,6.619834710743802
2.7381,10.0,4.822147651006712
3.7912,6.0,4.4686315789473685
4.425,35.0,5.563176895306859
3.0592,45.0,4.5501285347043705
4.0875,52.0,4.538181818181818
3.6435,18.0,3.2580645161290325
6.827,36.0,7.021428571428571
4.6,21.0,5.386934673366834
3.5625,34.0,4.150442477876106
4.675,36.0,5.09375
3.9886,16.0,5.469613259668508
3.3056,39.0,3.746630727762803
5.17,39.0,6.190804597701149
0.536,16.0,2.111111111111111
2.7209,32.0,5.090510948905109
5.8491,36.0,6.671949286846276
5.1129,14.0,5.706484641638225
5.1184,41.0,6.088235294117647
4.4148,17.0,5.856304985337244
3.7184,42.0,4.781321184510251
10.6605,50.0,7.379464285714286
2.8906,43.0,5.545454545454546
5.4165,38.0,4.609504132231405
2.3567,26.0,2.2928286852589643
3.0357,23.0,4.470219435736677
3.6667,38.0,5.182222222222222
4.4211,44.0,5.237154150197629
5.4485,25.0,5.685714285714286
1.2188,37.0,4.371345029239766
4.0139,26.0,5.779151943462898
2.4583,31.0,5.325925925925926
2.517,23.0,5.101604278074866
3.1458,33.0,4.938775510204081
3.7727,47.0,4.536082474226804
3.7348,4.0,5.705276705276705
5.2661,37.0,6.701886792452831
4.1492,34.0,4.3192019950124685
5.5209,35.0,6.532258064516129
2.25,31.0,3.558558558558558
6.706,49.0,6.802020202020202
4.7679,11.0,6.390804597701149
2.875,44.0,5.3933333333333335
4.4213,11.0,7.34593572778828
2.5434,28.0,3.25
5.5106,50.0,5.509984639016897
4.5938,17.0,5.28978978978979
2.309,18.0,5.456422018348624
3.7891,10.0,3.750556792873051
11.2866,14.0,7.271897810218978
2.6048,17.0,6.130620985010706
4.87,35.0,5.72488038277512
3.1964,13.0,4.751334044823906
5.5111,16.0,5.716747070985528
1.6336,23.0,11.230633802816902
4.4357,16.0,6.0285714285714285
6.1407,52.0,6.914285714285715
2.2262,25.0,6.457013574660634
3.1538,39.0,5.072463768115942
5.7358,7.0,6.450746268656716
1.8299,45.0,4.835064935064935
1.3177,30.0,4.268135904499541
2.4821,30.0,6.477987421383648
5.2446,28.0,5.6140602582496415
4.8333,26.0,6.214432989690722
4.3281,35.0,4.823655913978494
4.6406,20.0,6.109979633401222
2.726,29.0,3.707547169811321
6.396,35.0,5.863636363636363
5.0543,21.0,6.760925449871466
2.3947,38.0,5.5361596009975065
4.0036,13.0,5.84393063583815
3.4331,11.0,5.1552878179384205
6.9742,38.0,6.496183206106871
5.1728,7.0,4.650485436893204
3.9833,21.0,4.311871227364185
2.6518,40.0,5.573717948717949
6.1388,30.0,5.93026941362916
4.8703,37.0,4.854227405247814
2.7788,18.0,7.04054054054054
5.6385,26.0,6.491452991452992
3.5035,37.0,3.938697318007663
10.3599,31.0,8.403967538322814
3.625,29.0,4.213517665130568
4.5401,28.0,5.544388609715243
3.75,28.0,5.136246786632391
6.1946,27.0,5.861486486486487
1.3807,27.0,4.083333333333333
6.1995,36.0,6.309756097560975
3.9848,27.0,5.011472275334608
3.1864,28.0,3.845061329890252
3.6667,45.0,5.891402714932127
3.0625,47.0,5.470113085621971
3.0068,23.0,5.230635335073977
6.6122,4.0,7.568645219755324
4.625,20.0,6.25
5.0457,34.0,6.328787878787879
2.7174,26.0,5.171428571428572
4.2386,33.0,4.573770491803279
3.0491,34.0,4.498721227621483
6.5513,16.0,6.774683544303797
4.5,33.0,5.5311004784689
2.7589,26.0,3.755434782608696
7.2216,13.0,7.646251319957761
1.7464,35.0,3.218
3.0917,38.0,4.620535714285714
3.3125,42.0,3.938697318007663
2.9375,39.0,5.165254237288136
6.0928,35.0,6.058479532163743
3.7463,30.0,4.976430976430977
10.1357,24.0,7.564516129032258
5.5083,52.0,6.659090909090909
3.875,16.0,4.0
4.7917,30.0,5.211136890951276
4.6648,10.0,5.395209580838324
2.9828,30.0,6.06401766004415
2.1964,51.0,4.052631578947368
2.875,20.0,4.767676767676767
12.0088,16.0,6.006711409395973
4.2614,16.0,5.529262086513995
5.1909,16.0,6.671779141104294
5.3816,45.0,4.630573248407643
5.7281,4.0,6.835849056603774
3.6193,35.0,4.2519201228878645
1.8771,34.0,2.5783505154639177
2.7543,15.0,3.933179723502304
2.2,25.0,4.503164556962025
4.1,21.0,5.816031537450723
3.1641,18.0,5.477203647416413
2.8299,43.0,4.57630979498861
2.7432,35.0,4.695652173913044
6.5745,35.0,5.698717948717949
5.193,8.0,6.255813953488372
3.5833,45.0,4.408333333333333
4.5278,43.0,5.106334841628959
5.5718,20.0,6.458410351201478
2.9541,15.0,5.520370370370371
3.25,19.0,5.70945945945946
1.7135,42.0,4.478142076502732
3.9792,42.0,5.263513513513513
1.1875,48.0,5.492063492063492
4.2407,39.0,4.769369369369369
2.5357,33.0,5.585106382978723
6.1985,38.0,6.773006134969325
2.1875,28.0,4.160714285714286
9.9055,19.0,9.830769230769231
2.375,26.0,6.48
3.5982,15.0,4.462562396006655
2.8371,43.0,4.372340425531915
4.57,18.0,6.789634146341464
2.9781,31.0,3.642737896494157
3.023,25.0,3.441077441077441
3.4,35.0,4.17741935483871
2.6094,20.0,6.802631578947368
4.2099,21.0,6.283464566929134
4.1859,6.0,5.745173745173745
4.5841,4.0,7.006453099792579
3.1914,19.0,4.426656151419558
1.8209,29.0,2.524110671936759
4.0583,52.0,5.865
6.7371,14.0,7.670731707317073
2.7321,31.0,4.703389830508475
4.087,23.0,5.641176470588236
3.455,48.0,5.8830188679245285
2.0976,29.0,4.987938596491228
3.6667,50.0,5.422718808193668
6.7474,16.0,6.27653997378768
3.1656,27.0,3.993710691823899
2.925,46.0,6.194805194805195
2.7885,34.0,4.384068278805121
5.4498,5.0,7.749051833122629
2.3095,36.0,4.692847124824684
3.0804,35.0,4.528239202657807
3.5917,22.0,5.410526315789474
2.5938,48.0,6.225563909774436
6.8226,26.0,7.977678571428571
2.625,42.0,4.152777777777778
1.1185,52.0,2.60893098782138
3.2188,38.0,5.571942446043166
2.3917,31.0,5.1692307692307695
4.125,33.0,4.0
2.8214,13.0,5.028616852146264
4.8618,22.0,5.018963337547408
3.6171,22.0,4.072840790842872
1.7207,40.0,3.0656814449917897
5.1837,32.0,5.738489871086556
3.5089,36.0,5.802281368821292
2.3056,43.0,5.193370165745856
4.9063,15.0,6.013363028953229
6.0132,21.0,6.146341463414634
6.8333,6.0,7.009487666034156
2.9228,35.0,3.953083109919571
2.395,35.0,6.703333333333333
5.0785,33.0,5.681715575620768
2.902,15.0,5.609261939218524
2.1797,26.0,5.617283950617284
7.9393,8.0,6.870503597122302
4.0804,33.0,5.666666666666667
4.0727,18.0,3.957845433255269
2.9489,39.0,5.4125874125874125
10.0595,26.0,8.692307692307692
7.1155,52.0,8.82213438735178
3.4083,36.0,5.43298969072165
3.0938,25.0,4.039130434782609
2.1736,45.0,3.663090128755365
4.25,27.0,4.775665399239544
5.8993,49.0,7.051724137931035
4.2826,4.0,5.979665071770335
6.3373,7.0,6.927083333333333
3.7344,31.0,5.6770186335403725
4.5795,28.0,6.025390625
2.5737,46.0,5.528795811518324
6.0718,38.0,5.831932773109243
2.1898,40.0,5.915407854984895
7.3522,26.0,6.516539440203562
3.1433,25.0,4.355450236966824
1.631,34.0,4.516312056737589
1.7411,35.0,5.369158878504673
5.898,18.0,6.129824561403509
1.6111,15.0,4.252032520325203
1.5774,31.0,5.391379310344828
1.9423,29.0,4.689458689458689
2.5473,32.0,5.4573170731707314
2.3456,45.0,4.672566371681416
4.2237,25.0,5.995226730310263
3.3235,46.0,5.011037527593819
3.3681,52.0,4.541953232462173
5.4689,40.0,6.648760330578512
3.2188,36.0,5.4770408163265305
5.6402,17.0,6.262458471760797
4.4695,23.0,6.677536231884058
3.9732,28.0,4.6524663677130045
5.6958,15.0,6.057840616966581
3.735,23.0,4.88622754491018
2.7864,22.0,4.859832635983263
2.2222,39.0,4.233576642335766
4.5208,5.0,3.5477386934673367
9.7449,20.0,7.095962938451357
3.2619,25.0,6.193251533742331
1.9083,42.0,3.88855421686747
2.0708,28.0,6.3710407239819
3.8882,37.0,6.052486187845304
2.6563,26.0,4.29489291598023
1.9773,21.0,5.841509433962264
2.6333,33.0,3.743529411764706
1.3438,48.0,3.8484848484848486
2.5978,17.0,4.316920322291853
3.3365,20.0,5.782527881040892
3.4306,49.0,4.886792452830188
3.3531,12.0,8.551136363636363
2.3558,18.0,11.209523809523809
2.0724,42.0,3.614003590664273
3.1912,20.0,3.8947368421052633
3.5691,12.0,5.021335807050093
2.1151,43.0,4.24
3.0877,27.0,3.596100278551532
5.363,17.0,7.29700272479564
3.2708,35.0,3.542391304347826
4.0208,52.0,5.877431906614786
4.3889,52.0,4.290064102564102
2.9803,26.0,5.170568561872909
3.2875,52.0,4.052631578947368
3.1912,25.0,5.942222222222222
1.9688,37.0,4.017021276595744
3.1667,41.0,3.38785046728972
0.813,12.0,4.781094527363184
2.1875,48.0,4.5
7.1978,18.0,7.34393063583815
3.0893,52.0,3.907692307692308
8.4375,47.0,8.03448275862069
2.7266,17.0,4.038391224862888
1.9209,45.0,2.8093434343434343
5.4604,24.0,5.83289817232376
2.5,42.0,4.977272727272728
2.6908,24.0,5.855203619909502
5.1874,42.0,5.934640522875817
2.625,23.0,5.101176470588236
3.858,16.0,5.498973305954825
4.1141,36.0,6.955719557195572
4.6563,45.0,5.986784140969163
2.2788,28.0,4.792626728110599
1.4066,39.0,4.633123689727463
3.0368,25.0,4.948453608247423
1.3281,40.0,5.054347826086956
6.1359,16.0,4.0
3.6375,24.0,4.9390581717451525
2.5781,47.0,5.170731707317073
1.3846,26.0,3.156779661016949
4.0079,10.0,7.538853503184713
2.6275,17.0,4.7465753424657535
3.9073,17.0,6.223577235772358
2.4135,48.0,4.207407407407407
4.65,15.0,3.425806451612903
4.555,39.0,4.900621118012422
6.5308,27.0,7.209821428571429
3.2386,32.0,3.948170731707317
3.7807,9.0,4.997677119628339
3.7895,52.0,5.95
5.7295,35.0,5.645045045045045
2.3571,18.0,6.15606936416185
6.777,23.0,8.103960396039604
1.9643,32.0,3.882249560632689
5.1583,8.0,4.83743842364532
4.3529,38.0,6.154723127035831
3.8488,7.0,6.446636771300448
4.7833,28.0,6.550161812297735
1.2269,28.0,4.873663751214772
7.8588,34.0,7.176678445229682
2.3674,18.0,5.348453608247422
6.9961,5.0,7.294360385144429
1.2375,35.0,4.459915611814346
2.9375,31.0,4.514705882352941
5.0194,38.0,5.961206896551724
1.7199,17.0,2.518
3.6107,13.0,5.261096605744125
6.729,22.0,7.488095238095238
4.1607,20.0,5.29971181556196
3.6429,33.0,6.253731343283582
5.1878,10.0,6.7990430622009566
2.7799,36.0,3.964114832535885
2.9125,21.0,5.240963855421687
4.2569,52.0,4.898128898128898
6.2885,6.0,6.909448818897638
2.0785,36.0,4.52
3.0729,37.0,5.396491228070175
1.75,35.0,4.218446601941747
2.1046,35.0,3.981273408239701
2.92,37.0,4.091139240506329
3.6434,51.0,4.6006006006006
7.5813,20.0,8.197943444730077
2.8542,52.0,5.457831325301205
2.45,21.0,3.8515625
3.0727,31.0,4.197685631629701
4.4015,36.0,4.978125
5.0052,44.0,5.463503649635037
3.55,20.0,6.138823529411765
1.7083,11.0,7.976744186046512
2.4286,32.0,5.029824561403509
9.8091,4.0,6.760869565217392
5.1074,27.0,5.283582089552239
4.125,26.0,4.4796875
3.57,28.0,5.488033298647243
3.0905,21.0,4.674634794156707
5.2463,16.0,5.95703125
8.7974,4.0,6.146118721461187
2.6364,48.0,4.182584269662922
4.1855,18.0,5.4519326065411295
4.25,1.0,20.125
3.4375,21.0,4.80065717415115
2.1944,33.0,4.567415730337078
4.6964,35.0,5.613636363636363
3.6719,48.0,5.485106382978723
7.9187,3.0,6.31275720164609
3.6422,19.0,4.344202898550725
2.5147,11.0,22.133587786259543
6.6579,9.0,5.659528907922912
8.5888,35.0,8.056122448979592
2.625,16.0,8.333333333333334
2.6667,52.0,4.68
2.5259,35.0,4.567398119122257
4.625,35.0,6.035483870967742
2.5474,13.0,8.21376811594203
4.625,16.0,3.75
2.6181,15.0,5.951672862453532
5.3351,14.0,7.714596949891067
4.2037,5.0,5.433093154915079
2.0089,52.0,4.2727272727272725
1.7344,6.0,3.3983572895277208
2.5893,36.0,5.356807511737089
5.0782,28.0,5.747983870967742
2.7284,26.0,6.004901960784314
3.0677,37.0,4.439024390243903
3.7303,31.0,4.840175953079179
1.6318,19.0,4.403536977491961
3.2226,11.0,4.927272727272728
3.8038,22.0,4.574324324324325
7.0469,26.0,6.282798833819242
4.5179,25.0,5.40117994100295
2.6087,21.0,5.193029490616622
2.0,52.0,5.355685131195335
3.875,45.0,4.664634146341464
4.9125,41.0,6.35251798561151
2.6654,52.0,5.0091324200913245
4.1641,16.0,6.404494382022472
1.9386,33.0,4.384418901660281
2.1165,48.0,6.898423817863398
4.2375,7.0,3.8892355694227767
3.6546,30.0,5.250639386189258
4.6628,44.0,6.589905362776025
4.7404,31.0,4.956692913385827
3.7333,36.0,6.300254452926208
2.212,10.0,5.207762557077626
2.4605,20.0,5.200389105058366
6.53,10.0,7.06027397260274
5.8721,16.0,6.410187667560321
1.5781,16.0,4.988549618320611
6.5437,14.0,6.901548672566372
3.2305,35.0,5.227272727272728
9.5862,27.0,7.935611038107753
3.8065,5.0,5.436657681940701
1.5227,35.0,3.036363636363636
5.9196,27.0,8.852216748768473
2.5488,42.0,4.775811209439528
7.4574,52.0,7.434163701067615
9.0267,16.0,8.569131832797428
4.9688,36.0,5.456852791878172
4.4954,34.0,5.388329979879276
7.7197,16.0,17.5
3.375,42.0,4.468390804597701
6.091,28.0,7.25879917184265
4.359,15.0,4.135021097046414
3.46,32.0,6.8843137254901965
2.8438,36.0,4.377431906614786
2.6424,18.0,5.405479452054794
6.7232,5.0,7.437810945273632
5.1506,21.0,5.429790026246719
5.2671,17.0,5.860215053763441
4.4821,38.0,4.811377245508982
3.5385,36.0,3.675
3.6389,29.0,4.186588921282799
4.569,40.0,6.064171122994653
2.3079,12.0,5.672727272727273
2.5284,44.0,3.896039603960396
2.7125,35.0,4.443037974683544
3.8952,17.0,6.2388059701492535
0.7054,43.0,2.2291666666666665
1.7589,28.0,3.5028735632183907
2.3578,41.0,5.455598455598456
1.8388,49.0,3.651828298887122
4.375,27.0,5.142857142857143
3.86,36.0,5.742307692307692
4.1883,15.0,5.341908713692946
3.01,21.0,10.553648068669528
4.5,23.0,4.835734870317003
3.7045,33.0,5.296774193548387
5.9919,16.0,6.164634146341464
4.3456,18.0,4.997311827956989
3.3125,19.0,4.421459227467811
3.5331,30.0,5.539115646258503
4.2589,8.0,5.145714285714286
5.75,52.0,6.739130434782608
2.4397,14.0,4.261025029797378
2.7188,26.0,6.828
5.3259,16.0,5.466666666666667
10.6272,36.0,8.394190871369295
2.0,17.0,7.289156626506024
4.337,34.0,5.953727506426735
2.1579,27.0,5.060422960725076
2.5195,23.0,3.331476323119777
3.527,17.0,3.592995169082126
3.3816,15.0,5.404710920770878
8.7783,14.0,7.867109634551495
1.2171,52.0,4.5625
4.027,31.0,4.387628865979382
2.2017,32.0,3.797860962566845
2.6298,40.0,3.413865546218488
14.9009,8.0,9.860169491525424
2.48,36.0,3.4804878048780488
4.3472,52.0,5.256
4.9271,14.0,5.977346278317152
3.7663,37.0,4.307692307692308
5.1582,26.0,6.155688622754491
1.5553,42.0,1.806122448979592
4.125,46.0,11.0
2.8152,27.0,6.142028985507246
3.5865,52.0,3.731034482758621
4.1406,6.0,4.566510172143975
10.2666,24.0,8.063545150501673
1.7375,37.0,3.3127705627705626
3.3438,50.0,5.342857142857143
4.4777,16.0,4.434782608695652
8.847,14.0,8.093959731543624
4.988,4.0,6.020026702269693
4.9,12.0,6.56648451730419
4.3839,26.0,4.718518518518518
3.7054,28.0,4.120092378752887
5.75,16.0,6.3
1.6786,52.0,5.425992779783393
9.2327,19.0,8.118279569892474
2.7798,15.0,5.195219123505976
3.653,13.0,6.418196994991653
3.2566,36.0,4.926421404682274
5.1893,34.0,6.307865168539326
1.5531,15.0,4.02491103202847
2.935,52.0,4.474820143884892
6.083,34.0,6.099767981438515
2.6763,16.0,3.953010279001469
4.9434,17.0,3.9544334975369457
5.0389,13.0,5.070093457943925
3.522,28.0,4.065241844769404
2.5506,23.0,3.6280701754385967
5.4527,33.0,6.426108374384237
3.2222,6.0,4.821428571428571
3.6333,14.0,5.902777777777778
1.4817,6.0,4.443645083932854
3.0907,13.0,5.743537414965987
6.981,31.0,6.645833333333333
3.0645,20.0,5.21578947368421
4.5878,34.0,5.59794776119403
5.749,36.0,5.822368421052632
11.4537,25.0,8.89763779527559
4.6908,35.0,5.728643216080402
2.3393,48.0,5.148148148148148
2.8594,14.0,7.672881355932203
3.4375,46.0,4.044345898004434
2.2411,47.0,3.986175115207373
2.0658,30.0,5.461904761904762
6.6354,41.0,6.3893280632411065
4.4583,31.0,5.982222222222222
3.0489,33.0,4.361607142857143
3.6196,17.0,4.9366666666666665
5.1584,37.0,5.37984496124031
2.4306,39.0,4.899209486166008
5.0766,40.0,5.6
1.564,35.0,4.519886363636363
2.3774,26.0,4.867803837953092
5.2321,46.0,5.664233576642336
5.0044,38.0,6.0251572327044025
3.0938,6.0,4.979679144385027
2.1382,21.0,5.668498168498169
5.04,22.0,7.160944206008583
1.6089,19.0,2.0087336244541483
2.7179,35.0,4.876344086021505
2.6307,36.0,4.803571428571429
2.875,37.0,5.802666666666667
1.9093,13.0,4.779327317473339
1.2056,23.0,3.398843930635838
2.2788,47.0,3.7745664739884393
3.5781,49.0,4.419437340153452
5.6022,31.0,6.219712525667351
2.9875,19.0,6.50880626223092
2.9567,52.0,4.05344295991778
2.32,7.0,3.939873417721519
3.415,29.0,4.128205128205129
3.25,39.0,3.2857142857142856
3.2976,49.0,5.617283950617284
4.2031,13.0,6.811111111111111
3.0357,39.0,3.5118110236220472
7.8915,3.0,7.7997557997558
3.1196,16.0,5.306089743589744
3.2731,20.0,5.002502085070892
2.5868,16.0,5.617414248021108
3.2857,17.0,5.730769230769231
5.3446,35.0,5.553752535496957
4.2188,16.0,5.11344537815126
2.625,42.0,3.930817610062893
3.4432,39.0,5.353535353535354
4.4437,16.0,5.9326599326599325
3.1455,16.0,5.118566176470588
3.7583,37.0,5.66109785202864
5.3785,12.0,5.843648208469055
3.2361,35.0,6.472027972027972
3.1078,50.0,4.110582639714625
2.1979,22.0,6.972602739726027
2.2993,13.0,6.241144414168938
2.5536,37.0,4.344086021505376
5.1333,43.0,5.335968379446641
3.9022,10.0,4.850318471337579
2.2443,39.0,3.0448717948717947
4.239,39.0,5.096774193548387
8.7364,23.0,7.283112582781457
4.3646,41.0,4.489736070381231
4.8237,38.0,5.699386503067485
3.5583,40.0,5.63036303630363
8.2831,22.0,7.058988764044944
3.558,42.0,4.804347826086956
6.8419,16.0,6.822517591868648
4.6111,39.0,6.38863287250384
3.6286,52.0,5.591439688715953
3.4821,16.0,5.008988764044944
2.8807,17.0,5.724288840262582
3.275,32.0,5.5767790262172285
2.8306,25.0,5.464019851116626
3.875,44.0,4.7392638036809815
3.6742,24.0,3.7154850746268657
3.5,37.0,4.635036496350365
4.6379,29.0,7.074534161490683
2.9643,38.0,4.331730769230769
1.6948,30.0,5.370801033591731
9.7912,44.0,7.036290322580645
6.3267,36.0,5.246628131021194
4.9946,10.0,5.6863636363636365
3.625,36.0,5.075601374570447
5.6062,26.0,6.017429193899782
3.8681,31.0,4.977777777777778
3.5573,21.0,4.104494382022472
4.5278,16.0,5.934065934065934
4.2071,8.0,5.539936102236422
4.025,24.0,5.976086956521739
6.3303,14.0,6.028358208955224
3.8864,42.0,6.2264808362369335
3.0052,29.0,4.453551912568306
1.0585,26.0,4.362279511533242
3.7252,20.0,8.706172839506173
3.7596,21.0,4.112227805695143
2.0682,34.0,3.844690966719493
2.598,21.0,5.045602605863192
2.6694,18.0,5.3655462184873945
11.5199,3.0,7.682926829268292
2.0508,11.0,4.99388379204893
3.0,46.0,4.687096774193549
3.8846,52.0,5.305835010060362
3.3274,26.0,3.9134615384615374
2.3974,48.0,3.201145311381532
3.6488,21.0,4.153649167733675
3.4688,44.0,5.570833333333334
3.1349,29.0,4.321937321937322
2.6797,16.0,4.540048543689321
3.6974,36.0,5.355305466237942
2.75,19.0,3.735632183908046
4.7356,22.0,6.82875605815832
4.6406,45.0,5.508241758241758
6.8806,16.0,8.27363184079602
3.1856,32.0,5.472081218274112
4.5769,35.0,5.891447368421052
4.0769,32.0,5.392592592592592
2.2105,19.0,4.745454545454545
4.3125,17.0,6.706131078224101
2.0673,44.0,5.336842105263158
6.5095,25.0,6.631578947368421
3.8304,52.0,5.395437262357414
3.125,25.0,4.15615141955836
1.432,44.0,4.04915514592934
4.0417,37.0,6.432
4.5237,5.0,6.1037344398340245
8.1548,52.0,7.868421052631579
7.0935,22.0,6.349367088607595
5.0447,36.0,5.953020134228188
1.6458,43.0,4.033333333333333
3.8472,33.0,5.033690658499235
2.4028,41.0,3.896135265700483
3.425,36.0,4.789699570815451
4.9643,11.0,12.1
5.5,34.0,5.84472049689441
3.9048,52.0,4.998540145985402
1.7708,24.0,4.897897897897898
4.2241,20.0,5.630769230769231
0.4999,52.0,3.875
3.0862,45.0,5.633540372670807
2.0548,52.0,2.976470588235294
7.167,20.0,7.72865275142315
3.3445,31.0,5.281739130434783
5.1021,27.0,5.779582366589327
2.6848,26.0,4.5942684766214175
2.0643,33.0,4.789772727272728
2.6858,13.0,4.350364963503649
5.2719,46.0,5.406698564593301
1.6429,46.0,3.8341625207296848
6.8198,30.0,5.825174825174825
5.748,28.0,6.002427184466019
15.0001,52.0,8.0
1.6875,17.0,11.30232558139535
2.9196,33.0,4.824528301886793
3.0652,24.0,5.415322580645161
2.8705,5.0,5.13103448275862
2.7955,22.0,5.3197781885397415
5.4663,25.0,7.498806682577565
4.4375,13.0,4.548387096774194
3.1319,2.0,5.473090277777778
3.075,52.0,5.322649572649572
1.4397,28.0,4.829457364341085
2.6875,17.0,4.5181818181818185
4.0214,16.0,4.345273631840796
3.7974,40.0,6.016064257028113
5.7389,35.0,6.010767160161508
6.5799,10.0,5.383333333333334
4.2788,52.0,4.614457831325301
4.5581,25.0,3.9016253207869975
3.9699,14.0,5.375397667020149
6.2323,17.0,7.097183098591549
4.0301,14.0,4.536612021857923
3.5861,16.0,3.261744966442953
3.3516,33.0,6.913461538461538
4.0208,36.0,5.453551912568306
2.9625,29.0,5.190207156308851
2.8089,30.0,4.4
6.0488,26.0,5.826797385620915
7.2861,24.0,6.2064516129032254
3.535,31.0,5.254237288135593
5.128,25.0,6.045180722891566
3.0515,21.0,5.328450269853508
4.0282,16.0,5.842592592592593
3.0943,10.0,5.51970802919708
5.0176,19.0,6.061538461538461
2.1339,20.0,6.674489795918367
3.3036,26.0,5.45303867403315
4.0,30.0,3.6875
8.8115,34.0,6.99070385126162
4.7386,36.0,5.981081081081081
6.1814,34.0,7.028880866425993
5.0,21.0,3.0625
1.7689,30.0,3.956584659913169
3.6806,29.0,4.709821428571429
2.462,28.0,3.599609375
2.375,20.0,3.69811320754717
5.0953,39.0,5.94675925925926
3.4028,52.0,4.429184549356223
3.0284,25.0,4.240802675585284
4.8,34.0,5.223880597014926
3.5737,30.0,5.685185185185185
2.3958,14.0,7.911111111111111
2.0789,34.0,4.216374269005848
6.2578,9.0,7.3259668508287294
2.3507,12.0,5.531073446327683
8.0837,25.0,7.587242026266416
7.8537,22.0,8.156182212581346
1.5909,27.0,5.327464788732394
1.4196,18.0,4.575757575757576
6.3522,17.0,7.430340557275541
2.1199,34.0,3.2557840616966582
5.0476,32.0,3.7664670658682633
3.9688,52.0,4.877593360995851
4.3631,43.0,5.362586605080831
3.125,52.0,4.637450199203188
5.6826,44.0,4.748387096774193
2.8967,47.0,4.670329670329671
2.5536,37.0,4.687096774193549
2.4063,35.0,4.977987421383648
2.8125,28.0,5.727793696275072
3.5156,21.0,4.864864864864865
10.3345,5.0,8.74031007751938
3.7738,48.0,4.378006872852234
2.3882,43.0,3.5902255639097747
2.2981,35.0,4.654589371980676
4.149,44.0,5.520361990950226
3.6369,16.0,5.271186440677966
3.2031,43.0,4.326704545454546
2.5893,33.0,3.8908045977011496
1.7235,31.0,3.9306049822064058
5.8305,24.0,6.181146025878004
3.2292,52.0,6.563636363636364
5.0443,5.0,6.338568935427574
3.2484,16.0,4.339915373765868
4.8929,21.0,6.415730337078652
3.6875,18.0,5.1
10.6834,28.0,7.702479338842975
4.5493,43.0,4.6923076923076925
1.4632,38.0,4.047619047619048
1.8304,24.0,1.708994708994709
5.1292,24.0,5.815789473684211
3.0197,26.0,4.4637002341920375
2.5417,27.0,3.865953947368421
2.5729,39.0,3.3664921465968587
4.1812,17.0,4.807692307692308
10.9704,6.0,10.55813953488372
3.3542,10.0,28.11290322580645
3.6007,35.0,4.432065217391305
4.6932,40.0,4.492424242424242
4.0739,21.0,5.98816029143898
6.0829,17.0,6.506079027355623
4.3056,39.0,5.9079754601227
2.6087,19.0,4.365747460087083
2.2278,52.0,6.220883534136546
2.5556,13.0,4.013201320132013
4.6103,37.0,3.0844444444444443
0.8926,10.0,6.0
3.8438,37.0,5.035046728971962
8.0137,9.0,7.734673111167642
3.413,37.0,3.581453634085213
4.2083,9.0,5.026352288488211
1.6424,50.0,4.40169133192389
2.589,27.0,3.785234899328859
3.3472,37.0,6.625
2.5,23.0,4.902127659574468
4.6696,46.0,6.049668874172186
2.4286,33.0,5.674285714285714
2.2885,38.0,5.433155080213904
2.5809,27.0,4.898601398601398
3.0,34.0,6.25531914893617
1.7227,14.0,4.452425373134329
3.235,18.0,5.770259638080252
4.1776,36.0,5.14176245210728
4.3472,22.0,5.392513368983957
2.5321,35.0,4.196601941747573
10.7097,52.0,7.0048076923076925
3.9063,43.0,6.178571428571429
3.6845,32.0,4.326388888888889
5.296,30.0,4.782758620689656
6.3373,12.0,6.59330985915493
3.9464,42.0,5.024856596558317
5.956,41.0,6.851063829787234
2.85,38.0,3.793478260869565
2.3789,24.0,3.5848690591658583
3.1851,31.0,4.357605177993528
2.5192,43.0,4.8807017543859645
2.6781,33.0,3.9130434782608696
1.4679,26.0,5.90566037735849
2.6823,34.0,5.2195845697329375
3.625,45.0,4.917808219178082
2.5417,50.0,6.473087818696884
2.0258,20.0,4.599231754161331
1.871,16.0,3.536
3.825,34.0,6.247058823529412
6.3663,26.0,6.387370405278039
4.5607,32.0,4.72093023255814
2.875,34.0,5.218354430379747
1.7813,30.0,5.955882352941177
1.2969,44.0,4.398255813953488
2.3816,16.0,6.055954088952654
3.1392,52.0,4.993231810490694
2.7727,25.0,3.6779661016949152
1.6838,14.0,4.745856353591161
3.4015,21.0,4.803867403314917
0.8026,23.0,5.369230769230769
3.0347,21.0,5.334883720930232
3.7065,36.0,5.235807860262009
3.4449,32.0,5.156199677938808
1.5208,19.0,4.517799352750809
3.1979,16.0,5.723374827109267
3.3875,23.0,5.536163522012578
3.5902,39.0,5.116316639741519
3.0,32.0,4.899135446685879
5.9171,14.0,6.017241379310345
2.5313,52.0,1.3784860557768923
6.0667,19.0,6.44851904090268
2.9559,22.0,5.909937888198757
2.5952,48.0,5.667924528301887
6.1091,13.0,7.133079847908745
2.7173,52.0,4.245161290322581
3.2462,37.0,4.191219512195122
3.2833,44.0,2.0330188679245285
2.5625,35.0,6.966101694915254
9.7037,8.0,8.94675925925926
1.8539,41.0,2.6884561891515992
4.7984,37.0,4.429280397022333
5.8519,36.0,6.771812080536913
2.7222,36.0,4.297551789077213
2.7266,37.0,4.19893899204244
0.9687,27.0,3.1849056603773587
5.8239,17.0,6.887323943661972
3.5375,38.0,5.840425531914893
7.5953,38.0,6.05
4.835,11.0,6.515513126491647
3.1793,15.0,5.887673956262425
2.7321,33.0,5.467637540453074
3.2396,5.0,5.762973352033661
4.3971,36.0,5.229681978798586
5.3369,18.0,5.340277777777778
3.1204,52.0,4.051764705882353
4.3571,20.0,6.212765957446808
2.3,30.0,5.015444015444015
10.0757,16.0,6.147826086956521
3.2417,28.0,4.698717948717949
2.975,30.0,5.2926829268292686
3.4013,27.0,4.119402985074627
4.997,9.0,6.734790874524715
5.3377,40.0,5.768656716417911
4.8371,17.0,6.087053571428571
1.4524,41.0,4.2926490984743415
3.0054,17.0,4.885864793678666
3.2833,9.0,9.628428927680796
3.1312,49.0,5.831858407079646
3.0625,25.0,12.517605633802816
3.0737,45.0,4.96983758700696
2.5197,34.0,5.1861702127659575
2.92,33.0,3.790419161676647
3.7202,30.0,4.802536231884058
4.9777,34.0,6.407894736842105
2.3912,34.0,5.652960526315789
2.2989,26.0,4.48411214953271
3.3542,44.0,5.7215189873417724
3.4868,36.0,5.227665706051873
3.6607,47.0,4.623853211009174
4.7446,15.0,5.164102564102564
3.3088,39.0,4.568345323741007
2.5953,15.0,7.053497942386831
1.5256,36.0,4.897777777777778
2.2364,28.0,2.6420581655480984
4.8173,16.0,6.121621621621622
2.1125,26.0,4.690821256038648
5.2447,10.0,6.755936675461742
3.1058,32.0,3.936333699231614
5.3773,27.0,5.836330935251799
4.4375,22.0,5.4189723320158105
4.2065,15.0,5.68640350877193
3.125,52.0,6.13103448275862
5.2713,36.0,5.884146341463414
2.6465,27.0,3.44080604534005
1.6903,40.0,2.4575936883629192
2.9576,16.0,3.613356766256591
2.1782,34.0,4.535037878787879
6.7861,28.0,7.386861313868613
2.6884,24.0,3.637096774193549
2.8988,52.0,4.153488372093023
5.1084,25.0,6.487025948103793
6.0574,32.0,7.502923976608187
3.8705,36.0,5.562770562770563
2.8333,35.0,5.302040816326531
4.7845,37.0,5.53551912568306
2.9764,14.0,4.578397212543554
3.1838,32.0,5.689655172413793
2.0,43.0,2.496732026143791
4.1875,13.0,6.296052631578948
3.3906,27.0,5.074324324324325
4.65,39.0,5.157622739018088
1.6037,44.0,2.767391304347826
2.2926,17.0,4.860896445131376
2.7875,49.0,3.571608040201005
1.7378,39.0,3.553775743707094
2.2813,22.0,3.855882352941177
1.2157,36.0,5.024574669187145
1.7446,23.0,3.776422764227642
3.3333,30.0,4.670967741935484
1.85,27.0,4.039755351681957
2.775,50.0,2.9743589743589745
6.623,30.0,6.8671875
3.6853,10.0,6.716923076923077
8.5842,42.0,5.765935214211076
4.0873,18.0,5.452781371280724
2.9861,34.0,3.683417085427136
2.4167,43.0,4.733333333333333
1.1728,27.0,3.913924050632912
1.9238,39.0,3.996941896024465
2.5694,44.0,5.10934393638171
4.4085,52.0,4.68561872909699
5.3074,42.0,5.359504132231405
4.3879,2.0,7.105691056910569
2.052,31.0,3.812267657992565
2.5434,36.0,4.600508905852418
8.2064,36.0,7.15695067264574
4.875,20.0,6.483870967741935
4.9107,33.0,6.568965517241379
4.8906,34.0,5.894179894179894
4.6518,17.0,5.811594202898551
3.6953,14.0,4.148308135349172
2.8942,45.0,4.45609756097561
6.2154,47.0,5.953316953316953
1.7823,17.0,4.055045871559633
3.9191,17.0,5.798936170212766
2.2261,23.0,3.63914373088685
6.3401,7.0,7.2696310312204355
3.8125,35.0,4.902985074626866
5.1999,20.0,4.935622317596566
2.288,19.0,3.7037773359840953
2.0469,41.0,4.484581497797357
1.976,15.0,5.190851735015773
4.3814,16.0,6.286415711947627
4.2531,17.0,4.437443336355394
6.68,10.0,7.329015544041451
4.6583,30.0,5.2742759795570695
3.168,17.0,4.165820642978003
2.9509,19.0,11.625874125874128
1.0521,40.0,4.451882845188284
1.5474,44.0,4.674931129476584
3.0833,44.0,5.116704805491991
3.9375,46.0,4.611607142857143
5.2987,18.0,6.159325210871603
9.337,52.0,7.285714285714286
3.225,33.0,4.285714285714286
3.6474,32.0,6.431707317073171
2.5872,15.0,5.041450777202073
4.3088,34.0,5.896358543417367
1.7393,29.0,3.7823834196891193
4.2188,17.0,6.024793388429752
4.6908,37.0,5.979949874686716
1.6509,45.0,5.332541567695962
6.115,19.0,7.64525993883792
2.8648,29.0,4.7405857740585775
4.0417,5.0,7.64021164021164
2.7219,15.0,6.724137931034483
3.6389,45.0,5.830508474576271
2.3783,28.0,5.023684210526316
2.0398,46.0,4.911528150134048
4.8448,31.0,5.25497287522604
5.5872,17.0,6.469483568075117
1.7679,20.0,4.883052527254708
1.9946,52.0,4.475806451612903
6.1062,16.0,7.30188679245283
2.3571,17.0,4.612403100775194
3.9091,38.0,5.902173913043479
3.1272,11.0,8.136
6.1359,14.0,22.823529411764707
5.7984,20.0,7.1869565217391305
5.543,16.0,7.239737274220033
5.8336,36.0,7.46
1.0467,33.0,3.80622009569378
3.6667,15.0,14.304761904761904
3.5968,12.0,5.841346153846154
2.0734,28.0,3.974063400576369
5.1929,27.0,6.424460431654676
1.6635,14.0,3.740576496674058
2.3438,42.0,2.886977886977887
5.6529,14.0,6.817821782178218
2.8021,33.0,6.235602094240837
3.625,37.0,5.865671641791045
2.6597,38.0,4.336842105263158
4.89,52.0,6.060679611650485
2.9643,41.0,4.828877005347594
1.5662,28.0,3.8308823529411766
6.8194,16.0,7.760683760683761
6.1636,28.0,6.380952380952381
6.5004,16.0,5.45475113122172
2.3832,39.0,5.130244207889794
4.225,28.0,5.576864535768645
5.0482,45.0,5.80091533180778
3.9286,13.0,5.959183673469388
4.0667,35.0,5.10913140311804
4.3462,36.0,5.919491525423729
3.2016,37.0,5.899736147757256
2.8903,31.0,4.477459016393443
4.1359,17.0,4.607344632768362
4.1364,24.0,23.54736842105263
1.2634,28.0,3.272727272727273
2.1417,31.0,2.6511627906976742
3.0212,31.0,3.984126984126984
3.256,25.0,3.804395604395604
3.015,39.0,4.031339031339031
7.9213,44.0,6.44811320754717
3.525,12.0,6.143636363636364
3.6331,26.0,4.917874396135265
1.2176,29.0,3.899236641221374
3.4792,30.0,4.532956685499058
3.0917,32.0,4.796019900497512
2.2156,26.0,3.773076923076923
3.3431,20.0,6.383720930232558
2.483,20.0,6.2781954887218046
3.8661,6.0,5.924432081594808
4.4964,27.0,6.096551724137931
2.3068,23.0,3.485057471264368
3.016,6.0,4.883196721311475
4.7333,30.0,5.288461538461538
6.1504,16.0,6.935229067930489
1.7372,20.0,4.950680272108843
3.2516,16.0,5.064777327935222
2.3293,28.0,4.071090047393365
3.0179,15.0,5.5727969348659006
4.1731,26.0,5.1545741324921135
2.2083,18.0,5.183908045977011
1.7929,37.0,3.1008902077151337
2.5288,16.0,5.315638450502152
4.0813,24.0,6.0553097345132745
7.652,36.0,6.392572944297083
8.2269,43.0,7.309090909090909
2.9063,9.0,4.409090909090909
2.9904,36.0,4.3675417661097855
6.0062,17.0,6.262536873156342
5.3674,26.0,6.875722543352601
2.16,29.0,4.958456973293768
4.1793,35.0,5.497164461247637
4.7813,36.0,5.167701863354037
2.2875,17.0,4.081916537867079
5.5767,34.0,6.609826589595376
2.5562,22.0,9.39864864864865
2.125,44.0,4.29426433915212
4.54,23.0,5.347878787878788
2.7284,24.0,4.897400820793433
2.5954,47.0,5.281318681318681
2.9688,52.0,4.230547550432276
5.8659,52.0,6.399317406143345
4.875,42.0,4.728280961182994
2.0227,10.0,4.270396270396271
2.2132,22.0,6.009009009009009
2.5119,26.0,4.6348773841961854
0.8543,27.0,2.297872340425532
3.369,30.0,4.378830083565459
6.0501,29.0,7.0
3.8625,30.0,4.786026200873362
1.899,39.0,3.601173020527859
1.8529,52.0,4.8808777429467085
11.1077,32.0,8.010526315789473
4.9792,11.0,6.400826446280992
3.1607,34.0,4.743732590529248
1.35,40.0,4.171328671328672
3.39,5.0,5.19589552238806
3.6827,44.0,4.351464435146443
2.619,44.0,3.30142566191446
2.0888,45.0,3.130932896890344
3.8668,45.0,5.460949464012251
2.1763,19.0,2.6273584905660377
2.4912,29.0,3.7248
4.0795,33.0,5.313636363636364
2.6466,14.0,4.893542757417103
4.6821,8.0,5.393305439330544
4.0516,8.0,6.201298701298701
5.1637,36.0,5.291161178509532
2.1078,43.0,4.707520891364903
1.9185,34.0,4.827868852459017
3.1989,52.0,4.295049504950495
10.898,30.0,7.989110707803992
2.4032,18.0,5.07981220657277
4.7566,18.0,5.958695652173913
10.7372,18.0,9.016112789526687
3.8103,5.0,5.594215600350569
3.0521,27.0,4.115
3.0465,17.0,5.932843651626443
4.6875,20.0,4.348623853211009
2.2667,12.0,3.436241610738255
3.5,42.0,4.9110576923076925
4.2308,49.0,6.328671328671328
2.1083,20.0,4.20414673046252
5.061,34.0,5.081553398058253
5.2742,23.0,6.254054054054054
2.9926,25.0,4.634490238611714
2.7474,43.0,4.418952618453865
7.5744,25.0,6.932926829268292
2.9167,25.0,3.566625155666252
3.8698,19.0,4.386243386243386
1.0349,19.0,4.563106796116505
2.8355,45.0,5.105978260869565
5.1423,45.0,5.131578947368421
2.7083,16.0,5.45045045045045
4.7361,7.0,7.464968152866242
5.9357,19.0,5.8584070796460175
4.125,30.0,4.7178362573099415
15.0001,32.0,8.116607773851591
7.3089,48.0,7.283216783216783
5.0621,25.0,7.461016949152542
2.1991,15.0,4.158333333333333
2.7321,8.0,5.139386189258312
4.9196,27.0,6.184782608695652
1.7298,52.0,4.277511961722488
2.7045,38.0,4.454545454545454
1.4804,52.0,4.041958041958042
4.1667,52.0,4.768595041322314
2.7763,30.0,4.231884057971015
3.1439,24.0,4.599290780141844
2.7375,42.0,5.137560975609756
4.2067,16.0,5.443786982248521
1.5326,52.0,3.676795580110497
3.6619,17.0,4.885875706214689
4.1455,37.0,4.511933174224343
4.8,40.0,6.580188679245283
4.5399,52.0,4.898601398601398
2.5042,52.0,4.763374485596708
3.375,9.0,5.654468085106383
3.4706,16.0,3.5176908752327747
3.7583,33.0,5.627906976744186
0.8941,33.0,4.964285714285714
2.1563,52.0,4.585014409221902
5.2953,18.0,5.782352941176471
4.6726,6.0,5.730303030303031
3.2935,35.0,4.289473684210527
6.1655,52.0,7.072727272727272
2.3784,15.0,3.882147024504084
3.7344,44.0,5.583732057416268
10.49,7.0,10.005873715124816
2.0875,25.0,3.933641975308642
3.1106,31.0,5.388185654008439
6.4271,34.0,7.218390804597701
3.7768,5.0,5.802037845705968
2.6893,26.0,5.355263157894737
2.4485,34.0,5.214723926380368
1.8333,33.0,4.943444730077121
2.587,33.0,5.549333333333333
2.7083,52.0,4.756302521008403
6.2275,34.0,6.215302491103203
3.1086,10.0,7.329696024941543
6.8,33.0,6.539877300613497
4.7222,36.0,6.003134796238244
2.7632,16.0,3.305851063829788
4.642,7.0,4.854503464203233
3.9861,13.0,5.849019607843137
2.5045,15.0,4.103932584269663
2.6906,14.0,5.409276944065485
3.3438,31.0,5.40418118466899
2.0577,12.0,6.372727272727273
4.45,15.0,5.047218628719276
3.1187,25.0,5.905292479108635
6.7857,16.0,7.730538922155689
1.077,17.0,3.054871220604704
4.9196,37.0,4.866666666666666
4.1179,4.0,6.42707240293809
2.1513,43.0,4.407166123778501
3.1679,21.0,5.080962800875273
3.9375,21.0,36.715384615384615
3.0978,28.0,4.937751004016064
12.9792,23.0,8.219827586206897
2.1447,26.0,3.4859504132231405
3.1032,19.0,4.521537442014579
3.6976,25.0,3.53061224489796
2.6923,14.0,5.180628272251309
6.4522,16.0,7.941529235382309
3.1287,50.0,4.467576791808874
5.3889,33.0,6.078880407124682
2.5587,37.0,4.738853503184713
6.5146,18.0,6.712195121951219
3.0,37.0,4.890625
6.6238,17.0,6.238993710691824
2.4464,33.0,3.52
4.3646,42.0,5.212765957446808
2.7014,43.0,5.113095238095238
4.4792,11.0,8.047619047619047
10.7397,46.0,7.460992907801418
2.9821,17.0,13.473039215686274
4.9028,15.0,6.391666666666667
2.5,22.0,3.7587354409317806
7.866,36.0,6.656957928802589
7.3841,40.0,6.698412698412699
3.6298,19.0,5.558320373250389
6.1575,38.0,7.171974522292993
1.2794,33.0,4.335968379446641
4.1181,36.0,4.8753709198813056
4.7788,31.0,6.422932330827067
5.5469,22.0,4.7967032967032965
2.075,43.0,4.624641833810888
4.0474,22.0,4.745070422535211
3.7375,29.0,4.166666666666667
2.5812,36.0,2.97008547008547
4.775,14.0,6.235915492957746
3.455,34.0,4.415233415233415
1.7448,23.0,5.384615384615385
5.347,22.0,6.751091703056769
3.1205,16.0,3.728476821192053
4.8152,36.0,5.637323943661972
5.1831,26.0,2.018348623853211
7.1837,20.0,6.607407407407408
2.375,37.0,4.1440677966101696
5.0118,34.0,6.25886524822695
5.1265,34.0,5.897163120567376
3.125,26.0,4.096774193548387
3.2574,32.0,3.718503937007874
4.5245,14.0,5.874680306905371
3.7292,6.0,4.583333333333333
3.864,24.0,5.444714459295262
6.0948,52.0,7.795454545454546
4.7357,24.0,6.016985138004246
1.4936,15.0,11.889830508474576
5.0175,36.0,5.610714285714286
4.0324,26.0,5.6417004048583
3.6797,20.0,5.348017621145375
3.0529,25.0,5.057142857142857
5.0111,16.0,6.157757496740548
5.1691,38.0,6.854497354497354
4.2917,8.0,7.164285714285715
12.5915,8.0,10.511627906976743
3.695,40.0,4.593548387096774
3.6838,13.0,6.329305135951661
1.879,28.0,2.8479685452162515
3.3989,25.0,3.8832913518052057
6.3017,16.0,5.704491725768322
1.6833,15.0,5.351851851851852
1.1326,42.0,4.890784982935154
10.3983,31.0,7.888888888888889
2.375,33.0,4.378612716763006
3.2097,15.0,12.384615384615383
1.6581,48.0,4.00561797752809
5.9845,40.0,7.317343173431734
9.1415,5.0,7.2052980132450335
5.3819,52.0,4.514851485148514
4.6211,15.0,5.3215926493108725
3.2277,4.0,6.541910331384016
5.0406,6.0,6.016166281755196
4.3056,30.0,5.036931818181818
2.9583,35.0,3.8633540372670807
1.9957,32.0,3.650289017341041
6.0069,29.0,6.305057096247961
4.475,36.0,5.45273631840796
1.3,41.0,1.750814332247557
1.76,29.0,3.664335664335664
3.9054,14.0,4.088397790055248
5.679,20.0,6.401273885350318
2.0375,26.0,7.12
2.0586,28.0,4.509433962264151
3.3021,36.0,5.032119914346895
4.8021,28.0,7.033678756476684
4.6563,7.0,3.933530280649926
3.375,19.0,3.67984693877551
2.7022,37.0,3.842622950819672
5.0941,3.0,6.998985801217039
3.6563,19.0,5.125
1.0649,43.0,3.564625850340136
4.2015,52.0,4.163021868787276
7.6348,4.0,6.534079348931841
3.0565,14.0,5.696065128900949
2.214,27.0,4.655907036797935
2.7712,29.0,3.6916129032258063
5.5538,34.0,5.414414414414415
4.625,19.0,5.037037037037037
4.0833,20.0,6.025301204819277
12.1579,14.0,8.40251572327044
5.5261,10.0,7.037225042301184
0.8288,13.0,2.5455904334828103
3.1235,17.0,3.600263852242744
7.8453,21.0,6.527331189710611
3.1146,48.0,4.183028286189684
5.1805,36.0,5.945132743362832
4.4875,8.0,6.087227414330218
3.0625,32.0,3.930348258706468
3.0061,40.0,3.952471482889734
4.7981,16.0,6.408536585365853
3.3176,14.0,4.012886597938144
3.55,36.0,4.654320987654321
2.1875,22.0,4.552
3.4152,34.0,4.691358024691358
3.0263,29.0,3.948207171314741
6.2263,52.0,6.228260869565218
4.7875,19.0,6.007005253940456
3.3214,52.0,4.825
3.6696,15.0,5.141903171953255
4.7778,6.0,7.358227848101266
3.5234,31.0,4.220588235294118
6.4664,17.0,6.8609467455621305
4.5987,12.0,6.527646129541864
2.9293,52.0,4.084905660377358
6.3434,52.0,6.947890818858561
6.4459,51.0,6.174509803921569
2.25,41.0,3.505988023952096
1.6444,16.0,3.217506631299735
4.2153,18.0,6.11453744493392
1.6597,36.0,3.89010989010989
6.0,25.0,7.760598503740648
3.1702,25.0,4.316570486397362
2.4856,21.0,3.0040650406504064
3.55,17.0,4.794007490636704
7.5057,18.0,6.669117647058823
2.0833,42.0,4.914583333333334
10.2264,45.0,3.1666666666666665
4.8125,31.0,4.684331797235023
1.4619,32.0,4.004444444444444
4.1023,29.0,5.37414030261348
0.9506,40.0,3.9
9.8074,16.0,8.789823008849558
2.2841,52.0,4.35064935064935
4.3438,16.0,5.941176470588236
3.1458,34.0,5.776595744680851
2.9844,50.0,5.260869565217392
2.3289,17.0,5.772058823529412
2.5395,23.0,5.076980014803849
2.6812,19.0,5.320109439124487
5.0951,33.0,5.526448362720403
8.4262,14.0,8.288235294117648
3.125,6.0,3.809523809523809
1.7361,42.0,3.0
2.098,21.0,5.110112359550562
6.6633,10.0,6.289272030651341
2.0307,32.0,3.467716535433071
6.1885,10.0,6.631578947368421
3.0253,29.0,5.6732600732600735
3.1691,16.0,3.27437641723356
2.2337,23.0,5.491428571428571
3.0259,26.0,3.897277227722772
3.1667,34.0,4.644628099173554
2.2902,43.0,3.258964143426295
2.925,29.0,5.017021276595744
3.2738,29.0,6.432532347504621
2.0391,38.0,4.691460055096419
2.1992,26.0,2.633774160732452
1.9531,41.0,3.826530612244898
5.4228,24.0,5.391752577319588
7.0842,34.0,5.571969696969697
3.7361,16.0,5.022372528616025
1.9937,21.0,3.6866485013623977
4.3419,22.0,5.688679245283019
2.3984,44.0,3.9127906976744176
5.5551,9.0,6.709507042253521
6.6329,25.0,6.563380281690141
3.175,26.0,4.670588235294118
4.6761,32.0,5.315151515151515
5.9639,22.0,6.330708661417323
3.63,32.0,4.752079866888519
3.9673,24.0,4.291153415453527
6.1481,11.0,7.095238095238095
9.2858,6.0,8.095533498759306
1.6875,41.0,5.570063694267516
3.7031,27.0,5.64745308310992
3.5625,34.0,3.948186528497409
2.3125,37.0,3.897727272727273
3.1654,25.0,5.267605633802817
5.3292,52.0,5.029900332225914
3.55,27.0,4.551980198019802
5.2649,26.0,6.88785046728972
2.3886,14.0,4.805714285714286
3.5313,48.0,5.419889502762431
3.1325,27.0,4.378086419753086
3.7614,25.0,4.540792540792541
6.844,10.0,7.504504504504505
3.0341,11.0,4.854469854469855
1.4375,48.0,5.017191977077364
4.5179,17.0,5.7727272727272725
4.7721,52.0,5.772388059701493
1.6006,52.0,4.427083333333333
2.3882,21.0,5.625766871165644
3.4306,24.0,5.7407407407407405
7.6059,27.0,7.146341463414634
2.0943,28.0,5.51980198019802
1.9056,25.0,3.695842450765865
2.4556,16.0,4.516629711751663
0.4999,16.0,21.63157894736842
4.8711,27.0,5.082810539523212
2.3,30.0,3.65
5.5779,16.0,5.938223938223938
3.3214,43.0,4.436274509803922
6.3702,23.0,6.440263405456256
4.1552,43.0,4.964179104477612
5.6184,29.0,5.885416666666667
5.015,37.0,5.578313253012048
4.7361,44.0,5.518987341772152
3.3583,19.0,5.10377358490566
1.9722,34.0,4.28695652173913
3.2284,18.0,4.219094247246022
3.75,18.0,5.7538644470868014
8.1356,25.0,7.8704
3.0824,33.0,3.7694524495677233
1.65,29.0,4.990243902439024
1.6944,45.0,4.948717948717949
3.7109,35.0,4.912332838038633
2.7137,7.0,4.700305810397554
2.7538,41.0,4.376731301939058
1.7158,37.0,4.285333333333333
3.8625,12.0,5.2063615205585725
3.5667,28.0,4.616343490304709
3.0769,52.0,5.119047619047619
1.6955,29.0,3.2230971128608923
2.875,29.0,4.182065217391305
3.5039,32.0,4.205630354957161
3.0972,34.0,6.452914798206278
4.5757,15.0,3.610410094637224
6.9935,22.0,6.9826451226810295
2.0786,33.0,4.562589928057554
4.55,28.0,6.037356321839081
3.9286,10.0,3.4014466546112114
3.4472,45.0,4.468629961587708
4.0,37.0,4.1590189873417724
1.3527,30.0,2.247524752475248
3.707,29.0,5.08411214953271
8.4471,16.0,7.934426229508197
2.5966,32.0,3.6710526315789473
3.1607,31.0,3.598944591029024
1.8095,25.0,4.170802919708029
1.6178,21.0,3.487562189054726
2.4435,22.0,4.125370187561698
2.4107,38.0,5.36231884057971
5.2149,18.0,4.758426966292135
3.1563,18.0,6.235294117647059
2.3947,40.0,4.442190669371197
3.7969,14.0,5.105603448275862
3.6818,36.0,5.258333333333334
5.0754,44.0,5.196280991735537
1.5217,34.0,4.374509803921568
2.3566,15.0,5.665775401069519
4.1705,17.0,4.666990291262136
2.8295,52.0,4.94025974025974
1.5114,39.0,4.59927797833935
7.642,23.0,7.232981783317354
2.4844,46.0,4.321678321678322
4.3636,15.0,3.7943548387096775
3.7596,36.0,4.497847919655667
9.8708,24.0,8.377464788732395
3.5972,39.0,2.66990291262136
3.5214,15.0,3.0499445061043287
7.0329,11.0,7.450865051903114
3.2132,19.0,6.7218045112781954
3.4773,47.0,4.922580645161291
5.5454,10.0,6.274220032840723
6.1009,15.0,7.195652173913044
3.18,32.0,4.167010309278351
4.7,36.0,6.0201005025125625
5.4364,34.0,5.456834532374101
3.3444,13.0,5.33458177278402
1.0469,42.0,4.274193548387097
1.852,40.0,3.967863894139888
5.2806,47.0,4.485333333333333
2.3438,26.0,4.616438356164384
4.566,18.0,7.236323851203501
3.3411,34.0,4.2560975609756095
3.0865,52.0,2.9285714285714284
2.1607,35.0,4.144486692015209
6.1074,26.0,6.304093567251462
2.8,37.0,4.82051282051282
2.9081,36.0,5.095022624434389
0.8639,28.0,4.289377289377289
4.6696,32.0,4.743243243243243
6.1133,34.0,6.873417721518988
5.7422,37.0,5.836448598130841
10.1007,30.0,7.843220338983051
4.7909,4.0,7.9763779527559056
3.1932,25.0,4.614953271028037
2.2303,36.0,3.0902394106813995
3.375,47.0,4.473684210526316
2.0136,13.0,5.309523809523809
1.8981,31.0,3.323064113238968
3.6292,8.0,5.593659942363113
1.0568,16.0,7.8427672955974845
1.9375,43.0,5.239669421487603
4.1379,42.0,4.828767123287672
6.2781,17.0,6.787798408488063
3.2768,44.0,5.338289962825279
4.7543,27.0,5.3568
4.7639,26.0,4.740667976424361
2.2917,14.0,6.105590062111801
3.9107,40.0,6.5
4.4519,14.0,5.424180327868853
2.7054,52.0,5.741214057507987
2.0745,35.0,4.176229508196721
3.7065,16.0,5.487272727272727
5.0492,35.0,6.652542372881356
6.4247,14.0,6.560196560196561
2.8304,33.0,3.611438183347351
8.0144,16.0,8.19186046511628
4.381,34.0,6.005763688760807
5.6263,39.0,5.689280868385346
3.0263,10.0,5.3125
7.8476,52.0,7.908284023668639
4.5833,5.0,3.888888888888889
1.4688,16.0,4.7611940298507465
2.8203,8.0,3.3258426966292136
8.4355,3.0,7.0
2.2808,12.0,3.4936608557844693
3.0208,42.0,5.233183856502242
4.3833,14.0,6.481308411214953
3.7896,18.0,5.936031331592689
1.3587,35.0,5.18798955613577
2.4917,27.0,38.84090909090909
1.8426,40.0,4.926900584795321
10.9805,52.0,7.658634538152611
6.2683,16.0,5.882882882882883
3.1212,39.0,4.535897435897436
2.6016,14.0,4.6989733059548255
0.8024,48.0,5.136645962732919
5.8642,36.0,7.388349514563107
3.1136,27.0,6.271604938271605
4.1964,40.0,5.819672131147541
2.9955,40.0,4.427835051546392
1.8176,45.0,4.632302405498282
3.0352,41.0,5.400900900900901
3.3889,15.0,6.094936708860759
2.1766,24.0,3.690883190883191
3.3281,21.0,4.2382176520994
3.5114,52.0,4.272486772486772
5.4851,31.0,5.525651144435675
2.6316,46.0,6.229508196721311
1.3971,11.0,4.217821782178218
7.9739,14.0,8.115902964959568
8.944,30.0,7.170454545454546
5.7398,42.0,6.282352941176471
2.4167,26.0,5.0
3.6187,34.0,4.412474849094568
2.9554,17.0,4.643020594965675
3.2857,16.0,5.146788990825688
3.15,44.0,5.446376811594203
3.5972,26.0,5.285714285714286
3.8906,15.0,4.832386363636363
3.8625,31.0,4.921686746987952
4.285,34.0,5.208469055374593
4.2254,15.0,5.504065040650406
2.1538,44.0,4.368852459016393
5.748,16.0,6.091358024691358
1.5714,38.0,3.932098765432099
2.2188,52.0,3.604010025062657
4.1136,30.0,4.145009416195857
1.7778,44.0,3.448453608247423
3.0139,32.0,5.651515151515151
5.4631,35.0,6.589403973509934
2.5379,33.0,5.842677824267782
3.0299,14.0,5.814102564102564
1.9875,17.0,5.076086956521739
2.3526,48.0,3.807073954983923
8.3839,52.0,8.061371841155236
3.1403,30.0,3.541755888650964
2.1515,6.0,5.440366972477064
4.9044,35.0,5.482248520710059
3.5769,12.0,5.9375866851595
1.7204,5.0,11.29896907216495
5.5581,36.0,6.118466898954704
2.9798,17.0,5.530487804878049
3.0119,22.0,3.772009029345373
5.2452,18.0,6.923990498812351
4.4831,36.0,5.2560975609756095
6.983,21.0,7.477064220183486
2.8906,33.0,4.340828402366864
2.7625,52.0,4.391534391534392
3.5189,15.0,5.489010989010989
1.7794,52.0,5.954274353876739
2.1458,22.0,5.287610619469026
5.5456,35.0,4.909930715935335
2.7813,35.0,5.07451564828614
2.0976,25.0,3.660839160839161
1.9837,37.0,4.786516853932584
3.2578,18.0,5.755154639175258
8.1714,23.0,7.883597883597884
3.1796,30.0,5.126074498567335
5.8596,50.0,6.742627345844504
2.9861,28.0,4.593253968253968
1.4801,44.0,2.5813333333333333
3.5128,23.0,5.177777777777778
2.3221,44.0,4.743362831858407
3.4327,31.0,4.342939481268012
3.3281,7.0,5.010462074978204
1.4097,37.0,4.017991004497751
4.7188,36.0,6.008333333333334
7.4219,31.0,4.806569343065694
2.6312,52.0,3.8193832599118944
5.1647,5.0,5.942942942942943
3.8904,21.0,5.211965811965812
4.0714,42.0,5.843501326259947
2.3683,17.0,4.439102564102564
2.69,20.0,5.6438127090301
4.2554,50.0,6.365384615384615
2.1383,31.0,3.334494773519164
3.2955,19.0,5.479490806223479
1.2292,52.0,2.3401360544217686
1.6331,34.0,2.283471837488458
6.6603,52.0,6.6573426573426575
4.9103,4.0,5.502212389380531
2.975,24.0,3.456730769230769
2.5417,22.0,3.103448275862069
4.875,30.0,4.206030150753769
0.76,10.0,2.6515151515151514
3.4712,18.0,4.480332829046898
3.4227,26.0,3.748283752860412
4.6635,35.0,5.193333333333333
3.425,38.0,4.031719532554257
5.6501,4.0,6.162349968414403
7.8864,52.0,6.690972222222222
1.2206,35.0,3.2215799614643545
5.7157,26.0,6.292631578947368
5.6825,24.0,6.69921875
5.1834,26.0,5.037878787878788
1.5417,18.0,7.666666666666667
7.2419,38.0,7.173684210526316
5.6445,10.0,6.545866364665912
3.8068,52.0,4.184272300469484
3.4812,35.0,4.508830022075055
1.9439,26.0,5.768976897689769
4.6625,11.0,5.232666666666667
5.065,27.0,5.766871165644171
1.9464,36.0,4.975510204081632
4.6863,4.0,5.204113924050633
7.0546,16.0,7.425925925925926
7.4897,43.0,6.255760368663594
2.8287,28.0,4.714285714285714
2.3375,40.0,4.129251700680272
2.5667,12.0,4.764840182648402
3.1645,37.0,6.345794392523365
3.2171,16.0,4.871980676328502
8.9021,18.0,7.283783783783784
6.1509,25.0,6.111269614835948
3.6378,17.0,5.432075471698113
1.0298,20.0,2.3984674329501914
2.8631,30.0,4.42713567839196
4.0611,10.0,5.88086642599278
2.3152,10.0,3.4055944055944054
3.1731,46.0,3.9901639344262296
15.0001,42.0,8.5625
3.9336,18.0,6.188405797101449
4.7188,29.0,6.511278195488722
3.7454,30.0,4.367170626349892
3.9792,33.0,7.193243243243243
10.1275,27.0,7.493421052631579
4.7647,12.0,6.241269841269841
0.7445,19.0,3.5675675675675675
4.0109,36.0,5.786516853932584
3.6474,26.0,3.923076923076923
3.4,44.0,4.688235294117647
2.1774,40.0,3.8875379939209727
4.0833,33.0,4.836065573770492
3.3066,36.0,5.443636363636363
3.3371,32.0,4.845195729537367
7.9885,5.0,12.626865671641792
1.6187,38.0,3.301994301994302
2.8603,52.0,5.169082125603865
3.7557,16.0,6.282110091743119
2.4875,27.0,3.4573002754820936
1.7284,29.0,4.362
2.9821,12.0,4.763888888888889
4.9676,26.0,5.333690987124464
7.5674,14.0,6.477611940298507
1.125,27.0,5.649122807017544
5.1145,34.0,5.1469194312796205
3.0625,20.0,5.86
2.0819,43.0,4.099697885196375
6.58,25.0,7.704334365325077
4.0417,34.0,7.040816326530612
6.1593,41.0,6.2154696132596685
2.125,40.0,4.056768558951965
2.2244,36.0,3.2302631578947367
7.745,4.0,7.508064516129032
3.4954,8.0,4.51063829787234
3.9009,33.0,4.272030651340996
6.323,19.0,6.813953488372093
6.0622,10.0,10.095238095238097
3.9286,30.0,5.732876712328767
5.2361,16.0,5.123583934088568
4.125,52.0,5.036144578313253
5.2326,16.0,5.045180722891566
2.0076,38.0,5.330561330561331
4.84,21.0,6.101190476190476
2.3042,36.0,4.461538461538462
2.3304,32.0,3.310606060606061
6.1187,36.0,6.406976744186046
6.0597,29.0,6.176039119804401
5.7405,48.0,5.324626865671642
3.0962,38.0,4.4475
2.3056,29.0,4.903726708074534
6.9399,18.0,6.727112676056338
2.1336,19.0,5.893992932862191
3.3571,14.0,5.227941176470588
5.8899,16.0,6.787586206896552
2.7428,33.0,4.049242424242424
3.3793,18.0,6.322834645669292
1.5833,46.0,5.818930041152264
6.9343,2.0,8.091954022988507
2.655,22.0,4.305555555555555
4.1827,31.0,5.915555555555556
4.1128,7.0,5.420091324200913
4.125,37.0,5.525
3.3322,35.0,4.330316742081448
3.4,38.0,4.877675840978593
2.6567,20.0,5.295867768595041
3.7932,37.0,5.50137741046832
2.1518,16.0,4.896551724137931
4.1812,52.0,5.701388888888889
6.0902,29.0,6.121160409556314
2.3929,15.0,4.493796526054591
1.4598,40.0,4.62953995157385
6.0436,46.0,5.131736526946108
6.1726,18.0,4.707938092860709
2.3693,11.0,4.434607645875252
2.8,34.0,4.585657370517929
5.1615,26.0,6.687037037037037
4.7872,16.0,5.845505617977528
3.5179,15.0,6.145833333333333
4.7695,23.0,4.933970460469157
2.7813,19.0,3.913654618473896
3.625,24.0,5.174657534246576
6.6437,25.0,7.331775700934579
3.4598,11.0,5.588410104011887
5.3972,30.0,6.416666666666667
3.15,35.0,5.2368421052631575
3.7143,35.0,5.205882352941177
5.9053,16.0,6.577464788732394
3.2048,33.0,4.229067930489731
1.6214,17.0,6.0
5.259,36.0,5.912234042553192
2.5275,27.0,4.246653919694072
4.538,3.0,5.7654417513682565
4.4167,26.0,5.005359056806002
5.225,16.0,5.502906976744186
3.4542,24.0,5.475560081466395
1.9923,21.0,3.355828220858896
3.8086,25.0,4.608638743455497
3.9688,30.0,6.60431654676259
2.125,29.0,5.335714285714285
4.7875,7.0,7.365044247787611
2.0579,42.0,4.101604278074866
6.7703,43.0,6.169533169533169
7.672,42.0,5.95852534562212
4.1953,5.0,6.161695447409733
3.2037,33.0,3.889643463497453
1.5933,37.0,3.998330550918197
1.9954,30.0,4.751141552511416
7.9625,33.0,6.520599250936329
4.7361,22.0,6.08021978021978
2.7543,23.0,3.2066666666666666
4.2188,28.0,6.132007233273056
5.0779,34.0,5.487179487179487
5.4372,30.0,6.227848101265823
4.226,52.0,5.011764705882353
15.0001,33.0,7.446511627906977
1.3889,25.0,4.552529182879377
4.0602,44.0,4.811287477954145
4.9955,33.0,6.061784897025172
4.112,12.0,5.250332889480692
3.6125,36.0,4.969957081545064
4.2917,44.0,4.97093023255814
2.5459,22.0,3.512236286919831
4.6477,15.0,7.434615384615385
2.5681,35.0,5.050650557620818
5.0871,36.0,5.081967213114754
2.6399,34.0,4.809009009009009
4.4946,48.0,5.379912663755459
4.3696,7.0,6.5279307631786
3.996,25.0,5.643598615916955
2.1552,23.0,3.8126410835214446
9.8589,18.0,7.100719424460432
2.0217,43.0,4.718220338983051
1.95,19.0,3.218390804597701
3.6625,21.0,4.481996726677577
5.883,13.0,4.907407407407407
2.7708,34.0,4.345549738219895
3.8393,52.0,4.721649484536083
7.5,45.0,6.233128834355829
13.0502,6.0,9.413793103448276
2.8798,6.0,2.6840215439856374
3.8505,10.0,5.412126068376068
3.4265,36.0,4.843971631205674
1.5407,10.0,4.461538461538462
3.1167,39.0,4.659574468085107
3.6895,29.0,5.475
1.9074,26.0,4.26417704011065
3.191,30.0,4.034090909090909
4.1319,33.0,5.262529832935561
6.7694,29.0,6.654605263157895
4.4688,35.0,5.166666666666667
6.7228,52.0,7.433249370277078
2.6684,50.0,3.544573643410853
4.6442,36.0,6.153526970954357
4.0625,48.0,5.961538461538462
3.0347,17.0,4.50580997949419
5.826,14.0,6.235995232419547
2.4071,33.0,4.374712643678161
2.1198,21.0,5.404109589041096
6.2946,34.0,6.330112721417069
4.3039,21.0,5.034412955465587
2.165,34.0,5.304950495049505
4.75,46.0,6.079601990049751
3.35,14.0,4.434343434343434
2.9698,15.0,6.029473684210526
1.5714,31.0,4.639908256880734
4.0417,44.0,4.322695035460993
6.1968,18.0,6.310880829015544
6.8088,20.0,6.737878787878788
2.3317,39.0,3.975609756097561
3.6949,4.0,5.733651226158038
2.7909,26.0,5.62993762993763
5.0,18.0,5.66941297631308
5.0736,41.0,5.382739212007505
6.1275,33.0,6.252830188679245
2.2125,42.0,5.855218855218856
4.1667,12.0,6.628571428571429
4.1375,28.0,6.105162523900574
7.6166,16.0,7.210412147505423
4.3203,37.0,5.565826330532213
5.7078,17.0,5.395734597156398
2.5445,24.0,3.467696629213483
3.58,10.0,6.902275769745649
2.52,37.0,4.251623376623376
1.7616,52.0,5.602150537634409
2.5179,45.0,4.938837920489297
2.2482,19.0,4.524978089395267
4.21,45.0,5.089171974522293
4.8266,13.0,6.746646795827124
5.5622,43.0,5.93900481540931
3.4625,52.0,4.953271028037383
3.0035,16.0,4.46
5.9359,24.0,6.786307053941909
9.459,47.0,8.198581560283689
5.3015,40.0,6.696296296296296
7.6933,26.0,7.592885375494071
3.2216,48.0,4.853403141361256
1.7059,26.0,4.494565217391305
3.0987,43.0,5.20935412026726
6.234,7.0,6.511551155115511
5.8635,24.0,7.226315789473684
6.5615,8.0,6.270485859318347
3.0472,26.0,3.5754527162977867
2.987,46.0,4.166051660516605
4.4821,33.0,6.22463768115942
4.4699,16.0,3.7302904564315353
4.5943,10.0,4.469437652811736
5.6228,42.0,6.4453125
1.875,40.0,4.110266159695818
3.1667,22.0,4.437751004016064
1.7868,20.0,4.563609467455621
3.6705,34.0,6.17515923566879
3.4219,35.0,4.597765363128492
2.9345,42.0,4.059113300492611
5.4351,37.0,6.0542986425339365
4.3542,5.0,4.479820627802691
1.2041,50.0,3.862604540023895
3.9613,35.0,5.17312661498708
3.475,6.0,6.352941176470588
1.375,20.0,4.1
6.3223,5.0,8.579225352112676
2.5432,29.0,3.413572343149808
4.5764,18.0,6.777777777777778
4.2654,8.0,5.936582501467997
2.4348,44.0,4.868263473053892
5.828,41.0,6.140816326530612
2.125,17.0,6.876785714285714
5.25,16.0,7.099337748344371
3.1648,39.0,5.089928057553957
6.9682,15.0,6.285714285714286
7.439,21.0,6.494584837545126
3.7727,27.0,4.222748815165877
3.7201,18.0,4.602453987730061
1.9458,26.0,4.709677419354839
4.1471,37.0,5.435582822085889
6.2579,10.0,6.443322981366459
5.1408,33.0,5.359861591695502
1.9818,33.0,2.3061889250814334
5.8407,18.0,7.510416666666667
6.3824,41.0,5.42483660130719
5.4042,34.0,5.945205479452055
3.7969,35.0,5.23989898989899
3.5473,33.0,4.1089258698941
3.4145,35.0,5.9608728367193375
3.8917,11.0,7.147163120567376
3.1115,46.0,5.167577413479052
3.0132,47.0,5.606217616580311
4.0833,29.0,5.053003533568905
3.675,43.0,4.871060171919771
3.775,19.0,5.537906137184115
3.0234,31.0,5.464203233256351
3.538,21.0,5.026578073089701
1.2762,17.0,3.4323308270676693
5.6093,17.0,5.970967741935484
3.7636,6.0,6.096236890808143
6.0102,12.0,5.219765929778934
4.8536,23.0,5.554455445544554
1.5625,33.0,3.623456790123457
2.625,47.0,3.655601659751037
1.3565,25.0,2.692857142857143
4.5568,33.0,6.1370786516853935
6.7974,33.0,5.992481203007519
3.6382,25.0,7.772189349112426
1.9575,24.0,4.528423772609819
3.1395,27.0,4.643086816720257
5.097,33.0,5.664179104477612
6.5587,27.0,6.227642276422764
5.0602,34.0,5.960912052117264
6.6324,22.0,7.129098360655738
1.8661,24.0,4.984520123839009
5.3345,4.0,7.209251101321586
4.733,36.0,5.239130434782608
2.1765,10.0,4.312020460358056
2.6713,35.0,5.770588235294118
4.0693,16.0,5.536585365853658
3.7708,36.0,3.8130563798219583
6.7496,36.0,5.411616161616162
2.2625,17.0,4.9800399201596806
3.3988,38.0,4.558282208588957
1.6667,41.0,5.203980099502488
2.489,51.0,4.165394402035624
3.3368,11.0,5.923969072164948
3.0114,33.0,4.668094218415417
4.6985,12.0,5.702054794520548
2.625,40.0,4.192592592592592
2.75,22.0,5.471698113207547
2.3812,35.0,6.289473684210527
3.25,34.0,5.426573426573427
3.8846,39.0,4.830115830115831
2.0556,52.0,8.316602316602317
4.5833,44.0,4.938356164383562
1.2542,42.0,3.253571428571429
4.7731,34.0,5.837777777777778
3.7083,10.0,5.703603603603604
7.6685,33.0,6.178217821782178
4.0357,12.0,6.233333333333333
2.9773,37.0,4.43125
6.603,32.0,6.497512437810945
1.7829,45.0,4.7
2.7679,50.0,5.025821596244131
3.2396,14.0,5.092511013215859
3.9224,17.0,5.00216684723727
2.7986,14.0,4.586837294332724
2.9571,18.0,4.968790637191157
8.3912,25.0,7.843416370106762
4.25,4.0,5.593189964157706
2.913,31.0,4.560669456066946
3.4643,29.0,6.354978354978355
3.2391,29.0,5.9688888888888885
3.1458,21.0,5.086666666666667
3.3389,35.0,4.650224215246637
2.0216,17.0,4.581967213114754
5.1586,29.0,5.357407407407408
4.15,26.0,5.235294117647059
2.0044,30.0,2.2844932844932844
2.9094,39.0,4.017045454545454
5.0622,16.0,6.140161725067386
5.0113,22.0,6.935483870967742
3.1,17.0,4.846511627906977
5.6163,33.0,6.419148936170213
4.8214,35.0,5.131707317073171
3.0224,7.0,7.149789029535865
3.0704,18.0,5.365748709122203
3.4219,35.0,5.6157407407407405
2.4677,49.0,3.7938553022794848
1.8214,34.0,2.664516129032258
1.3594,38.0,4.310344827586207
2.6654,38.0,3.951541850220264
3.7477,8.0,5.227138643067847
1.625,34.0,3.972972972972973
3.0357,33.0,4.359756097560975
2.5673,48.0,3.683962264150944
2.4706,31.0,4.156593406593407
2.8594,45.0,3.455072463768116
6.7578,20.0,6.211573236889692
3.9688,35.0,4.981981981981982
3.0375,26.0,6.147909967845659
2.0417,17.0,5.26063829787234
4.0616,13.0,5.157894736842105
3.9737,18.0,10.200217627856366
2.9732,52.0,5.585284280936455
2.5259,30.0,5.508108108108108
5.0855,15.0,6.039007092198582
6.5755,23.0,5.137640449438202
1.4,31.0,2.806451612903226
2.4259,40.0,4.280966767371601
4.025,27.0,5.242009132420091
5.9907,34.0,4.978142076502732
3.9625,26.0,4.01878453038674
6.135,11.0,6.622727272727273
2.8512,35.0,5.525333333333333
3.7361,23.0,5.352
3.3008,26.0,4.177777777777778
6.3822,18.0,7.36013986013986
2.9646,26.0,4.285163776493256
1.2185,22.0,2.9456
3.5139,28.0,5.265350877192983
2.3333,52.0,3.8073701842546064
2.3851,25.0,5.001733102253033
2.6094,38.0,5.197183098591549
4.3583,36.0,6.1139896373057
2.6437,19.0,3.531096563011457
10.1454,26.0,8.171220400728597
4.5694,27.0,4.706214689265536
2.2685,16.0,3.930355791067373
4.6467,23.0,5.629757785467128
6.6854,18.0,6.648221343873518
3.3409,32.0,3.2549019607843137
3.5294,33.0,4.31096196868009
4.25,43.0,4.176470588235294
3.7049,23.0,5.239644970414201
3.7833,47.0,5.438356164383562
4.037,35.0,4.537549407114624
3.2279,48.0,4.2938331318016925
5.8322,15.0,5.74015748031496
4.4107,22.0,4.1257861635220126
1.6277,48.0,3.676737160120846
3.62,4.0,4.9629331184528604
3.4934,27.0,5.46
1.9464,27.0,3.971128608923885
7.7889,26.0,8.730038022813687
2.3295,42.0,5.46749226006192
1.5057,42.0,4.314655172413793
3.0197,28.0,4.266666666666667
1.9911,40.0,3.697416974169742
5.5057,32.0,6.007042253521127
1.2745,15.0,2.738693467336684
4.0283,35.0,4.436823104693141
1.1667,52.0,2.477477477477477
4.2415,16.0,6.069986541049798
1.398,14.0,5.654223968565815
4.1125,30.0,4.038759689922481
3.5839,5.0,5.248618784530387
6.0531,34.0,7.081967213114754
6.2702,10.0,6.608108108108108
4.4167,37.0,4.919491525423729
3.8244,14.0,5.865951742627346
3.7802,10.0,5.087403598971722
2.8344,20.0,4.8730407523510975
2.6635,18.0,3.1538461538461537
2.2589,19.0,7.601063829787234
1.5156,52.0,2.1691842900302114
4.825,45.0,5.832797427652733
5.6482,35.0,6.551587301587301
2.3062,15.0,4.9308755760368665
2.5245,17.0,4.020501138952164
2.2401,24.0,4.873345935727788
1.8472,39.0,4.666666666666667
2.503,17.0,6.935960591133005
6.5483,20.0,7.588516746411483
2.5625,33.0,4.345505617977528
3.1607,52.0,4.313679245283019
3.1682,18.0,4.273668639053255
4.712,19.0,4.246376811594203
1.2188,37.0,2.8823529411764706
4.175,27.0,4.574844074844075
2.2212,41.0,3.7875
4.7105,22.0,6.5
0.7591,16.0,3.42
1.2054,16.0,3.34375
2.8269,34.0,4.285266457680251
1.7292,31.0,5.298755186721992
3.6406,40.0,5.37912087912088
2.6091,21.0,3.7839541547277937
2.5,35.0,3.36697247706422
5.6704,35.0,6.177304964539007
5.156,23.0,6.197718631178708
2.1964,30.0,3.0766233766233766
3.9741,28.0,5.082585278276481
3.2656,29.0,5.621621621621622
3.6898,15.0,5.98292220113852
2.4618,42.0,5.047112462006079
1.9029,36.0,3.721227621483376
1.375,35.0,4.058098591549296
3.4906,40.0,5.682692307692308
2.9479,32.0,4.306709265175719
3.0789,23.0,3.82122905027933
2.67,33.0,5.915451895043732
3.8598,14.0,5.684536082474227
3.6875,16.0,5.7612903225806456
2.8182,22.0,5.302040816326531
4.5057,10.0,3.650943396226415
4.125,35.0,6.317204301075269
4.8194,45.0,5.197860962566845
4.0119,26.0,7.12
2.9243,35.0,5.745819397993311
1.8816,33.0,7.871794871794871
1.9625,35.0,5.104477611940299
1.625,25.0,6.338842975206612
3.2228,28.0,3.58004158004158
3.7426,19.0,6.129287598944591
2.5129,19.0,5.186206896551724
5.4675,32.0,6.169934640522876
5.618,44.0,6.133971291866029
5.4746,30.0,5.998745294855709
3.8462,52.0,6.281853281853282
2.5139,52.0,3.6038781163434894
4.0625,11.0,5.714285714285714
4.7083,15.0,7.918057663125948
4.075,7.0,6.398757763975155
1.7951,18.0,3.9053356282271934
2.1591,23.0,4.346938775510204
5.4132,4.0,4.754690757470466
1.375,35.0,4.050847457627119
4.375,29.0,5.481389578163772
6.3688,30.0,5.589743589743589
3.8292,36.0,6.694980694980695
3.184,23.0,5.450408401400233
3.625,22.0,5.161616161616162
3.0759,52.0,4.898907103825136
3.0533,19.0,4.937190082644628
4.2404,28.0,6.144654088050315
8.19,20.0,8.240170031880977
3.2591,33.0,4.128133704735376
7.2812,34.0,7.135652173913043
5.4288,6.0,6.50625
2.6218,49.0,4.291245791245792
3.256,18.0,4.321782178217822
2.1833,37.0,4.503386004514673
2.3889,6.0,6.316614420062696
3.125,16.0,6.815789473684211
5.3294,25.0,5.527665317139001
6.1008,37.0,7.157439446366782
3.745,42.0,5.059113300492611
5.9683,33.0,6.112980769230769
1.6821,18.0,4.93569844789357
3.2552,51.0,4.810502283105023
3.1591,2.0,4.63265306122449
4.1386,2.0,8.821215733015494
15.0001,52.0,10.419354838709678
2.625,23.0,4.728888888888889
4.4844,31.0,5.945205479452055
4.9153,17.0,5.203883495145631
4.3864,18.0,5.507042253521127
2.0685,19.0,3.98931623931624
4.005,7.0,4.966767371601208
2.8906,16.0,5.413043478260869
4.1597,37.0,4.371584699453552
2.3824,35.0,4.087591240875913
1.8672,43.0,5.050125313283208
3.32,27.0,5.483296213808464
3.488,23.0,4.7391732283464565
3.9143,8.0,5.306412478336222
9.1881,52.0,7.255506607929515
1.7456,26.0,5.127922971114168
8.1078,26.0,6.599526066350711
3.2356,50.0,3.502808988764045
1.8315,28.0,4.510204081632653
2.9911,23.0,5.434108527131783
3.3687,47.0,4.683333333333334
1.9908,33.0,4.491048593350383
2.9551,41.0,4.11854103343465
2.0268,17.0,6.190082644628099
3.8487,46.0,5.1152882205513786
3.7067,45.0,4.843283582089552
1.9152,28.0,3.782837127845884
3.1734,38.0,6.0602409638554215
2.8295,51.0,4.576666666666667
3.24,9.0,6.218106995884773
1.9387,30.0,3.655294117647059
4.849,7.0,6.618212197159566
4.3977,49.0,5.8047138047138045
3.3098,30.0,5.742957746478873
4.7875,46.0,4.2298507462686565
5.4306,33.0,5.996677740863787
2.0213,22.0,3.421052631578948
3.0,39.0,5.10431654676259
8.2827,24.0,8.460972017673049
2.0227,22.0,4.837837837837838
3.1944,32.0,3.992574257425743
6.8233,18.0,7.228915662650603
2.2333,23.0,6.054313099041534
1.5911,29.0,4.57092819614711
2.1985,36.0,3.5403348554033487
5.282,31.0,6.227848101265823
5.3462,46.0,6.75
5.0,24.0,4.492753623188406
4.983,30.0,4.916943521594685
2.3848,6.0,4.689075630252101
3.5,35.0,4.806179775280899
3.5365,22.0,5.368200836820083
0.9802,46.0,4.584288052373159
8.5938,43.0,7.559686888454012
2.5833,23.0,2.557640750670241
3.274,39.0,5.218503937007874
1.8429,18.0,4.359797297297297
1.5827,35.0,5.273838630806846
7.7197,8.0,9.0
4.025,16.0,4.90748031496063
2.0134,35.0,3.81728045325779
5.4088,27.0,4.711656441717792
2.2321,21.0,5.803191489361702
4.8894,17.0,5.634460547504026
2.0156,29.0,5.25
3.1373,52.0,4.627450980392157
4.2224,6.0,6.3992673992674
3.1923,40.0,4.3088235294117645
4.3542,34.0,5.578313253012048
5.8666,37.0,5.824561403508772
3.2188,33.0,5.664429530201343
3.8672,36.0,5.769565217391304
4.7,37.0,6.118032786885246
2.444,17.0,3.921158487530169
2.3977,52.0,4.211055276381909
2.0677,29.0,3.761410788381743
3.3125,38.0,4.531746031746032
4.6048,34.0,3.679442508710802
3.3125,29.0,4.959349593495935
2.1544,26.0,4.402409638554217
3.0119,30.0,4.048387096774194
4.025,28.0,5.933884297520661
0.7025,19.0,2.425196850393701
1.9886,17.0,3.421926910299004
3.475,11.0,5.549222797927461
6.1014,44.0,5.280104712041885
2.6576,18.0,5.304545454545455
4.5,14.0,5.227043390514631
10.1597,16.0,7.606936416184971
2.7188,32.0,5.511627906976744
2.2692,37.0,4.449013157894737
3.6736,23.0,5.556574923547401
1.8047,41.0,3.8588235294117648
6.2862,37.0,5.072463768115942
2.8868,37.0,4.784397163120567
2.7813,30.0,4.38622754491018
3.375,8.0,3.709821428571429
4.8125,37.0,5.8121546961325965
2.2981,26.0,3.65982905982906
3.6618,23.0,4.591633466135458
2.3103,47.0,4.529569892473118
2.1135,46.0,5.622920517560074
1.4464,35.0,4.231810490693739
4.6226,36.0,5.126237623762377
2.7036,24.0,3.8568665377176017
4.275,37.0,5.653846153846154
5.1068,35.0,5.534124629080119
3.0,52.0,4.181818181818182
7.9125,12.0,6.845238095238095
3.3333,45.0,4.594132029339853
4.6944,26.0,5.375438596491228
4.1302,36.0,5.869565217391305
5.6277,14.0,5.72409823484267
4.9779,23.0,4.858012170385395
1.1051,32.0,3.901129943502825
2.0469,15.0,4.826666666666667
5.0,52.0,6.059880239520958
1.9911,50.0,5.343675417661098
1.7257,18.0,3.4615384615384617
6.0224,38.0,5.1
3.8108,23.0,5.43931623931624
3.125,42.0,4.012820512820513
3.1484,52.0,5.354748603351955
3.3836,43.0,5.7414772727272725
2.4432,31.0,4.428571428571429
3.2176,27.0,5.32051282051282
3.1315,18.0,3.8207024029574863
5.5048,24.0,7.018121911037891
2.125,37.0,4.919431279620853
3.9091,34.0,5.909638554216867
2.2326,36.0,3.933712121212121
4.5486,32.0,5.525525525525525
1.625,29.0,6.65
3.475,26.0,4.96643109540636
6.1281,5.0,6.6125
4.0556,19.0,10.920529801324504
5.716,27.0,7.15625
5.078,26.0,5.922680412371134
4.3083,36.0,6.277292576419214
1.85,14.0,4.541218637992832
3.825,38.0,5.80827067669173
1.7566,25.0,7.10752688172043
7.2592,20.0,7.135294117647059
4.0313,36.0,6.330275229357798
3.8355,34.0,4.914798206278027
2.6165,33.0,4.179389312977099
5.5654,32.0,6.356037151702786
5.9094,5.0,6.5742154368108565
3.622,36.0,4.968152866242038
2.2292,45.0,4.773684210526316
3.625,52.0,5.074675324675325
5.4925,26.0,6.220159151193634
1.9612,32.0,4.343220338983051
2.8214,52.0,4.794797687861272
6.4753,8.0,7.841584158415841
4.4,25.0,7.23021582733813
5.0165,35.0,6.035714285714286
2.2462,52.0,5.692634560906516
2.5625,23.0,4.589090909090909
1.6346,18.0,5.467532467532467
1.9271,28.0,2.753623188405797
2.3456,12.0,4.866323907455013
5.2405,36.0,6.335
1.5,39.0,3.242811501597444
2.7222,40.0,4.911864406779661
4.6071,52.0,6.030188679245283
5.5179,36.0,5.142857142857143
6.4469,29.0,5.536585365853658
5.3062,16.0,6.572072072072072
3.3878,31.0,5.573281452658884
2.892,30.0,5.701357466063349
1.0313,20.0,2.4368421052631577
6.7851,45.0,6.957746478873239
4.2386,44.0,5.959488272921109
4.6167,25.0,5.777292576419214
6.3403,34.0,5.1923076923076925
5.2088,25.0,5.885304659498208
4.1719,36.0,5.353488372093024
2.3611,52.0,2.36
2.8427,27.0,3.2203098106712567
3.25,17.0,4.829351535836177
1.7727,44.0,4.377314814814815
3.0909,27.0,4.360902255639098
1.9233,41.0,3.414012738853504
1.8191,36.0,4.227665706051873
4.0893,41.0,4.805732484076433
1.9962,28.0,5.15633423180593
2.0792,35.0,3.527667984189723
7.3028,45.0,6.849180327868853
3.775,25.0,5.6
2.1866,29.0,2.633093525179856
2.6411,52.0,5.170403587443946
1.5667,15.0,6.378494623655914
3.9844,43.0,5.961988304093567
4.5395,21.0,5.866253321523472
3.0739,16.0,5.835051546391752
1.2344,52.0,5.316602316602316
13.2935,27.0,7.607142857142857
2.8036,24.0,4.399759903961584
2.9526,24.0,4.725085910652921
5.0126,16.0,5.9144385026737964
3.8333,36.0,5.644314868804665
5.0102,25.0,5.892580287929126
1.8289,29.0,4.343675417661098
3.8984,30.0,4.390702274975272
4.9107,19.0,5.58
1.4028,37.0,4.596153846153846
5.2898,25.0,6.722007722007722
3.5139,14.0,5.569832402234637
2.5658,29.0,3.422993492407809
4.5721,22.0,4.563139931740614
4.4529,10.0,6.006167400881057
2.8466,29.0,4.928571428571429
4.0521,35.0,5.753138075313808
3.1603,14.0,3.855828220858896
3.875,44.0,5.691441441441442
3.7667,27.0,7.305555555555555
3.9519,17.0,4.510128913443831
3.6648,34.0,4.297539149888143
3.8456,35.0,5.461346633416459
6.3735,8.0,5.339130434782609
2.7411,27.0,4.402366863905326
6.3489,13.0,5.795527156549521
1.9219,31.0,3.871401151631478
4.4318,36.0,5.721014492753623
4.2125,16.0,5.820253164556962
5.021,23.0,5.4485981308411215
5.0086,36.0,5.101190476190476
10.7058,52.0,8.433898305084746
4.6028,18.0,6.31630648330059
4.0049,37.0,5.124087591240876
3.7454,33.0,5.139689578713969
4.0708,28.0,4.6428134556574925
2.0658,29.0,3.575438596491228
9.5551,29.0,5.626865671641791
4.25,40.0,4.691747572815534
6.0609,25.0,6.582792207792208
6.2817,25.0,6.65625
3.8672,50.0,5.334801762114537
5.6986,20.0,5.677050882658359
2.1759,20.0,4.105405405405405
5.3064,15.0,6.423584905660378
3.9464,14.0,5.986970684039088
5.1054,31.0,5.622844827586207
3.275,48.0,4.5
1.1528,32.0,5.103448275862069
2.5294,37.0,4.879256965944273
2.9564,34.0,4.052048726467331
1.9479,50.0,4.82520325203252
3.2019,33.0,6.128571428571429
6.1834,16.0,8.263250883392226
2.2422,33.0,4.064080944350759
1.4301,47.0,3.26372155287818
1.1563,38.0,4.84390243902439
4.5766,34.0,4.2
4.475,5.0,5.629370629370629
4.7609,25.0,5.415143603133159
6.0,26.0,6.31063829787234
6.6355,19.0,7.210909090909091
1.9375,40.0,4.287846481876333
3.1125,29.0,4.851851851851852
6.3191,36.0,6.680327868852459
5.3946,27.0,4.941176470588236
3.3398,19.0,5.409944751381215
1.1346,17.0,1.8680738786279685
4.2188,26.0,6.534883720930233
3.9408,49.0,4.444794952681388
8.4614,18.0,5.558620689655172
4.3036,52.0,5.763333333333334
4.625,36.0,24.5
4.2792,11.0,6.409836065573771
2.4459,40.0,3.839655172413793
3.9306,24.0,6.228915662650603
4.1711,38.0,5.440116845180136
1.8103,26.0,4.0602409638554215
3.3611,46.0,5.701421800947867
2.9063,27.0,6.025125628140704
1.7451,23.0,3.6473477406679766
3.0,30.0,4.488888888888889
2.3182,24.0,5.574931880108992
6.011,9.0,7.831223628691983
1.8973,20.0,4.078544061302682
3.125,38.0,6.020408163265306
3.2806,45.0,4.30544747081712
2.8175,22.0,4.330964467005076
3.0089,40.0,5.246543778801843
2.2402,34.0,3.162618796198521
5.5942,5.0,6.715203426124197
4.2353,31.0,4.200743494423792
5.7762,45.0,5.572695035460993
1.7596,40.0,2.09375
1.8681,33.0,3.233644859813084
3.7958,33.0,5.696796338672769
3.1517,22.0,3.62991452991453
5.1785,17.0,6.16557734204793
5.451,35.0,6.024742268041237
1.4005,43.0,2.5077639751552794
3.9485,23.0,5.2182410423452765
1.2188,40.0,3.882911392405063
3.7963,22.0,5.134615384615385
3.8875,40.0,5.6103896103896105
3.4234,46.0,5.494047619047619
1.6011,52.0,3.81619937694704
1.7167,24.0,5.4
2.2619,13.0,5.099041533546326
3.1217,37.0,5.179906542056075
3.5268,23.0,4.894308943089431
2.5477,33.0,4.02037617554859
3.407,33.0,4.401854714064915
6.8654,17.0,8.433823529411764
8.7382,34.0,6.4421487603305785
6.3528,7.0,7.721739130434782
1.4856,33.0,4.626168224299065
3.0,38.0,5.175609756097561
15.0001,52.0,7.958333333333333
2.569,9.0,4.325549450549451
9.1531,25.0,5.811764705882353
6.2475,26.0,5.824561403508772
8.1564,52.0,7.702631578947368
3.0208,38.0,5.605664488017429
4.3409,11.0,5.26392572944297
3.4722,34.0,5.114457831325301
5.1765,34.0,6.784172661870503
3.8819,44.0,4.395348837209302
5.6885,17.0,6.909923664122138
3.0927,40.0,4.818181818181818
3.3047,52.0,7.936363636363636
3.0,39.0,4.628930817610063
3.2061,41.0,3.868263473053892
6.8591,52.0,7.599388379204893
4.8359,35.0,5.473015873015873
1.5957,18.0,6.327586206896552
5.8792,17.0,5.51031894934334
6.6131,17.0,7.358344113842174
5.0769,16.0,6.104609929078015
5.1733,28.0,6.519630484988452
1.9375,40.0,4.766891891891892
3.8529,12.0,5.95326278659612
5.3794,52.0,6.861016949152543
4.9091,9.0,5.243243243243243
1.8061,5.0,3.0027624309392267
5.8325,26.0,5.350140056022409
3.6031,52.0,3.702592087312415
3.2472,35.0,4.320754716981132
5.3509,52.0,5.65067178502879
3.7933,22.0,6.112860892388452
5.2297,27.0,6.156657963446476
3.2569,14.0,5.438818565400844
2.5795,42.0,3.933333333333333
4.4135,32.0,5.403846153846154
3.6369,10.0,5.646564885496184
2.1759,16.0,4.904958677685951
4.8993,34.0,5.651282051282052
4.0353,47.0,5.497797356828194
3.2359,36.0,5.065997130559541
2.2679,30.0,4.426086956521739
6.6257,39.0,5.54177897574124
1.4146,22.0,4.314285714285714
2.2377,27.0,3.3765822784810124
4.5526,28.0,5.784256559766764
3.6182,27.0,6.557142857142857
3.6375,26.0,4.933774834437086
8.3996,15.0,7.946778711484594
2.2643,52.0,2.2651757188498403
3.1094,15.0,4.40920716112532
2.8009,46.0,4.206831119544592
4.9821,13.0,6.638472032742156
2.3536,26.0,2.8265625
3.9167,52.0,5.634743875278397
2.6288,37.0,5.230061349693251
1.9167,36.0,7.506666666666667
3.788,35.0,5.714025500910747
1.9219,52.0,3.819787985865725
1.5313,29.0,5.808219178082192
3.2386,16.0,5.03
2.2454,37.0,3.353174603174604
5.2809,28.0,6.872727272727273
2.2439,18.0,7.426829268292683
5.3311,34.0,5.882911392405063
2.4956,11.0,4.960328317373461
3.4118,25.0,4.998175182481752
4.2083,32.0,6.965517241379311
6.148,17.0,7.133587786259542
5.6877,16.0,5.548993288590604
2.5172,16.0,6.150470219435737
2.8827,11.0,4.804926764314248
5.592,35.0,6.700374531835206
3.343,22.0,4.285714285714286
2.4688,38.0,4.146825396825397
4.6364,35.0,4.67910447761194
3.0707,52.0,4.92326139088729
5.8269,16.0,7.136986301369863
5.431,8.0,6.424471299093655
1.5727,26.0,2.1515711645101665
4.5913,16.0,6.338593974175036
4.9676,22.0,5.598290598290598
2.7232,12.0,7.289308176100629
4.1731,37.0,5.5625
5.9849,22.0,6.528723945094052
1.6148,16.0,4.365661861074705
4.2708,27.0,6.289544235924933
3.5265,11.0,5.285115303983228
4.3947,36.0,5.8713235294117645
6.3256,15.0,6.45981308411215
2.7072,29.0,3.2546201232032854
3.6845,41.0,3.823293172690763
1.0531,38.0,3.5411255411255413
1.5208,10.0,3.526605504587156
4.8125,22.0,4.811940298507463
3.7159,52.0,4.574829931972789
2.4444,36.0,6.154121863799283
5.6403,23.0,6.936073059360731
3.6083,15.0,4.050675675675675
1.6065,47.0,3.5303030303030303
5.152,26.0,6.209302325581396
3.6875,14.0,6.639175257731959
4.3264,10.0,5.1652892561983474
1.6757,34.0,6.540094339622642
6.2344,50.0,5.826254826254826
4.1875,38.0,4.220588235294118
1.7656,26.0,4.149367088607595
1.6528,32.0,4.544776119402985
5.1663,25.0,6.186153846153847
3.1406,41.0,5.691780821917808
3.1711,41.0,6.0945558739255015
3.8788,20.0,5.140068886337543
2.3243,27.0,6.34718826405868
6.5722,34.0,6.1943231441048034
2.9286,20.0,2.337962962962963
3.95,52.0,6.060869565217391
5.583,27.0,6.876506024096385
4.8494,5.0,6.653132250580047
5.01,19.0,6.136792452830188
3.9728,12.0,4.938574938574939
5.4459,17.0,5.88470066518847
1.4861,23.0,4.325396825396825
2.6591,24.0,5.244299674267101
2.0833,31.0,4.1825
7.5604,9.0,6.696969696969697
1.6351,23.0,4.9950248756218905
1.3333,30.0,8.571428571428571
1.4384,5.0,3.7740046838407495
3.2083,26.0,6.667953667953668
2.8654,52.0,5.342465753424658
10.5981,17.0,8.973140495867769
4.515,15.0,6.379061371841155
2.0899,21.0,4.583497053045186
3.6086,30.0,3.916083916083916
3.4817,15.0,5.6280834914611
1.7228,36.0,4.962264150943396
4.2083,44.0,4.924050632911392
5.0407,44.0,6.7293868921775895
2.8092,17.0,4.728395061728395
4.0223,34.0,4.0
4.2132,37.0,4.964285714285714
3.5388,30.0,5.050713153724248
8.039,20.0,7.432314410480349
6.3303,16.0,8.287610619469026
5.0553,2.0,6.22189349112426
1.5922,44.0,3.962121212121212
3.9489,21.0,4.753794266441822
3.6769,31.0,4.23489932885906
6.4956,33.0,6.297587131367292
5.2835,33.0,5.928057553956834
2.7115,52.0,3.741794310722101
3.5938,34.0,4.582633053221288
2.6964,24.0,3.0085836909871246
4.1458,35.0,4.674556213017752
2.4597,49.0,4.728033472803348
3.4191,52.0,4.530612244897959
4.2143,34.0,5.402810304449648
4.3288,23.0,6.065217391304348
4.375,38.0,5.40084388185654
6.0286,44.0,6.390070921985815
2.7431,14.0,4.204081632653061
5.2099,45.0,5.686274509803922
3.3846,15.0,2.930327868852459
2.6962,36.0,4.096997690531178
2.3506,50.0,4.878411910669975
4.4559,21.0,4.778645833333333
6.3066,17.0,4.714907508161045
2.1424,30.0,4.927835051546392
3.6538,25.0,5.2224576271186445
4.4231,16.0,6.098360655737705
2.1705,10.0,5.03
4.2042,52.0,3.878313253012048
2.8021,33.0,4.794561933534744
2.6827,16.0,5.93993993993994
11.4233,21.0,7.138783269961977
3.0313,17.0,5.870614035087719
2.3333,31.0,3.901960784313725
5.623,34.0,6.239754098360656
3.3906,52.0,7.385416666666667
15.0001,13.0,7.842900302114804
2.2375,19.0,4.742105263157895
8.3014,21.0,6.238137082601054
4.1293,3.0,5.221153846153846
5.778,16.0,7.413729128014842
5.1669,44.0,5.220883534136546
2.5391,33.0,4.324324324324325
5.8587,52.0,5.885922330097087
1.9,15.0,6.742574257425742
2.9449,17.0,5.624801271860095
4.7266,38.0,6.104918032786885
2.9844,36.0,3.5828571428571427
3.6201,21.0,4.666219839142091
3.6736,2.0,5.7227722772277225
3.8643,33.0,5.052536231884058
5.4847,36.0,5.735562310030395
4.1514,10.0,5.4706439393939394
3.9444,45.0,4.087412587412588
2.7083,25.0,5.613293051359516
5.3238,8.0,7.831597738768224
3.194,24.0,4.911764705882353
4.7885,36.0,5.935275080906149
5.1498,35.0,7.256130790190736
3.3622,19.0,5.479713603818616
2.1176,31.0,5.081282624906786
2.3804,37.0,6.238970588235294
1.7898,35.0,4.970394736842105
3.6343,28.0,6.861003861003861
6.1868,13.0,8.332326283987916
7.0001,26.0,6.960164835164835
3.8657,31.0,4.366433566433567
4.7969,15.0,6.63939393939394
1.3194,14.0,3.4556962025316458
4.0083,37.0,4.989655172413793
4.3636,28.0,6.138020833333333
8.248,29.0,7.072727272727272
3.6995,38.0,5.288503253796096
9.5561,27.0,8.094936708860759
4.0686,18.0,3.433333333333333
3.3802,17.0,5.756559766763848
5.653,25.0,7.043388429752066
2.5655,16.0,4.955882352941177
3.93,11.0,6.474264705882353
5.7301,26.0,6.2444444444444445
2.6899,22.0,5.400244798041616
2.0244,19.0,3.915743670886076
4.25,44.0,4.59271523178808
4.95,43.0,5.695652173913044
2.875,22.0,16.883561643835616
6.3443,39.0,5.508130081300813
4.8152,21.0,6.349072512647555
6.0857,5.0,6.208558371416701
1.0625,20.0,4.546511627906977
3.5682,10.0,6.1008746355685135
2.8237,34.0,5.203821656050955
2.625,26.0,4.908653846153846
2.5947,29.0,3.217815741305674
5.5,16.0,6.8991031390134525
2.978,41.0,4.01747572815534
5.3046,37.0,5.028801843317972
5.6511,15.0,5.226069246435845
3.3438,13.0,3.922297297297298
4.3952,12.0,5.860688550840672
2.152,35.0,3.379120879120879
1.6232,7.0,4.993464052287582
6.1498,26.0,6.276243093922652
1.9063,52.0,3.2007797270955165
1.8065,22.0,5.984848484848484
4.1518,52.0,5.546583850931677
3.7214,42.0,5.022413793103448
4.8068,46.0,5.4638783269961975
2.9853,7.0,4.472945891783567
2.0216,18.0,5.463291139240506
2.6623,32.0,5.116083916083916
6.5268,30.0,6.034246575342466
2.6818,8.0,4.649673202614379
3.9219,37.0,4.024024024024024
2.2402,25.0,5.005108556832695
2.6724,28.0,4.131656804733728
4.0781,36.0,5.605263157894737
3.7043,12.0,6.387037037037037
5.9275,37.0,5.829411764705882
1.9125,44.0,4.969230769230769
3.0503,25.0,4.041284403669724
1.7847,23.0,4.423841059602649
2.3864,30.0,5.527896995708154
2.6797,36.0,4.793791574279379
2.2094,20.0,2.1652490886998783
2.478,16.0,3.838763575605681
2.7352,46.0,3.934973637961336
4.5045,15.0,5.299120234604105
2.5707,38.0,5.511494252873563
1.3485,26.0,4.717391304347826
3.1553,17.0,5.900990099009901
4.6808,24.0,5.258479532163743
3.65,29.0,4.987854251012146
3.4899,14.0,4.29778933680104
2.3783,18.0,4.262443438914027
3.5687,36.0,4.832460732984293
3.7647,17.0,5.349248452696728
2.625,8.0,23.88888888888889
10.8634,20.0,5.903448275862069
5.5395,14.0,6.256578947368421
4.5526,10.0,5.518518518518518
6.1509,20.0,6.492307692307692
1.6607,16.0,6.7105263157894735
3.6364,16.0,4.535612535612535
6.0677,32.0,6.421824104234528
2.5,42.0,5.151515151515151
2.0769,17.0,3.941666666666667
8.1988,16.0,7.338809034907597
2.575,39.0,3.591203104786546
2.6458,41.0,4.710743801652892
5.038,13.0,5.958762886597938
3.141,21.0,5.481751824817518
2.2607,40.0,2.7309236947791167
2.1465,22.0,4.430485762144054
4.6765,45.0,5.444067796610169
7.5,14.0,7.402810304449648
2.425,18.0,5.590625
15.0001,37.0,8.761061946902656
3.9514,27.0,5.017804154302671
3.6607,23.0,6.296296296296297
3.2052,28.0,4.002869440459111
3.0,5.0,5.484725050916497
2.5885,52.0,4.842639593908629
1.8472,36.0,5.46524064171123
3.4464,5.0,6.360097323600973
2.2431,47.0,6.371165644171779
6.1624,26.0,6.507380073800738
5.2308,33.0,5.234600262123198
3.1719,8.0,6.979220779220779
1.9531,27.0,4.075675675675676
2.2429,26.0,3.4608208955223883
7.521,19.0,5.804920913884007
1.5284,31.0,2.740088105726872
2.4922,23.0,4.764705882352941
4.0313,32.0,6.104166666666667
4.2727,46.0,5.837349397590361
2.6979,19.0,4.901015228426396
2.0425,35.0,5.556306306306307
2.8025,5.0,4.947761194029851
4.6563,16.0,6.093457943925234
6.0394,16.0,6.29874213836478
7.2929,17.0,6.531120331950207
6.4092,14.0,6.528901734104046
2.3625,40.0,6.2727272727272725
2.3173,25.0,4.329824561403509
4.2143,36.0,5.677064220183486
3.5777,32.0,4.604342581423402
2.1466,31.0,3.4509283819628647
2.8106,26.0,4.1106719367588935
2.433,33.0,5.334975369458128
2.2656,23.0,6.690789473684211
2.6184,25.0,3.622950819672131
4.1397,52.0,5.474777448071217
7.2779,16.0,5.351851851851852
2.5428,31.0,5.693208430913349
3.9871,26.0,6.387218045112782
7.1736,12.0,6.289002557544757
5.136,15.0,9.466666666666669
6.7027,8.0,6.601410934744268
8.0287,11.0,8.007211538461538
4.45,37.0,5.256267409470752
2.7,43.0,4.778947368421052
3.2405,16.0,6.11377245508982
6.0689,19.0,6.7318181818181815
5.0699,25.0,5.293361884368308
2.3421,35.0,3.356299212598425
3.2115,14.0,3.36013986013986
12.2138,52.0,9.210227272727272
4.5417,33.0,5.708860759493671
3.851,10.0,4.936789449749886
4.3831,35.0,5.201183431952662
3.2229,15.0,2.953216374269006
2.475,40.0,5.6173913043478265
1.6797,38.0,4.927613941018767
8.163,10.0,6.0
6.2708,22.0,6.307692307692308
1.2656,17.0,6.466666666666667
4.121,16.0,5.308527131782946
1.735,14.0,4.599397590361446
4.7708,32.0,4.566115702479339
5.7652,18.0,6.6895874263261295
1.1705,32.0,4.792291220556745
5.3167,21.0,5.846153846153846
3.6447,36.0,6.099547511312217
4.7069,26.0,5.135693215339233
3.1908,52.0,5.0
2.3333,27.0,4.766666666666667
6.1299,18.0,4.53037037037037
3.6039,45.0,4.601217656012176
2.9479,5.0,5.564150943396227
5.7117,16.0,5.774881516587678
2.1571,48.0,6.118483412322274
2.3769,36.0,4.897155361050328
5.131,17.0,6.071104387291982
2.5326,42.0,3.930278884462152
4.0179,42.0,5.13681592039801
4.7176,35.0,6.703324808184143
4.2036,34.0,4.990675990675991
4.3229,7.0,5.623569794050344
6.0918,21.0,7.661788617886179
5.6513,26.0,7.1936339522546415
5.2497,32.0,6.629268292682927
3.0461,40.0,4.007473841554559
2.9038,43.0,5.673417721518987
3.148,22.0,5.170542635658915
4.35,21.0,5.93687707641196
3.5125,44.0,4.602605863192182
3.1875,18.0,5.0482374768089056
5.2292,52.0,6.293457943925234
4.3911,21.0,5.976027397260274
1.5372,23.0,3.760309278350515
5.2249,39.0,7.064425770308123
4.4934,34.0,6.225388601036269
5.6493,40.0,6.74438202247191
2.7386,16.0,3.367375886524823
2.3125,15.0,5.681022880215343
3.6645,16.0,6.014018691588785
2.6987,25.0,5.349295774647888
2.2907,39.0,3.297658862876254
3.3017,5.0,3.243654822335025
3.0147,15.0,15.51127819548872
10.9508,52.0,6.961389961389961
1.4279,38.0,5.15566037735849
4.35,35.0,4.714859437751004
3.765,30.0,4.181126331811264
1.6667,46.0,3.445901639344262
1.6602,31.0,3.95260663507109
1.6725,47.0,2.063858695652174
4.9904,5.0,7.843010752688172
3.7031,25.0,5.163755458515284
4.1875,14.0,4.438461538461539
5.449,16.0,6.822764227642277
3.6161,28.0,4.447552447552448
2.3173,30.0,6.115942028985507
3.5682,23.0,6.026666666666666
6.5253,24.0,7.28125
4.3164,6.0,3.353467561521253
2.1979,16.0,6.166666666666667
6.5069,4.0,6.062899786780384
5.6613,15.0,5.953051643192488
3.7437,36.0,3.7383177570093458
2.2656,15.0,4.755364806866953
4.1406,39.0,5.041284403669724
1.5319,20.0,4.521929824561403
3.2917,28.0,4.512345679012346
3.1161,21.0,5.369465648854962
3.6065,52.0,4.736964078794902
3.5125,20.0,3.6740947075208914
4.9743,19.0,5.412935323383085
1.55,17.0,5.425149700598802
3.2049,25.0,4.530254777070064
2.5,21.0,3.897810218978102
4.1597,22.0,5.678125
3.2024,43.0,4.911421911421911
2.9722,33.0,4.38288920056101
1.9556,44.0,4.975077881619938
3.25,52.0,3.681034482758621
1.9762,32.0,3.4049079754601226
4.8816,38.0,5.782352941176471
1.5875,15.0,4.422740524781341
5.0527,15.0,6.09556313993174
2.5,37.0,4.793918918918919
1.5882,50.0,4.599337748344371
2.8352,20.0,4.502688172043011
3.4018,16.0,4.619217081850533
3.4911,6.0,7.593360995850622
2.8958,21.0,7.824561403508772
5.5842,13.0,5.039426523297491
1.5565,35.0,2.056890012642225
4.665,14.0,7.4921875
2.621,28.0,4.790152403282533
2.025,52.0,8.375
5.2551,13.0,6.071428571428571
2.1078,30.0,4.759336099585062
2.05,11.0,3.571111111111111
2.6485,18.0,4.235249042145594
2.1417,12.0,4.390029325513196
2.006,25.0,5.186335403726708
5.6931,18.0,6.696594427244582
3.0234,15.0,5.319047619047619
3.3846,45.0,4.511254019292605
3.6908,23.0,7.406474820143885
7.7042,32.0,6.62753807106599
4.2614,36.0,5.690384615384615
2.2614,29.0,2.8473029045643155
2.3887,52.0,4.0879864636209815
3.1034,29.0,4.597222222222222
3.3958,12.0,5.3202416918429005
3.1222,13.0,4.231958762886598
4.725,44.0,5.969945355191257
5.1523,36.0,5.776190476190476
5.4872,7.0,6.774685222001326
3.4074,16.0,5.960251046025105
4.1458,52.0,5.354166666666667
2.6667,42.0,4.162241887905605
3.7846,41.0,4.515202702702703
2.5595,18.0,5.44206008583691
3.3009,36.0,4.371428571428571
5.8777,27.0,5.618510158013544
4.1827,30.0,4.694797687861271
2.8661,36.0,4.645468998410175
5.3403,43.0,6.020242914979757
1.6901,36.0,4.344827586206897
2.4735,43.0,5.185792349726776
4.8958,33.0,4.75
4.0,24.0,7.288043478260869
1.6112,25.0,2.435483870967742
8.1344,5.0,7.04186046511628
2.8846,49.0,3.857142857142857
3.7277,38.0,5.625766871165644
2.8893,39.0,5.01948051948052
4.5221,16.0,6.125
4.6914,7.0,6.808510638297872
2.6914,52.0,3.687058823529412
4.0385,52.0,5.053619302949062
2.7237,20.0,3.67156862745098
2.9647,11.0,5.180218446601942
2.2917,34.0,4.367857142857143
4.0362,33.0,5.100934579439253
3.7426,20.0,5.940677966101695
5.62,36.0,6.228571428571429
4.1016,4.0,4.709327548806941
2.2604,38.0,4.512345679012346
5.8838,24.0,6.623931623931624
1.7188,17.0,3.485981308411215
3.5096,33.0,4.921259842519685
3.1509,19.0,4.008556759840274
3.1875,46.0,5.360655737704918
3.815,37.0,5.783549783549783
1.9829,34.0,4.4407484407484406
2.1038,24.0,5.015945330296128
3.9185,12.0,6.625441696113074
7.0778,26.0,7.3150984682713345
1.9963,52.0,4.507352941176471
4.2644,46.0,4.756410256410256
1.8661,38.0,3.477401129943503
2.675,25.0,6.323741007194244
8.634,48.0,5.615942028985507
1.9152,44.0,2.7183811129848228
3.3456,11.0,3.895022624434389
2.084,39.0,3.6110183639399
3.4211,34.0,4.882716049382716
5.2305,34.0,6.092006033182503
5.184,35.0,6.041753653444676
3.0313,40.0,4.91919191919192
11.5706,36.0,7.68213058419244
4.5625,33.0,5.867620751341682
6.9533,44.0,7.608024691358024
2.875,37.0,4.400749063670412
2.1912,42.0,4.122093023255814
4.369,34.0,4.96875
5.2542,26.0,5.6066666666666665
5.7797,5.0,5.654320987654321
1.7743,20.0,3.961119751166408
5.5,35.0,6.60625
6.6012,6.0,7.465098039215686
6.7769,12.0,7.863247863247863
3.3375,32.0,4.053864168618267
2.5949,12.0,4.385895404120443
3.1094,33.0,4.036474164133739
5.7057,27.0,6.019108280254777
1.2917,43.0,3.831034482758621
7.7846,26.0,7.663646659116647
8.4546,46.0,8.537931034482758
7.5372,28.0,6.683297180043384
3.0125,15.0,10.168591224018476
5.2887,25.0,6.344488188976378
6.1175,16.0,7.567282321899736
1.6955,24.0,4.353383458646617
2.5875,17.0,5.381188118811881
7.6518,11.0,6.919642857142857
2.5719,35.0,5.133738601823708
5.6304,18.0,7.1689059500959695
3.6375,25.0,4.238754325259516
3.6618,36.0,4.483660130718954
4.2222,18.0,6.436314363143631
3.5083,52.0,4.047835990888383
3.0444,36.0,4.559748427672956
3.9352,44.0,4.603636363636364
3.3152,23.0,4.623655913978495
8.3634,14.0,7.475778546712803
3.3906,36.0,5.0785340314136125
4.5769,35.0,5.711267605633803
5.9199,25.0,5.786666666666667
3.9097,41.0,5.010309278350515
5.3106,27.0,5.375722543352601
5.0077,35.0,5.346666666666667
4.22,33.0,6.278688524590164
4.4038,33.0,5.975929978118162
3.1002,21.0,3.4190672153635115
3.375,13.0,7.25
5.2816,36.0,5.965174129353234
2.1182,40.0,3.7936507936507935
2.9519,43.0,4.189655172413793
2.0324,35.0,4.216666666666667
3.5769,41.0,4.94
4.0833,42.0,5.1078838174273855
4.1307,36.0,5.486725663716814
4.675,33.0,6.360153256704981
4.6641,29.0,6.011965811965812
4.9485,32.0,6.167192429022082
2.0172,52.0,2.540983606557377
2.535,43.0,4.861538461538461
2.4828,25.0,4.085653104925053
2.8173,21.0,5.524064171122995
3.0526,37.0,4.068459657701712
6.7546,36.0,7.154471544715447
0.9675,36.0,4.7477203647416415
4.2743,28.0,6.077338129496403
4.511,22.0,5.631067961165049
3.75,32.0,5.84070796460177
5.0346,2.0,8.813167259786477
2.5141,19.0,5.084745762711864
4.53,22.0,5.181194906953967
1.8125,23.0,4.899721448467966
4.1974,44.0,5.3541147132169575
3.2303,13.0,3.664351851851852
5.6674,11.0,6.196969696969697
2.0694,18.0,6.889855072463768
2.6818,37.0,3.565610859728507
0.9563,52.0,1.7845303867403317
3.2963,52.0,5.223958333333333
2.325,35.0,6.908355795148248
5.0357,45.0,4.870619946091645
2.8493,36.0,5.853018372703412
3.9338,36.0,4.9125
3.3523,25.0,4.997245179063361
4.2386,34.0,6.072
5.318,27.0,6.32156862745098
4.3315,17.0,6.046511627906977
2.3833,52.0,4.638132295719845
10.1154,5.0,8.093425605536332
3.0509,30.0,5.598130841121495
1.4833,23.0,4.799307958477509
1.6047,10.0,4.8669950738916254
2.8351,45.0,4.780392156862745
2.8102,13.0,5.693548387096774
2.1776,42.0,4.233160621761658
3.8,36.0,5.403225806451613
7.3003,19.0,7.9616
3.6118,24.0,7.536796536796537
5.0875,26.0,6.07168458781362
2.57,52.0,4.202185792349726
4.4097,34.0,6.37888198757764
4.1587,32.0,5.58080808080808
1.4063,22.0,4.173277661795408
4.8542,36.0,4.365979381443299
4.7193,4.0,5.664495114006515
3.3269,52.0,4.61003861003861
3.375,15.0,5.342657342657343
5.6864,21.0,7.677777777777778
4.5744,52.0,5.429245283018868
1.6579,32.0,5.4491525423728815
3.4402,40.0,4.60381861575179
2.655,36.0,4.854477611940299
3.3153,36.0,6.100671140939597
2.9886,21.0,5.097130242825607
6.065,5.0,5.626865671641791
4.4896,31.0,4.52542372881356
3.05,34.0,4.499207606973059
1.7935,20.0,5.628571428571429
2.6154,31.0,3.613924050632912
2.734,26.0,4.2207920792079205
0.8056,48.0,4.382530120481928
4.7118,24.0,5.212809917355372
3.25,39.0,4.503205128205129
2.3333,44.0,4.689102564102564
5.5105,26.0,6.7053941908713695
3.2404,36.0,4.955882352941177
1.6477,32.0,3.7478991596638656
10.4835,30.0,7.618556701030927
3.3984,36.0,5.739130434782608
4.2667,32.0,3.6330150068212825
3.0156,37.0,4.818740399385561
2.5625,52.0,5.381642512077295
1.8839,32.0,11.572519083969466
5.4635,37.0,5.8108108108108105
3.9167,34.0,5.85140562248996
2.9583,23.0,7.121951219512195
3.6667,31.0,5.581056466302368
0.9365,28.0,3.043887147335423
1.5625,5.0,2.577181208053691
2.8594,48.0,5.307339449541284
1.8633,17.0,4.514851485148514
3.6583,44.0,5.534328358208955
3.8589,16.0,5.267605633802817
4.0121,19.0,4.951596292481978
4.4033,15.0,6.885207100591716
4.2656,52.0,4.841463414634147
2.5272,5.0,6.080049261083744
3.5256,39.0,3.073529411764706
3.6148,46.0,4.252252252252252
1.6116,52.0,3.70625
5.8948,52.0,7.740088105726873
7.1687,22.0,7.615720524017467
3.3906,52.0,5.583798882681564
2.1591,52.0,6.122137404580153
3.375,33.0,3.732456140350877
4.1993,23.0,6.069252077562327
9.6062,18.0,8.304878048780488
2.037,28.0,5.418269230769231
4.1316,20.0,5.621776504297994
3.1083,40.0,4.765676567656766
1.7935,29.0,3.745398773006135
2.6487,13.0,5.072538860103627
2.65,10.0,6.805343511450381
3.7734,36.0,5.82258064516129
3.7381,34.0,4.883495145631068
1.0486,31.0,5.974522292993631
2.6998,25.0,3.7767052767052767
3.125,34.0,4.923076923076923
4.5833,27.0,6.080321285140562
3.0938,35.0,5.597911227154047
2.7083,45.0,4.678571428571429
6.2976,52.0,7.604010025062656
2.6146,43.0,5.634408602150538
1.5026,38.0,3.1928166351606806
4.6629,25.0,3.7454545454545456
4.2829,30.0,4.186813186813187
5.8143,45.0,5.17490494296578
3.7,32.0,4.961651917404129
5.1645,26.0,5.48
2.5875,24.0,9.77578475336323
4.6053,6.0,6.132550335570469
2.4632,24.0,2.7470389170896783
3.0221,38.0,4.497584541062802
2.1979,41.0,3.975378787878788
5.7578,20.0,6.630366492146597
4.3661,35.0,5.797665369649805
5.8221,36.0,5.7913669064748206
1.9464,32.0,3.0753424657534247
0.8804,36.0,2.713235294117647
1.1929,26.0,3.702586206896552
1.7225,50.0,3.6004098360655736
3.02,9.0,4.126811594202898
5.0887,46.0,5.797114517583409
3.0682,39.0,4.316810344827586
3.7067,18.0,4.886486486486486
1.9875,30.0,5.005763688760807
1.5908,26.0,4.2087765957446805
2.3,52.0,3.5942028985507246
1.6033,44.0,4.951289398280802
3.8187,20.0,5.099173553719008
2.9792,49.0,4.113553113553113
2.7778,32.0,6.985074626865671
2.1153,18.0,4.280898876404494
4.0965,23.0,4.596984924623116
2.6629,33.0,4.9529085872576175
1.8933,18.0,5.851063829787234
3.1964,29.0,3.977900552486188
3.3598,34.0,5.087947882736156
2.5938,39.0,5.788079470198675
3.4005,34.0,5.099773242630386
4.0096,35.0,5.4366925064599485
2.6123,37.0,4.17936507936508
1.4952,42.0,5.00990099009901
3.5352,17.0,6.228540772532189
1.7344,24.0,3.298342541436464
2.0329,30.0,3.9058380414312617
2.9469,4.0,4.297247706422018
2.7039,34.0,6.780254777070064
4.0524,13.0,4.074949358541526
4.1771,44.0,4.920720720720721
4.2222,28.0,6.304477611940299
1.69,31.0,5.290322580645161
3.3452,23.0,5.573359073359073
1.4024,26.0,4.332236842105263
1.6767,30.0,4.087947882736156
5.5845,26.0,5.495356037151703
4.9589,12.0,5.918275418275418
5.4299,26.0,6.172413793103448
6.3131,17.0,5.293948126801153
2.1845,36.0,4.8121546961325965
2.197,30.0,5.104938271604938
6.0553,29.0,6.218274111675127
7.0177,17.0,6.405693950177936
2.6312,28.0,4.169312169312169
3.9219,24.0,5.483928571428572
2.2905,11.0,4.621589561091341
3.9792,3.0,7.235448577680525
2.4196,52.0,3.936619718309859
4.8554,11.0,6.4902763561924255
4.5938,33.0,0.8888888888888888
4.6912,50.0,4.87984496124031
3.7188,34.0,5.285302593659942
4.2981,52.0,6.329113924050633
0.4999,52.0,2.870967741935484
2.1357,28.0,3.339563862928349
3.1667,36.0,5.267175572519084
4.375,16.0,4.908564814814815
6.2984,18.0,6.022801302931596
2.6864,30.0,7.15445321307779
4.8355,17.0,5.346153846153846
3.3438,18.0,5.622596153846154
3.0225,30.0,3.801857585139319
3.9792,22.0,5.855203619909502
2.2381,35.0,4.180811808118081
2.3967,43.0,4.932059447983015
1.8495,23.0,2.1724941724941726
5.02,26.0,6.672727272727273
1.6833,18.0,4.6
7.355,11.0,7.248670212765957
5.4248,15.0,5.29277566539924
4.2679,14.0,6.392592592592592
4.51,9.0,5.736216216216216
2.213,22.0,4.358178053830228
10.7937,29.0,7.471786833855799
5.1312,39.0,4.985074626865671
1.5163,43.0,3.314002828854314
3.0703,16.0,5.710651828298887
2.0,37.0,4.874239350912779
2.6302,33.0,6.071428571428571
5.7385,28.0,5.538775510204082
2.4234,32.0,5.0543657331136735
2.1776,46.0,3.97737556561086
3.1625,24.0,6.572972972972973
2.706,19.0,4.877551020408164
3.9583,7.0,4.7421602787456445
2.9821,35.0,5.57089552238806
3.9036,11.0,6.155263157894737
2.1838,27.0,9.05511811023622
8.203,21.0,7.595463137996219
3.9825,22.0,5.2611940298507465
5.7143,40.0,6.102409638554217
7.0897,52.0,6.876237623762377
3.3287,29.0,4.549295774647887
2.2045,41.0,5.122222222222222
3.609,50.0,4.787878787878788
1.95,50.0,4.814814814814815
8.4952,16.0,6.89044289044289
3.4394,12.0,9.799209486166008
4.0268,36.0,5.084778420038536
2.2254,40.0,3.3452188006482984
5.5762,17.0,10.359649122807015
5.3307,16.0,6.005353319057816
3.6231,15.0,4.366741573033708
2.8929,36.0,4.184549356223176
6.8729,8.0,14.70673076923077
4.4792,15.0,4.981627296587926
2.8393,34.0,4.782352941176471
2.8194,45.0,4.411522633744856
5.7251,28.0,5.948387096774193
2.4375,15.0,4.851926977687627
1.9657,20.0,4.852292020373515
3.6895,14.0,5.316441441441442
1.6009,39.0,5.12183908045977
1.47,36.0,4.377777777777778
13.3036,50.0,7.660766961651918
2.75,49.0,3.647840531561462
2.5238,22.0,4.6184
3.5255,21.0,5.694581280788177
5.0393,45.0,6.229461756373937
3.4583,52.0,4.421568627450981
3.9485,35.0,6.271794871794872
3.6639,25.0,5.126482213438735
2.4054,38.0,6.100719424460432
1.8523,48.0,4.4789029535864975
3.4896,28.0,5.213414634146342
2.5574,32.0,5.830927835051546
2.178,17.0,5.111301369863014
3.0208,52.0,5.108108108108108
4.3816,28.0,4.87146529562982
2.2292,5.0,4.579778830963665
2.125,32.0,5.814338235294118
8.1325,24.0,7.292020373514431
5.0311,14.0,5.872817955112219
2.8977,35.0,4.622377622377623
5.5,28.0,4.509803921568627
4.9432,10.0,6.89873417721519
5.6762,16.0,6.833119383825418
3.6995,13.0,4.94212962962963
3.1281,19.0,5.428
5.0866,35.0,5.55984555984556
6.227,45.0,5.650273224043716
3.7132,15.0,5.1907790143084265
3.3266,28.0,3.5210199862164027
3.8068,29.0,4.45578231292517
4.3148,25.0,5.310107948969578
2.6979,17.0,4.983310152990264
2.6573,45.0,4.078947368421052
2.1487,44.0,4.944444444444445
2.8102,17.0,5.560581583198708
4.525,30.0,5.184049079754601
4.5382,39.0,4.972560975609756
3.2375,39.0,5.453416149068323
3.7734,48.0,5.300829875518672
2.8229,16.0,4.700389105058366
4.875,16.0,6.472
4.2421,43.0,5.8355263157894735
5.5,33.0,5.556768558951965
5.2586,17.0,6.945035460992908
9.8321,17.0,7.770609318996415
3.5536,52.0,4.116959064327485
3.625,36.0,5.108527131782946
3.3514,27.0,4.837606837606837
2.8139,15.0,5.571932299012694
2.3636,39.0,3.9933993399339935
5.22,18.0,5.967583497053045
3.5568,52.0,6.090909090909091
3.3462,34.0,3.9502762430939216
1.9875,52.0,3.1875
1.1917,29.0,5.149532710280374
8.8619,41.0,6.12396694214876
2.3851,44.0,4.346590909090909
3.6989,32.0,5.192037470725995
1.822,41.0,5.608225108225108
4.7656,25.0,5.842565597667639
5.3671,16.0,7.047808764940239
5.125,36.0,5.419607843137255
9.3959,52.0,7.512096774193548
2.8679,44.0,4.951554591467824
2.8942,16.0,6.160493827160494
2.765,13.0,4.490074441687345
3.8929,52.0,4.730120481927711
1.5449,17.0,4.5315985130111525
7.139,34.0,7.094
6.9081,18.0,8.207671957671957
1.1944,44.0,5.046511627906977
5.0596,38.0,5.376413570274637
5.3267,6.0,6.663677130044843
3.3816,36.0,4.76158940397351
4.05,35.0,4.074742268041237
2.6641,24.0,3.7514188422247448
3.4375,22.0,6.0
5.4155,5.0,7.117942283563362
2.3571,52.0,6.008130081300813
3.9762,14.0,5.796803652968037
2.3724,27.0,3.228464419475656
3.1025,28.0,4.854460093896714
5.0092,17.0,6.117004680187208
4.2061,14.0,6.2421875
2.4609,23.0,4.344
4.0473,36.0,5.223367697594502
1.3343,22.0,3.685584562996594
1.223,30.0,4.02076124567474
1.608,34.0,4.295819935691318
3.7262,36.0,5.01423487544484
2.3929,46.0,4.454081632653061
3.506,24.0,4.533333333333333
4.7083,34.0,5.926691729323308
3.0086,27.0,5.254424778761062
6.0235,37.0,5.7150735294117645
4.1118,35.0,6.208333333333333
2.7466,43.0,3.6666666666666665
2.6587,26.0,5.930921052631579
2.4053,17.0,5.477022058823529
2.2925,44.0,4.669329073482428
8.3608,10.0,7.994490358126722
8.9172,34.0,7.107784431137724
3.1319,27.0,5.477157360406092
5.0863,37.0,5.7680921052631575
2.4211,20.0,3.844544095665172
3.375,34.0,11.384615384615383
4.0495,12.0,5.214780600461894
10.129,44.0,7.461538461538462
4.35,44.0,5.17948717948718
2.75,41.0,4.017441860465116
5.237,32.0,6.187817258883249
1.1301,14.0,4.278409090909091
5.1701,37.0,5.598870056497175
1.7805,32.0,4.199831365935919
3.8542,5.0,3.8246187363834414
4.0391,33.0,5.196141479099678
1.1136,18.0,4.430232558139535
5.543,34.0,6.175496688741722
5.1738,36.0,5.989711934156379
2.625,32.0,4.135860979462875
5.3366,4.0,6.083687943262412
0.9914,10.0,3.637450199203187
5.0473,5.0,5.371508379888268
4.875,22.0,5.158986175115207
1.8269,32.0,4.445544554455446
3.175,20.0,4.774590163934426
1.8913,43.0,5.498637602179836
10.0549,44.0,7.083665338645418
2.4375,23.0,4.947368421052632
4.0631,9.0,5.677859391395593
1.6724,33.0,4.095959595959596
2.9309,29.0,4.495388669301713
2.2604,17.0,6.016
3.5288,42.0,5.31960049937578
2.4861,15.0,5.467924528301887
1.5909,44.0,2.7336244541484715
1.5479,31.0,4.14785373608903
2.0775,44.0,3.053156146179402
4.4004,24.0,5.706373292867982
3.7153,16.0,3.2144578313253014
9.7796,20.0,6.678082191780822
4.9323,34.0,5.545045045045045
3.8472,52.0,4.916666666666667
3.7454,52.0,4.60377358490566
8.8666,25.0,6.981132075471698
3.5781,35.0,6.246246246246246
4.8594,38.0,6.363636363636363
3.4186,6.0,5.66256157635468
2.0,44.0,5.053333333333334
3.7066,32.0,4.279627163781624
4.5648,36.0,4.864468864468864
3.3703,16.0,4.396854204476709
3.4091,14.0,3.906914893617021
4.7245,13.0,4.540295119182747
2.918,39.0,3.891737891737892
5.244,35.0,5.488970588235294
4.4423,37.0,5.684350132625995
2.5181,12.0,5.283815480844409
2.975,43.0,4.111111111111111
4.875,28.0,6.5513918629550325
1.9805,16.0,3.977301387137453
3.4543,12.0,4.801041666666666
5.3157,16.0,6.590551181102362
1.625,48.0,2.31055900621118
4.875,31.0,4.104602510460251
4.6833,17.0,5.235831809872029
3.2388,20.0,4.137791286727457
3.6719,52.0,5.465753424657534
4.8409,31.0,4.675585284280936
2.6149,10.0,5.599269183922046
3.4009,22.0,6.2148337595907925
4.3819,25.0,4.996638655462185
3.4028,17.0,5.938704028021016
2.4511,37.0,4.992957746478873
3.9727,33.0,4.531972789115646
3.5288,11.0,5.016260162601626
0.8928,52.0,4.442953020134228
3.209,14.0,7.239942528735632
2.1964,44.0,4.033333333333333
3.875,23.0,50.83783783783784
5.1002,30.0,5.50199203187251
5.0201,31.0,5.042553191489362
3.6667,3.0,3.104575163398693
2.6641,31.0,5.035714285714286
3.7821,5.0,5.505763688760807
5.1643,10.0,5.0757162346521145
3.2794,42.0,5.591760299625468
2.7829,24.0,4.204678362573099
4.875,5.0,7.101721439749609
5.3006,9.0,7.329596412556054
5.1824,32.0,5.641148325358851
1.3676,26.0,5.104895104895105
2.1987,30.0,24.024193548387096
3.8261,52.0,4.808510638297872
3.3693,30.0,5.471092077087794
5.4533,33.0,5.837628865979381
4.9375,15.0,5.888213851761847
5.3374,2.0,6.0
3.8125,19.0,4.7554945054945055
6.4288,46.0,6.774683544303797
1.1601,43.0,4.688888888888889
5.8127,34.0,5.424
4.542,12.0,5.7810690423162585
4.8409,29.0,5.105809128630705
3.5179,36.0,6.339195979899498
4.6964,31.0,6.316770186335404
4.6827,19.0,5.103286384976526
2.8462,35.0,3.454761904761905
3.0278,15.0,5.333333333333333
3.3929,31.0,6.951704545454546
3.3636,37.0,4.29242819843342
2.9145,21.0,6.498771498771498
3.2756,21.0,3.963163064833006
2.1287,13.0,3.875565610859729
3.2125,46.0,5.008746355685132
2.6801,12.0,4.378486055776892
3.0902,26.0,4.168042010502625
7.3982,14.0,7.194915254237288
3.2898,49.0,4.293216630196937
3.7167,46.0,4.699822380106572
10.5793,16.0,7.75
3.6204,18.0,6.182608695652174
3.5227,8.0,6.779245283018868
1.5727,16.0,3.8046875
3.25,45.0,4.800595238095238
2.7279,34.0,3.404063205417607
3.2383,18.0,4.4557926829268295
3.1576,47.0,5.333333333333333
2.5025,38.0,4.708971553610503
6.7805,27.0,7.913934426229508
3.5848,18.0,4.487804878048781
3.6516,20.0,5.757225433526012
4.1667,12.0,6.74171270718232
3.4531,52.0,4.203007518796992
5.7416,25.0,7.154285714285714
2.9881,28.0,4.346055979643766
8.9248,37.0,6.463087248322148
2.707,38.0,4.270588235294118
7.5385,37.0,6.666666666666667
6.1089,38.0,6.8
2.0134,23.0,4.046153846153846
3.5055,47.0,5.273612463485882
5.0635,16.0,6.573816155988858
2.4741,8.0,3.447460595446585
2.181,52.0,3.68870523415978
6.7785,19.0,7.801052631578948
3.3427,16.0,3.748995983935743
2.5,37.0,3.066518847006652
4.175,14.0,5.604698672114402
3.3491,39.0,3.675675675675676
5.5312,27.0,5.623376623376624
1.6023,35.0,6.323529411764706
4.4211,41.0,5.656903765690377
2.6563,30.0,5.223175965665236
2.3879,14.0,3.980477223427332
3.6429,26.0,5.836111111111111
4.002,5.0,5.32306477093207
3.1528,21.0,6.104838709677419
2.3903,52.0,4.466302367941712
5.388,26.0,5.772277227722772
2.7353,17.0,5.348148148148148
4.6389,38.0,6.313609467455621
2.5792,16.0,4.9147058823529415
4.6406,45.0,5.270029673590504
2.7694,32.0,4.473007712082262
1.695,39.0,2.4695121951219514
5.0832,29.0,6.045918367346939
1.8971,41.0,5.261333333333333
6.0,22.0,4.88425925925926
2.1111,14.0,5.253763440860215
6.828,36.0,6.109375
5.7965,27.0,6.2160714285714285
6.6833,25.0,6.870967741935484
4.0982,11.0,5.7898550724637685
12.0933,10.0,8.179012345679013
4.6447,34.0,5.32425068119891
2.1354,29.0,5.096085409252669
4.1615,28.0,4.473087818696884
3.8796,32.0,5.76510067114094
2.761,42.0,3.1387900355871885
10.586,52.0,8.508982035928144
2.5985,34.0,4.110157367668097
6.155,16.0,6.998316498316498
1.2098,38.0,4.410638297872341
2.4896,33.0,5.711864406779661
4.5208,10.0,6.233243967828418
6.359,32.0,6.627329192546584
6.1395,3.0,5.72522159548751
4.2589,20.0,5.06140350877193
2.7303,22.0,6.388513513513513
3.1968,39.0,5.068965517241379
2.5639,47.0,5.233031674208145
2.5833,19.0,4.309153713298791
4.4628,26.0,6.059561128526646
1.2962,52.0,3.659090909090909
2.3269,35.0,4.614754098360656
4.9968,35.0,6.1562115621156215
4.2188,20.0,4.552878179384203
2.319,41.0,5.366265060240964
2.3971,17.0,4.654867256637168
3.0313,43.0,6.35
4.4583,30.0,5.784070796460177
3.1507,6.0,4.838483146067416
1.8417,33.0,3.7804878048780486
4.1429,39.0,4.732793522267206
5.0672,14.0,7.075664621676892
2.7183,48.0,3.9053803339517614
4.1279,17.0,5.001253132832081
4.9531,47.0,5.884097035040432
2.4429,52.0,3.607883817427386
2.3584,15.0,3.629348513598988
3.2596,25.0,5.227926078028747
2.3716,52.0,3.9415730337078654
4.6875,28.0,5.99738219895288
4.5739,35.0,6.01010101010101
2.5385,33.0,3.0518672199170123
6.0176,36.0,5.808962264150943
3.5588,50.0,5.177458033573141
7.1148,28.0,6.829971181556196
4.317,29.0,5.408108108108108
2.6997,52.0,4.062745098039216
15.0001,36.0,7.549090909090909
3.5323,34.0,5.762903225806451
3.5417,17.0,6.150943396226415
2.1935,52.0,4.040697674418604
3.2396,25.0,3.501700680272109
4.4722,18.0,5.511560693641618
2.6842,11.0,5.746730083234245
6.3521,45.0,5.616438356164384
6.8075,18.0,7.454436450839329
4.5577,2.0,7.54093567251462
1.3039,22.0,4.538834951456311
4.1303,16.0,3.3026444662095984
4.0256,28.0,5.967880085653105
2.4375,41.0,3.8457300275482096
4.6667,13.0,4.937677053824363
4.6111,36.0,5.457627118644068
7.5274,37.0,7.068535825545172
4.5189,45.0,5.637010676156583
6.6536,9.0,6.961151079136691
4.0774,35.0,5.225388601036269
4.5,16.0,4.895915678524374
5.0385,27.0,5.541095890410959
6.3992,36.0,5.693333333333333
2.8229,52.0,3.6897590361445785
3.8125,43.0,6.152173913043479
4.3229,18.0,5.398601398601398
4.6424,32.0,5.834829443447037
2.6658,29.0,4.961605584642234
2.3654,34.0,5.590631364562118
4.5694,31.0,6.104925053533191
4.6333,27.0,5.177152317880795
2.5,32.0,4.4869281045751634
3.8158,43.0,4.918848167539268
3.3281,18.0,4.88539741219963
3.6875,27.0,4.887550200803213
4.817,16.0,6.332129963898917
5.422,33.0,5.253787878787879
2.7262,12.0,5.665517241379311
1.9208,39.0,3.291946308724832
2.8036,46.0,4.053333333333334
3.0859,13.0,4.497902097902098
6.1183,19.0,7.013274336283186
5.7621,9.0,6.490666666666667
2.5313,27.0,5.217391304347826
2.675,18.0,6.0263691683569975
4.4545,21.0,5.8375
2.6341,15.0,4.369281045751634
3.8583,11.0,5.186653771760155
1.6875,33.0,3.6095444685466376
3.0417,24.0,4.534090909090909
2.8438,26.0,4.6390532544378695
2.2264,33.0,4.448936170212766
5.3743,28.0,5.625954198473282
5.5255,40.0,5.0162162162162165
7.9976,52.0,7.742465753424658
4.3513,12.0,6.184840425531915
4.2891,13.0,5.906976744186046
2.2106,35.0,4.521739130434782
3.152,21.0,4.4875
3.5179,16.0,3.64765784114053
5.1437,4.0,4.96480743691899
1.3092,5.0,3.295663600525624
3.0972,31.0,5.359882005899705
2.2262,52.0,4.55379746835443
3.9375,52.0,4.688693098384729
2.6673,38.0,5.042462845010616
1.745,39.0,5.448071216617211
3.942,47.0,5.379069767441861
4.3625,29.0,6.247126436781609
1.5903,16.0,3.690763052208836
3.7262,52.0,5.631578947368421
1.6983,34.0,4.872586872586872
5.1695,36.0,6.207692307692308
5.5124,34.0,3.9156626506024095
3.2917,19.0,6.182656826568266
8.3818,13.0,7.533066132264529
3.5391,27.0,5.835260115606936
3.9612,39.0,5.3042071197411005
2.2391,35.0,5.385416666666667
7.5412,16.0,7.033333333333333
5.2396,26.0,5.737057220708447
1.7365,24.0,2.629823413996076
4.0536,26.0,3.7
3.9745,36.0,5.951827242524917
3.1115,39.0,4.328451882845188
3.9036,37.0,4.968023255813954
4.875,35.0,5.791176470588235
3.7614,37.0,3.941176470588236
9.0519,21.0,7.432291666666667
3.3125,19.0,5.126721763085399
1.6023,32.0,3.878787878787879
4.7625,13.0,5.265206812652068
7.3463,22.0,7.482439926062846
5.9055,24.0,6.470822281167108
6.2233,17.0,20.52069716775599
4.7319,35.0,4.926666666666667
3.7039,39.0,4.9070967741935485
6.0878,39.0,7.266081871345029
3.1613,36.0,4.208728652751423
3.4432,16.0,5.264084507042254
7.1035,52.0,7.269565217391304
5.6346,36.0,6.154205607476635
4.0368,36.0,4.90084985835694
2.7546,40.0,3.4215938303341904
8.468,39.0,6.081578947368421
1.6875,29.0,3.815040650406504
2.8833,19.0,6.75
4.975,16.0,56.26923076923077
4.0208,52.0,5.169683257918552
3.5187,33.0,5.072727272727272
3.8247,33.0,4.827160493827161
1.8,10.0,6.695473251028806
5.1064,16.0,4.142141863699583
6.6134,4.0,6.560728744939271
5.2848,29.0,5.452586206896552
2.1397,32.0,3.5943060498220643
3.4784,32.0,5.223880597014926
1.4821,27.0,4.230326295585413
1.7188,23.0,4.8686868686868685
2.9531,28.0,4.341753343239227
1.7031,20.0,4.895985401459854
5.5446,28.0,6.092057761732852
5.5194,18.0,7.543175487465181
2.7254,25.0,3.796597061098221
5.7524,52.0,5.794466403162056
2.5401,50.0,4.939153439153439
3.3125,49.0,4.698581560283688
1.7266,21.0,5.173652694610778
2.5797,17.0,3.486624203821656
6.7058,44.0,6.335429769392033
3.1573,12.0,4.978303747534516
5.0371,25.0,6.385656292286874
3.9231,34.0,5.209718670076726
6.1873,35.0,5.348432055749129
2.2754,23.0,5.129852744310576
2.3605,39.0,4.005012531328321
4.8,36.0,6.39622641509434
2.4053,21.0,4.945132743362832
4.5,35.0,5.450757575757576
5.0739,16.0,5.124137931034483
2.2155,31.0,4.98469387755102
2.0227,20.0,7.552486187845304
2.5,29.0,6.333333333333333
2.8462,36.0,5.671348314606742
2.625,17.0,8.0920245398773
2.8403,24.0,4.256594724220624
2.1694,33.0,4.550695825049702
5.0431,16.0,6.296296296296297
2.8289,15.0,3.3503937007874014
7.5118,11.0,7.337962962962963
6.4285,29.0,6.9495694956949565
4.1375,16.0,6.214452214452215
4.5701,5.0,5.965317919075145
2.1875,28.0,1.9729064039408868
4.3693,44.0,5.619718309859155
8.72,44.0,6.163179916317992
2.1875,13.0,5.511976047904192
2.1,19.0,3.774390243902439
2.1524,36.0,3.653120464441219
3.9698,15.0,5.394833948339484
2.2031,22.0,3.8241469816272966
2.5486,23.0,5.604081632653061
7.1273,21.0,5.856132075471698
2.7311,32.0,3.936920222634509
2.2917,37.0,4.921875
3.3482,30.0,5.680412371134021
4.3625,13.0,6.970731707317073
7.4111,52.0,6.766381766381766
2.7118,25.0,3.8410041841004174
2.639,39.0,4.034416826003824
3.5646,40.0,4.593283582089552
4.0385,12.0,4.565573770491803
2.0536,42.0,4.735632183908046
8.7172,32.0,7.693430656934306
6.6852,25.0,7.302439024390244
2.4113,23.0,4.7565445026178015
5.2174,5.0,7.306956521739131
2.3182,23.0,3.6525974025974026
4.4375,24.0,5.791304347826087
2.9222,27.0,3.6649214659685865
5.2131,5.0,4.898805340829234
3.1406,33.0,5.039634146341464
2.9386,18.0,4.895196506550218
5.5792,35.0,5.469740634005763
4.3487,29.0,5.930711610486892
5.6889,33.0,7.150313152400835
4.4167,28.0,4.282846715328467
2.0057,42.0,4.6208425720620845
3.3421,30.0,5.032119914346895
5.1515,17.0,5.183839479392625
4.8424,23.0,5.381188118811881
3.9758,48.0,4.418604651162791
3.4612,29.0,5.0109289617486334
2.6583,52.0,4.310204081632653
6.9772,17.0,7.2582236842105265
2.7305,16.0,5.298657718120805
3.7452,14.0,5.688212927756654
2.9769,43.0,5.082926829268293
10.5815,11.0,8.465671641791046
6.7694,16.0,6.28968253968254
2.6384,47.0,3.736156351791531
10.3942,39.0,8.089285714285714
5.5,30.0,6.004651162790697
2.6561,14.0,3.076837416481069
4.7361,41.0,5.352078239608802
3.7738,18.0,7.545253863134658
7.2559,20.0,7.364179104477612
3.3333,42.0,4.68976897689769
10.0481,30.0,8.061728395061728
1.0625,32.0,3.557077625570776
1.3929,33.0,3.657458563535912
3.1146,36.0,4.091047040971168
2.4464,42.0,3.770114942528736
4.6629,12.0,6.82798459563543
3.102,11.0,6.468421052631579
4.5562,17.0,6.237218813905931
4.075,18.0,5.733749349973999
1.5078,36.0,4.544529262086514
2.3159,13.0,4.127406049495876
3.9408,46.0,4.695945945945946
5.457,13.0,4.716332378223496
4.5568,36.0,5.750561797752809
4.049,19.0,6.121731289449955
7.7785,13.0,7.96969696969697
2.2277,26.0,5.214797136038186
1.9698,12.0,4.286624203821656
3.75,52.0,6.081632653061225
2.2478,31.0,5.123809523809523
2.4167,27.0,3.8775
4.8167,16.0,5.072727272727272
2.3087,52.0,4.038759689922481
3.436,37.0,5.516826923076923
2.4844,35.0,5.649819494584838
4.3,41.0,5.445468509984639
2.085,9.0,4.3393258426966295
4.6389,34.0,4.736111111111111
2.8106,24.0,4.8865836791148
3.0755,32.0,4.623067776456599
4.6758,21.0,5.451063829787234
4.0651,33.0,3.781212841854935
2.7857,28.0,5.417391304347826
4.0985,43.0,5.226872246696035
1.2132,23.0,8.714285714285714
8.8062,52.0,6.932475884244373
0.8941,27.0,3.517467248908297
2.5559,29.0,4.440476190476191
2.3319,13.0,5.456121343445287
4.1218,35.0,4.943820224719101
0.9946,30.0,3.3317073170731706
4.4821,35.0,5.987931034482759
3.6607,22.0,5.744493392070485
2.5139,43.0,4.561290322580645
4.0484,11.0,5.934179222839017
2.712,21.0,16.688741721854306
3.6196,9.0,4.109215017064846
4.2619,17.0,4.593511450381679
7.0315,42.0,6.836111111111111
2.6322,10.0,4.9916142557652
3.2813,36.0,3.943127962085308
3.0809,5.0,6.126954921803128
2.8448,31.0,4.356807511737089
4.2304,17.0,5.909090909090909
2.0769,34.0,5.527777777777778
3.0859,16.0,8.181533646322379
2.3438,34.0,2.45625
2.8797,33.0,3.5779220779220777
4.1667,9.0,5.583219645293315
3.1528,43.0,5.423772609819121
2.8828,36.0,5.7
5.8322,14.0,5.689848963821566
7.736,21.0,7.0
1.8824,46.0,3.0625
2.9471,33.0,6.68
1.9583,47.0,5.906976744186046
8.3474,33.0,8.124087591240876
4.1164,52.0,5.485436893203883
3.8214,36.0,5.600823045267489
3.1458,41.0,4.481675392670157
2.1442,52.0,3.948863636363636
6.8667,24.0,7.321739130434783
4.3194,44.0,5.764069264069264
3.5295,15.0,4.567365269461078
4.125,43.0,4.934973637961336
5.3102,13.0,7.494404883011191
3.1711,52.0,5.058309037900875
5.5321,43.0,5.153766769865841
2.7621,33.0,4.745033112582782
2.5478,15.0,5.394833948339484
2.5147,38.0,4.0
4.5208,33.0,5.502808988764045
2.9112,19.0,3.6590296495956873
4.5375,18.0,6.757894736842105
5.5702,19.0,5.356435643564357
4.0878,22.0,4.3347921225382935
2.8385,42.0,4.514344262295082
2.1139,40.0,4.34319526627219
3.8594,10.0,5.47457627118644
7.1069,16.0,7.683636363636364
3.5795,12.0,6.857575757575757
2.2756,10.0,3.335664335664336
5.0709,33.0,6.048421052631579
5.1695,2.0,7.299228583028826
2.9619,27.0,3.961485557083906
4.75,52.0,4.771812080536913
5.9838,21.0,6.646840148698884
3.1815,19.0,4.677839851024209
3.25,28.0,5.528673835125448
2.4113,26.0,4.685649202733485
1.9535,11.0,4.613941018766756
3.6181,38.0,4.0518653321201095
5.0719,36.0,6.3247863247863245
5.1589,35.0,5.183361629881155
2.6321,21.0,4.132264529058117
5.057,46.0,5.21978021978022
3.0481,21.0,4.214501510574018
5.4787,26.0,7.068
2.2679,12.0,4.730769230769231
3.1917,14.0,6.641592920353983
3.25,20.0,4.72093023255814
3.293,31.0,4.788679245283019
3.1607,18.0,9.31496062992126
2.5268,44.0,3.8461538461538463
0.9838,36.0,5.017751479289941
4.224,43.0,5.655097613882863
5.3321,7.0,7.830524344569288
1.4946,34.0,4.340694006309148
3.375,39.0,4.352941176470588
2.6129,52.0,5.777777777777778
2.7736,20.0,7.544692737430168
4.6776,8.0,6.871635610766045
4.9792,35.0,4.905844155844156
2.4911,35.0,4.506702412868632
4.1632,9.0,6.021621621621621
2.3942,16.0,3.2981651376146788
8.111,14.0,8.791044776119403
15.0001,36.0,9.368263473053892
2.675,43.0,3.349442379182156
2.8312,16.0,4.516050878255602
2.9375,17.0,5.021396396396397
4.375,37.0,5.325714285714286
3.1923,31.0,5.348697394789579
3.5521,35.0,4.82532751091703
1.6552,32.0,4.865853658536586
5.5101,35.0,6.13968253968254
6.7093,14.0,6.281818181818182
5.4446,37.0,6.176691729323308
2.6598,50.0,4.803603603603603
2.7857,8.0,5.680733944954128
5.2909,52.0,6.051724137931035
0.8106,16.0,3.43
6.6369,4.0,5.428571428571429
1.125,26.0,3.794339622641509
6.3974,29.0,5.9934533551554825
1.9107,23.0,3.721495327102804
3.0915,31.0,4.812646370023419
1.449,30.0,4.87292817679558
2.555,36.0,5.598746081504702
1.0096,52.0,3.0
1.6767,26.0,5.720779220779221
4.0096,5.0,5.061293984108967
10.3591,33.0,7.6369426751592355
5.1775,35.0,5.875881523272215
0.4999,15.0,11.596491228070176
3.7414,29.0,6.631067961165049
2.5875,22.0,5.537735849056604
3.0,52.0,3.960416666666666
5.5228,14.0,7.104627766599598
2.131,38.0,3.208823529411765
3.0074,10.0,3.6805555555555554
3.5,7.0,3.889719626168224
4.1513,17.0,2.567901234567901
3.1842,9.0,24.9
6.1599,34.0,5.833333333333333
1.7568,49.0,3.168646080760095
3.0265,52.0,4.3743676222596966
3.1765,52.0,4.119791666666667
2.2847,41.0,3.528138528138528
5.611,36.0,5.727891156462585
1.2887,40.0,2.848987108655617
4.038,52.0,3.878832116788321
2.1524,21.0,5.548109965635739
3.35,36.0,4.285353535353536
3.4764,13.0,4.711904761904762
10.0765,3.0,7.674358974358975
4.8811,5.0,5.740473738414006
4.7216,41.0,5.796791443850268
0.7235,19.0,2.839622641509434
3.725,30.0,3.330754352030948
5.9214,35.0,5.463157894736842
1.8625,40.0,2.4220532319391634
2.1587,25.0,3.193548387096774
1.2625,40.0,4.61244019138756
4.9702,14.0,6.546933667083855
3.8125,15.0,4.590570719602978
3.0156,36.0,5.581081081081081
3.7697,13.0,5.528662420382165
6.5861,26.0,5.954206602768903
3.6742,9.0,5.8562874251497
5.1297,16.0,5.788461538461538
3.1779,16.0,4.636165577342048
3.8803,6.0,5.762492981471084
4.6898,45.0,5.03921568627451
2.0901,27.0,4.06
2.1842,47.0,5.544502617801047
8.0015,35.0,5.408163265306122
3.462,7.0,5.4436701509872245
2.4201,46.0,4.8913813459268
3.2847,17.0,3.381720430107527
3.1478,22.0,4.16583850931677
3.1012,34.0,3.692307692307693
1.9792,22.0,4.553072625698324
2.9306,48.0,5.083950617283951
2.9896,20.0,4.518134715025907
4.1047,52.0,3.935483870967742
4.419,7.0,5.496458087367178
4.3098,22.0,5.8498168498168495
3.994,30.0,5.083832335329341
4.0878,36.0,5.051798561151079
5.3886,15.0,6.945848375451264
4.9485,11.0,5.9948914431673055
2.9821,36.0,5.571428571428571
2.1746,20.0,4.711111111111111
3.625,52.0,3.973568281938326
1.27,28.0,4.672972972972973
1.9485,27.0,3.0804232804232803
7.3715,17.0,5.0060975609756095
2.0893,46.0,4.381818181818182
4.1581,22.0,6.3585118376550165
4.625,16.0,4.984375
1.6213,37.0,4.593220338983051
13.4196,33.0,8.25531914893617
5.5418,36.0,5.8474576271186445
3.6042,13.0,4.461956521739131
2.4717,37.0,4.748633879781421
3.212,31.0,5.173277661795408
4.4228,23.0,4.514239218877136
3.125,40.0,5.36
2.5663,19.0,3.9004267425320056
1.583,19.0,3.1481481481481484
6.6054,13.0,7.654368932038835
3.375,48.0,4.790836653386454
0.8012,28.0,5.283950617283951
3.4297,42.0,4.818791946308725
3.1711,39.0,5.683982683982684
2.7,14.0,4.097744360902255
3.163,26.0,4.267241379310345
3.6711,35.0,4.825882352941177
3.0806,52.0,6.193103448275863
1.4091,34.0,5.785714285714286
3.5417,38.0,3.45679012345679
4.0833,2.0,7.416666666666667
2.9485,7.0,4.880434782608695
4.1339,34.0,4.950413223140496
6.4514,16.0,7.204488778054863
3.6486,29.0,4.298245614035087
3.1326,17.0,3.833457804331591
2.6667,52.0,5.342512908777969
2.2538,7.0,3.2222222222222223
3.6346,22.0,6.052132701421801
5.4074,16.0,7.076923076923077
6.0878,26.0,5.647058823529412
2.3906,44.0,4.865573770491803
2.0159,22.0,4.145038167938932
3.5313,38.0,5.511864406779661
2.875,26.0,3.980494148244473
2.8929,50.0,5.132246376811594
5.6785,20.0,6.051640667025282
3.7031,36.0,6.27683615819209
4.0227,19.0,5.950184501845018
7.0671,11.0,7.643540669856459
6.0666,30.0,6.446064139941691
2.502,33.0,4.686274509803922
1.5223,33.0,4.722222222222222
1.7325,36.0,2.6145339652448656
4.636,33.0,5.660332541567696
3.2984,50.0,5.78169014084507
3.025,17.0,5.6390532544378695
2.5625,52.0,4.947368421052632
1.9926,37.0,4.143478260869565
3.0907,11.0,5.013986013986014
4.7109,32.0,4.508393285371703
4.119,18.0,5.843575418994414
7.9794,28.0,6.427083333333333
1.6509,17.0,6.153846153846154
3.363,17.0,5.644539614561028
3.0043,18.0,5.745424292845258
1.975,30.0,4.808917197452229
3.9167,44.0,5.443609022556391
1.6389,24.0,4.8441558441558445
4.5875,32.0,6.712418300653595
5.5085,16.0,5.461920529801325
2.0857,22.0,5.125461254612546
2.875,49.0,5.264615384615385
3.3988,48.0,4.697585768742059
4.8125,16.0,5.439461883408072
10.8758,48.0,8.50498338870432
2.4003,14.0,5.05892547660312
2.7468,14.0,6.500729927007299
3.6771,24.0,4.538461538461538
2.275,21.0,5.457489878542511
9.7956,27.0,7.988188976377953
2.9514,47.0,4.80078125
5.1282,35.0,5.543388429752066
3.8274,52.0,5.341959334565619
4.1661,31.0,5.296570898980537
3.0,51.0,3.744475138121547
3.5333,10.0,5.154434250764526
3.816,7.0,5.658705216844751
1.9667,26.0,8.25
3.1755,15.0,5.332579185520362
6.3861,38.0,5.41038961038961
4.6029,15.0,6.134020618556701
3.125,23.0,6.375796178343949
4.9464,43.0,6.216949152542373
3.2687,22.0,4.728888888888889
3.1607,28.0,3.587336244541485
5.9582,38.0,6.453441295546559
2.2278,15.0,4.618581907090465
4.6793,27.0,5.757575757575758
5.3733,8.0,8.513126491646778
8.3065,14.0,7.979977753058955
3.6111,24.0,4.550295857988166
3.8654,27.0,5.500881834215168
3.215,19.0,4.837931034482758
4.9464,26.0,5.689655172413793
7.978,5.0,7.995495495495495
6.9136,5.0,8.756906077348066
4.1042,35.0,5.001865671641791
2.9934,52.0,3.441379310344828
3.7891,33.0,5.917525773195877
6.4576,33.0,5.661327231121281
3.017,19.0,8.096666666666666
5.3749,16.0,7.783641160949868
2.95,13.0,4.515151515151516
3.0125,37.0,6.0814814814814815
5.6573,19.0,6.713080168776371
2.6523,36.0,5.689655172413793
3.1523,14.0,6.1835443037974684
3.0125,52.0,4.941780821917808
4.9375,11.0,5.574861367837339
4.7125,27.0,6.421511627906977
4.8295,10.0,5.938997821350762
4.2292,33.0,6.39375
5.3905,12.0,7.094972067039106
3.0777,23.0,4.941714285714285
10.3661,52.0,8.03370786516854
2.4123,24.0,4.686006825938566
4.233,35.0,6.125
3.6731,16.0,3.96635262449529
2.2813,29.0,4.476340694006309
5.3991,29.0,6.380281690140845
2.2024,29.0,5.271341463414634
4.0132,5.0,26.51141552511416
3.6625,35.0,4.8986175115207375
3.8156,13.0,6.522340425531915
2.7679,39.0,6.103448275862069
5.7951,24.0,6.63575042158516
3.8125,37.0,3.942196531791907
2.4932,35.0,3.7172312223858617
1.3023,17.0,5.26463700234192
5.485,33.0,5.057823129251701
4.6127,30.0,5.715919923736892
2.6406,32.0,3.8786610878661087
3.9792,15.0,3.0072992700729926
2.1714,46.0,3.235135135135135
4.3958,52.0,2.117647058823529
2.9821,46.0,4.398963730569948
5.1529,32.0,6.337477797513322
1.7641,38.0,2.423212192262602
3.4306,35.0,4.966292134831461
3.125,19.0,6.517667844522968
5.0445,37.0,6.27319587628866
2.8281,20.0,6.1
3.9323,5.0,6.017738359201774
2.1667,23.0,4.023588879528222
3.5735,16.0,5.080419580419581
6.0604,20.0,6.219409282700422
3.6619,31.0,4.63728323699422
2.2577,26.0,3.5850673194614444
4.0833,49.0,5.603104212860311
3.7464,29.0,4.906832298136646
3.495,49.0,4.143176733780761
4.3111,3.0,7.219685039370079
6.1228,17.0,6.665079365079365
3.0043,24.0,16.793296089385475
4.6302,19.0,6.725124378109452
3.4205,36.0,5.735384615384615
3.5938,35.0,5.951742627345845
2.0817,41.0,2.2724137931034485
4.6534,24.0,6.596685082872928
3.4219,32.0,5.228228228228228
3.1167,20.0,4.52720207253886
2.4833,22.0,3.8443579766536966
3.724,38.0,4.480286738351254
2.2348,33.0,3.6658259773013873
2.7372,52.0,4.443804034582133
5.6402,52.0,6.214285714285714
4.1,2.0,14.36
3.9667,27.0,5.793002915451895
5.2536,13.0,6.35064935064935
3.05,17.0,5.493449781659389
6.3624,30.0,5.615384615384615
3.0139,39.0,5.175732217573222
6.7172,3.0,11.287383177570094
2.3359,40.0,4.47976011994003
3.6083,16.0,5.720486111111111
3.7538,4.0,5.251325556733828
3.7366,20.0,5.321944809461235
3.5,16.0,9.308383233532934
3.1042,19.0,3.3897435897435897
4.1607,52.0,4.683363148479428
4.0313,35.0,3.996794871794872
3.3594,45.0,3.82312591866732
5.1071,41.0,6.918128654970761
3.0882,40.0,4.394673123486683
1.303,41.0,3.729957805907173
4.0,52.0,5.269035532994923
8.058,25.0,6.815950920245399
3.2015,42.0,4.949781659388647
2.7417,16.0,4.782805429864253
4.6771,35.0,6.264845605700713
3.1111,17.0,5.690437601296597
3.5278,48.0,5.09811320754717
0.9241,17.0,2.8177676537585423
2.5446,13.0,4.118918918918919
5.1509,42.0,5.911575562700965
2.6375,19.0,3.4441717791411044
6.9021,33.0,5.520775623268698
1.7238,33.0,1.9268774703557312
4.9087,32.0,4.320137693631669
5.3525,15.0,6.684989429175476
5.0603,26.0,6.304
2.6964,21.0,4.660377358490566
3.0187,16.0,5.796791443850268
5.3561,29.0,5.337349397590361
2.6667,44.0,4.541284403669724
2.6055,42.0,5.054744525547445
7.6473,17.0,7.891764705882353
3.875,45.0,4.595155709342561
2.8958,10.0,3.5535714285714284
4.7031,43.0,3.891050583657588
2.2417,48.0,5.048484848484849
2.8042,26.0,4.017982017982018
3.4453,37.0,4.834666666666666
4.0579,5.0,4.876513317191283
4.2206,29.0,6.639204545454546
4.1477,38.0,5.530373831775701
5.8747,17.0,6.493421052631579
3.292,28.0,4.444891980959356
4.6852,34.0,5.332599118942731
2.4848,35.0,4.760416666666667
3.7413,24.0,5.555555555555555
3.6128,10.0,3.832352941176471
2.0398,49.0,4.253012048192771
5.7201,8.0,7.867768595041323
3.6811,34.0,4.916158536585366
1.6776,32.0,3.821739130434784
2.0192,18.0,3.396166134185304
7.203,19.0,7.205056179775281
2.9072,8.0,5.389845094664372
2.3942,38.0,3.075
4.2564,25.0,5.592105263157895
3.6563,17.0,5.901408450704225
6.5515,18.0,6.552117263843648
6.0132,23.0,6.815561959654179
4.7071,27.0,5.163398692810458
3.0625,17.0,4.680555555555555
3.7784,32.0,5.975206611570248
2.6078,23.0,5.760299625468165
5.2017,24.0,6.21978021978022
3.7235,48.0,4.662393162393163
3.025,24.0,5.540443808160344
2.6266,23.0,4.76803118908382
1.2171,33.0,5.084033613445378
5.0639,4.0,6.467486818980668
2.5819,44.0,4.58641975308642
1.3942,38.0,3.566137566137566
4.4583,44.0,5.813513513513514
3.12,23.0,5.366492146596858
3.625,35.0,6.75
2.3333,32.0,5.816976127320955
2.825,32.0,4.784232365145228
4.8185,26.0,5.96
8.9955,39.0,6.976228209191759
1.0481,19.0,4.181818181818182
8.5325,14.0,7.973584905660378
3.4706,20.0,5.274253731343284
1.9107,13.0,6.631284916201118
2.7852,37.0,3.7540983606557377
2.3778,35.0,5.0954773869346734
1.4015,35.0,4.098591549295775
2.9875,13.0,5.006908462867012
1.9667,52.0,4.087628865979381
2.4688,21.0,5.0588235294117645
7.2354,52.0,7.11716621253406
2.4537,10.0,5.583333333333333
2.5199,16.0,3.971321695760599
3.6417,43.0,4.827651515151516
6.4588,35.0,5.586605080831409
2.6818,39.0,4.032894736842105
3.875,35.0,5.546568627450981
3.744,30.0,4.203488372093023
2.6125,26.0,5.213151927437642
3.4861,52.0,4.984419263456091
1.6111,26.0,3.6561338289962815
10.1241,34.0,7.010666666666666
2.3108,28.0,5.134357005758157
4.0833,41.0,6.598591549295775
2.0133,33.0,4.5974576271186445
1.9643,41.0,4.6066666666666665
4.3762,11.0,6.086602731764022
5.368,18.0,7.858356940509915
7.4353,7.0,7.762408462164362
4.6687,44.0,5.782016348773842
4.0125,29.0,5.720268006700167
4.1319,22.0,5.949886104783599
1.3221,30.0,5.383529411764706
3.2241,28.0,4.188376753507014
2.9821,19.0,5.278947368421052
4.6992,36.0,6.588014981273409
4.506,26.0,5.500676589986468
4.6613,32.0,5.154228855721393
4.119,52.0,5.101674641148326
2.95,35.0,4.370535714285714
3.1205,30.0,4.132530120481928
5.4284,5.0,6.176979662483773
4.2468,32.0,5.624288425047438
1.4492,29.0,3.781779661016949
4.0132,14.0,6.27327935222672
4.375,16.0,4.909090909090909
2.625,36.0,5.3355263157894735
5.345,32.0,5.135416666666667
3.2368,8.0,4.602102102102102
1.9074,37.0,4.09866220735786
2.2589,33.0,4.3264516129032256
2.0285,25.0,5.2930379746835445
3.9808,20.0,5.678688524590164
7.8031,18.0,7.1535087719298245
4.1181,36.0,4.905027932960894
3.8003,23.0,4.190885640584694
2.9,27.0,7.409836065573771
2.6368,34.0,5.769021739130435
3.8269,31.0,6.255892255892256
6.4752,42.0,5.225726141078838
3.0313,45.0,4.249329758713137
1.0769,52.0,1.2608695652173914
3.3478,42.0,5.795081967213115
1.9937,33.0,3.8792372881355934
4.6719,24.0,6.924901185770751
4.1842,34.0,7.020576131687243
1.3882,47.0,4.394190871369295
3.3333,40.0,4.668498168498169
4.9615,34.0,5.351916376306621
1.7986,32.0,3.6473429951690814
3.2326,21.0,4.506
2.1136,34.0,4.802197802197802
2.4044,36.0,5.438448566610456
3.1103,26.0,3.950777202072538
1.585,52.0,4.376021798365122
5.2798,14.0,6.355184743742551
1.8068,34.0,3.9066339066339055
3.3125,39.0,5.589506172839506
2.6445,39.0,5.113175675675675
6.435,40.0,4.361038961038961
2.2083,44.0,8.280701754385966
5.2405,21.0,6.1836945304437565
2.7109,37.0,4.292
1.9354,35.0,2.7146984470928133
4.5132,27.0,5.492505353319058
7.7116,38.0,6.535483870967742
6.7138,42.0,6.390625
4.2798,14.0,3.994520547945205
4.7727,35.0,6.0
4.1908,38.0,5.213286713286713
6.3542,8.0,6.199324324324325
15.0001,52.0,9.23728813559322
3.4861,17.0,17.3
2.35,15.0,6.337175792507205
3.2325,28.0,5.549346016646849
4.6,30.0,6.246732026143791
3.3438,16.0,5.227067669172932
2.9083,14.0,3.6482084690553744
12.7296,27.0,7.992603550295858
3.5532,36.0,4.53494623655914
2.6111,29.0,3.796078431372549
3.9844,18.0,6.131004366812227
6.3111,42.0,5.106837606837607
8.3841,35.0,6.71689497716895
11.5609,52.0,8.512968299711815
3.7171,39.0,4.7631578947368425
6.177,20.0,6.938461538461539
3.0543,23.0,4.584245076586433
5.6149,34.0,6.552699228791774
1.9647,23.0,4.093220338983051
5.9339,15.0,6.361313868613139
0.536,26.0,6.0
2.6238,25.0,3.76597836774828
2.0703,46.0,3.773413897280967
2.9286,22.0,2.8142857142857145
2.6719,28.0,3.884156729131176
2.9452,17.0,5.12933025404157
2.6937,45.0,5.060640732265446
6.2389,13.0,5.988847583643123
2.1383,30.0,4.997549019607843
3.066,37.0,4.882706766917293
1.6875,22.0,4.307332293291732
3.2727,25.0,4.395770392749244
1.6319,28.0,2.53232462173315
3.5,24.0,5.986440677966102
2.2974,32.0,4.898366606170599
5.3505,15.0,6.720316622691293
1.9531,31.0,5.071264367816092
1.7031,16.0,3.500770416024653
2.8892,42.0,4.681578947368421
4.7109,35.0,5.92
4.0,26.0,4.587234042553192
1.9597,52.0,2.839160839160839
4.3218,17.0,5.805460750853243
2.2,34.0,3.972972972972973
3.5268,33.0,4.022964509394572
1.5625,17.0,3.657142857142857
5.2923,5.0,4.363380281690141
4.9674,45.0,6.01
4.5625,16.0,5.972685887708649
2.0714,19.0,4.414201183431953
5.5501,17.0,6.662650602409639
3.0398,36.0,3.597609561752988
3.525,20.0,5.009478672985782
2.6058,26.0,5.789156626506024
1.5872,38.0,4.610526315789474
4.3309,28.0,6.820855614973262
3.1964,31.0,5.230569948186528
5.8068,20.0,6.632098765432099
1.654,17.0,3.534306569343065
3.1875,30.0,4.171487603305785
2.9292,29.0,4.505747126436781
1.7125,27.0,5.756756756756757
5.3806,17.0,7.6970610399397135
6.4265,16.0,6.909565217391305
3.6053,34.0,6.029227557411273
3.7125,28.0,6.77906976744186
1.9311,17.0,4.231437598736177
1.6691,52.0,4.307420494699647
7.7736,36.0,6.870967741935484
3.0938,32.0,4.7176470588235295
5.9177,27.0,5.53968253968254
2.4375,19.0,6.0368663594470044
2.745,35.0,4.887096774193548
5.3423,16.0,4.336088154269972
4.3533,35.0,4.9877622377622375
3.3669,23.0,5.091603053435114
3.4583,28.0,4.28125
2.3657,19.0,5.405797101449275
7.375,21.0,6.53
2.5321,37.0,4.344827586206897
3.025,22.0,4.006802721088436
3.0833,29.0,5.434108527131783
4.8,31.0,5.546875
3.5455,34.0,5.637614678899083
0.536,52.0,5.0
4.5375,18.0,8.629807692307692
3.1599,9.0,5.212361331220285
10.4519,43.0,6.899328859060403
2.9107,35.0,3.5783132530120483
1.3125,50.0,3.94
4.6324,15.0,5.173861620342993
6.2503,2.0,8.408163265306122
6.1461,26.0,7.847633136094674
6.4865,35.0,6.842105263157895
4.3158,49.0,5.478260869565218
4.0208,28.0,5.986666666666666
4.0862,19.0,6.047457627118644
5.6417,13.0,6.76
3.6849,33.0,5.529610829103215
3.4408,44.0,4.867881548974943
4.4625,37.0,5.042553191489362
3.0429,27.0,4.933184855233853
1.9119,43.0,3.3110687022900764
3.2895,26.0,4.069135802469136
2.125,21.0,5.146067415730337
2.4191,24.0,4.4227642276422765
4.1369,34.0,6.25
3.7361,48.0,5.754617414248021
3.6339,30.0,6.088646967340591
3.4509,22.0,5.63575042158516
2.6734,31.0,3.705229793977813
3.0893,22.0,4.732049036777584
3.0433,21.0,5.23208722741433
1.7813,29.0,4.648578811369509
2.1471,26.0,4.52924791086351
4.3125,52.0,6.645333333333333
2.875,35.0,4.582901554404145
3.2404,27.0,4.035984848484849
1.2904,46.0,3.081081081081081
2.9016,25.0,5.339080459770115
4.1316,15.0,28.23684210526316
0.7286,46.0,3.375451263537906
1.2281,25.0,5.503978779840849
3.3447,20.0,5.219810040705563
2.806,37.0,4.979423868312757
3.7222,30.0,5.484154929577465
4.1597,16.0,5.214592274678112
15.0001,52.0,8.907582938388625
5.7393,52.0,4.818627450980392
2.3393,19.0,3.695402298850575
2.9422,38.0,4.582048957388939
3.225,21.0,3.935483870967742
8.2961,52.0,6.588028169014085
4.5625,21.0,4.667953667953668
4.3194,43.0,6.200716845878136
4.7344,36.0,5.635627530364372
3.7841,28.0,5.413105413105413
3.1958,39.0,4.665168539325843
4.8382,52.0,5.2639593908629445
5.041,16.0,4.626614987080103
4.7422,32.0,5.865306122448979
3.7852,37.0,7.3
8.0839,16.0,7.421717171717172
3.4087,45.0,4.67948717948718
1.8681,42.0,4.377049180327869
10.0973,25.0,7.307420494699647
5.0483,35.0,4.985915492957746
1.9722,28.0,3.7413793103448274
5.5496,29.0,6.330049261083744
4.5125,50.0,5.743589743589744
3.1523,14.0,5.226685796269727
6.0192,33.0,7.046228710462287
1.9531,30.0,4.097560975609756
6.0198,16.0,7.344262295081967
3.1551,16.0,3.7899159663865545
2.1635,43.0,4.533333333333333
3.699,19.0,3.532110091743119
2.7266,45.0,4.763993948562784
4.2165,15.0,4.962085308056872
2.8839,11.0,4.591397849462366
5.0016,3.0,7.246069182389937
4.05,45.0,5.221884498480243
2.4659,52.0,5.782857142857143
4.2852,24.0,5.447928331466965
2.0294,15.0,5.573200992555831
1.9323,36.0,3.439121756487026
1.9766,28.0,2.6164154103852595
2.7708,30.0,3.619389587073609
4.2361,35.0,5.340974212034384
2.9375,33.0,3.7375
8.798,10.0,8.187074829931973
7.8407,36.0,7.274671052631579
2.5313,37.0,3.38
2.9554,52.0,5.068119891008174
1.8958,12.0,5.823529411764706
4.1071,11.0,5.813953488372093
10.2264,36.0,8.571428571428571
1.372,47.0,4.030674846625767
2.7042,38.0,4.625368731563422
1.6667,44.0,3.5064516129032257
2.0463,17.0,4.649769585253456
2.0375,41.0,4.150485436893204
3.227,18.0,3.83249581239531
2.0801,44.0,3.38989898989899
5.7368,35.0,6.2368421052631575
3.6111,44.0,4.864022662889519
3.2875,26.0,3.3381742738589213
5.3911,27.0,5.452586206896552
6.987,44.0,6.736596736596737
2.1927,27.0,4.848806366047746
2.3924,35.0,5.271428571428571
3.3906,35.0,4.88
4.9013,45.0,5.635220125786163
5.1261,20.0,6.137404580152672
2.3687,38.0,4.370967741935484
1.9727,19.0,4.956386292834891
4.2542,16.0,6.048561151079137
4.0451,27.0,5.03595206391478
1.3993,28.0,4.806709265175719
3.8846,19.0,5.659574468085107
3.117,37.0,4.87603305785124
3.7396,30.0,4.628301886792453
3.9375,32.0,5.3
4.4375,26.0,6.442724458204334
3.9833,35.0,5.13986013986014
1.6708,43.0,3.324766355140187
2.4659,17.0,9.747727272727271
3.8147,19.0,5.024813895781637
3.5521,8.0,5.292527821939586
2.9861,17.0,5.376413570274637
6.6739,45.0,5.7926829268292686
5.1752,16.0,6.04578313253012
4.1818,34.0,5.5565610859728505
4.1573,19.0,6.162629757785467
3.3654,23.0,6.375
4.4663,34.0,5.725663716814159
2.2216,19.0,4.975186104218363
5.7083,35.0,6.120689655172414
3.5455,31.0,5.084615384615384
5.2998,30.0,6.646182495344506
5.2522,16.0,6.464088397790055
2.2992,52.0,4.966587112171838
2.8493,23.0,5.090311986863711
4.9292,17.0,6.802884615384615
10.1768,36.0,6.102836879432624
2.1453,36.0,3.4863013698630136
3.8333,48.0,5.729468599033816
2.345,38.0,2.3833333333333333
5.0681,19.0,5.939655172413793
4.0341,26.0,5.162186379928316
3.5491,41.0,4.423076923076923
2.9,19.0,6.183510638297872
2.2339,45.0,4.712025316455696
2.1957,33.0,3.254368932038835
4.0,26.0,4.128440366972477
9.7066,38.0,8.75
2.0,25.0,4.0
2.5625,35.0,5.86344537815126
2.9167,26.0,5.678714859437751
1.5066,50.0,4.545691906005222
2.2768,52.0,4.953068592057762
1.7,27.0,4.2
5.2894,16.0,5.348710990502036
1.9423,21.0,4.900452488687783
2.9783,19.0,5.093514328808446
2.1477,27.0,4.968454258675079
2.1071,15.0,6.721649484536083
4.4531,16.0,5.901408450704225
4.0,16.0,4.648972602739726
4.1366,10.0,4.38388625592417
2.0278,33.0,5.458149779735683
2.4732,26.0,4.35673624288425
2.3214,48.0,4.367901234567901
3.25,32.0,5.220883534136546
3.1806,24.0,7.925925925925926
6.2498,19.0,6.428861788617886
2.5625,16.0,5.459745762711864
4.7723,9.0,5.781847133757962
6.9909,36.0,6.169590643274854
2.561,27.0,4.233862433862434
2.2542,43.0,4.554621848739496
2.2574,19.0,4.667506297229219
7.0844,11.0,7.83585313174946
2.6613,26.0,5.19
2.1136,40.0,3.5044510385756675
3.9647,12.0,5.629518072289157
4.433,34.0,4.988394584139265
4.7472,13.0,5.7862407862407865
2.2222,10.0,5.942857142857143
4.775,52.0,6.535603715170279
6.2715,16.0,6.835051546391752
4.3281,49.0,5.825622775800712
2.0577,16.0,5.765060240963855
2.5331,31.0,4.096676737160121
2.8977,19.0,5.072674418604652
1.4423,32.0,4.090753424657534
2.875,22.0,3.5733647613435475
2.7231,6.0,3.6458100558659217
2.3023,37.0,4.926952141057934
3.5446,34.0,5.233100233100233
3.0817,20.0,5.437037037037037
2.2898,42.0,4.563981042654029
4.0437,32.0,5.442583732057416
1.9375,14.0,4.888888888888889
6.3669,47.0,6.52027027027027
4.5094,12.0,4.42638036809816
4.4531,33.0,4.835978835978836
2.5542,35.0,5.8483754512635375
3.6094,52.0,5.171014492753623
2.1062,26.0,3.6942148760330578
4.0972,37.0,5.75925925925926
3.7895,52.0,5.705882352941177
3.2287,31.0,4.166666666666667
4.2917,38.0,5.191747572815534
3.049,33.0,3.171232876712329
2.0469,10.0,4.786290322580645
5.8479,25.0,6.611553784860558
6.9324,30.0,6.954106280193237
2.6823,28.0,5.427184466019417
3.9464,40.0,5.821428571428571
3.0819,32.0,5.370018975332068
3.5714,5.0,4.6938775510204085
4.0945,13.0,5.733197556008147
2.5772,37.0,4.2494623655913975
3.5387,20.0,3.937201365187714
3.8029,36.0,5.428057553956834
4.0536,36.0,6.597701149425287
1.5909,24.0,7.329787234042553
4.6875,33.0,4.239726027397261
2.0096,38.0,4.445993031358885
4.2109,9.0,8.318181818181818
1.2083,41.0,5.79245283018868
1.8929,29.0,4.474093264248705
15.0001,31.0,9.425101214574898
3.5625,27.0,4.0551378446115285
3.0179,49.0,5.052631578947368
3.5625,11.0,4.517890772128061
3.099,42.0,4.403314917127072
4.25,4.0,6.232227488151659
1.9375,35.0,4.386252045826514
2.75,52.0,3.485
4.1591,27.0,5.381834215167548
5.1463,35.0,6.257028112449799
10.6514,33.0,6.981132075471698
5.6441,18.0,6.089593383873191
3.0298,46.0,4.56
4.962,3.0,6.66350710900474
8.3837,6.0,8.063268892794376
1.5429,42.0,5.258215962441315
3.89,36.0,5.805471124620061
3.4583,52.0,4.5109289617486334
3.4306,29.0,5.7388059701492535
2.4828,17.0,5.4466177669111655
9.3845,26.0,7.92225201072386
1.2786,39.0,2.140086206896552
7.4141,20.0,7.712605042016807
2.4063,31.0,5.6
1.9867,33.0,4.215517241379311
3.6705,50.0,5.130563798219584
3.025,41.0,4.992
3.7837,14.0,4.275177304964539
3.0153,45.0,3.607744107744108
3.505,28.0,4.410755148741419
5.9619,20.0,4.907444668008048
4.226,11.0,3.718840579710145
2.1944,33.0,4.131313131313132
3.5781,33.0,6.6415094339622645
2.0694,31.0,6.090909090909091
6.2135,28.0,6.408577878103838
4.5,36.0,5.071698113207547
1.7961,52.0,3.5789473684210527
5.8418,15.0,6.831460674157303
5.0629,23.0,5.7381174277726
3.8899,52.0,4.5
4.7547,14.0,5.791438526630165
7.6917,32.0,7.179841897233201
3.22,52.0,5.956639566395664
4.0417,23.0,10.639455782312924
2.8588,14.0,3.87708830548926
1.3811,21.0,8.579212916246217
1.825,50.0,4.841463414634147
1.1985,39.0,3.879021879021879
3.5208,19.0,4.743781094527363
2.8482,39.0,4.148648648648648
6.0992,24.0,6.063636363636364
2.4917,43.0,6.700507614213198
3.0087,19.0,4.3125
2.1864,29.0,4.031626506024097
4.3783,16.0,6.028612303290415
2.9357,52.0,4.327669902912621
2.76,26.0,5.520871143375681
5.723,24.0,4.846635367762128
2.3669,50.0,3.994891443167305
5.8779,17.0,5.155979202772963
5.9771,37.0,6.088495575221239
2.9647,12.0,5.410339256865913
3.8516,37.0,5.492957746478873
3.875,52.0,4.387254901960785
5.5684,18.0,6.743099787685775
2.2578,43.0,4.059625212947189
5.3184,36.0,6.079787234042553
2.5556,42.0,5.3004587155963305
6.1935,6.0,6.275964391691395
4.8906,21.0,5.356902356902357
6.7501,34.0,6.837301587301587
5.1708,33.0,5.755813953488372
3.788,25.0,5.730841121495327
3.5938,40.0,4.201438848920863
4.7056,20.0,5.904137931034483
2.875,34.0,4.772151898734177
2.2778,41.0,5.333333333333333
3.2862,37.0,4.7497584541062805
5.7871,24.0,6.184294871794871
1.6382,36.0,4.027397260273973
5.1512,28.0,6.267716535433071
2.5938,41.0,4.2444444444444445
7.2972,26.0,7.471343873517786
7.5418,52.0,5.675
6.0358,32.0,5.475352112676056
3.1728,17.0,6.524271844660194
2.0639,36.0,4.62041884816754
1.9038,16.0,5.456445993031359
2.7634,19.0,4.715918367346939
9.1808,12.0,8.400541271989175
3.2158,11.0,4.781059063136456
4.75,15.0,4.678227360308285
3.0962,36.0,4.746421267893661
3.575,51.0,6.060402684563758
2.9118,38.0,4.376358695652174
4.0568,52.0,5.176842105263158
2.6392,26.0,3.832264957264957
3.8036,14.0,5.851293103448276
2.0833,27.0,5.088235294117647
6.4667,16.0,6.998463901689708
2.288,41.0,4.340782122905028
3.6304,22.0,4.850409836065574
3.8506,22.0,4.944845699277741
2.4387,7.0,4.088939566704675
3.5349,52.0,4.646118721461187
4.1719,5.0,4.7025316455696204
2.0246,16.0,5.302631578947368
4.39,27.0,4.375288683602771
3.3542,52.0,4.882716049382716
3.4705,32.0,4.869986168741355
3.6832,20.0,4.231794871794872
2.5833,35.0,4.472906403940887
3.1333,34.0,4.35374149659864
4.5568,12.0,6.304843304843305
3.5625,18.0,5.782608695652174
2.4196,46.0,3.881904761904762
1.6034,30.0,3.8519269776876266
4.8125,34.0,6.296829971181556
15.0001,52.0,8.461538461538462
3.5429,29.0,6.148936170212766
3.8586,34.0,5.385126162018592
0.8964,24.0,5.726618705035971
2.7012,36.0,3.9957686882933694
2.1607,17.0,5.746951219512195
3.625,13.0,5.479674796747967
6.2096,14.0,5.365079365079365
6.3325,19.0,6.748502994011976
3.3562,40.0,4.6567567567567565
3.4338,28.0,5.208771929824562
6.9532,4.0,7.2701062215478
4.775,52.0,4.151785714285714
5.3767,20.0,6.359550561797753
6.4797,25.0,7.529644268774703
3.2448,20.0,4.204528853177502
5.0555,4.0,6.751677852348993
5.0479,22.0,5.13587786259542
4.5746,13.0,5.500819672131148
3.8529,43.0,4.21911421911422
3.79,52.0,4.643867924528302
3.1042,14.0,5.437837837837838
3.4514,11.0,7.111111111111111
1.7708,36.0,3.828358208955224
5.0468,5.0,6.530330882352941
4.6989,14.0,6.291469194312796
4.8889,5.0,6.1587628865979385
6.7571,42.0,6.665178571428571
2.8542,44.0,5.269230769230769
1.3927,30.0,4.067853170189099
3.2717,36.0,5.236180904522613
5.343,17.0,6.3180327868852455
2.7039,39.0,5.116945107398568
8.5677,28.0,6.970731707317073
0.4999,52.0,2.6
2.25,7.0,4.855450236966824
2.1836,24.0,3.107438016528925
1.975,24.0,4.032418952618454
3.045,16.0,2.708803611738149
2.3105,26.0,2.778265642151482
4.8304,33.0,5.754639175257732
4.1111,10.0,5.904051172707889
3.1319,25.0,4.30188679245283
1.6029,32.0,3.4663461538461537
2.5313,42.0,3.9134615384615374
2.875,43.0,4.779467680608365
2.2423,17.0,5.800457404230989
1.2,44.0,2.970430107526881
4.6326,29.0,4.7828125
4.4107,26.0,6.4275037369207775
4.2955,34.0,5.720588235294118
5.7268,23.0,6.009009009009009
5.3054,36.0,5.8603896103896105
1.3523,18.0,5.883116883116883
5.0824,23.0,5.508948545861298
2.9474,37.0,4.869047619047619
7.611,5.0,6.855776306107432
2.8214,8.0,4.443228454172367
3.1389,35.0,4.813895781637717
3.25,29.0,5.325259515570934
2.9821,20.0,3.63953488372093
3.2344,36.0,4.321492007104796
3.1821,9.0,5.675156174915906
2.6518,40.0,3.967105263157895
4.375,11.0,4.857512953367876
6.9903,14.0,6.476584022038567
5.6945,36.0,6.191489361702128
2.925,49.0,3.795620437956204
4.8571,28.0,6.864864864864865
6.5226,21.0,5.392996108949417
1.9853,47.0,3.9927797833935017
2.575,45.0,5.663793103448276
3.085,32.0,4.433962264150943
4.2051,16.0,5.236893203883495
5.1242,52.0,5.570909090909091
2.983,45.0,5.633064516129032
3.5893,26.0,5.411552346570397
1.808,18.0,4.190305206463195
2.25,25.0,4.137404580152672
4.2708,35.0,5.3562753036437245
7.5,21.0,7.816867469879518
4.58,33.0,6.009861932938856
4.1,30.0,4.576687116564417
5.9567,35.0,6.092651757188499
3.4952,19.0,4.603854389721628
4.2059,52.0,5.578512396694215
5.3245,39.0,6.508474576271187
2.6094,52.0,6.98639455782313
4.4135,30.0,4.773913043478261
4.4367,5.0,6.1020408163265305
3.4412,39.0,4.17340521114106
2.6364,22.0,3.5874125874125875
3.7188,46.0,4.434878587196468
7.0796,45.0,5.759013282732448
4.4107,22.0,5.350828729281768
3.6484,16.0,3.456268221574344
2.1429,43.0,3.2742382271468142
5.0509,5.0,5.333333333333333
5.1205,42.0,5.727959697732998
1.6887,20.0,4.16955017301038
1.2668,27.0,2.7605321507760534
2.4412,30.0,5.441025641025641
1.901,32.0,3.667779632721202
1.4615,28.0,2.1839464882943145
4.9,5.0,5.215189873417722
2.4464,33.0,4.183157894736842
3.6734,34.0,5.815340909090909
1.7891,38.0,5.268361581920904
2.6774,31.0,5.00392927308448
4.975,10.0,4.70873786407767
4.2851,34.0,5.767988252569751
3.9688,52.0,5.167173252279635
7.3521,32.0,6.775757575757575
3.3438,34.0,5.057239057239057
1.7714,27.0,2.5325
2.5663,26.0,4.036161335187761
1.1707,20.0,3.092568448500652
3.5694,40.0,4.391156462585034
3.5208,21.0,5.02112676056338
1.9076,32.0,3.7895752895752897
5.4378,52.0,4.623413258110015
2.712,38.0,4.5895196506550215
3.3639,25.0,6.395348837209302
3.058,34.0,5.366228070175438
3.3393,45.0,4.256997455470738
3.0721,37.0,5.579775280898876
5.7914,52.0,7.188888888888889
4.975,30.0,8.28
3.3125,51.0,5.76984126984127
2.679,41.0,4.66
3.8269,18.0,4.873362445414847
4.5272,18.0,6.1943231441048034
3.4148,38.0,3.6243523316062176
3.3208,47.0,4.318295739348371
5.9289,5.0,6.692852543464262
3.7007,26.0,6.272311212814645
7.723,36.0,6.343898573692552
5.477,26.0,6.450413223140496
3.7813,52.0,5.057755775577558
2.2254,11.0,4.598499061913696
1.4844,52.0,3.866666666666666
3.2614,27.0,5.947103274559194
1.9444,23.0,4.285539215686274
1.9208,37.0,4.150793650793651
3.8417,11.0,6.667844522968198
1.3375,18.0,4.567625133120341
1.625,18.0,6.1347826086956525
2.5403,52.0,3.66394279877426
3.0893,42.0,4.686609686609686
4.0,37.0,6.363945578231292
2.4821,17.0,4.716494845360825
5.036,52.0,5.256317689530686
2.976,52.0,4.743589743589744
4.2992,31.0,6.113695090439276
3.4844,28.0,5.18018018018018
2.8125,18.0,4.9625
4.1429,52.0,5.460829493087558
10.3048,36.0,8.134920634920634
4.0074,30.0,5.823439878234399
4.9375,35.0,6.148837209302326
3.2604,9.0,5.018105849582173
2.5833,37.0,4.158536585365853
5.2949,33.0,7.188405797101449
1.3134,48.0,3.6625
2.9706,36.0,4.184782608695652
3.5,37.0,4.376569037656904
3.0,35.0,5.040697674418604
2.6406,27.0,5.505952380952381
5.0,26.0,6.933161953727506
6.3088,6.0,7.038608400509122
3.5659,24.0,3.6341248900615657
3.5089,31.0,4.458885941644563
2.8828,26.0,5.290617848970252
5.9629,39.0,5.948529411764706
7.8139,9.0,6.645061728395062
5.1406,46.0,6.153846153846154
2.1389,39.0,4.22680412371134
4.0023,33.0,5.156944444444444
1.2475,52.0,4.075
3.8029,35.0,5.641379310344828
5.1619,36.0,5.2026666666666666
5.07,22.0,6.532374100719425
3.0417,48.0,4.690631808278867
1.6458,52.0,4.29245283018868
4.0642,41.0,5.794520547945205
4.7321,42.0,6.375
4.2583,35.0,6.03954802259887
7.8575,26.0,7.364754098360656
1.7083,33.0,20.097826086956523
5.4449,16.0,6.504237288135593
2.9871,18.0,5.105
1.7197,34.0,4.377777777777778
2.1357,17.0,4.324503311258278
2.7639,17.0,4.652661064425771
1.5,45.0,2.7683397683397684
3.2465,19.0,5.876971608832808
5.419,6.0,6.692551505546751
3.0625,12.0,3.74251497005988
3.725,30.0,5.404166666666667
2.9219,38.0,4.205882352941177
3.5,26.0,6.373493975903615
2.4554,30.0,4.594520547945206
5.1788,52.0,4.786792452830189
5.4797,23.0,6.6937984496124034
4.05,33.0,5.556400506970849
3.7813,36.0,4.9035087719298245
3.2875,6.0,8.00625
7.5975,16.0,7.11614730878187
1.9267,18.0,4.7309090909090905
1.7574,11.0,4.0
6.3199,23.0,6.909407665505227
4.9615,28.0,5.411009174311927
1.7273,29.0,6.492647058823529
4.2703,36.0,5.966555183946488
3.375,36.0,5.162162162162162
1.1875,29.0,4.244755244755245
2.79,41.0,4.067484662576687
3.5288,8.0,5.733455882352941
4.1635,42.0,3.7222222222222223
4.7396,52.0,7.098245614035088
3.4107,26.0,5.815384615384615
1.8899,23.0,4.664233576642336
4.2263,21.0,6.5606936416184976
4.5553,37.0,5.956521739130435
5.1169,52.0,6.3904
14.4219,52.0,8.253731343283581
6.0298,23.0,6.874251497005988
3.7222,34.0,4.546134663341646
3.5192,24.0,5.909706546275395
2.1687,41.0,3.2524038461538463
1.9487,25.0,4.670676691729323
6.1306,16.0,7.194954128440367
4.192,25.0,4.886756238003839
4.045,4.0,5.052227342549923
4.1739,36.0,5.459627329192546
2.5104,30.0,3.916923076923077
1.1157,18.0,2.5637450199203187
3.724,15.0,5.15127582017011
7.0215,6.0,6.534090909090909
4.4038,45.0,4.571847507331379
5.3099,17.0,5.795880149812734
3.1771,15.0,6.549668874172186
1.7083,44.0,4.349282296650718
3.0905,38.0,5.951648351648352
6.8462,32.0,6.273764258555133
3.875,27.0,5.328455284552845
6.9391,52.0,8.244725738396625
1.5846,46.0,4.375838926174497
1.4589,27.0,3.51255230125523
2.2708,34.0,3.53
4.0455,33.0,5.069135802469136
2.8322,41.0,3.927194860813704
3.1667,23.0,3.773960216998192
3.8427,36.0,4.3644793152639085
6.3214,34.0,6.294871794871795
5.1048,37.0,5.3538461538461535
5.5673,7.0,5.865384615384615
3.1543,29.0,4.933949801849406
3.8203,11.0,6.113695090439276
6.0433,20.0,6.470756062767475
3.4375,34.0,4.409001956947162
3.7313,13.0,4.696559503666102
7.8904,33.0,7.082802547770701
2.5365,10.0,4.873517786561265
2.5197,15.0,3.8697318007662833
4.1445,11.0,4.399096385542169
4.0609,47.0,4.430446194225722
5.7057,27.0,6.937007874015748
3.1944,6.0,4.589403973509934
2.0699,24.0,3.137648131267092
2.1,51.0,3.1818181818181817
1.5972,24.0,5.438502673796791
4.2857,35.0,4.859459459459459
3.1111,7.0,5.3067846607669615
4.75,52.0,4.831896551724138
2.1062,21.0,4.324281150159744
2.0987,52.0,3.211798839458414
2.625,28.0,2.866336633663366
4.5294,18.0,5.348457350272232
1.7132,38.0,4.408740359897172
2.5833,29.0,3.481835564053537
5.6315,34.0,4.5405982905982905
3.5364,36.0,4.002010050251256
2.4167,45.0,4.462025316455696
4.125,9.0,6.655581947743468
5.3495,20.0,6.057591623036649
3.2823,17.0,4.463446475195823
6.6136,39.0,5.891625615763547
8.0073,39.0,7.266791044776119
2.5588,20.0,2.565217391304348
5.3955,47.0,5.502336448598131
5.2276,26.0,4.814921090387374
2.1221,50.0,5.509708737864078
3.8125,31.0,5.005797101449275
2.3667,11.0,4.559602649006623
6.3997,50.0,7.37020316027088
6.1419,26.0,7.032075471698113
3.2604,30.0,5.551020408163265
1.6716,32.0,4.577966101694916
3.125,46.0,3.142857142857143
4.6019,8.0,5.05175983436853
2.7708,43.0,3.772200772200772
2.1067,24.0,4.2404181184668985
1.9767,23.0,5.7084019769357495
2.9306,41.0,4.522292993630574
4.4423,18.0,6.076512455516014
2.9161,19.0,4.86080586080586
4.385,35.0,6.356451612903226
2.4678,18.0,4.91715708465369
3.4706,23.0,5.555555555555555
4.0568,16.0,5.281321184510251
4.0433,16.0,5.7421875
1.9338,44.0,3.10377358490566
2.8864,34.0,4.716279069767442
6.4891,35.0,5.423357664233577
4.9191,36.0,5.874617737003058
3.0833,50.0,4.641160949868074
3.1635,30.0,3.5050675675675675
7.2582,4.0,7.376840696117805
11.3176,28.0,8.082289803220036
1.742,24.0,6.92896174863388
5.6935,34.0,6.380246913580247
4.7973,28.0,5.964406779661017
3.0391,20.0,5.59877800407332
4.7917,36.0,5.970223325062035
1.7417,46.0,5.286885245901639
4.6528,31.0,4.225806451612903
6.5778,46.0,6.561194029850746
2.4278,14.0,5.338790931989925
1.7604,32.0,4.384615384615385
6.0666,10.0,6.526518391787853
2.5625,49.0,4.615384615384615
2.0147,41.0,3.605128205128205
4.0647,14.0,5.279596977329975
1.3729,15.0,3.603948896631824
5.112,29.0,6.3352826510721245
2.925,43.0,4.85655737704918
0.977,40.0,2.3157894736842106
1.9,16.0,4.975133214920071
3.1439,9.0,5.542196531791907
2.0272,29.0,4.2973856209150325
6.8538,29.0,6.657992565055762
2.7578,46.0,4.476190476190476
3.8456,33.0,5.057755775577558
4.0,52.0,4.647058823529412
1.91,46.0,5.0
4.1944,33.0,4.667785234899329
2.0161,52.0,4.307324840764331
4.1482,7.0,5.674956622325043
4.6957,41.0,4.880459770114943
1.2347,16.0,3.6666666666666665
1.462,27.0,4.335329341317365
3.2799,17.0,4.860048820179007
3.9632,25.0,4.56
2.4779,21.0,3.727272727272727
3.5489,28.0,5.152329749103942
4.5484,29.0,5.16
1.9483,16.0,4.21669341894061
1.1912,22.0,52.69047619047619
1.6168,14.0,4.413314840499306
1.6929,20.0,3.510355029585799
3.1364,25.0,7.626822157434402
4.3846,46.0,5.13855421686747
3.8571,36.0,5.446043165467626
1.0,33.0,4.140939597315437
2.5552,34.0,5.075851393188855
7.7517,11.0,8.506024096385541
1.7292,17.0,5.087719298245614
1.8723,46.0,5.044943820224719
3.0833,34.0,3.0764331210191083
3.1346,50.0,5.869426751592357
2.5187,18.0,5.467261904761905
10.3416,36.0,7.525
4.6852,52.0,5.509687034277198
4.0185,22.0,4.910979228486647
2.6023,14.0,3.7824
1.7813,28.0,3.3793774319066148
3.2788,39.0,4.412751677852349
3.3929,13.0,8.580645161290322
5.0106,36.0,5.529220779220779
7.4734,26.0,7.465076660988075
2.5679,36.0,4.1913875598086126
3.0833,34.0,5.764383561643836
3.0938,31.0,3.667655786350149
3.5655,38.0,5.153846153846154
6.0247,41.0,6.302816901408451
4.0313,35.0,4.746268656716418
4.8787,23.0,6.660828025477707
6.0723,34.0,6.143776824034335
2.5813,30.0,3.5719237435008666
3.3397,28.0,4.530685920577618
5.0822,27.0,6.648837209302326
6.3767,24.0,6.37987012987013
2.3333,11.0,2.4347826086956523
3.6121,29.0,4.006960556844548
4.4674,18.0,4.613899613899614
5.5073,16.0,5.172535211267606
4.3321,19.0,6.525773195876289
2.2723,36.0,5.071161048689139
5.7934,27.0,7.25050505050505
4.5673,45.0,4.287878787878788
1.7878,16.0,4.329563812600969
4.625,36.0,5.479591836734694
8.5574,16.0,6.466905187835421
6.3719,26.0,6.972151898734177
2.9922,17.0,4.62453531598513
5.3735,22.0,7.237569060773481
5.9572,17.0,5.670384138785626
3.0,24.0,4.626146788990826
4.6806,41.0,5.211805555555555
6.1047,7.0,5.925431274346132
2.2206,50.0,4.622754491017964
8.1111,13.0,7.94672131147541
3.9118,32.0,5.527058823529412
1.7802,47.0,3.7285714285714286
4.2204,29.0,5.8457223001402525
2.2969,16.0,5.0
2.125,37.0,4.596
4.2554,20.0,3.778085991678225
5.4122,52.0,6.132530120481928
4.8693,44.0,6.181434599156118
8.7589,32.0,6.895348837209302
5.1442,6.0,6.147197839297772
6.6204,16.0,6.729303547963206
1.918,44.0,3.517857142857143
5.1298,17.0,5.314420803782506
5.5413,26.0,6.568421052631579
1.675,34.0,3.28099173553719
2.3,25.0,5.828178694158075
4.9355,34.0,6.5625
1.3096,31.0,3.994041708043694
1.8616,37.0,5.042801556420233
3.0382,23.0,4.019723865877712
7.0526,18.0,6.117283950617284
5.3999,18.0,6.533073929961089
6.14,28.0,6.575539568345324
6.0722,4.0,5.857777777777778
1.4937,20.0,4.570552147239264
2.9154,35.0,4.244628099173553
5.0493,4.0,7.947058823529412
4.6146,21.0,5.503168567807351
2.6637,14.0,3.925438596491228
2.2206,34.0,5.433962264150943
4.221,11.0,6.640410958904109
4.6976,36.0,5.362612612612613
2.3667,20.0,4.964332892998679
4.5341,44.0,5.453083109919571
1.8242,47.0,4.257990867579909
2.4539,28.0,2.519327731092437
3.7721,25.0,4.008849557522124
3.1194,33.0,4.195991091314031
2.7079,21.0,4.857425742574257
1.75,50.0,3.926900584795322
3.89,7.0,4.689458689458689
4.0508,27.0,4.962318840579711
3.0252,20.0,4.041095890410959
3.2069,34.0,4.601834862385321
2.8562,12.0,5.7824933687002655
1.5208,52.0,3.9080459770114944
2.837,38.0,4.57089552238806
3.4868,27.0,3.139963167587477
3.2386,43.0,3.942622950819672
5.7528,34.0,4.623376623376624
2.7628,39.0,4.332844574780059
4.7426,19.0,5.871428571428571
5.3129,15.0,5.547619047619048
1.2,20.0,4.625
2.8833,38.0,5.120253164556962
3.9856,52.0,3.4547413793103448
3.5109,29.0,4.865800865800866
6.1112,2.0,7.153277931671283
4.3077,23.0,3.4683794466403164
2.3167,31.0,5.980645161290322
5.5524,21.0,6.156645569620253
2.6538,31.0,3.357142857142857
5.5051,31.0,5.345549738219895
6.1185,26.0,7.069343065693431
1.3696,40.0,4.554216867469879
4.6855,5.0,6.631184407796102
4.5081,33.0,4.511335012594459
5.2067,21.0,5.695652173913044
2.9576,25.0,4.566765578635015
1.7788,52.0,4.353697749196141
4.2356,21.0,4.75
3.6591,52.0,5.673076923076923
3.2564,19.0,4.04102096627165
7.9627,8.0,8.234463276836157
1.4911,19.0,5.495412844036697
6.6842,25.0,6.77859778597786
4.4312,26.0,5.6608187134502925
5.5291,52.0,5.937984496124031
3.184,20.0,3.863888888888889
5.3185,52.0,6.210023866348449
1.8393,18.0,2.0904255319148937
2.8438,32.0,3.851985559566787
1.4727,33.0,5.0773809523809526
4.5766,18.0,6.088541666666667
1.625,38.0,4.052631578947368
1.7,30.0,3.758695652173913
2.6701,41.0,4.8887323943661976
2.7019,16.0,4.957095709570957
1.5625,36.0,4.157534246575342
2.9205,31.0,4.012711864406779
3.8413,50.0,3.988538681948424
5.8898,22.0,6.445012787723785
1.4886,50.0,4.0251572327044025
3.8611,37.0,5.429223744292237
3.9531,17.0,5.505434782608695
1.3187,23.0,4.717451523545706
3.5395,24.0,5.140350877192983
4.5812,18.0,6.066666666666666
2.0549,52.0,4.242819843342037
3.4605,49.0,4.044155844155844
4.375,35.0,4.864532019704433
5.2019,32.0,5.455882352941177
3.1287,29.0,5.383399209486166
4.5491,43.0,5.984848484848484
2.1859,38.0,4.472222222222222
1.9476,14.0,5.323741007194244
6.0582,39.0,4.536082474226804
3.6312,48.0,8.130434782608695
2.9074,16.0,3.492905937992643
3.1591,35.0,5.382075471698113
2.6082,29.0,3.494117647058824
2.1354,29.0,3.687218045112782
2.7143,31.0,3.46112600536193
1.3894,16.0,2.508298755186722
3.7546,28.0,5.756613756613756
4.3125,52.0,4.836512261580381
3.0233,26.0,3.2530813475760065
4.325,37.0,5.074380165289257
4.125,19.0,5.423267326732673
1.7212,43.0,3.8680555555555554
4.0972,52.0,2.1481481481481484
3.5649,23.0,3.695150115473441
6.0494,24.0,5.175824175824176
4.1667,46.0,2.7142857142857144
2.0625,44.0,4.056022408963585
4.9286,39.0,4.898360655737705
4.0444,32.0,5.9922720247295205
5.4284,4.0,5.067226890756302
2.2375,20.0,3.0476190476190474
4.7171,43.0,5.696594427244582
1.8958,16.0,6.173913043478261
2.0,52.0,5.506410256410256
4.0208,15.0,10.4
2.0184,20.0,6.729591836734694
2.6133,49.0,5.163755458515284
1.7038,28.0,4.598774885145483
1.4648,28.0,6.330708661417323
3.6788,5.0,5.04269801980198
4.9375,12.0,5.974921630094044
3.1375,52.0,4.819018404907975
6.6312,31.0,6.791332263242376
2.9605,37.0,4.48
5.7559,18.0,6.07223113964687
1.8375,21.0,5.372670807453416
3.0135,47.0,4.206270627062707
1.275,46.0,3.751091703056769
2.85,38.0,5.0893470790378
3.1719,38.0,4.620689655172414
2.2273,43.0,4.86697247706422
2.4635,41.0,4.312
5.1418,32.0,5.030508474576271
2.2788,46.0,4.490054249547921
2.3043,32.0,5.649606299212598
3.7891,16.0,10.375478927203066
1.2446,27.0,4.1477272727272725
4.5729,22.0,4.223826714801444
3.8438,28.0,5.422431865828092
4.8438,22.0,5.490312965722802
1.5771,12.0,4.175903614457831
2.3571,23.0,6.489499192245558
3.0827,29.0,4.791505791505792
4.6094,26.0,4.726114649681529
3.4667,16.0,5.855345911949685
1.7083,29.0,2.898637137989778
3.2569,15.0,5.444444444444445
2.2697,52.0,4.368421052631579
5.7765,36.0,5.791443850267379
5.76,37.0,6.041841004184101
7.5,29.0,8.160668380462726
2.2094,20.0,4.9384372533543806
3.8333,32.0,6.079787234042553
2.0523,44.0,4.220779220779221
1.9937,40.0,4.076015727391874
4.2841,30.0,5.903394255874674
2.5035,24.0,5.391625615763547
3.6,32.0,4.643086816720257
4.0018,14.0,3.5860555826426133
1.6121,41.0,3.5617433414043584
3.1513,14.0,5.526096033402923
1.8533,15.0,4.9030955585464335
1.875,33.0,141.9090909090909
2.1912,37.0,2.423076923076923
8.8742,31.0,5.692946058091287
2.8657,14.0,5.850574712643678
5.2861,6.0,6.435957696827262
2.6923,41.0,5.116071428571429
4.0337,23.0,6.094420600858369
7.2675,11.0,6.876889848812095
3.4505,30.0,4.531553398058253
3.875,18.0,5.3578947368421055
4.6042,31.0,5.539823008849558
3.1603,52.0,4.429193899782135
4.2429,3.0,7.316657191586128
1.4427,36.0,3.798076923076923
1.0633,18.0,3.0725552050473186
1.8185,23.0,4.026785714285714
6.1288,18.0,8.154545454545454
3.4773,29.0,5.473815461346633
3.6953,13.0,4.388402625820569
3.6729,52.0,5.077142857142857
1.925,41.0,4.012422360248447
5.5289,43.0,5.711340206185567
2.8611,17.0,5.83265306122449
4.3646,9.0,7.129436325678497
3.125,6.0,7.8
5.7833,26.0,6.19811320754717
5.4834,22.0,6.622324159021407
2.9844,32.0,5.322033898305085
1.0208,38.0,3.345890410958904
1.8238,14.0,4.606635071090047
1.3712,37.0,6.698863636363637
5.901,18.0,6.466520307354555
1.725,52.0,3.765151515151515
2.6818,41.0,4.680851063829787
4.4821,15.0,6.908108108108108
4.1488,37.0,5.616901408450704
2.5727,27.0,4.787234042553192
2.1722,12.0,4.907335907335908
4.2937,35.0,6.092178770949721
2.6673,25.0,3.192039800995025
1.5394,40.0,3.481113320079523
5.635,27.0,6.802721088435374
1.6991,17.0,6.3740648379052365
3.631,32.0,9.179775280898877
5.2015,6.0,5.69647847959754
4.75,20.0,6.1
2.0571,24.0,3.5036086607858863
2.7375,36.0,4.870036101083032
3.5085,27.0,5.446153846153846
2.5927,33.0,4.595419847328245
1.625,34.0,2.9776119402985075
2.3942,42.0,4.329787234042553
3.0089,44.0,4.738255033557047
5.6447,36.0,5.326145552560647
2.2847,26.0,6.001420454545454
2.6538,42.0,3.6193771626297577
2.9708,27.0,5.494577006507592
3.6389,42.0,3.994296577946768
3.7635,14.0,5.401898734177215
5.503,16.0,6.904876099120703
5.6139,19.0,6.8088235294117645
1.8456,32.0,3.456730769230769
2.3762,20.0,4.214363438520131
2.0673,37.0,4.083018867924529
1.4665,16.0,4.340106007067138
5.3559,26.0,5.741496598639456
4.3472,52.0,4.296466973886329
4.7943,26.0,6.418168709444845
3.5437,27.0,5.158501440922191
2.975,34.0,6.405405405405405
5.7396,16.0,6.653846153846154
2.6208,52.0,3.820338983050848
4.7941,16.0,6.543123543123543
1.5288,14.0,5.187285223367698
7.3644,16.0,7.025134649910234
2.75,13.0,5.275204359673024
3.5804,45.0,4.9056
3.1667,14.0,4.784386617100372
3.5586,33.0,5.580882352941177
2.127,15.0,3.958745874587459
4.6591,20.0,6.758064516129032
2.378,34.0,4.259868421052632
5.5875,11.0,5.853300733496333
0.8131,8.0,3.114343029087262
3.5865,35.0,5.372972972972973
3.625,31.0,5.443243243243243
5.0704,15.0,5.629955947136564
6.1834,25.0,6.2611940298507465
4.2109,14.0,4.98974358974359
5.2773,21.0,6.303262955854127
1.7788,14.0,3.899810964083176
4.1304,38.0,4.124413145539906
6.0743,3.0,6.577235772357724
10.0187,20.0,8.496376811594203
0.8362,17.0,8.471698113207546
2.875,37.0,4.976119402985074
4.9688,15.0,6.18595041322314
2.7714,38.0,4.201612903225806
6.8219,16.0,6.678832116788321
4.0714,19.0,61.8125
2.0959,36.0,5.240384615384615
1.4267,37.0,4.291845493562231
1.4138,36.0,4.345755693581781
3.8687,11.0,4.663424124513619
4.4531,5.0,5.695652173913044
2.2419,16.0,5.653940886699507
1.9844,32.0,4.0
6.6756,52.0,7.403800475059382
1.8214,52.0,5.736486486486487
5.1815,36.0,5.569506726457399
2.3571,36.0,5.069026548672566
3.7455,33.0,4.808510638297872
2.8608,30.0,3.641340782122905
3.3682,40.0,6.045901639344263
5.5461,36.0,6.224137931034483
1.6635,37.0,4.990196078431373
3.2083,44.0,4.569863013698631
1.5085,17.0,4.051601423487544
1.8214,10.0,5.838983050847458
7.9819,26.0,7.571428571428571
4.337,26.0,5.994263862332696
2.2321,34.0,4.919629057187017
2.6607,22.0,6.508021390374331
5.3307,25.0,5.12037037037037
2.0133,35.0,3.0200803212851404
1.9621,27.0,4.079002079002079
4.4477,4.0,5.752631578947368
6.207,43.0,6.188405797101449
8.3924,37.0,7.2155172413793105
3.7422,16.0,5.042124542124542
1.0539,30.0,2.934322033898305
4.5022,2.0,4.529356943150047
3.1875,31.0,5.46218487394958
5.4819,12.0,5.759345794392523
2.8727,25.0,4.365346534653465
8.7288,6.0,8.715841584158415
2.0871,20.0,3.5859154929577466
3.1739,52.0,3.985276073619632
4.775,35.0,5.073558648111332
2.6976,52.0,4.4335511982570806
1.125,18.0,5.4875
7.875,30.0,7.550925925925926
3.3214,33.0,4.419811320754717
3.7875,9.0,2.7264957264957266
3.4833,23.0,4.259933774834437
2.4827,6.0,4.622371740958789
5.5951,44.0,6.618374558303887
3.7958,17.0,5.777158774373259
1.1638,35.0,4.558011049723757
2.3641,30.0,3.9642058165548097
5.1435,22.0,6.855882352941176
2.6299,35.0,4.042402826855124
4.087,26.0,5.651376146788991
3.1853,16.0,4.636363636363637
8.9063,5.0,8.944642857142858
3.2757,24.0,4.708226221079691
3.2589,42.0,4.215116279069767
5.6428,43.0,4.980582524271845
5.5137,15.0,4.90443686006826
4.1807,6.0,5.397260273972603
4.125,38.0,4.7734375
3.5403,18.0,5.378818737270875
4.5625,25.0,5.628205128205129
4.174,42.0,6.595317725752508
7.7499,11.0,7.949675324675325
0.536,4.0,14.0
3.2937,25.0,4.746153846153846
4.5938,39.0,6.205882352941177
4.0987,35.0,4.434782608695652
6.5704,26.0,6.239221140472879
1.7652,52.0,3.534521158129176
3.0147,17.0,4.362616822429906
5.2128,49.0,5.781021897810219
2.963,25.0,5.32013201320132
4.2308,19.0,5.636363636363637
1.9564,39.0,3.945619335347432
3.7708,42.0,5.14873417721519
4.2875,17.0,5.235514018691589
6.9584,16.0,6.310714285714286
3.8958,20.0,5.940625
3.038,33.0,5.504249291784703
3.1908,16.0,4.386792452830188
2.4167,20.0,4.808917197452229
2.871,31.0,3.552677029360967
2.2982,45.0,5.5
5.9333,17.0,6.917748917748917
5.0599,35.0,5.271428571428571
6.1576,12.0,6.832618025751073
2.3333,25.0,5.84516129032258
3.0217,26.0,4.146341463414634
4.0982,36.0,5.880769230769231
3.3043,35.0,4.43811394891945
3.1875,33.0,5.2844827586206895
3.4904,25.0,5.043478260869565
3.75,23.0,5.3968804159445405
3.4187,17.0,10.053140096618357
1.625,52.0,2.7777777777777777
3.0526,28.0,8.13076923076923
3.6042,21.0,5.619883040935672
2.7969,38.0,4.626707132018209
2.575,34.0,5.493265993265993
3.6988,28.0,4.213174748398902
3.2093,32.0,4.788405797101449
5.5198,14.0,6.559751037344398
5.1677,18.0,4.144810941271119
2.3725,30.0,4.803059273422562
3.2614,19.0,5.767213114754099
2.4038,41.0,4.495798319327731
3.212,33.0,5.684073107049608
7.7589,8.0,6.376899696048632
4.0219,35.0,4.204460966542751
3.6417,16.0,5.760820045558087
5.3473,41.0,6.089171974522293
3.2652,12.0,4.39935956084172
2.1205,36.0,4.833333333333333
6.9483,18.0,7.167364016736402
7.3343,37.0,7.0975
3.775,9.0,6.103626943005182
4.4625,32.0,5.374340949033392
3.8618,41.0,6.345724907063197
3.5313,46.0,4.737024221453288
2.5917,43.0,4.548821548821548
5.8972,35.0,5.663551401869159
5.2319,23.0,5.950173812282735
4.7241,46.0,5.375757575757576
12.3767,27.0,7.737037037037037
2.4028,17.0,31.77777777777778
5.5842,15.0,7.112820512820512
12.542,10.0,9.8733153638814
2.6023,22.0,4.741333333333333
4.4453,22.0,5.548306148055207
4.5833,36.0,5.627450980392157
4.8173,25.0,6.160493827160494
2.6324,35.0,4.173745173745174
1.4889,19.0,4.48074369189907
3.125,15.0,6.023376623376623
4.8359,18.0,6.557591623036649
3.6467,21.0,4.64200477326969
3.4032,37.0,4.172839506172839
1.06,31.0,3.5792682926829267
3.125,34.0,5.084821428571429
3.855,18.0,4.770029673590504
0.9318,35.0,2.803339517625232
5.1194,18.0,6.477037037037037
3.1406,43.0,4.715883668903803
2.125,52.0,3.617977528089888
2.2548,35.0,4.631578947368421
4.1875,24.0,4.538709677419355
3.6042,34.0,5.538461538461538
3.4844,23.0,13.258823529411766
8.4112,16.0,7.488888888888889
7.8711,34.0,7.923287671232877
3.9128,30.0,5.90138067061144
4.7569,19.0,5.701812191103789
2.1071,47.0,3.289473684210526
4.8125,15.0,6.164179104477612
6.3761,16.0,6.366071428571429
4.5893,39.0,5.711688311688311
3.9853,24.0,6.081690140845071
2.2167,18.0,3.782467532467532
4.5167,24.0,5.977667493796526
3.15,49.0,5.83
9.0812,35.0,4.047457627118644
3.5322,40.0,4.540733197556008
8.7939,18.0,7.96875
2.4607,32.0,4.287515762925599
5.1149,22.0,5.696891191709844
4.75,35.0,5.626984126984127
2.891,11.0,3.7643229166666665
2.5893,8.0,28.615384615384617
1.6548,35.0,4.879417879417879
4.4474,25.0,6.342776203966006
6.0591,19.0,6.397435897435898
2.7685,29.0,3.658252427184466
2.5938,40.0,3.8114754098360657
3.4318,31.0,5.199186991869919
3.7455,47.0,4.871125611745514
8.7397,19.0,7.091370558375634
4.0737,36.0,4.522857142857143
1.4844,52.0,3.943661971830986
3.38,28.0,4.064233576642335
4.3958,35.0,5.85754189944134
5.1491,33.0,6.228843861740167
3.4485,27.0,4.888482632541133
2.3594,16.0,7.384615384615385
3.5326,13.0,3.1783625730994154
0.799,25.0,3.645435244161359
1.4133,15.0,4.303605313092979
11.1118,18.0,8.427659574468086
2.9973,19.0,4.914330218068536
2.0469,19.0,4.569014084507042
4.6528,27.0,5.018965517241379
1.9049,10.0,3.689655172413793
6.6772,13.0,7.37707182320442
8.0239,49.0,5.669811320754717
4.2454,33.0,6.073746312684365
2.7759,30.0,4.167619047619048
4.4561,28.0,5.464367816091954
3.6523,28.0,5.551546391752577
4.4219,9.0,5.784543325526932
5.9359,16.0,5.756024096385542
2.3049,25.0,3.641843971631206
2.125,30.0,5.201663201663202
3.0625,42.0,4.826666666666667
3.2143,32.0,5.06265664160401
3.6094,52.0,6.05625
2.3438,18.0,4.970394736842105
4.9886,36.0,5.622222222222222
2.6713,52.0,4.636363636363637
6.8469,36.0,8.734265734265735
5.2915,52.0,8.123456790123457
3.668,16.0,5.410852713178294
2.9297,28.0,4.699551569506727
2.1484,19.0,5.235973597359736
3.7083,33.0,5.797687861271676
3.6691,35.0,6.175438596491228
4.0071,15.0,4.532258064516129
4.825,11.0,6.411392405063292
3.4777,33.0,4.345415778251599
1.505,22.0,5.177514792899408
3.7917,40.0,4.959798994974874
4.7083,28.0,5.8
4.0132,46.0,4.480295566502463
2.8,20.0,5.769423558897243
5.0698,25.0,6.61
2.0643,14.0,4.2817567567567565
6.8443,30.0,5.491582491582491
2.375,52.0,4.8
4.381,32.0,5.3627760252365935
2.8,47.0,3.7642045454545454
2.1444,27.0,3.1112299465240643
9.5823,52.0,7.981751824817518
3.3824,48.0,5.027548209366391
5.0753,35.0,5.5125
2.9107,22.0,4.173076923076923
3.125,9.0,5.148006785411366
2.9083,15.0,4.522388059701493
2.6974,29.0,4.841328413284133
3.5481,44.0,5.248847926267281
5.2759,14.0,6.50143815915628
1.9066,31.0,4.217570350034317
6.0701,23.0,7.390804597701149
4.6786,52.0,4.642228739002933
2.75,37.0,4.069915254237288
3.5481,36.0,4.767045454545454
3.7973,4.0,4.860127157129882
6.1592,46.0,6.889361702127659
2.4741,34.0,5.611111111111111
5.0804,22.0,5.596923076923077
1.9152,48.0,4.443624868282402
3.5066,52.0,5.013921113689095
4.6406,19.0,6.107368421052632
3.15,26.0,4.724691358024692
2.2527,18.0,4.528712871287128
5.322,17.0,5.341040462427745
3.163,13.0,4.055681818181818
2.7344,18.0,7.085158150851582
6.7544,11.0,6.966804979253112
4.2054,10.0,5.515837104072398
3.5125,11.0,4.277860326894502
1.5603,52.0,3.55421686746988
3.7359,16.0,4.598079561042524
2.5043,49.0,4.547272727272727
7.7108,39.0,6.846607669616519
2.0956,17.0,4.149100257069409
2.1848,16.0,5.939733707077785
2.7477,52.0,4.333333333333333
9.0776,5.0,7.914002205071664
3.0,16.0,5.1470160116448325
2.4741,31.0,3.414839797639123
2.5962,45.0,4.442424242424242
5.606,32.0,5.365155131264917
8.1926,15.0,7.429495472186288
2.0326,19.0,3.9211703958691912
5.411,5.0,5.137037037037037
8.3188,12.0,8.481045751633987
3.8611,18.0,5.974763406940063
1.6971,52.0,4.173469387755102
3.3625,19.0,9.68108108108108
3.9718,13.0,5.035478547854786
1.275,19.0,4.226973684210527
2.9583,34.0,3.810880829015544
6.0,34.0,6.566298342541437
4.0217,52.0,5.176724137931035
4.9236,43.0,5.220843672456576
2.1875,34.0,4.453947368421052
2.1607,34.0,5.022082018927445
6.1401,23.0,6.305799648506151
5.5336,6.0,4.905335628227195
5.5632,24.0,6.343355965082444
4.1488,38.0,5.438967136150235
2.3,25.0,3.5812101910828025
2.6782,24.0,2.569487983281087
4.7663,38.0,5.566037735849057
1.6395,20.0,4.920792079207921
5.1966,15.0,6.426865671641791
6.0922,7.0,6.922535211267606
2.0,44.0,4.760479041916168
4.4,44.0,4.6440677966101696
15.0001,32.0,8.00286944045911
1.4635,43.0,4.662162162162162
3.75,52.0,6.018957345971564
2.1023,12.0,4.119906868451688
1.8854,30.0,3.798479087452472
4.3971,18.0,3.6659528907922914
7.3753,34.0,6.528795811518324
5.76,9.0,6.305709023941068
7.313,35.0,7.061482820976492
3.9868,17.0,3.850533807829181
1.3844,29.0,3.4564643799472297
2.2708,26.0,3.947058823529412
4.3977,31.0,7.441520467836257
3.6392,8.0,5.709426627793975
5.8374,36.0,5.438202247191011
4.2566,16.0,4.819444444444445
3.7452,26.0,5.11395101171459
2.1005,35.0,3.652941176470588
4.2411,45.0,5.561594202898551
3.7869,17.0,5.815927873779113
3.6389,44.0,6.126436781609195
3.5039,19.0,5.0233644859813085
2.6,52.0,5.270142180094787
1.7333,19.0,5.425196850393701
1.5863,21.0,5.154081632653061
4.3118,20.0,5.764849471114728
3.6505,16.0,4.3538461538461535
6.0,26.0,6.281501340482574
1.1602,23.0,5.205882352941177
3.668,19.0,4.544658493870402
3.5882,21.0,13.568627450980392
4.2708,45.0,5.121387283236994
5.5563,52.0,5.159663865546219
4.5122,36.0,6.379679144385027
5.7407,25.0,7.405882352941177
7.6659,35.0,6.840625
3.9712,46.0,6.410334346504559
3.3107,26.0,5.0552147239263805
5.0796,35.0,6.112359550561798
3.0973,13.0,3.832264957264957
4.6458,18.0,5.719266055045871
2.9625,17.0,5.712887438825448
1.9659,50.0,4.333333333333333
2.25,24.0,6.044871794871795
3.5833,52.0,5.15819209039548
3.6936,25.0,4.448735019973369
10.7721,24.0,8.893048128342246
1.9485,16.0,4.518518518518518
5.8798,23.0,6.393464052287582
3.963,28.0,5.427893738140417
2.3618,38.0,5.074866310160428
5.5767,36.0,5.993055555555555
3.6028,33.0,5.06015037593985
3.8534,32.0,5.599009900990099
2.9688,22.0,5.987261146496815
7.2623,52.0,4.287822878228782
6.8323,33.0,6.603960396039604
3.3173,18.0,5.645372645372645
7.2986,24.0,6.424817518248175
2.773,20.0,3.8841405508072175
2.4583,35.0,3.741935483870968
4.8316,33.0,5.617063492063492
2.5562,27.0,3.454945054945055
2.3062,34.0,4.414814814814815
3.0147,13.0,5.938186813186813
4.2464,16.0,6.0073664825046045
5.154,24.0,5.791452991452991
1.875,30.0,5.668949771689498
2.7045,15.0,4.616438356164384
5.4063,36.0,5.378651685393258
3.7961,28.0,4.705357142857143
3.0733,15.0,4.936117936117936
2.7031,41.0,3.635514018691589
3.9318,7.0,5.338478500551268
5.1814,46.0,5.68135593220339
3.0856,49.0,3.717171717171717
4.1387,4.0,4.470167064439141
1.6063,20.0,4.88981288981289
2.8417,22.0,3.8372093023255816
5.1039,52.0,5.6280373831775705
2.1682,35.0,5.26
3.6467,14.0,5.174168297455969
2.4943,29.0,5.050898203592815
4.1767,34.0,5.356060606060606
2.225,41.0,5.157894736842105
4.1264,15.0,5.539007092198582
6.126,7.0,6.332386363636363
5.3767,29.0,5.829032258064516
4.3958,38.0,5.65625
2.3798,17.0,4.784883720930233
5.4469,33.0,6.1854545454545455
5.1534,19.0,5.6280373831775705
4.3351,21.0,4.211992136304063
1.725,31.0,5.158774373259053
3.375,46.0,5.24223602484472
4.4853,23.0,7.060931899641577
3.1845,47.0,4.761904761904762
1.925,20.0,5.549618320610687
3.5272,36.0,5.09556313993174
4.3542,32.0,7.122186495176849
2.2409,29.0,3.918918918918919
5.6305,26.0,6.980676328502415
1.9784,37.0,4.988584474885845
2.9338,11.0,5.977161500815661
3.5036,29.0,5.0
3.3906,48.0,5.732352941176471
10.7569,52.0,7.450617283950617
4.9,36.0,4.479338842975206
5.0,26.0,5.768072289156627
4.8304,27.0,6.27887323943662
7.0175,37.0,6.982954545454546
3.6,29.0,4.044822256568779
3.4492,33.0,4.879417879417879
4.9394,31.0,5.861985472154964
1.325,46.0,4.825641025641025
1.85,49.0,5.096153846153846
4.25,18.0,6.222360248447205
3.6615,11.0,7.045364891518737
2.8906,11.0,7.918918918918919
2.1719,17.0,5.808743169398907
2.9338,18.0,2.866228070175439
4.5987,32.0,5.295880149812734
2.6385,26.0,3.676025917926566
4.7276,7.0,6.173828125
2.7404,15.0,5.952830188679245
4.2672,23.0,5.251252086811352
1.3967,21.0,3.8929577464788734
2.2216,22.0,6.797752808988764
3.25,16.0,4.935483870967742
1.7885,40.0,5.916817359855335
2.9688,19.0,3.363302752293578
5.584,13.0,7.302127659574468
2.0956,35.0,3.201550387596899
2.1362,10.0,4.362285714285714
6.6766,26.0,5.8940677966101696
3.7736,32.0,4.343283582089552
3.6708,8.0,4.815013404825737
4.4286,44.0,5.013179571663921
2.8333,52.0,5.473317865429235
2.4615,16.0,5.311475409836065
3.0938,7.0,4.966580976863753
9.4522,37.0,8.47872340425532
2.6629,37.0,5.009615384615385
4.8051,21.0,5.857142857142857
4.9861,12.0,7.123684210526315
15.0001,34.0,8.114173228346457
1.9706,41.0,3.891992551210428
0.9142,52.0,2.0153452685421995
2.1838,32.0,4.057347670250896
14.5833,24.0,5.613333333333333
4.5918,36.0,5.292483660130719
3.2344,52.0,5.563953488372093
4.8214,21.0,6.690355329949239
3.9167,28.0,8.839142091152816
5.5388,25.0,6.104536489151874
2.5598,16.0,5.117808219178082
3.1484,17.0,4.486280487804878
2.5721,52.0,4.306213017751479
3.7778,34.0,5.700665188470066
3.775,52.0,4.3979591836734695
4.1776,32.0,5.928104575163399
4.9118,26.0,6.391304347826087
0.536,36.0,12.25
3.7778,35.0,6.035928143712575
4.9306,17.0,4.635245901639344
5.516,26.0,7.186900958466453
1.7375,52.0,4.81203007518797
3.4695,6.0,6.402402402402402
3.3125,26.0,5.283168316831683
5.3276,22.0,8.751201923076923
2.4137,21.0,5.386075949367089
4.806,20.0,5.86797385620915
1.6574,35.0,3.2090032154340835
5.0634,52.0,4.732558139534884
3.8125,30.0,4.770676691729324
6.4963,6.0,7.799038461538461
2.92,43.0,4.927051671732523
4.9517,29.0,5.979343863912515
4.9861,26.0,6.623655913978495
6.213,32.0,6.0588235294117645
3.3182,35.0,3.9047619047619047
2.2661,16.0,5.783050847457627
3.2444,16.0,6.179166666666666
4.9766,24.0,5.841558441558441
1.9766,19.0,5.787575150300601
2.314,42.0,4.265582655826559
4.0294,41.0,7.472527472527473
1.0278,15.0,3.6932515337423313
2.6339,13.0,4.1058020477815695
4.5417,50.0,5.038461538461538
2.8097,11.0,5.621559633027523
2.5686,25.0,3.5396634615384617
3.8826,17.0,9.426315789473684
15.0001,43.0,5.6875
4.5,34.0,7.366013071895424
4.0481,7.0,22.22826086956522
3.9519,39.0,7.23463687150838
4.675,34.0,5.3486590038314175
4.8036,37.0,5.842592592592593
3.0729,12.0,6.214432989690722
4.8015,30.0,5.549295774647887
1.319,16.0,6.404907975460123
4.7768,52.0,5.853754940711463
4.0658,25.0,5.788643533123029
6.1007,17.0,6.886426592797784
6.2712,47.0,6.949090909090909
2.1641,31.0,3.809045226130653
1.9964,26.0,3.818487394957984
7.0544,25.0,6.801089918256131
1.8375,36.0,4.7206266318537855
3.4861,30.0,5.13373253493014
6.1724,35.0,7.006359300476947
1.5227,22.0,5.746268656716418
2.096,34.0,2.466893039049236
3.5469,28.0,5.863013698630137
3.875,52.0,4.577319587628866
7.9013,5.0,8.31929347826087
2.7717,52.0,3.914396887159533
2.0074,20.0,5.284327323162275
2.9301,33.0,5.472154963680388
3.1458,4.0,4.879818594104308
4.625,39.0,5.762452107279693
3.2481,34.0,5.528225806451613
5.338,52.0,5.608391608391608
8.9571,33.0,7.210696920583469
2.7188,43.0,5.188755020080321
4.125,38.0,6.340425531914893
2.0243,18.0,4.5293132328308205
3.1104,24.0,3.839769452449568
1.4091,35.0,4.25
3.6364,19.0,6.465408805031447
1.9923,42.0,2.9171029668411865
4.63,52.0,6.936542669584245
3.1946,5.0,5.618618618618618
3.4028,14.0,5.614457831325301
5.5357,40.0,6.150442477876106
4.2768,29.0,5.530120481927711
4.475,33.0,5.170731707317073
4.0357,44.0,6.2326530612244895
3.5637,40.0,4.414388489208633
6.597,33.0,7.01673640167364
1.4063,42.0,3.7714285714285714
3.7672,19.0,5.215170278637771
3.5255,13.0,3.648379052369077
3.2917,29.0,5.792490118577075
3.1696,17.0,4.07
4.4464,29.0,5.953565505804312
2.7391,44.0,4.406896551724138
6.9473,19.0,7.499490316004078
3.8056,35.0,5.1679389312977095
4.8155,24.0,6.631961259079903
3.875,40.0,4.138263665594855
4.0114,42.0,6.68724279835391
2.4308,18.0,9.62534435261708
3.5417,25.0,7.143274853801169
2.3056,31.0,3.320359281437126
3.1,29.0,7.5423728813559325
1.1903,13.0,4.406914893617022
4.7344,29.0,6.444155844155844
2.4353,36.0,5.717213114754099
3.276,27.0,5.750788643533123
2.4348,31.0,2.6780575539568345
3.3565,52.0,4.510948905109489
1.6164,17.0,4.672297297297297
2.4036,18.0,4.912969283276451
1.5455,13.0,5.822222222222222
8.758,30.0,7.338129496402877
4.0068,16.0,3.7360594795539033
6.6659,7.0,6.532121212121212
4.7283,30.0,7.295264623955432
3.6989,13.0,4.82054890921886
7.1221,34.0,6.930417495029821
1.2746,36.0,3.910138248847926
7.0173,16.0,8.073783359497645
4.9097,17.0,5.365853658536586
5.9245,52.0,7.487719298245614
3.7433,25.0,5.025122121423587
3.1042,7.0,5.493362831858407
10.2264,52.0,4.8
4.25,10.0,5.301397205588822
5.75,2.0,10.223744292237445
1.5539,44.0,5.066666666666666
3.3699,22.0,23.39660056657224
2.4919,17.0,5.6078125
3.3617,15.0,4.1923076923076925
2.4659,45.0,5.5736677115987465
1.4327,47.0,4.167420814479638
4.1933,6.0,6.674351585014409
2.1471,33.0,4.313131313131313
3.1992,41.0,3.3022388059701493
2.9219,18.0,5.46875
4.0938,37.0,5.979591836734694
2.4667,37.0,4.241106719367589
4.6611,16.0,5.840449438202247
3.4286,52.0,4.250980392156863
4.4766,16.0,5.8039772727272725
1.933,52.0,4.024691358024692
3.5517,42.0,4.884272997032641
2.8167,52.0,4.145985401459854
4.3782,23.0,5.204761904761905
6.7837,19.0,6.328571428571428
2.3464,30.0,4.141618497109826
4.1083,6.0,3.933940774487472
8.6675,9.0,6.73943661971831
6.2583,37.0,4.959501557632398
4.2917,37.0,5.14859437751004
1.1471,14.0,6.44131455399061
3.0383,20.0,3.568093385214008
10.1316,14.0,8.466512702078521
3.875,36.0,5.204081632653061
2.6875,24.0,5.133858267716535
4.375,35.0,4.888412017167382
3.9674,52.0,4.542253521126761
2.7019,25.0,3.751184834123223
4.7298,30.0,5.941935483870968
3.3447,21.0,5.268729641693811
2.2988,35.0,3.635434412265758
6.4978,27.0,6.718328840970351
2.0521,26.0,4.893371757925072
2.3347,29.0,3.646153846153846
2.1902,37.0,3.1340996168582373
1.123,33.0,3.736406619385343
1.6,39.0,3.747967479674797
4.1083,35.0,5.97265625
0.9573,19.0,2.951219512195122
5.0254,36.0,5.774193548387097
1.8958,28.0,5.959595959595959
3.2091,29.0,4.218905472636816
3.7988,14.0,4.180473372781065
5.6063,16.0,6.417391304347826
3.776,52.0,6.222222222222222
2.9286,51.0,5.353233830845771
1.62,19.0,3.28352490421456
2.5909,36.0,4.81858407079646
5.4221,15.0,5.076794657762938
6.0994,25.0,6.128767123287672
5.5608,34.0,6.08955223880597
15.0001,32.0,9.166340508806265
3.7459,33.0,5.198821796759941
2.5156,18.0,6.1393034825870645
7.8375,40.0,6.59375
4.525,36.0,4.590909090909091
2.1731,45.0,3.807692307692308
2.6913,52.0,4.630985915492958
4.2386,27.0,4.915851272015655
15.0001,40.0,9.80232558139535
1.9667,2.0,5.715976331360947
2.2083,47.0,5.167785234899329
3.0313,43.0,4.620052770448549
2.6875,31.0,5.657718120805369
3.6875,44.0,4.524475524475524
2.4667,21.0,5.118421052631579
3.274,30.0,4.805646036916396
3.7813,35.0,5.002331002331002
4.0938,5.0,6.28125
2.1375,39.0,4.883495145631068
5.7843,15.0,4.835579514824798
6.912,29.0,6.615629984051036
4.2569,23.0,5.643659711075442
4.5303,36.0,5.0
3.512,18.0,5.081601231716705
4.9286,13.0,6.5285714285714285
3.25,28.0,5.979674796747967
3.4063,39.0,4.726943942133816
2.881,26.0,8.933209647495362
4.061,52.0,5.8431372549019605
2.0114,20.0,3.6439716312056736
4.0125,28.0,5.154676258992806
2.6371,30.0,3.4004796163069546
3.1327,24.0,4.665121668597914
2.0978,52.0,4.215189873417722
5.118,33.0,6.049122807017544
2.6708,52.0,4.863894139886578
3.7813,21.0,4.615176151761518
5.7018,24.0,6.490225563909775
3.6696,40.0,5.230769230769231
6.8753,26.0,6.987288135593221
1.2404,26.0,3.045238095238095
2.3387,25.0,4.603975535168196
2.0077,20.0,4.305194805194805
5.1333,22.0,5.955696202531645
4.3587,29.0,5.594298245614035
1.0714,36.0,2.7995495495495497
3.0481,3.0,4.2090452261306535
4.9091,33.0,5.146341463414634
5.2591,16.0,6.04119850187266
3.0434,22.0,19.163120567375888
5.3903,29.0,6.451476793248945
2.0625,22.0,3.9614093959731536
2.7019,44.0,4.054373522458629
4.0156,48.0,3.63680387409201
6.8004,3.0,7.789022298456261
2.3977,52.0,5.32345013477089
2.2019,24.0,4.967320261437909
4.2656,13.0,5.793851717902351
4.3468,33.0,4.639815880322209
3.2447,12.0,4.936859147328656
4.2192,14.0,5.816326530612245
3.6974,40.0,4.841129744042365
3.6667,40.0,4.299003322259137
3.1574,6.0,5.63103448275862
3.8194,34.0,5.034129692832765
2.4777,34.0,5.092503987240829
4.6667,4.0,6.892030848329049
3.4784,17.0,4.510532837670384
1.8584,44.0,3.437847866419295
2.6094,19.0,14.740437158469945
8.093,29.0,7.995505617977528
8.4331,36.0,6.266871165644171
2.0962,28.0,6.4132420091324205
7.0549,52.0,6.785714285714286
2.0644,24.0,5.763285024154589
3.1033,25.0,3.6114044350580783
4.3286,16.0,6.321266968325792
4.2098,21.0,5.185425101214575
4.6225,13.0,6.115695067264574
3.4323,41.0,3.9322033898305087
4.05,34.0,4.191489361702128
4.6518,24.0,6.576427255985268
3.0789,8.0,4.6518375241779495
4.5,52.0,6.5
4.7625,35.0,5.303941908713693
5.6787,52.0,5.770516717325228
5.4602,35.0,5.84180790960452
5.1345,27.0,5.5
3.9375,30.0,6.434408602150538
2.3125,38.0,4.45
4.8059,52.0,6.572815533980583
1.6987,30.0,2.5533661740558293
5.4067,26.0,6.005970149253732
2.2208,52.0,4.565789473684211
10.1854,18.0,6.806451612903226
2.67,33.0,6.147887323943662
6.1142,35.0,4.825242718446602
1.9375,23.0,4.389380530973451
1.4722,4.0,3.769647696476965
2.1571,13.0,4.713114754098361
2.7273,42.0,4.926640926640927
8.8793,52.0,8.972868217054264
4.245,17.0,5.797402597402598
4.0417,34.0,5.25748502994012
2.3636,32.0,3.633946830265849
1.7426,33.0,4.993318485523385
3.1208,36.0,5.333333333333333
3.3086,7.0,5.181032290872108
4.8942,36.0,5.07395498392283
5.9397,26.0,6.957142857142857
8.8178,27.0,7.472035794183445
2.6827,32.0,5.487179487179487
3.5878,31.0,4.497375328083989
5.9114,46.0,6.079470198675497
5.7049,9.0,6.699570815450644
6.8939,17.0,7.131944444444445
3.9575,24.0,5.065921787709497
2.3833,24.0,5.643382352941177
3.0833,27.0,3.5584
6.4559,16.0,7.641160949868074
6.5989,44.0,6.537459283387622
2.625,18.0,5.620300751879699
4.9643,34.0,5.059183673469388
5.7528,27.0,6.437357630979498
1.6833,27.0,6.756521739130434
3.6202,34.0,4.382035928143712
5.305,5.0,5.562096195262025
1.9091,29.0,5.353982300884955
4.65,36.0,5.5787545787545785
4.6905,52.0,5.751173708920188
3.2321,20.0,5.3755458515283845
4.3438,33.0,6.180769230769231
6.7287,16.0,7.192792792792793
3.3472,26.0,4.338397790055248
2.025,20.0,3.745014245014245
2.4097,19.0,4.950704225352113
7.912,26.0,7.209068010075566
4.1685,20.0,6.70063694267516
3.4559,16.0,5.684931506849315
2.5129,15.0,4.826530612244898
5.2903,20.0,6.550161812297735
6.1103,35.0,7.438709677419355
4.0977,48.0,5.242063492063492
3.2386,21.0,4.578723404255319
6.0961,16.0,6.967213114754099
3.7991,21.0,4.907407407407407
4.5458,6.0,5.154015401540154
3.5865,52.0,5.650485436893204
4.4474,46.0,4.702127659574468
5.6558,38.0,6.154471544715447
2.6488,21.0,5.837378640776699
9.7194,9.0,8.306260575296108
7.5794,37.0,6.8773946360153255
6.1244,40.0,5.2404181184668985
4.1321,35.0,5.3760683760683765
2.6964,29.0,5.059171597633136
1.9014,24.0,5.024326672458732
4.7831,24.0,5.303875968992248
2.4321,26.0,5.100760456273764
1.7062,28.0,4.370967741935484
3.0288,37.0,4.275720164609053
2.66,29.0,3.825046040515654
4.0196,17.0,6.139767054908486
4.3594,14.0,5.041095890410959
5.3908,8.0,5.396103896103896
4.0662,52.0,5.578125
4.1167,33.0,4.601178781925344
1.2891,18.0,4.12289156626506
3.5341,52.0,4.929203539823009
1.9851,17.0,5.474949899799599
2.875,34.0,10.046321525885558
7.0712,24.0,7.589506172839506
2.2562,39.0,5.007448789571694
4.0724,25.0,5.007792207792208
3.1875,13.0,7.216165413533835
2.1382,46.0,2.935828877005348
5.8683,26.0,7.172862453531598
1.808,26.0,3.92512077294686
3.4312,52.0,6.359908883826879
2.1548,23.0,3.696485623003195
5.2072,20.0,6.170212765957447
1.6513,37.0,4.5
2.9937,27.0,5.33806146572104
4.6042,21.0,5.359523809523809
8.2435,27.0,6.656652360515022
1.4792,22.0,4.153116531165312
6.8588,3.0,8.640701071080818
1.9798,49.0,4.822368421052632
2.6994,16.0,4.303411131059246
5.4555,36.0,6.395652173913043
2.8529,35.0,4.933179723502304
3.8644,47.0,5.336898395721925
5.9544,44.0,6.127982646420825
3.6227,33.0,5.633136094674557
3.6343,37.0,5.208860759493671
2.8393,15.0,5.427402862985685
6.4095,28.0,5.80060422960725
3.3516,32.0,4.960167714884696
2.875,38.0,5.4260485651214125
2.1705,36.0,4.024193548387097
4.5,15.0,6.072115384615385
1.7995,27.0,4.562711864406779
4.875,42.0,5.347985347985348
3.7404,16.0,5.376673040152964
4.5281,35.0,5.055674518201285
5.7789,13.0,6.324242424242424
6.0577,25.0,6.12004530011325
4.6161,30.0,5.950920245398773
2.3236,21.0,3.6583990980834273
3.1397,52.0,4.636871508379889
3.6333,30.0,5.431578947368421
5.615,27.0,6.678373382624769
3.7647,32.0,5.650862068965517
1.7262,18.0,5.71259842519685
2.4929,15.0,4.171428571428572
1.7622,34.0,3.843478260869565
6.5928,28.0,5.05730659025788
3.3083,20.0,5.387832699619772
0.7403,37.0,4.491428571428571
5.3247,13.0,7.292307692307692
6.203,38.0,6.26431718061674
1.3867,30.0,2.6240740740740742
3.3971,22.0,4.676348547717843
2.1449,27.0,3.375698324022346
5.5,21.0,7.377005347593583
5.0497,38.0,6.537444933920705
4.5962,19.0,7.12280701754386
2.0062,29.0,3.681318681318681
1.9107,36.0,4.912863070539419
5.485,3.0,8.543028685790526
6.9322,52.0,6.450777202072539
4.375,25.0,4.504424778761062
3.0833,24.0,6.42
3.6437,4.0,5.8081841432225065
2.585,19.0,3.722556390977444
4.0417,14.0,3.6955903271692745
2.3304,24.0,4.524390243902439
5.0942,35.0,5.0
2.4444,20.0,6.333333333333333
3.9271,43.0,5.296187683284457
2.9554,19.0,8.154545454545454
3.0691,16.0,3.933911159263272
4.1312,35.0,5.091787439613527
1.9038,39.0,3.77734375
3.567,52.0,4.550632911392405
2.225,26.0,3.2
3.3958,26.0,5.795081967213115
4.125,39.0,5.126353790613718
3.125,14.0,5.069868995633188
2.0524,31.0,3.602094240837696
3.8125,36.0,3.3142857142857145
3.125,11.0,6.100502512562814
2.5842,7.0,4.977832512315271
3.5347,23.0,5.430952380952381
2.5382,33.0,4.67095115681234
3.3955,19.0,3.524737631184408
6.2141,4.0,6.716019417475728
5.6876,17.0,6.348265895953757
2.4922,19.0,5.238721804511278
4.0625,21.0,6.41038961038961
4.504,28.0,6.362433862433862
3.1781,23.0,4.926391382405745
5.9507,11.0,6.185872279700321
4.5332,5.0,6.095873015873016
2.1658,29.0,5.777448071216617
6.7957,10.0,6.575989782886334
4.7917,27.0,4.98125
5.3602,14.0,6.144308943089431
1.59,49.0,4.39186295503212
5.4087,25.0,5.843501326259947
3.8854,17.0,5.2555438225976765
5.5036,16.0,6.548117154811716
2.2222,46.0,4.909385113268608
3.625,20.0,3.5945945945945947
3.5905,37.0,4.007352941176471
3.6343,5.0,5.4822695035461
1.7153,25.0,8.02788844621514
5.8758,16.0,5.122696155871512
7.4001,25.0,5.900166389351082
5.779,39.0,6.309255079006772
1.6009,44.0,3.1158455392809588
5.6818,17.0,6.331606217616581
3.4943,40.0,5.977777777777778
1.25,19.0,4.671195652173913
8.5608,42.0,6.788461538461538
4.0801,27.0,5.126516464471404
3.267,23.0,3.860557768924303
2.5042,19.0,5.739957716701903
3.675,52.0,4.851351351351352
2.0542,46.0,4.422535211267606
2.8036,27.0,4.797507788161994
2.6439,27.0,4.348643006263048
2.9605,52.0,5.39240506329114
4.1719,27.0,6.8106575963718825
4.9022,35.0,5.482332155477032
6.3712,9.0,6.762043795620438
2.2243,32.0,5.685220729366603
2.6071,10.0,11.632978723404255
1.9191,9.0,4.984615384615385
5.2015,37.0,6.194915254237288
2.6862,19.0,3.9668141592920354
2.0557,34.0,2.2633996937212864
3.0341,27.0,4.541554959785523
2.5583,31.0,4.606334841628959
7.6864,16.0,7.107544141252006
2.8682,27.0,5.175531914893617
3.2303,17.0,4.783613445378151
3.1667,22.0,3.803837953091685
4.45,32.0,5.1561866125760645
3.996,36.0,6.257425742574258
5.8133,30.0,5.362573099415204
2.6458,23.0,4.382352941176471
4.0583,32.0,5.593220338983051
6.8722,16.0,6.682274247491639
2.7961,10.0,4.352441613588111
1.2545,41.0,4.306010928961749
4.0288,35.0,5.333333333333333
5.1805,37.0,5.469733656174334
4.745,28.0,6.313932980599647
2.3333,47.0,4.76878612716763
5.6096,17.0,5.486005089058525
7.5655,37.0,6.9798994974874375
2.1776,35.0,4.545263157894737
4.645,22.0,5.712585034013605
4.0278,29.0,19.86
1.7062,10.0,5.201663201663202
6.6053,52.0,6.654708520179372
1.2101,40.0,3.978217821782178
1.7244,32.0,3.8210526315789473
8.4476,21.0,7.538310412573674
4.2935,18.0,4.456544502617801
3.6953,14.0,4.877419354838709
4.6875,26.0,6.359073359073359
2.0043,36.0,5.264150943396227
2.5863,43.0,4.624203821656051
3.4375,28.0,4.858490566037736
2.2361,46.0,4.4
1.245,42.0,3.624254473161034
2.9653,28.0,6.5546875
1.5313,20.0,4.18974358974359
4.8571,28.0,6.591078066914498
0.7714,16.0,2.698581560283688
3.25,27.0,5.252559726962457
2.6012,16.0,5.280737704918033
4.8854,52.0,6.437185929648241
6.8642,21.0,7.315545243619489
4.6458,9.0,5.21479374110953
1.9956,25.0,5.029227557411273
8.1093,17.0,7.315359477124183
2.7361,35.0,4.491620111731844
3.4071,37.0,3.3830455259026686
2.9119,45.0,4.796019900497512
5.2949,33.0,4.5
4.3393,52.0,5.272536687631027
2.5978,52.0,2.649122807017544
3.1538,19.0,4.328260869565217
2.9083,13.0,9.155963302752294
1.7734,43.0,4.523809523809524
3.75,27.0,4.13768115942029
3.6863,39.0,5.056661562021439
7.4678,15.0,6.594464500601685
3.2443,16.0,4.613541666666666
1.7462,29.0,4.681159420289855
3.275,39.0,5.176056338028169
5.5362,7.0,7.067741935483871
4.9115,31.0,5.231578947368421
3.2174,15.0,7.370967741935484
4.6371,31.0,5.576142131979696
4.1932,46.0,5.093883357041252
3.4187,26.0,5.230769230769231
5.2549,28.0,4.519911504424779
8.5403,23.0,7.851528384279476
3.2297,10.0,3.4607961399276235
2.1377,30.0,3.3784135240572173
3.0465,43.0,4.528673835125448
3.1359,38.0,4.10668380462725
3.0321,32.0,4.292242295430393
7.1831,18.0,5.572413793103448
1.1386,52.0,3.914942528735632
2.1074,24.0,3.2549019607843137
4.0729,32.0,6.470873786407767
2.9315,46.0,5.135265700483092
1.6797,52.0,4.396103896103896
3.6486,25.0,3.699513381995134
5.3625,7.0,5.97071129707113
1.3047,41.0,5.6389891696750905
4.45,10.0,5.834752981260648
1.9728,32.0,5.468208092485549
3.6417,27.0,4.262865090403338
3.2452,17.0,5.841573033707865
2.811,15.0,6.485013623978202
3.7301,52.0,5.147971360381861
2.1719,27.0,3.8298755186721993
4.7375,32.0,5.553030303030303
3.7143,9.0,5.450847457627119
7.8426,35.0,6.708677685950414
3.7652,20.0,6.115921787709497
3.3125,22.0,6.175548589341693
4.8068,44.0,4.554817275747508
3.5966,50.0,5.2952755905511815
5.0346,10.0,7.106598984771574
3.4643,46.0,5.26875
1.6571,34.0,4.454976303317536
15.0001,26.0,12.5
2.3214,6.0,4.0710382513661205
2.2121,37.0,4.043307086614173
5.7421,16.0,17.322916666666668
4.6023,8.0,5.917293233082707
1.125,26.0,5.0
3.3472,19.0,5.802752293577981
6.1785,5.0,7.197784810126582
4.2155,8.0,8.315391879131257
1.2315,43.0,4.053191489361702
2.5804,48.0,5.453172205438066
3.7232,33.0,4.353474320241692
2.694,28.0,4.35251798561151
4.5402,34.0,6.441791044776119
5.0,44.0,6.388429752066116
5.223,33.0,5.584126984126984
3.8897,38.0,5.572916666666667
1.8419,18.0,6.946268656716418
1.9375,16.0,5.303664921465969
6.5322,14.0,8.079681274900398
3.3009,15.0,5.777992277992278
2.1538,25.0,4.324210526315789
3.6298,34.0,4.28968253968254
4.3542,36.0,6.3112033195020745
4.5486,52.0,6.884057971014493
3.9099,33.0,4.55108877721943
3.9375,28.0,4.907834101382488
2.3849,11.0,4.983529411764706
3.1071,18.0,5.657534246575342
4.119,32.0,4.651234567901234
4.7969,25.0,6.283042394014963
2.4674,31.0,5.125523012552302
6.4328,24.0,6.333333333333333
7.3843,27.0,7.38391502276176
4.5208,32.0,4.606459330143541
5.399,34.0,5.35258358662614
4.1189,42.0,5.83989501312336
1.8333,40.0,5.037037037037037
2.9728,36.0,4.299465240641712
13.1477,11.0,7.822064056939502
2.6103,2.0,7.30859375
3.1289,42.0,4.508604206500956
3.3462,14.0,18.348754448398576
6.4894,16.0,7.381656804733728
3.2386,52.0,5.58125
4.4519,26.0,5.722397476340694
3.2396,52.0,4.02156862745098
6.632,27.0,5.879218472468916
2.5685,20.0,4.795073891625616
4.3862,33.0,5.648520710059172
4.8382,45.0,5.4944444444444445
3.0219,29.0,5.890939597315437
4.0505,29.0,5.543835616438356
9.3603,51.0,6.765586034912718
3.1528,35.0,4.158940397350993
3.5562,43.0,5.033846153846154
3.8828,34.0,6.701492537313433
1.8462,25.0,4.545045045045045
0.844,26.0,3.6835664335664338
4.0764,41.0,5.530909090909091
3.5521,35.0,6.277777777777778
4.4312,45.0,5.671394799054373
2.1979,8.0,5.642380708055413
2.9507,44.0,4.82680412371134
6.1572,25.0,7.051136363636363
3.9309,18.0,6.318881118881119
3.6058,52.0,4.983240223463687
2.8125,29.0,6.078571428571428
2.4322,12.0,5.105125977410947
1.4514,38.0,5.78
3.2622,33.0,4.824055666003976
3.9265,11.0,4.975903614457831
4.9091,35.0,7.158371040723982
1.3241,25.0,1.6544401544401544
3.6806,15.0,5.744648318042813
2.5035,10.0,4.871227364185111
2.8393,26.0,3.696969696969697
3.4703,5.0,5.649149922720247
6.6689,32.0,7.064377682403434
10.3354,5.0,8.8300395256917
3.443,18.0,4.731107205623902
2.5035,20.0,4.484782608695652
3.8171,18.0,5.119732785200411
8.6963,33.0,5.92619926199262
5.3637,28.0,6.693486590038314
3.8056,29.0,6.391304347826087
3.3854,31.0,4.11669658886894
4.7168,11.0,5.683684794672586
4.3586,8.0,5.744265080713679
3.1912,33.0,5.288753799392097
6.148,34.0,6.218954248366013
3.6875,22.0,4.510948905109489
2.3696,17.0,5.765743073047859
1.7132,21.0,3.820197044334976
4.9205,31.0,5.820359281437126
6.7395,26.0,7.929078014184397
2.3929,30.0,3.340086830680174
3.0284,44.0,4.680981595092025
1.125,23.0,6.130434782608695
8.051,19.0,7.352459016393443
6.0804,42.0,5.244274809160306
10.8289,9.0,6.825027685492802
2.6071,28.0,4.76592082616179
5.1322,43.0,4.309859154929577
4.0893,38.0,3.814432989690722
3.7549,23.0,3.3681183237469186
4.7325,19.0,5.940186915887851
1.9405,43.0,3.148846960167715
4.3472,30.0,5.136448598130841
3.875,11.0,9.37546468401487
3.6588,45.0,4.93993993993994
7.898,23.0,6.665217391304348
5.1045,14.0,7.395498392282958
7.3718,26.0,5.486111111111111
15.0,19.0,7.626262626262626
4.425,33.0,6.103359173126615
3.3368,16.0,4.946428571428571
5.1104,26.0,5.530066815144767
4.3409,30.0,5.130508474576272
1.4886,35.0,3.3049645390070923
2.4219,34.0,4.950177935943061
1.1875,52.0,3.354430379746836
4.1154,26.0,6.191044776119403
5.0923,16.0,7.176351351351351
4.6364,11.0,3.945701357466064
2.4482,11.0,4.150918635170604
3.725,21.0,6.219269102990033
2.0591,15.0,4.840046029919447
5.5791,32.0,6.610223642172524
3.3977,34.0,5.1611721611721615
4.4432,35.0,5.322077922077922
6.0,40.0,5.990196078431373
3.83,35.0,5.593283582089552
3.0208,36.0,3.902173913043478
3.1071,24.0,5.132075471698113
2.775,52.0,5.9395770392749245
4.2448,10.0,4.823889739663094
3.0139,45.0,4.796610169491525
0.9751,48.0,4.204761904761905
6.005,30.0,6.657794676806084
3.5556,25.0,4.022012578616352
4.375,51.0,6.502164502164503
13.1738,19.0,7.893732970027248
1.9928,42.0,4.077844311377246
6.2162,16.0,6.639658848614072
1.89,49.0,5.221476510067114
4.7667,30.0,5.244604316546763
4.9384,28.0,5.005649717514125
3.225,46.0,4.326639892904953
2.9917,36.0,4.875555555555556
1.825,37.0,3.777089783281734
5.4243,25.0,6.390845070422535
4.0977,50.0,4.788008565310492
2.1542,27.0,3.182142857142857
5.9856,39.0,6.102564102564102
2.7268,30.0,4.1969072164948455
3.2104,25.0,3.417293233082707
4.9107,34.0,5.585365853658536
1.9167,42.0,3.193916349809886
2.3611,28.0,3.739622641509434
2.6083,27.0,3.5095320623916813
3.5164,32.0,4.481967213114754
7.4056,26.0,8.044230769230769
3.2,20.0,4.408119658119658
5.5266,12.0,7.1404682274247495
2.4821,24.0,4.769491525423729
1.9107,36.0,1.1304347826086956
5.6652,17.0,6.07514450867052
2.8203,27.0,4.148264984227129
4.1667,35.0,5.276951672862453
2.5329,31.0,4.055639097744361
3.1875,11.0,5.286178861788618
1.8224,44.0,3.7506702412868633
2.7598,10.0,4.895934959349593
5.234,15.0,6.533169533169533
7.1366,23.0,5.685393258426966
2.3125,18.0,13.440677966101696
10.076,12.0,6.994535519125683
4.8702,33.0,7.047297297297297
5.0509,19.0,6.362021857923497
6.925,18.0,7.902004454342984
9.0064,36.0,8.321678321678322
4.3875,52.0,6.275
9.821,21.0,7.548537234042553
5.2329,33.0,6.668213457076567
3.9615,36.0,5.964601769911504
4.3882,52.0,5.125964010282776
3.6611,29.0,4.44543429844098
1.972,13.0,4.838235294117647
3.4444,48.0,5.040358744394619
2.9667,42.0,5.144886363636363
4.1776,35.0,4.425172197871008
3.4583,35.0,4.341288782816229
3.6094,29.0,4.930434782608696
4.3103,33.0,5.013189448441247
3.6646,7.0,6.002450980392157
2.6806,42.0,3.7588832487309647
4.6719,17.0,5.980327868852459
5.894,47.0,6.0055401662049865
1.6389,44.0,4.43859649122807
1.7388,12.0,5.7688356164383565
6.8268,34.0,6.797665369649805
2.6944,19.0,5.439363817097416
1.5536,25.0,4.088785046728972
6.0661,16.0,5.992537313432836
2.9375,45.0,4.492331288343558
2.4408,32.0,4.457207207207207
2.5469,38.0,5.1440677966101696
2.3169,28.0,3.680473372781065
3.1215,36.0,3.85632183908046
2.1743,30.0,3.364394993045897
2.6618,10.0,6.204081632653061
1.6445,18.0,3.973314606741573
1.74,28.0,6.158892128279883
3.95,40.0,5.517571884984026
4.0529,17.0,5.643026004728132
3.0906,52.0,3.940503432494279
3.0221,25.0,4.350364963503649
3.0199,25.0,4.067385444743936
3.1442,21.0,4.709163346613546
3.9243,44.0,4.276442307692308
2.0625,39.0,5.837528604118993
4.0061,30.0,5.3241525423728815
2.3886,16.0,5.254716981132075
7.916,23.0,8.572538860103627
4.1023,46.0,4.80859375
1.8641,43.0,3.5779967159277506
2.4074,24.0,3.333333333333333
4.1765,52.0,4.952808988764045
1.439,17.0,3.797752808988764
5.0874,36.0,5.637254901960785
3.9688,52.0,5.135775862068965
4.6864,35.0,6.450495049504951
3.0143,44.0,3.7838479809976246
4.9167,16.0,4.558109833971903
2.5733,23.0,5.535714285714286
0.9204,43.0,4.1645569620253164
2.3523,37.0,3.800859598853868
3.183,33.0,4.132
1.5615,38.0,4.282918149466192
2.7989,27.0,5.9221789883268485
1.5982,20.0,6.124015748031496
6.3749,24.0,7.0
2.8456,30.0,4.970588235294118
1.6983,10.0,4.471930906847625
2.6833,52.0,4.139013452914798
3.5096,23.0,3.939330543933055
3.5667,32.0,4.180064308681672
2.5343,39.0,4.216931216931217
6.2899,15.0,6.961439588688946
5.7695,3.0,4.8262626262626265
4.025,52.0,5.708333333333333
3.1618,17.0,5.166979362101313
8.3605,33.0,7.161716171617162
4.0132,26.0,5.904109589041096
5.2452,4.0,5.945010183299389
2.9097,8.0,3.817014446227929
1.97,41.0,4.695560253699789
3.9063,18.0,5.740139211136891
3.3906,20.0,4.504118616144975
3.9954,52.0,4.655263157894737
2.8289,38.0,4.438148443735036
3.2845,16.0,4.642126789366054
2.2202,22.0,4.557017543859649
2.875,26.0,5.1697612732095495
2.375,48.0,3.6
2.7727,19.0,5.091295116772824
3.0298,52.0,5.183673469387755
4.2639,46.0,9.076923076923077
5.9499,25.0,5.134275618374558
4.0,4.0,5.268041237113402
1.9881,37.0,3.600790513833992
3.7361,35.0,5.734848484848484
2.6667,49.0,4.2
4.7031,34.0,5.5019607843137255
3.1757,50.0,4.5
5.6336,40.0,5.89568345323741
4.2437,35.0,5.836683417085427
3.75,12.0,5.169789227166277
3.0587,5.0,5.284007352941177
2.6288,23.0,6.421906693711968
2.875,38.0,4.2133891213389125
1.8793,38.0,5.744588744588745
2.3276,29.0,4.731075697211155
4.9773,12.0,7.302180685358255
3.3125,4.0,4.198209718670077
4.2667,46.0,5.256055363321799
3.9537,17.0,6.013461538461539
2.3194,32.0,4.389671361502347
5.195,23.0,6.182389937106918
3.0288,40.0,5.125506072874494
2.113,34.0,3.791814946619217
4.3451,24.0,6.483771251931993
7.1576,52.0,10.344827586206897
4.1552,34.0,4.64
2.4267,35.0,3.55637707948244
2.9569,27.0,6.233082706766917
1.3684,52.0,4.082644628099174
3.0319,49.0,4.402272727272727
2.6648,39.0,5.598705501618123
4.6937,33.0,5.316666666666666
8.0639,35.0,8.022598870056497
3.9044,20.0,3.714479025710419
2.065,26.0,10.583333333333334
2.1771,18.0,5.127272727272727
3.4937,44.0,5.522556390977444
2.8235,32.0,5.101321585903084
2.8424,30.0,3.9277504105090313
3.2643,29.0,3.688082901554404
4.505,32.0,3.5763546798029555
3.3015,33.0,4.334728033472803
1.625,33.0,4.491071428571429
1.6645,37.0,5.466292134831461
4.0446,36.0,5.726224783861672
2.4949,44.0,5.318284424379232
5.0827,18.0,5.503731343283582
2.7292,32.0,3.722488038277512
2.1679,34.0,4.792405063291139
2.1273,24.0,4.035509736540664
4.6902,10.0,6.534569983136594
1.4773,27.0,3.2086553323029365
2.918,20.0,3.690578158458244
6.5842,35.0,5.762658227848101
2.2,20.0,4.303317535545023
5.5121,34.0,6.024390243902439
3.886,17.0,4.70197486535009
2.125,28.0,5.007017543859649
5.742,25.0,5.886075949367089
3.9783,52.0,4.532307692307692
3.2422,33.0,4.672199170124482
4.7027,14.0,4.951739618406285
2.1667,36.0,6.573099415204679
3.055,41.0,4.119891008174387
0.8438,17.0,2.9079754601226995
3.0875,26.0,4.725543478260869
5.4829,15.0,6.075165806927045
6.0531,26.0,6.685840707964601
4.3472,47.0,6.047619047619048
4.9537,52.0,6.504409171075838
3.0568,41.0,5.95320197044335
6.6704,25.0,6.829317269076305
15.0001,52.0,9.867036011080332
3.7206,12.0,6.469302809573361
3.5492,25.0,4.946043165467626
5.3506,33.0,5.32295719844358
6.0196,35.0,5.638297872340425
3.1628,35.0,3.8238532110091743
1.7188,26.0,4.93646408839779
2.1635,36.0,5.032128514056225
4.0859,49.0,5.486363636363636
2.4934,44.0,4.754716981132075
3.375,16.0,6.013372956909361
3.5652,16.0,6.192
1.6354,37.0,2.7058823529411766
5.6687,34.0,5.587591240875913
4.2833,44.0,5.079913606911447
3.6875,17.0,10.03370786516854
3.5368,34.0,5.965141612200436
3.3681,18.0,5.410377358490566
3.6023,33.0,5.737430167597766
5.9441,15.0,6.87719298245614
2.6894,30.0,3.6733870967741935
7.8383,52.0,7.726351351351352
4.5469,4.0,5.219594594594595
5.5376,42.0,7.0
1.8238,46.0,2.3595178719867
2.7188,14.0,7.972746331236897
2.905,37.0,5.044444444444444
6.439,6.0,7.037116345467523
3.2024,30.0,4.882252559726963
4.4472,18.0,5.445179584120983
3.3021,20.0,5.0
5.8083,10.0,5.6940298507462686
2.0521,45.0,4.506142506142506
1.9375,42.0,4.827956989247312
2.3276,23.0,5.625444839857651
2.35,14.0,5.3418803418803416
2.7857,30.0,5.135185185185185
7.9614,43.0,5.702517162471396
4.2321,17.0,6.323797139141743
2.5592,16.0,5.554
2.425,17.0,3.4791271347248576
3.2371,33.0,4.289699570815451
3.7105,52.0,4.837719298245614
4.8611,26.0,5.176630434782608
4.4464,52.0,4.394919168591224
3.4722,25.0,5.313380281690141
2.6767,15.0,4.512448132780083
8.1001,27.0,7.301455301455301
4.3833,6.0,7.562753036437247
1.9472,40.0,5.026490066225166
3.2545,27.0,4.962472406181015
4.8125,21.0,7.02710843373494
4.9196,7.0,6.3158551810237205
5.9941,23.0,6.495274102079395
3.4239,12.0,4.518648018648019
4.7228,36.0,5.41743119266055
1.7991,43.0,4.332613390928726
3.9375,24.0,7.662721893491124
3.9784,18.0,4.718954248366013
1.4511,46.0,5.230769230769231
2.4524,25.0,3.657754010695187
1.5652,38.0,3.161290322580645
3.5625,24.0,5.424920127795527
2.1116,25.0,4.897226753670473
4.2885,31.0,5.506238859180035
2.5656,21.0,4.375757575757576
4.0052,30.0,4.237735849056604
3.5076,39.0,4.08
2.375,36.0,2.333333333333333
2.3409,38.0,4.718631178707224
4.5321,14.0,5.643300798580301
6.9414,52.0,8.067193675889328
6.0487,15.0,7.616883116883117
5.7763,14.0,6.847746650426309
1.2387,42.0,4.248741188318228
2.225,42.0,2.438679245283019
3.6707,23.0,5.441176470588236
2.1563,22.0,3.653203342618384
2.1375,23.0,3.276371308016877
4.375,17.0,5.318781725888325
4.5,30.0,5.533333333333333
3.2705,52.0,4.772479564032698
1.8685,36.0,3.5824175824175826
1.3289,38.0,5.2290909090909095
4.8611,16.0,4.87603305785124
3.5441,14.0,5.980535279805353
3.244,36.0,5.227848101265823
1.7279,42.0,5.438095238095238
4.7295,14.0,5.60377358490566
1.5357,35.0,4.810495626822157
3.6042,52.0,5.167235494880546
4.2,38.0,5.316062176165803
1.4617,25.0,3.341708542713568
3.8018,18.0,3.801724137931034
3.4852,30.0,3.416204217536071
4.0972,30.0,5.687170474516696
4.375,2.0,4.42023346303502
6.4823,13.0,6.911804613297151
2.774,38.0,4.809523809523809
2.1549,22.0,5.022458628841608
7.1381,7.0,7.424698795180723
1.8,32.0,3.9397590361445785
2.875,43.0,6.314720812182741
3.3594,30.0,3.972972972972973
4.5556,34.0,5.710073710073711
9.1228,17.0,7.811142587346553
3.7232,31.0,4.360114777618365
4.5,50.0,5.569620253164557
3.625,37.0,4.060869565217391
2.7058,28.0,3.376308539944904
3.0466,15.0,3.0356798457087755
2.9871,52.0,3.724637681159421
3.3841,29.0,4.842031029619182
4.875,40.0,5.181818181818182
7.3252,24.0,6.7384615384615385
5.738,33.0,5.984615384615385
6.0224,15.0,6.635802469135802
3.3214,25.0,6.093862815884476
0.9355,24.0,3.482051282051282
1.881,25.0,5.56353591160221
3.3893,52.0,5.368029739776952
3.1797,48.0,4.1104651162790695
2.5909,17.0,4.871478873239437
7.2423,52.0,7.875
7.5582,38.0,5.676923076923077
4.0074,25.0,5.181818181818182
4.1375,43.0,5.181208053691275
3.2708,43.0,4.188571428571429
4.0043,44.0,4.930379746835443
2.5363,30.0,4.505235602094241
1.7446,16.0,7.284313725490196
3.5,43.0,5.287081339712919
5.8453,10.0,15.115384615384617
4.4611,21.0,6.275913497390008
1.6571,31.0,4.289137380191693
5.4618,13.0,36.06060606060606
3.5156,50.0,6.480337078651686
1.7981,34.0,4.108695652173913
2.1932,29.0,5.164444444444444
2.6806,52.0,4.806282722513089
2.4283,49.0,6.16996699669967
3.6639,21.0,5.584016393442623
3.6597,21.0,5.962121212121212
2.625,19.0,4.870307167235495
2.162,36.0,4.561611374407583
6.617,14.0,7.108481262327416
5.2596,16.0,6.056710775047259
1.3,36.0,4.245762711864407
4.1368,16.0,4.87779433681073
1.8363,37.0,4.62882096069869
3.1107,26.0,4.375168690958165
3.6161,9.0,5.490079365079365
4.0625,19.0,6.729064039408867
2.45,30.0,5.202443280977312
2.4375,39.0,4.844559585492228
2.5887,13.0,5.311004784688995
3.625,17.0,5.789333333333333
2.1061,16.0,4.638151425762045
3.3594,32.0,4.969298245614035
2.5523,36.0,3.930769230769231
2.25,39.0,3.820441988950276
3.0958,25.0,4.310618066561014
4.0675,11.0,6.538571428571428
1.6932,37.0,4.661971830985915
6.884,50.0,7.1035598705501615
3.7917,27.0,4.8352272727272725
4.2775,5.0,6.007339449541284
3.8906,30.0,5.630813953488372
3.3804,38.0,5.830097087378641
2.3958,33.0,4.941309255079007
0.4999,23.0,6.054545454545455
5.4727,34.0,6.312785388127854
1.5156,52.0,2.75
4.0328,16.0,6.844783715012722
3.7167,45.0,5.531963470319635
5.457,28.0,5.5303347280334725
3.4051,45.0,5.945922746781116
2.2961,35.0,4.119705340699816
3.075,13.0,33.98969072164948
2.5893,29.0,5.672077922077922
2.6689,12.0,2.9295154185022025
3.024,17.0,6.4734513274336285
3.1326,13.0,6.648414985590778
6.0648,36.0,5.8983739837398375
2.25,45.0,4.556962025316456
11.1121,15.0,7.778846153846154
2.0094,19.0,4.351529694061187
4.7955,33.0,5.673151750972763
2.5729,14.0,5.2704969595303
6.7527,23.0,7.064024390243903
4.069,28.0,5.247349823321555
6.4524,25.0,6.925925925925926
6.0274,36.0,6.2075471698113205
5.2032,10.0,6.277064220183486
7.9943,16.0,8.367609254498715
5.3922,34.0,6.362758620689656
3.25,46.0,4.972413793103448
6.0884,33.0,5.819148936170213
2.5164,36.0,4.181297709923665
4.0452,11.0,3.474464579901153
2.8214,29.0,4.763527054108216
3.3026,9.0,5.370542635658914
5.5519,35.0,6.416256157635468
4.8929,35.0,5.638235294117648
4.2813,17.0,6.463414634146342
4.0529,33.0,4.028497409326425
3.0667,19.0,5.357495881383855
2.5625,38.0,8.085308056872037
4.1411,30.0,4.978998384491114
2.9405,39.0,4.348530901722391
6.1863,16.0,7.317494600431965
3.1528,23.0,5.652985074626866
4.1705,11.0,5.563758389261745
0.8836,30.0,2.662280701754386
4.2266,33.0,4.621333333333333
1.8967,15.0,5.40877598152425
4.025,21.0,5.478935698447893
4.7946,24.0,6.311233885819521
8.1657,32.0,7.2166584035696575
5.2732,15.0,4.81145584725537
2.1786,46.0,4.157894736842105
3.371,42.0,4.530120481927711
3.0606,16.0,5.276060764798324
4.625,42.0,5.304878048780488
4.81,42.0,4.979498861047836
5.3135,36.0,6.212410501193317
6.3308,33.0,7.183385579937304
6.5945,21.0,8.132992327365729
1.4107,29.0,4.247443762781186
2.3523,52.0,5.172839506172839
3.2234,17.0,5.2
2.1974,22.0,3.141025641025641
2.0,31.0,3.894375857338821
1.7917,34.0,4.398496240601504
2.2429,52.0,4.638349514563107
3.2642,34.0,5.7
1.3169,47.0,2.1530944625407167
2.6736,52.0,4.0
13.1499,7.0,8.802531645569621
4.575,36.0,5.625
4.5938,20.0,5.136792452830188
2.0278,31.0,2.8469284994964754
3.2258,10.0,5.604651162790698
3.5083,43.0,5.084558823529412
4.075,49.0,5.361305361305361
3.6417,52.0,4.587131367292225
5.083,4.0,6.968606932635709
1.9439,17.0,3.6409155937052935
4.1458,6.0,6.575
2.5162,21.0,4.429347826086956
4.3098,52.0,5.436708860759493
2.919,19.0,5.68941504178273
2.325,24.0,5.186131386861314
2.3266,43.0,4.478823529411764
5.5592,31.0,6.284414106939704
4.5936,2.0,9.524554269627776
2.5898,43.0,5.425974025974026
5.5486,34.0,5.352697095435684
2.7566,25.0,4.803355079217148
3.5525,7.0,5.273611111111111
4.9312,46.0,6.052380952380952
7.1669,52.0,6.140186915887851
3.2308,34.0,4.595907928388747
7.7643,26.0,6.270396270396271
4.0,49.0,4.361702127659575
6.2935,26.0,7.49831081081081
8.3337,24.0,7.915
5.0237,52.0,5.2559241706161135
3.6548,29.0,4.643454038997215
4.6625,44.0,6.197333333333333
5.1185,15.0,6.2020905923344944
5.2999,33.0,6.050691244239632
3.5375,35.0,6.543956043956044
7.316,13.0,6.694096601073345
4.4766,5.0,7.013544018058691
2.2813,29.0,3.446397188049209
4.3203,37.0,5.140625
1.5625,38.0,5.097510373443983
2.5902,14.0,5.202608695652174
3.2872,17.0,4.558295964125561
4.4102,34.0,6.098630136986301
8.4699,25.0,7.627684964200477
3.4583,41.0,4.582945736434109
3.0445,36.0,4.042813455657492
3.8984,40.0,6.43312101910828
1.7213,44.0,4.894353369763206
4.0882,52.0,4.312629399585921
2.8202,24.0,3.136150234741784
4.5859,17.0,4.433333333333334
5.1681,52.0,6.913419913419913
4.1667,35.0,4.931693989071039
4.53,35.0,5.601415094339623
2.6974,31.0,4.614906832298137
1.8783,45.0,4.445333333333333
4.9904,15.0,6.9077809798270895
3.024,27.0,4.725536992840095
5.1524,36.0,4.984703632887189
3.1989,31.0,4.376310272536688
3.8893,25.0,4.576399394856279
3.6856,33.0,5.950718685831622
6.3942,4.0,5.681271810779372
3.7904,15.0,6.109813084112149
6.67,11.0,6.495067817509248
1.55,36.0,2.701046337817638
4.3429,9.0,6.17828418230563
1.6318,19.0,2.909090909090909
2.6074,17.0,4.43801652892562
6.5533,34.0,6.43115438108484
12.3804,52.0,9.122715404699738
6.7599,31.0,6.18780487804878
4.5357,27.0,5.162079510703364
3.3882,44.0,7.325301204819277
3.0486,26.0,4.756410256410256
4.7135,28.0,4.950749464668094
2.1494,37.0,4.479923518164436
1.7169,36.0,4.706959706959707
0.949,52.0,2.5241090146750524
1.6094,27.0,4.887323943661972
3.1799,35.0,5.656565656565657
4.1302,30.0,5.502183406113537
3.6905,21.0,4.058917197452229
3.3571,52.0,7.034883720930233
5.0861,35.0,6.051724137931035
4.5,21.0,5.721830985915493
4.9583,10.0,5.0625
6.8787,38.0,6.12520325203252
3.6484,31.0,4.681388012618297
5.2561,19.0,6.159645232815964
7.7068,35.0,7.126984126984127
4.0139,36.0,5.546052631578948
4.9306,52.0,6.184426229508197
2.2321,36.0,5.865671641791045
1.4274,22.0,3.992248062015504
8.0082,16.0,7.790528233151184
4.8836,20.0,4.382957884427032
1.2434,52.0,2.929411764705882
2.25,16.0,4.331113225499524
2.7545,24.0,3.5313351498637604
3.233,32.0,5.751497005988024
3.9187,39.0,5.6109422492401215
2.1406,19.0,2.847741935483871
2.7083,18.0,4.99
2.5872,31.0,3.8357963875205257
6.5254,38.0,6.821510297482837
3.75,10.0,3.45
3.0101,12.0,4.74845869297164
3.3889,32.0,4.086486486486487
2.2417,18.0,5.15015015015015
10.7309,52.0,7.850364963503649
2.7473,32.0,4.739413680781759
3.3958,38.0,5.266447368421052
2.1971,52.0,3.0926640926640925
5.1698,26.0,5.057591623036649
2.4,13.0,5.246882793017456
8.7385,16.0,8.244623655913978
3.0437,20.0,3.860805860805861
4.8283,4.0,6.795894428152493
3.2596,42.0,4.0117096018735365
2.6042,46.0,4.489563567362429
13.2986,17.0,7.299528301886792
3.1932,17.0,3.7431781701444624
2.2917,30.0,3.606761565836299
2.8375,21.0,5.286396181384248
3.8512,47.0,5.280112044817927
3.7198,18.0,3.404017857142857
2.07,30.0,3.132416165090284
4.163,49.0,4.71830985915493
4.125,37.0,7.285714285714286
2.5643,32.0,6.164904862579281
1.528,43.0,4.651515151515151
8.1397,17.0,7.480769230769231
2.0385,25.0,5.021875
5.2799,36.0,5.3203125
3.6719,45.0,4.177777777777778
5.0796,36.0,6.025125628140704
1.1667,37.0,4.022792022792022
1.7208,27.0,3.669856459330144
2.9784,35.0,4.524390243902439
2.9936,12.0,5.5
3.0161,52.0,4.673721340388007
5.2742,17.0,8.908653846153847
2.3229,16.0,5.205357142857143
2.9386,23.0,3.815136476426799
7.7572,52.0,7.070247933884297
5.0869,23.0,6.419540229885057
4.375,15.0,5.373626373626373
1.9762,52.0,4.242753623188406
3.9464,7.0,6.167582417582418
2.9271,48.0,5.046594982078853
3.1275,29.0,4.501564129301356
4.8906,36.0,6.34703196347032
4.4485,35.0,6.414110429447852
2.6667,14.0,3.4956413449564137
2.9491,49.0,4.939716312056738
4.4886,21.0,6.45119305856833
4.25,40.0,5.302593659942363
2.9167,24.0,4.766718506998445
7.3409,23.0,8.185185185185185
1.7,17.0,5.20554272517321
4.3393,43.0,5.071949947862357
4.875,18.0,6.028871391076115
5.9641,44.0,4.357142857142857
3.8185,27.0,5.326359832635983
4.0827,8.0,5.484751203852327
4.0345,25.0,5.466124661246613
3.8582,15.0,4.7941653160453805
3.125,12.0,5.786377708978328
2.3958,37.0,6.095238095238095
1.2826,48.0,2.3865546218487395
3.2115,37.0,4.136518771331058
4.4394,34.0,5.020527859237537
3.2028,32.0,4.217270194986073
5.5842,5.0,6.92914653784219
7.1885,37.0,7.327586206896552
6.6827,13.0,6.916606757728253
2.065,19.0,4.3273415326395455
5.6846,27.0,6.016096579476861
4.962,20.0,24.532894736842103
1.6236,17.0,5.47469220246238
4.3438,19.0,5.181500872600349
1.6667,30.0,5.265217391304348
3.4028,27.0,3.706206896551724
4.6806,23.0,5.674418604651163
3.7609,6.0,4.446478873239436
3.875,36.0,5.408759124087592
2.1167,48.0,4.536184210526316
2.1474,21.0,4.965156794425087
3.65,49.0,3.769230769230769
3.5,32.0,4.733918128654971
3.4151,52.0,5.1703511053316
2.5074,35.0,4.882154882154882
3.4896,9.0,5.9620596205962055
6.4789,15.0,7.909230769230769
2.7656,31.0,5.404166666666667
4.1652,17.0,5.039473684210527
4.4896,35.0,5.540425531914893
6.4001,16.0,6.131661442006269
1.8958,33.0,4.939516129032258
3.1795,32.0,4.889830508474576
6.2007,4.0,5.769570011025358
2.1324,36.0,3.671186440677966
2.6875,22.0,5.889688249400479
2.5437,12.0,5.065656565656566
8.289,25.0,6.788679245283019
3.3827,30.0,5.655122655122655
3.2699,34.0,4.828859060402684
4.1301,52.0,5.696230598669623
1.9241,38.0,3.9356223175965663
2.0865,40.0,5.2288557213930345
4.2656,22.0,6.697074010327023
1.2222,32.0,4.401305057096248
5.5,26.0,5.735384615384615
1.6641,43.0,4.628440366972477
3.8235,10.0,5.34593837535014
4.3849,36.0,5.567741935483871
2.2449,30.0,7.508038585209003
3.25,37.0,4.66896551724138
1.4042,46.0,4.401574803149607
3.4044,18.0,6.171232876712328
3.2689,31.0,4.409298780487805
3.5179,25.0,4.96969696969697
3.3482,21.0,5.366824644549763
1.75,16.0,5.890459363957597
3.087,20.0,9.78735632183908
4.7337,22.0,5.76008064516129
2.49,26.0,4.542808219178082
3.1579,22.0,3.673186119873817
5.2443,35.0,6.673003802281369
2.6875,45.0,4.212765957446808
4.6488,16.0,6.350847457627118
3.1554,36.0,5.735562310030395
2.1691,31.0,5.322115384615385
3.066,17.0,5.346303501945525
3.0608,22.0,4.750515463917526
3.6471,12.0,4.628378378378378
3.3958,39.0,5.006211180124224
3.9236,52.0,5.495164410058028
2.1496,16.0,5.398176291793313
3.0404,32.0,5.037162162162162
6.1668,9.0,7.596153846153846
3.3906,44.0,4.258928571428571
5.0731,9.0,5.071698113207547
2.6172,21.0,5.2719665271966525
4.3281,17.0,6.105882352941176
3.2596,36.0,5.288732394366197
1.858,23.0,3.901204819277108
4.0156,8.0,6.009009009009009
2.2727,40.0,4.995412844036697
4.5333,34.0,7.113564668769716
9.3694,51.0,8.300970873786408
3.96,45.0,4.944099378881988
2.0313,17.0,6.060728744939271
2.9982,25.0,4.331050228310502
1.6977,10.0,5.042962962962963
1.0208,25.0,3.5
7.6923,28.0,7.284403669724771
3.7986,38.0,5.35799522673031
8.0158,13.0,6.298550724637681
3.625,25.0,5.329136690647482
2.5737,30.0,4.685328185328185
5.1585,18.0,6.48015873015873
1.7562,30.0,3.4423076923076925
5.6779,16.0,6.443708609271523
3.0441,20.0,4.4932502596054
2.9726,9.0,3.603448275862069
10.4549,22.0,8.388135593220339
2.9815,20.0,5.954285714285715
2.5067,18.0,4.0807926829268295
3.0729,34.0,26.04109589041096
2.6875,16.0,5.022900763358779
3.7841,34.0,5.141856392294221
2.631,29.0,5.148023549201009
1.7212,39.0,4.584905660377358
0.6825,17.0,2.372549019607843
8.6718,32.0,7.073943661971831
3.0742,23.0,6.20259319286872
5.2444,33.0,6.753363228699552
1.2321,35.0,3.062256809338521
1.9722,31.0,3.8715365239294712
1.3371,29.0,7.705128205128205
8.9565,35.0,6.66554054054054
3.3125,27.0,4.149080348499516
3.8719,29.0,5.484674329501916
2.7098,47.0,4.330601092896175
2.4896,39.0,5.117647058823529
1.2059,18.0,2.537037037037037
3.0089,36.0,7.873015873015873
7.5696,4.0,8.026178010471204
6.1551,11.0,7.25615763546798
2.29,23.0,5.683381088825215
2.2054,47.0,5.271293375394322
4.325,42.0,4.799485861182519
4.65,25.0,5.109411764705882
6.3842,17.0,7.933660933660934
4.69,36.0,6.405882352941177
4.3621,13.0,4.752830188679245
2.4306,36.0,5.140845070422535
2.5551,35.0,4.018487394957983
4.1163,5.0,5.96985446985447
4.1328,52.0,6.710144927536232
5.3836,33.0,6.591666666666667
5.761,33.0,6.891447368421052
2.0357,30.0,3.2578512396694217
4.3397,21.0,5.373239436619718
6.4321,5.0,7.17981072555205
1.1915,45.0,5.594377510040161
4.4539,28.0,4.889417360285375
3.0588,28.0,3.781065088757397
8.4709,34.0,7.215
3.9816,27.0,4.928667563930014
5.086,17.0,7.359663865546218
2.5202,52.0,4.644699140401146
4.38,40.0,5.816479400749064
1.7813,34.0,3.762376237623762
1.5844,31.0,3.606126914660832
3.0047,9.0,4.008108108108108
3.4063,52.0,4.558194774346793
4.1837,22.0,5.670781893004115
11.216,36.0,8.443835616438356
2.9479,22.0,5.222493887530562
2.625,16.0,5.573248407643312
2.6014,36.0,3.8026315789473686
1.75,30.0,3.727272727272727
5.7705,25.0,6.494755244755245
5.6875,14.0,6.170871559633028
4.6944,36.0,5.299559471365638
3.9028,35.0,5.713761467889908
3.1746,22.0,3.665924276169265
4.106,10.0,5.7818012999071495
3.1406,33.0,5.448584202682564
2.2544,24.0,3.9936974789915967
5.0461,15.0,7.351981351981352
5.7451,17.0,5.482926829268293
2.02,22.0,3.933085501858736
3.0453,25.0,4.141382868937049
3.2331,33.0,5.987421383647798
2.4444,46.0,5.109014675052411
3.7857,27.0,6.371335504885994
2.0135,21.0,4.53030303030303
2.4792,26.0,6.12912087912088
1.9122,38.0,4.379052369077307
4.7237,6.0,5.10752688172043
5.5981,10.0,5.744525547445256
10.6186,17.0,7.92147806004619
2.095,52.0,3.821138211382114
3.0536,35.0,5.318435754189944
3.37,36.0,4.96013018714402
2.7339,28.0,4.057239057239057
1.0658,46.0,3.076923076923077
5.2402,52.0,6.200892857142857
1.4419,39.0,4.55425219941349
1.1607,50.0,4.038461538461538
3.59,34.0,4.257731958762887
5.2608,19.0,7.092857142857143
4.6161,10.0,4.281733746130031
1.3571,21.0,2.8147138964577656
3.2583,37.0,3.7880597014925375
3.3169,15.0,5.81505728314239
4.2292,36.0,5.76678445229682
3.3864,45.0,4.824175824175824
2.4233,5.0,4.361111111111111
8.0599,31.0,6.365248226950355
5.2328,49.0,5.660287081339713
4.8523,20.0,5.848341232227488
4.8611,39.0,5.259803921568627
4.5615,8.0,4.336903602726387
2.183,16.0,6.300675675675675
6.3586,23.0,7.651761517615176
6.4018,42.0,5.480916030534351
2.726,16.0,4.46218487394958
2.9735,34.0,4.301369863013699
1.3571,34.0,9.14420803782506
3.575,52.0,4.843505477308295
4.0848,8.0,6.350393700787402
8.5136,26.0,6.174050632911392
5.5337,52.0,5.188940092165899
3.1597,27.0,4.623529411764705
5.75,25.0,21.39743589743589
5.8661,16.0,7.888888888888889
2.75,33.0,3.331360946745562
6.2917,14.0,7.310262529832936
2.6152,17.0,4.62483039348711
2.1071,31.0,3.587044534412956
3.1389,14.0,4.578082191780822
2.9539,19.0,4.055238095238095
5.8718,6.0,6.505962521294719
1.6921,52.0,3.240740740740741
1.5076,24.0,3.192563081009296
1.6521,36.0,4.068476977567887
3.0486,34.0,5.443627450980392
2.1186,28.0,4.707581227436823
2.5833,30.0,4.546719681908549
2.101,21.0,4.413793103448276
5.8509,47.0,5.251655629139073
2.2,49.0,5.1875
5.2722,17.0,5.532423208191126
1.6122,41.0,3.2764976958525347
3.5189,17.0,5.498201438848921
1.8571,16.0,6.424924924924925
5.9546,39.0,5.669064748201439
5.6292,24.0,6.454954954954955
5.4032,7.0,5.948654037886341
4.2273,35.0,5.8566978193146415
1.6483,39.0,4.390781563126253
2.8594,22.0,4.715214564369311
4.6111,45.0,5.355437665782493
2.0672,37.0,2.8308431163287087
1.6081,35.0,3.354131534569983
1.9704,34.0,3.3976143141153083
4.131,24.0,5.397163120567376
3.4375,26.0,3.910909090909091
2.817,19.0,6.108695652173913
4.4271,44.0,5.51417004048583
2.5156,49.0,4.136246786632391
3.8214,24.0,5.733668341708543
3.1635,34.0,5.767650834403081
3.0542,37.0,5.094076655052265
1.1125,28.0,5.548275862068966
6.871,52.0,5.859813084112149
3.7308,35.0,5.690476190476191
3.7813,18.0,5.357142857142857
2.5769,35.0,4.870090634441088
3.3629,8.0,4.115044247787611
6.204,19.0,6.56420233463035
2.2925,7.0,6.12907045589106
8.0428,3.0,8.23943661971831
2.2467,46.0,5.940677966101695
2.1667,10.0,6.038277511961723
4.6628,16.0,5.413721413721413
3.325,39.0,4.869426751592357
2.925,26.0,5.283524904214559
3.9054,7.0,5.655263157894737
5.193,42.0,5.662100456621005
4.3214,18.0,5.645645645645645
2.6765,20.0,5.3008356545961
3.6923,28.0,5.854497354497354
1.933,15.0,5.431372549019608
2.0694,33.0,3.344519015659955
2.5156,20.0,5.491379310344827
1.7083,19.0,4.033678756476684
5.6168,13.0,6.727524204702628
2.8558,31.0,4.9918367346938775
5.5127,34.0,5.567049808429119
4.0729,4.0,6.163329161451815
3.3929,52.0,5.994652406417113
3.125,11.0,47.51515151515152
1.5962,46.0,4.344
4.81,15.0,6.54059405940594
6.3191,25.0,7.990338164251208
3.1719,39.0,5.759075907590759
7.0895,18.0,6.939130434782609
5.9684,25.0,6.413101604278075
4.7708,52.0,6.727699530516432
4.5086,16.0,5.7156398104265405
2.6071,52.0,4.074906367041199
2.9459,32.0,4.656934306569343
2.2245,29.0,4.965882352941176
4.4063,23.0,5.6679174484052535
4.5375,23.0,4.6
4.0526,44.0,5.724919093851133
2.9052,52.0,3.654520917678812
4.3846,15.0,6.2635983263598325
6.8901,46.0,5.12639405204461
5.2485,35.0,5.737341772151899
1.8564,37.0,3.814814814814815
2.0938,16.0,6.444444444444445
8.1871,18.0,10.581521739130435
5.4395,25.0,6.638403990024938
3.0125,40.0,3.8513513513513513
2.9464,19.0,5.672661870503597
4.4261,16.0,5.619393939393939
4.551,12.0,6.451313755795981
3.3306,15.0,3.912751677852349
3.3654,15.0,5.356401384083045
1.6786,35.0,4.065326633165829
5.6629,33.0,5.556053811659193
2.3056,25.0,5.74
2.1955,46.0,5.695020746887967
10.5941,18.0,7.537037037037037
4.0865,30.0,5.132743362831858
6.3231,45.0,4.434322033898305
6.0226,16.0,6.901554404145077
1.3889,16.0,5.5
1.3157,43.0,1.9118264520643808
5.3264,46.0,4.941176470588236
2.5013,52.0,3.104332449160036
4.2062,37.0,5.441860465116279
6.7385,18.0,6.846153846153846
4.5179,17.0,6.124183006535947
4.1538,36.0,5.764150943396227
3.3239,52.0,5.292328042328043
4.5744,20.0,5.434706397896582
2.3844,9.0,4.140442132639792
1.9667,44.0,4.866197183098592
3.6458,44.0,4.567961165048544
5.0528,26.0,6.064516129032258
3.2021,45.0,5.281437125748503
6.0905,26.0,5.631147540983607
7.5,35.0,6.374545454545455
5.5849,15.0,5.885662431941924
5.3661,10.0,5.762452107279693
3.1964,16.0,4.312594840667678
2.5495,15.0,4.36556927297668
2.6667,26.0,3.6620416253716552
7.8392,36.0,7.762773722627737
1.8208,19.0,5.426997245179064
2.1889,29.0,4.548654244306419
2.5536,23.0,5.48
4.2917,6.0,5.142276422764228
2.8261,19.0,4.34156976744186
1.767,37.0,3.7111111111111112
5.6204,36.0,6.110738255033557
2.9545,47.0,5.632241813602015
4.7356,18.0,6.815668202764977
3.2024,15.0,5.952286282306163
3.6937,33.0,6.563318777292577
2.3199,15.0,3.130311614730878
2.5714,8.0,3.0375
4.4118,31.0,4.606512890094979
3.7083,35.0,5.858181818181818
4.4583,22.0,6.246875
3.6361,17.0,5.690134529147982
3.8036,33.0,4.216494845360825
4.739,26.0,6.464
3.7321,41.0,4.5863539445629
3.0417,25.0,4.926605504587156
2.5227,30.0,4.341121495327103
1.6038,23.0,4.505030181086519
3.33,15.0,4.90979381443299
2.0848,38.0,3.4036281179138324
4.5096,30.0,5.165048543689321
5.269,36.0,6.090909090909091
6.2907,15.0,5.974924774322969
3.662,8.0,6.619926199261992
2.1413,38.0,4.679245283018868
3.9583,19.0,4.842293906810036
7.5,8.0,6.564885496183206
4.475,47.0,5.628571428571429
1.6136,27.0,2.7195121951219514
3.4427,30.0,4.68760907504363
2.6604,46.0,4.738700564971752
4.6554,11.0,5.975945017182131
3.3611,23.0,5.326923076923077
2.6635,32.0,4.155629139072848
2.7139,52.0,5.389830508474576
2.0,5.0,4.572668112798264
6.4599,15.0,7.8125
4.0806,19.0,5.9423076923076925
3.4063,28.0,5.488372093023256
12.632,5.0,7.462962962962963
5.3168,18.0,6.638888888888889
2.425,39.0,5.832844574780059
1.9362,33.0,4.210216110019647
2.359,40.0,3.6991596638655455
5.1072,49.0,5.989203778677463
2.3179,14.0,6.138297872340425
4.5053,34.0,5.436991869918699
2.505,11.0,5.459047619047619
10.6349,24.0,6.340361445783133
2.7083,52.0,4.9523809523809526
6.9014,27.0,7.925373134328358
2.1975,41.0,5.373801916932908
3.5213,48.0,4.845070422535211
3.2857,21.0,3.945827232796486
3.125,23.0,5.545454545454546
4.3687,33.0,4.851063829787234
3.0592,28.0,5.378516624040921
2.4643,27.0,3.8486646884273
3.776,29.0,4.622754491017964
3.6964,28.0,4.78968253968254
1.9375,52.0,2.927083333333333
4.4602,14.0,5.836215666327568
4.95,36.0,5.738505747126437
7.6526,29.0,7.01432664756447
2.5885,28.0,6.267910447761194
1.9125,36.0,3.332720588235294
5.5514,26.0,6.618518518518519
0.9705,42.0,3.8
1.0846,36.0,3.1
3.4455,10.0,5.512027491408935
3.8068,19.0,3.800904977375565
4.3897,35.0,6.141304347826087
6.3178,19.0,6.426829268292683
1.9132,31.0,2.899755501222494
2.8365,32.0,5.371900826446281
1.1853,16.0,3.996941896024465
1.7636,52.0,5.175637393767706
4.2281,26.0,5.990062111801242
3.0658,36.0,4.943548387096774
6.776,21.0,6.753371868978806
3.5848,47.0,5.502923976608187
4.65,43.0,7.126279863481229
4.1862,15.0,5.538551401869159
3.0642,48.0,3.472885032537961
2.7399,18.0,3.480611045828437
5.2692,4.0,5.756238003838772
1.1667,40.0,4.004524886877828
4.1058,30.0,6.368
3.0057,35.0,4.095307917888563
1.5152,30.0,2.425572519083969
4.8906,15.0,5.728132387706856
3.7115,20.0,6.091549295774648
2.5955,35.0,4.150442477876106
3.7847,52.0,4.739307535641548
4.9091,6.0,4.94017094017094
5.2051,13.0,6.842443729903537
1.3125,13.0,3.4217252396166136
1.7011,45.0,4.057017543859649
2.9167,8.0,6.50251256281407
3.0212,14.0,5.613680154142582
3.6429,28.0,4.116710875331565
3.3571,17.0,6.083333333333333
2.3309,48.0,2.5691489361702127
4.2857,16.0,5.273010920436818
3.2073,20.0,4.76332899869961
3.6406,39.0,3.932885906040268
4.5167,26.0,5.2593856655290105
2.25,25.0,5.893805309734513
3.835,43.0,4.769087523277467
7.2316,31.0,4.314199395770393
3.225,32.0,4.305714285714286
6.057,21.0,6.674358974358975
7.52,16.0,7.070769230769231
3.1111,43.0,4.196369636963697
4.2083,40.0,5.164133738601824
3.0396,16.0,4.83756345177665
3.5673,52.0,5.1940298507462686
3.2596,48.0,5.145985401459854
5.9585,14.0,7.272727272727272
7.1425,18.0,6.75632183908046
3.1667,23.0,5.225531914893617
3.8125,39.0,4.487012987012987
1.721,42.0,2.708256880733945
1.6654,15.0,4.90625
2.1806,8.0,4.884848484848485
4.5152,14.0,6.478142076502732
4.9236,5.0,5.682619647355164
1.3362,18.0,4.822299651567945
13.2949,4.0,9.104216388225934
4.125,29.0,4.7781954887218046
8.1248,18.0,7.85130890052356
3.3939,23.0,3.7406103286384975
5.0524,18.0,5.187869822485207
4.5938,5.0,5.767141009055627
4.4904,18.0,6.003120124804992
3.5051,17.0,3.9865513928914496
2.6765,26.0,5.415349887133183
4.0194,28.0,5.05503144654088
2.6964,31.0,3.6206896551724137
8.6123,21.0,8.056451612903226
11.6648,27.0,8.920833333333333
3.5611,12.0,6.175373134328358
7.5,50.0,6.127348643006263
4.8304,25.0,6.46455223880597
2.375,38.0,4.307065217391305
3.8958,4.0,6.631768953068592
1.8781,29.0,3.751269035532995
4.0625,44.0,5.10969387755102
4.7019,35.0,4.991769547325103
4.6186,32.0,5.031390134529148
2.8649,4.0,4.958477508650519
2.7614,18.0,3.4558058925476605
4.6731,36.0,4.945454545454545
3.7139,9.0,5.714093959731543
5.9629,17.0,6.867132867132868
1.2647,22.0,4.997214484679666
4.89,9.0,7.261061946902655
5.0947,12.0,6.765853658536585
4.0125,37.0,5.738589211618257
4.2262,14.0,6.540913921360255
5.4286,24.0,6.602649006622516
3.4426,22.0,5.794594594594595
6.2893,16.0,7.014354066985646
6.1628,31.0,6.993464052287582
5.5,18.0,6.743902439024391
2.8884,6.0,3.9479905437352247
2.6611,11.0,5.441441441441442
5.2838,36.0,5.9
6.1825,33.0,6.961165048543689
3.5833,36.0,5.181818181818182
3.3472,31.0,5.607142857142857
3.3929,28.0,5.673960612691466
6.8939,38.0,5.062068965517241
3.3125,44.0,5.033519553072626
1.2618,32.0,3.830409356725146
1.3801,36.0,4.5664160401002505
2.8007,40.0,4.244660194174758
2.3466,28.0,5.227777777777778
2.9375,35.0,5.167904903417534
3.4375,42.0,4.949275362318841
3.2159,23.0,5.576923076923077
2.0308,6.0,4.827556325823224
6.1168,34.0,5.875
4.5644,26.0,4.47887323943662
4.9716,16.0,14.851851851851851
1.6406,22.0,1.885057471264368
4.9583,28.0,6.759450171821306
3.2143,25.0,4.989293361884369
2.0437,36.0,3.9643799472295513
4.4356,3.0,5.9676470588235295
2.56,16.0,4.395061728395062
3.3281,25.0,5.102728731942215
2.3068,24.0,5.622710622710622
3.5161,24.0,4.501440922190202
2.5556,20.0,5.132478632478633
6.381,52.0,6.662337662337662
8.4045,7.0,7.63523372061605
2.5,17.0,6.104018912529551
4.0231,41.0,4.330561330561331
2.8478,31.0,3.740181268882176
2.375,22.0,5.4969450101833
4.0653,14.0,3.850920245398773
4.0179,18.0,4.442906574394463
4.0197,10.0,6.845819761129207
3.4837,35.0,4.672316384180791
10.5511,19.0,8.986206896551725
2.9028,11.0,4.013207547169811
9.08,18.0,8.925619834710744
2.6369,5.0,5.381526104417671
3.1087,24.0,4.735015772870662
3.125,33.0,7.238095238095238
3.4297,30.0,6.195979899497488
4.8603,16.0,6.790155440414508
6.3002,24.0,6.252252252252252
2.5599,42.0,2.8264462809917354
1.847,18.0,2.337027379400261
6.2089,26.0,7.298305084745762
4.73,45.0,5.922570016474465
3.7321,41.0,4.659217877094972
3.0437,33.0,4.705996131528046
3.6033,39.0,4.5701754385964914
3.8958,33.0,5.419354838709677
5.5677,4.0,5.92191435768262
2.4732,14.0,4.445402298850575
5.3765,15.0,6.502976190476191
2.4394,37.0,4.569200779727096
5.5184,35.0,5.624624624624625
2.1211,26.0,4.508474576271187
1.1111,19.0,5.830917874396135
2.8036,30.0,5.234413965087282
2.8247,15.0,4.953029759770527
3.5732,5.0,4.640919366993217
4.125,36.0,5.649681528662421
4.3145,31.0,6.465346534653466
3.3006,17.0,3.926091825307951
3.75,42.0,4.747787610619469
6.4755,36.0,5.81294964028777
5.2527,25.0,6.770491803278689
3.7321,36.0,5.9375
2.7434,11.0,4.622478386167147
12.8665,37.0,7.4575645756457565
5.6912,22.0,6.571251548946716
4.5743,28.0,4.881230116648992
3.8333,15.0,9.053571428571429
4.0221,20.0,6.441025641025641
2.3036,35.0,4.62051282051282
5.5351,4.0,8.584269662921349
4.0962,20.0,4.034090909090909
3.7527,38.0,4.410596026490066
8.5759,32.0,6.751412429378531
5.5931,23.0,5.876325088339223
3.775,9.0,5.552158273381295
8.0595,17.0,8.18840579710145
3.1467,41.0,4.882352941176471
1.9355,10.0,5.13655462184874
8.2953,11.0,7.471590909090909
5.102,8.0,5.681818181818182
3.7639,37.0,4.57429718875502
6.6657,26.0,7.249201277955271
4.7009,22.0,4.652096342551293
4.4565,5.0,4.488636363636363
4.5306,36.0,4.6209912536443145
7.4201,17.0,8.320441988950277
3.0542,27.0,4.756507136859781
6.3144,28.0,6.921190893169878
3.2042,11.0,5.852713178294573
4.0417,31.0,5.421841541755889
3.9265,31.0,5.062857142857143
4.3438,22.0,4.9357495881383855
2.824,36.0,4.467775467775468
3.7625,10.0,8.442105263157895
2.5,12.0,3.651252408477842
4.7891,20.0,5.493827160493828
3.0313,30.0,6.520912547528517
4.6484,17.0,6.9140625
3.2083,37.0,5.055147058823529
2.2264,31.0,4.9804469273743015
3.8581,35.0,5.359801488833747
3.1691,42.0,3.530092592592593
3.8272,23.0,6.108557844690966
2.9926,9.0,5.599353796445881
3.7321,36.0,5.235807860262009
4.0625,38.0,5.487870619946092
5.3526,15.0,6.214765100671141
2.2393,16.0,5.409259259259259
2.1071,18.0,4.641935483870967
3.4345,37.0,4.486486486486487
6.0074,16.0,6.862704918032787
6.2551,37.0,6.348623853211009
6.9418,8.0,6.741035856573705
1.6953,35.0,3.7439024390243913
7.2589,21.0,8.035714285714286
3.125,19.0,5.375
3.0897,52.0,4.040501446480231
2.945,52.0,4.27456647398844
2.6777,35.0,4.036565977742448
4.425,16.0,3.422582448295137
3.5735,25.0,5.448753462603878
0.536,16.0,4.5
3.7344,33.0,5.317380352644836
3.1305,25.0,4.310077519379845
4.5833,52.0,4.816901408450704
4.9286,25.0,6.735537190082645
1.5326,31.0,4.244111349036403
2.233,25.0,4.746987951807229
4.3021,8.0,5.927083333333333
2.1406,16.0,4.958333333333333
4.8,21.0,4.60377358490566
2.8919,52.0,5.140506329113924
2.1311,36.0,3.1661849710982657
2.3971,24.0,7.003401360544218
6.3923,27.0,5.907356948228883
2.0313,18.0,5.44
3.3864,25.0,4.436055469953775
1.9509,35.0,3.5727272727272728
2.6983,49.0,4.586894586894587
5.8399,16.0,5.589285714285714
6.7528,30.0,6.890374331550802
3.9417,42.0,5.074850299401198
3.2235,52.0,4.317596566523605
4.95,24.0,6.223642172523961
2.4474,19.0,5.20042643923241
3.2813,47.0,5.485714285714286
5.5067,41.0,5.666666666666667
3.6667,52.0,4.863636363636363
3.235,12.0,6.094650205761317
4.4,45.0,5.15625
3.0348,20.0,5.325475285171103
7.5557,36.0,7.743396226415094
4.275,48.0,5.302469135802469
2.3075,27.0,5.244744744744745
1.1295,29.0,3.639344262295082
2.3214,36.0,3.7256944444444446
6.5234,18.0,7.292626728110599
4.0167,35.0,4.950261780104712
5.3886,23.0,5.933760683760684
6.0965,34.0,6.420195439739413
7.6286,33.0,8.386666666666667
1.9038,34.0,2.341232227488152
5.2614,24.0,5.995753715498938
4.1833,22.0,6.564231738035264
4.0333,32.0,5.495176848874598
5.3363,16.0,4.529126213592233
10.0259,30.0,8.344444444444445
3.7092,17.0,5.141287284144427
5.7457,24.0,6.732793522267206
1.9412,42.0,4.372781065088757
5.5658,52.0,5.3
5.1993,36.0,5.219512195121951
2.4524,41.0,5.340116279069767
1.4205,28.0,31.0625
4.3333,15.0,11.024561403508772
2.6094,30.0,3.8747553816046967
3.2188,34.0,4.623145400593472
1.7857,25.0,5.019354838709678
5.3701,36.0,5.957345971563981
2.1289,14.0,4.461038961038961
3.5583,44.0,4.512280701754386
4.6957,13.0,6.189751801441153
3.2125,20.0,4.398081534772182
4.7279,30.0,6.255376344086022
4.4861,47.0,4.678466076696165
1.5109,38.0,4.895622895622895
0.8658,52.0,3.7265625
5.4333,29.0,7.233766233766234
2.2653,40.0,3.54739652870494
3.3801,20.0,4.186991869918699
3.3214,37.0,4.327142857142857
2.8202,52.0,4.330097087378641
5.1384,24.0,6.048249763481552
3.6681,34.0,5.326760563380281
7.1937,36.0,5.7784615384615385
3.703,22.0,3.881606765327696
4.3826,9.0,6.631578947368421
1.4113,52.0,4.295454545454546
7.7364,24.0,6.576271186440678
1.8407,49.0,5.117516629711751
4.1645,32.0,6.1985611510791365
2.5682,36.0,5.44
3.1765,32.0,5.41147132169576
2.4375,49.0,4.024390243902439
3.875,20.0,5.838
7.8005,7.0,19.65625
3.475,16.0,5.485074626865671
5.1024,28.0,5.210743801652892
0.8984,32.0,4.201581027667984
2.8357,16.0,4.469565217391304
2.551,37.0,4.840466926070039
1.5029,20.0,3.592380952380952
6.5635,10.0,6.982708933717579
3.8583,11.0,5.832591273374889
3.5978,27.0,6.013333333333334
4.97,52.0,6.685064935064935
4.1797,43.0,6.344569288389513
6.0663,30.0,6.862539349422876
3.2105,28.0,5.91820580474934
2.2304,42.0,4.664670658682635
4.2137,34.0,4.917710196779964
3.2243,20.0,4.936758893280633
4.1321,32.0,4.975113122171946
4.8264,6.0,5.489285714285714
5.9062,35.0,6.535934291581109
3.0919,28.0,3.5095541401273884
4.4659,38.0,5.219269102990033
2.2551,10.0,6.251968503937008
5.0222,37.0,6.2
4.2,35.0,4.372093023255814
1.76,52.0,2.636363636363636
2.7101,25.0,4.837320574162679
3.175,25.0,4.173913043478261
3.875,15.0,5.058405682715075
3.6563,33.0,5.223021582733813
7.2731,4.0,8.861438679245284
2.3929,31.0,3.744505494505496
5.1032,18.0,3.726651480637813
3.9803,35.0,5.201923076923077
7.2045,49.0,6.245614035087719
3.069,20.0,5.23783185840708
4.3723,19.0,5.956030150753769
3.915,34.0,5.301639344262295
3.494,31.0,4.508637236084453
2.0132,35.0,2.603174603174604
2.9063,27.0,3.7992700729927007
4.6354,16.0,5.485074626865671
3.0405,43.0,4.6657142857142855
3.2121,42.0,4.171957671957672
5.3409,15.0,6.081081081081081
2.2222,20.0,5.1875
2.6053,33.0,4.786632390745501
2.4926,21.0,4.796341463414634
1.2396,28.0,3.7578125
3.1062,29.0,4.618320610687023
7.2554,16.0,7.577154308617234
4.6484,2.0,6.406607369758577
2.1173,34.0,4.123232323232323
1.5954,27.0,2.2246376811594204
3.0,32.0,5.292792792792793
5.614,15.0,5.854736842105263
5.3649,32.0,6.399239543726236
2.7202,31.0,4.684466019417476
4.5417,36.0,6.203187250996016
1.375,26.0,3.675810473815461
0.9817,32.0,3.227146814404432
2.3424,31.0,4.0852713178294575
3.9727,17.0,5.745231030097499
2.6083,52.0,3.74618320610687
4.6838,52.0,6.146757679180888
2.2969,17.0,4.930163447251115
3.6509,34.0,5.018666666666666
1.7463,19.0,7.61214953271028
6.4858,12.0,5.55779427359491
4.7179,13.0,5.020175438596492
2.225,21.0,4.68561872909699
3.8583,31.0,6.457142857142857
2.3125,48.0,5.025714285714286
2.087,21.0,3.622516556291391
6.348,34.0,4.989881956155143
3.6167,29.0,3.186147186147186
3.3026,14.0,3.980676328502416
3.5855,35.0,4.473544973544974
6.0338,52.0,5.793427230046948
5.7211,23.0,6.46509009009009
7.5791,18.0,6.783904619970194
3.526,17.0,5.733606557377049
5.3787,42.0,6.905882352941177
3.1538,43.0,3.506726457399103
3.6429,25.0,4.304232804232805
2.6652,22.0,4.152302243211334
4.3523,5.0,6.425531914893617
3.7337,36.0,4.798053527980535
2.1607,48.0,4.401162790697675
2.3575,44.0,3.7475728155339807
5.9285,17.0,6.513064133016627
1.9167,16.0,6.278829604130809
0.6991,26.0,2.669021190716448
2.9063,33.0,5.252918287937743
4.2361,2.0,5.03639846743295
4.9444,16.0,5.533980582524272
1.3444,47.0,3.793307086614173
3.415,52.0,4.627639155470249
4.0057,37.0,5.489270386266094
7.309,8.0,7.745454545454545
3.1023,23.0,5.161375661375661
5.5,46.0,5.443956043956044
2.9085,21.0,3.962922573609597
8.3792,15.0,8.10074074074074
2.2292,28.0,4.476829268292683
5.5882,17.0,7.009193776520509
5.7942,36.0,6.008108108108108
7.9556,52.0,7.56
2.0227,44.0,5.102325581395349
4.3859,24.0,5.117224880382775
2.7708,4.0,4.423444976076555
6.2177,16.0,6.3915094339622645
1.8542,22.0,4.789115646258503
4.7193,15.0,6.6571428571428575
3.692,34.0,5.033088235294118
5.1985,30.0,6.334128878281623
2.1667,40.0,4.019047619047619
4.0122,20.0,5.437284234752589
2.6771,42.0,4.375
2.182,37.0,4.232970027247957
3.2813,45.0,5.934579439252336
5.7907,20.0,6.408260524225576
1.5521,30.0,3.8506787330316734
2.6384,16.0,4.527303754266212
3.6912,52.0,4.970588235294118
3.8333,34.0,4.6761904761904765
5.806,25.0,5.4858934169279
3.3636,43.0,4.397394136807818
3.1818,36.0,6.510067114093959
3.8068,34.0,4.630996309963099
4.3644,19.0,5.854783207157605
3.6111,22.0,5.617866004962779
7.2655,25.0,7.98936170212766
4.2059,28.0,6.149321266968326
0.8571,21.0,1.6296296296296295
4.125,36.0,6.030927835051546
4.8304,38.0,5.216648879402348
2.1522,43.0,3.4525316455696204
2.0156,47.0,3.6367924528301887
2.625,30.0,3.923841059602649
2.1542,31.0,2.348993288590604
2.3403,46.0,3.6026200873362444
1.9427,42.0,4.136666666666667
2.1964,30.0,2.343915343915344
5.0544,29.0,5.875555555555556
3.338,34.0,4.575916230366492
5.1365,2.0,5.453947368421052
4.5625,46.0,4.845138055222089
3.6625,38.0,5.612612612612613
4.0484,15.0,5.389915966386555
3.6806,22.0,4.666666666666667
2.1013,9.0,4.148148148148148
1.7292,43.0,3.853535353535354
3.2222,34.0,5.342364532019705
4.4615,20.0,4.357005758157389
3.075,25.0,4.3259668508287294
2.1964,10.0,4.983606557377049
2.25,24.0,4.498168498168498
3.9196,25.0,7.214477211796247
4.67,8.0,6.226950354609929
1.9861,43.0,4.635416666666667
2.1538,17.0,5.341836734693878
3.5056,23.0,3.720532319391635
2.4375,15.0,5.128440366972477
5.0714,33.0,5.799319727891157
3.8304,35.0,5.647163120567376
2.879,52.0,3.737864077669903
10.2252,14.0,7.1
3.125,9.0,5.55409219190969
6.5616,33.0,6.393805309734513
1.8652,35.0,3.498533724340176
2.4805,11.0,6.594989561586639
3.1382,21.0,4.907670454545454
2.9821,45.0,4.481481481481482
1.8641,39.0,4.547861507128309
2.7443,31.0,4.1117647058823525
2.7827,9.0,4.764444444444444
3.2344,40.0,5.090196078431372
2.4583,35.0,5.782201405152225
2.8971,16.0,4.678062678062678
6.7192,30.0,7.130434782608695
2.6528,9.0,8.010752688172044
1.73,44.0,5.0245098039215685
5.9734,10.0,6.34436274509804
3.141,27.0,4.45
1.9189,28.0,3.097560975609756
2.2279,37.0,6.181818181818182
5.4716,18.0,6.748251748251748
2.0066,16.0,5.689567430025445
3.8897,14.0,6.097222222222222
2.4375,37.0,3.549504950495049
3.6007,32.0,5.491666666666666
3.6435,52.0,4.819070904645477
4.1016,14.0,20.939393939393938
4.8526,16.0,5.953068592057762
2.2444,20.0,2.9770114942528734
3.9917,25.0,5.576363636363636
6.3794,35.0,6.827715355805244
2.2301,26.0,5.252702702702703
2.9844,11.0,5.700884955752213
2.7361,21.0,4.277978339350181
2.0034,51.0,4.904605263157895
3.6953,36.0,4.739130434782608
2.2411,44.0,5.928571428571429
6.4391,34.0,5.32258064516129
3.5541,14.0,6.0
2.0809,21.0,5.397435897435898
1.6515,37.0,4.050675675675675
4.9562,33.0,4.69119579500657
2.364,21.0,4.817097415506958
4.4653,33.0,5.872909698996655
4.2614,50.0,5.483091787439614
3.1324,19.0,29.248648648648647
6.2726,22.0,6.827586206896552
1.6705,12.0,3.147208121827412
5.7704,17.0,5.744974874371859
3.6731,35.0,5.350253807106599
1.7308,52.0,4.231173380035027
6.7694,9.0,7.675675675675675
5.1786,16.0,6.860714285714286
12.4237,44.0,7.4591439688715955
2.45,52.0,3.976271186440678
3.0078,42.0,3.333333333333333
1.7542,31.0,3.1597222222222223
2.3098,52.0,2.703703703703704
3.0069,25.0,3.0643776824034337
4.8056,36.0,4.755834829443447
4.0625,47.0,5.122302158273381
2.9891,26.0,4.651394422310757
3.1932,51.0,5.350993377483444
3.5046,18.0,5.63481228668942
1.6352,46.0,5.432276657060519
1.5893,17.0,4.244336569579288
4.5469,28.0,6.197183098591549
2.9474,33.0,5.605855855855856
2.3611,30.0,3.4295302013422817
2.2448,40.0,5.005221932114883
3.8935,27.0,4.840611353711791
1.6685,28.0,3.7382075471698113
5.6629,36.0,5.665116279069768
1.4038,12.0,3.8353909465020575
2.8942,31.0,3.914368650217707
4.1213,35.0,5.239528795811518
5.5224,23.0,5.3669950738916254
5.5647,31.0,5.435658914728682
1.82,19.0,16.52267818574514
6.0891,5.0,5.469594594594595
2.9167,39.0,4.544776119402985
3.4643,42.0,4.763754045307444
4.0929,33.0,4.73953488372093
2.98,21.0,4.900990099009901
4.1645,14.0,5.941935483870968
8.3609,34.0,7.733532934131737
1.7622,36.0,3.928716904276986
3.4237,4.0,5.966887417218543
1.4531,42.0,4.281376518218623
4.5791,12.0,5.8992673992674
6.4696,10.0,7.217391304347826
6.379,12.0,7.8193979933110365
2.5795,27.0,4.274611398963731
2.4185,48.0,4.168571428571428
1.4867,35.0,3.976435935198822
6.8089,5.0,7.191666666666666
2.2817,25.0,3.1671469740634004
2.2467,27.0,4.590702947845805
3.2708,43.0,5.330409356725146
3.5982,52.0,5.447457627118644
5.273,27.0,5.399355877616747
2.7411,52.0,4.63677130044843
3.0703,37.0,5.049586776859504
6.5261,10.0,7.867954911433173
3.2151,7.0,3.353846153846154
5.1036,4.0,5.937673130193906
2.3241,42.0,5.111436950146628
2.4952,32.0,4.001234567901235
3.1497,26.0,4.404384896467723
3.8,36.0,5.702702702702703
1.641,34.0,4.904382470119522
1.9583,41.0,3.719367588932806
4.5893,52.0,6.273712737127371
3.75,32.0,5.393103448275862
3.1733,19.0,3.599260172626387
2.3454,33.0,2.8876404494382024
1.9141,15.0,6.53421052631579
7.5594,18.0,5.232456140350878
7.8336,37.0,6.132596685082873
4.5263,33.0,6.552380952380952
4.3281,52.0,5.38121546961326
1.8214,23.0,3.4574557708508844
1.8814,40.0,4.418897637795276
1.6429,52.0,4.751282051282051
1.3417,7.0,4.793785310734464
3.5568,37.0,4.928446771378709
4.9297,31.0,5.309255079006772
4.4286,6.0,4.203166226912929
6.4678,21.0,7.325490196078431
3.5313,31.0,4.730120481927711
2.066,28.0,5.196750902527076
5.6435,33.0,6.261744966442953
4.8571,36.0,5.327327327327327
3.0965,16.0,3.324771689497717
4.6154,35.0,6.204188481675392
1.7945,37.0,4.502623294858342
6.7977,33.0,7.1945205479452055
1.9913,21.0,5.542105263157895
3.25,29.0,4.505665722379604
3.1583,49.0,4.855585831062671
9.1569,22.0,7.252669039145908
4.5721,24.0,5.339331619537275
2.8403,16.0,6.428571428571429
4.2212,45.0,5.148148148148148
5.0,32.0,5.80078125
2.0185,9.0,2.0420499342969776
3.9792,19.0,5.896103896103896
3.5167,46.0,5.850340136054422
3.375,8.0,5.671232876712328
3.4327,52.0,5.126760563380282
3.0134,29.0,4.669879518072289
3.4491,30.0,5.483478260869565
2.1078,34.0,4.144230769230769
3.1297,23.0,5.3973128598848366
2.4297,33.0,3.9565972222222223
3.7941,37.0,4.771543086172345
2.1696,36.0,4.1675
1.4191,12.0,3.594392523364486
5.4188,10.0,6.266187050359712
5.25,35.0,5.788321167883212
6.2083,17.0,7.403940886699507
5.1806,45.0,5.046511627906977
3.375,52.0,5.1807780320366135
3.7303,32.0,4.315789473684211
2.7188,17.0,6.633228840125392
3.8269,29.0,5.767543859649122
2.25,36.0,3.25
1.7806,24.0,4.058732612055642
4.175,35.0,5.420529801324503
3.4471,26.0,5.599520383693045
2.1458,40.0,5.562111801242236
3.0513,15.0,4.756916996047431
5.0524,17.0,6.879003558718861
4.6125,41.0,6.022471910112359
2.5074,16.0,7.365284974093265
2.225,37.0,5.270114942528736
2.625,20.0,5.53125
7.5839,13.0,8.268907563025211
2.8854,42.0,5.103092783505154
2.3214,41.0,4.738738738738738
1.8144,19.0,4.3485576923076925
3.25,52.0,5.421686746987952
1.2679,30.0,4.607843137254902
3.6875,42.0,5.637254901960785
3.6394,32.0,5.465517241379311
4.0987,37.0,4.804913294797688
1.5481,52.0,5.02
6.131,32.0,5.878048780487805
2.625,13.0,6.401486988847584
5.3344,12.0,7.594235033259423
1.7308,26.0,4.929471032745592
5.0415,29.0,6.555555555555555
3.1905,36.0,4.884858044164038
5.6051,15.0,4.815195071868583
1.1818,29.0,3.5016835016835017
1.0375,35.0,5.146520146520147
1.7696,18.0,3.7222222222222223
4.1316,52.0,5.174647887323943
10.2233,10.0,6.872280037842952
4.5625,42.0,6.962962962962963
3.875,31.0,4.416666666666667
5.5902,38.0,7.010126582278481
3.0241,38.0,4.561538461538461
3.3229,44.0,4.412280701754386
3.07,39.0,4.28
3.9543,35.0,5.134122287968442
4.5478,45.0,5.884
6.5853,16.0,7.379464285714286
4.2344,52.0,4.1656441717791415
4.4259,6.0,4.114130434782608
1.15,52.0,4.88
3.5744,31.0,4.163120567375887
2.7,29.0,6.986301369863014
3.4125,37.0,5.294416243654823
3.1146,24.0,4.88785046728972
3.1875,5.0,5.3788927335640135
2.4937,31.0,5.278026905829597
2.4754,16.0,5.282555282555283
4.6667,43.0,4.741176470588235
1.7377,33.0,3.97594501718213
2.7667,23.0,4.616702355460386
0.8894,20.0,2.46875
5.9539,39.0,6.27027027027027
3.2026,34.0,5.481393975191967
4.6786,16.0,5.350061199510404
3.9219,35.0,4.888586956521739
4.1974,14.0,6.058035714285714
4.1797,6.0,6.794212218649518
3.8421,37.0,4.379446640316205
2.2344,34.0,3.20414201183432
4.3897,36.0,6.022950819672131
2.4817,33.0,3.875722543352601
3.3187,10.0,5.292391304347826
2.181,37.0,4.6773255813953485
2.0259,42.0,4.811989100817439
3.5208,20.0,5.2
3.8616,8.0,6.19
3.5414,22.0,3.728847245883021
4.1591,41.0,5.004962779156328
5.4721,33.0,5.183319570602808
1.875,52.0,4.5
3.4333,27.0,3.443080357142857
2.9107,29.0,4.97508896797153
2.4421,9.0,3.3449931412894376
3.0972,33.0,3.7818181818181817
2.1731,38.0,4.46969696969697
1.0114,45.0,4.29
2.8793,36.0,4.941558441558442
3.6923,45.0,5.084084084084084
5.2312,31.0,4.940199335548173
1.7079,10.0,4.748449345279118
3.5057,36.0,5.544117647058823
6.6155,20.0,6.106463878326996
1.6111,13.0,4.35064935064935
2.35,40.0,3.971830985915493
7.5,31.0,7.611650485436893
5.3812,10.0,5.316037735849057
10.9201,22.0,8.604754829123328
3.5938,44.0,5.047970479704797
2.6897,33.0,4.467661691542289
3.7105,22.0,4.083606557377049
3.3011,52.0,4.616702355460386
2.2056,22.0,6.478787878787879
4.7,39.0,5.533333333333333
4.4562,25.0,4.907692307692308
5.3433,39.0,7.260869565217392
2.1759,35.0,5.852320675105485
2.3963,16.0,5.253138075313808
2.3661,37.0,7.923566878980892
4.5221,36.0,5.26797385620915
5.0012,8.0,5.528095238095238
3.1078,33.0,5.327073552425665
6.3568,18.0,6.582018927444795
3.375,52.0,4.011904761904762
2.3973,10.0,4.718220338983051
6.1949,26.0,6.844978165938865
8.1221,15.0,6.894366197183099
3.4914,44.0,5.963917525773196
3.9063,52.0,4.569696969696969
3.2865,35.0,4.0492610837438425
2.6792,24.0,5.153217568947906
1.6785,12.0,4.485285101164929
3.0293,28.0,3.979976442873969
10.2849,26.0,7.807095343680709
2.6429,33.0,4.494565217391305
5.6177,21.0,6.888586956521739
7.9217,4.0,5.106060606060606
5.2101,18.0,5.8173076923076925
2.375,32.0,3.3503086419753085
4.1449,37.0,5.769230769230769
4.1917,38.0,4.776699029126213
1.8214,21.0,2.966292134831461
3.8816,27.0,6.070796460176991
7.6091,43.0,5.640506329113924
2.4659,32.0,5.356415478615071
3.3929,39.0,4.2740112994350286
5.1163,19.0,6.225206611570248
3.1607,37.0,4.523985239852398
5.866,52.0,5.19971870604782
3.7303,9.0,6.175108538350217
2.6352,12.0,5.633967789165447
2.9306,40.0,4.635235732009925
4.1699,47.0,5.309278350515464
6.1359,28.0,6.090909090909091
2.5313,38.0,3.918918918918919
3.2583,32.0,5.226221079691516
6.6013,39.0,6.550600343053174
9.3464,25.0,8.362530413625304
6.4385,24.0,5.693726937269373
3.3203,27.0,5.8671875
3.017,31.0,5.036559139784946
3.8068,34.0,7.341317365269461
3.975,40.0,4.645796064400716
6.0097,25.0,5.972222222222222
1.7395,19.0,2.934560327198364
2.8622,26.0,4.516501650165017
5.7509,47.0,5.212218649517685
4.0109,8.0,5.574175824175824
2.3768,18.0,4.906
4.4167,28.0,6.284069097888676
4.4821,42.0,4.45
3.9934,20.0,5.502336448598131
2.2791,23.0,5.394944707740916
1.8523,23.0,4.808695652173913
4.2589,21.0,6.487684729064039
2.2866,19.0,4.143884892086331
2.575,20.0,4.788018433179723
1.7452,24.0,3.3381147540983607
6.7181,15.0,7.199438202247191
2.4906,31.0,6.180379746835443
3.1779,41.0,4.394736842105263
2.8056,26.0,4.673684210526316
4.125,15.0,9.497607655502392
3.125,28.0,6.325842696629214
5.0714,24.0,7.587219343696027
5.5944,19.0,6.240143369175628
2.2339,5.0,4.291297935103245
2.1667,11.0,5.5285714285714285
3.9702,27.0,4.823886639676114
2.52,28.0,3.7859649122807015
3.9028,25.0,5.470967741935484
4.8269,25.0,5.351351351351352
4.625,19.0,6.155709342560554
3.5,33.0,5.172535211267606
1.5515,37.0,3.910679611650485
1.7396,34.0,3.9581589958159
6.9612,24.0,8.307053941908714
1.5078,22.0,3.96684350132626
2.5089,52.0,4.989730423620026
4.3317,30.0,6.06203007518797
3.6019,20.0,3.691139240506329
2.2437,9.0,4.114213197969543
3.067,11.0,5.659021406727828
2.5326,24.0,5.532085561497326
3.1471,13.0,5.147208121827411
2.8167,10.0,6.080078125
2.5991,28.0,3.489130434782609
2.5455,32.0,3.878787878787879
12.4429,30.0,8.267326732673267
1.7402,34.0,4.370689655172414
4.99,50.0,5.929701230228471
1.6384,42.0,3.7673860911270975
5.2155,36.0,5.791666666666667
1.3929,52.0,5.0
4.2404,52.0,4.442477876106195
3.5329,31.0,4.5
3.5074,37.0,5.124137931034483
2.3482,17.0,3.879154078549849
5.0203,47.0,5.591397849462366
3.2546,32.0,5.041121495327102
3.2417,36.0,3.684057971014493
4.2463,14.0,4.921568627450981
3.2188,31.0,4.511700468018721
3.6548,30.0,6.147214854111406
6.1181,18.0,6.741620111731844
5.5787,42.0,6.306451612903226
2.101,51.0,5.311111111111111
3.5129,36.0,4.352750809061488
1.2413,11.0,3.9677002583979326
1.6286,42.0,4.338422391857506
6.5475,25.0,6.992373689227836
3.4375,52.0,3.9271781534460337
4.2902,39.0,5.673040152963671
5.1061,26.0,6.714765100671141
7.7006,52.0,6.607142857142857
4.2586,26.0,5.750696378830083
2.3611,41.0,4.561001042752868
6.314,9.0,8.146896127842655
2.59,52.0,4.38996138996139
3.2708,35.0,5.4916943521594686
4.6705,19.0,6.3896103896103895
5.2639,28.0,6.023454157782516
1.7969,19.0,4.655367231638418
2.0214,36.0,3.01437908496732
2.8231,16.0,3.956291390728477
2.8061,14.0,4.8798076923076925
1.9338,43.0,3.242009132420092
1.3444,32.0,3.528645833333333
2.1793,39.0,3.932098765432099
2.6268,33.0,3.626582278481013
7.0813,30.0,6.096774193548387
5.0,31.0,10.821428571428571
2.3864,42.0,5.1395348837209305
3.7344,46.0,4.817767653758542
2.875,2.0,5.624161073825503
1.6784,16.0,4.904397705544933
6.712,15.0,7.844290657439446
4.4191,52.0,5.799065420560748
4.2083,44.0,5.323204419889502
3.6875,15.0,6.426294820717131
10.9405,31.0,8.540925266903914
5.6094,24.0,6.290140845070423
3.0324,28.0,5.066246056782334
2.6,19.0,4.043557168784029
9.2463,39.0,8.12972972972973
1.4318,36.0,3.842391304347826
4.1875,16.0,4.22457627118644
2.7593,23.0,4.391117478510028
2.3083,20.0,5.485776805251641
2.9706,17.0,5.2902892561983474
4.1439,36.0,6.132478632478633
1.5227,39.0,4.205882352941177
3.395,17.0,3.701399688958009
2.2865,38.0,4.784386617100372
2.7379,42.0,4.33112582781457
6.2022,43.0,6.310344827586207
3.2768,40.0,5.469135802469136
2.3906,22.0,5.186567164179104
6.0199,49.0,5.752411575562701
4.9167,23.0,6.609195402298851
5.8623,24.0,5.972413793103448
2.7165,50.0,3.321965897693079
3.3438,17.0,4.409214092140921
4.5156,19.0,5.354466858789626
4.1287,26.0,3.936507936507936
3.7036,52.0,5.11353711790393
4.095,36.0,5.407166123778501
4.2386,18.0,9.119158878504672
6.2558,16.0,6.140540540540541
2.4526,23.0,4.332453825857519
3.2889,32.0,5.061085972850679
3.7083,14.0,6.304093567251462
3.7147,32.0,3.430913348946136
3.9917,17.0,4.394136807817589
1.425,43.0,4.066666666666666
4.5293,19.0,6.920661157024793
1.425,43.0,3.690909090909091
3.07,15.0,5.385624344176286
3.06,27.0,5.820960698689956
5.0969,4.0,5.729942693409742
9.4667,32.0,7.325757575757576
3.4792,45.0,4.639846743295019
1.6806,46.0,3.948936170212766
7.7865,34.0,6.303258145363409
3.312,17.0,6.451757666417352
4.5592,25.0,4.651234567901234
6.8586,21.0,6.876623376623376
2.375,52.0,3.41
3.7835,52.0,5.424157303370786
5.0362,19.0,4.491735537190083
2.293,49.0,5.365296803652968
0.9274,38.0,4.342857142857143
6.8189,29.0,7.711388455538222
1.3785,47.0,4.310344827586207
2.1094,44.0,6.129310344827586
2.6333,41.0,3.724226804123712
7.2708,6.0,8.357664233576642
2.9514,47.0,3.933333333333333
4.6667,4.0,5.858695652173913
1.5143,34.0,3.805981035740336
5.6383,27.0,6.45841784989858
4.1951,32.0,5.169977924944813
4.0703,37.0,5.16010498687664
1.0353,19.0,2.1555555555555554
3.1972,8.0,5.685325264750378
3.2019,19.0,5.301158301158301
1.933,30.0,4.295
3.5179,12.0,5.021396396396397
3.1042,18.0,5.463414634146342
2.6823,19.0,4.148974130240856
2.6346,40.0,5.06218487394958
5.0123,35.0,5.451807228915663
8.7471,20.0,7.683087027914614
4.0648,45.0,5.362363919129082
2.9571,28.0,5.215759849906191
3.5987,14.0,6.010771992818672
4.5824,15.0,4.43542757417103
15.0001,47.0,8.592307692307692
13.5728,36.0,8.321022727272727
4.2054,23.0,5.30940594059406
2.3594,23.0,5.301818181818182
2.875,24.0,5.344827586206897
3.0216,37.0,5.539094650205762
4.6429,36.0,6.089171974522293
1.7885,36.0,5.151724137931034
2.2883,33.0,3.9787472035794185
7.5218,23.0,7.7362068965517246
7.9096,39.0,6.348780487804878
2.3462,42.0,3.75
7.8924,37.0,6.554666666666667
5.0142,15.0,5.981954887218045
3.2481,8.0,5.535031847133758
4.9286,43.0,5.980487804878049
4.1062,52.0,4.611111111111111
2.8777,13.0,3.60875
6.3705,6.0,6.4594017094017095
3.8633,27.0,4.26007326007326
1.2813,26.0,3.182108626198083
4.8624,11.0,5.68
1.9835,43.0,2.5781758957654723
3.0149,52.0,4.276639344262295
6.4246,25.0,6.051808406647116
2.5,21.0,4.087878787878788
5.7133,13.0,6.75625
2.7367,21.0,4.108389786347056
3.6719,43.0,4.482084690553746
3.9063,25.0,5.079069767441861
2.7574,33.0,6.021834061135372
3.6607,25.0,4.771084337349397
3.8426,16.0,4.70694087403599
5.98,22.0,6.586469534050179
3.3844,6.0,5.420807453416149
5.6407,34.0,6.065972222222222
9.5271,16.0,8.459251101321586
2.6417,19.0,5.014516129032258
4.9024,16.0,5.813267813267813
1.9872,48.0,3.7896995708154506
4.8083,5.0,6.914342629482071
8.2782,37.0,6.75
4.6563,52.0,3.4814814814814814
2.1726,23.0,4.287179487179487
6.2944,33.0,6.815724815724816
3.3008,28.0,3.8535911602209945
4.4722,44.0,5.485380116959064
3.025,25.0,3.982378854625552
4.5909,16.0,5.475877192982456
11.9993,31.0,8.324090121317157
7.5847,5.0,6.7725752508361206
5.417,11.0,4.925867507886435
2.8889,30.0,3.639581657280772
3.5333,36.0,5.185483870967742
8.565,31.0,8.107438016528926
4.1484,19.0,4.655352480417754
7.8543,35.0,5.986111111111111
1.6554,44.0,4.260504201680672
3.0089,24.0,5.93950177935943
2.5804,25.0,5.213197969543147
3.45,52.0,5.573913043478261
2.125,47.0,4.528052805280528
6.2715,20.0,6.90990990990991
6.4339,16.0,6.673400673400673
6.8872,2.0,10.27217125382263
5.145,19.0,4.216032608695652
4.7308,44.0,5.950617283950617
2.625,27.0,5.378787878787879
2.5833,52.0,3.208791208791209
3.6336,27.0,5.319630872483222
2.5568,35.0,3.98533724340176
5.3777,41.0,5.479400749063671
1.9676,33.0,5.175895765472313
4.7143,35.0,6.103092783505154
4.375,28.0,6.656742556917688
1.2455,41.0,4.065217391304348
5.1238,52.0,6.167076167076167
4.2222,24.0,5.323308270676692
3.8026,28.0,5.647940074906367
2.2545,18.0,3.3413685847589423
4.4643,40.0,5.47872340425532
3.7708,34.0,5.33641975308642
6.37,35.0,6.129032258064516
3.05,33.0,6.868596881959911
2.9344,36.0,3.9867172675521823
5.7192,15.0,6.395348837209302
2.5755,52.0,3.402576489533012
